id_partida,fecha,hora,id_jugador,mapa,modo,personajes_usados,duracion_min,kills,muertes,asistencias,resultado,puntos,anio,mes,dia_semana,kd_ratio,num_personajes
4181,2026-04-14,19:19,J0109,Bosque Umbral,Casual,Vex,18,4,4,6,Victoria,1120,2026,4,Tuesday,1,1
319,2026-01-24,13:19,J0069,Estacion Orbital,Casual,Brisa,16,3,5,6,Derrota,500,2026,1,Saturday,1,1
1316,2026-02-17,19:12,J0073,Bosque Umbral,Ranked,Brisa,30,2,5,4,Victoria,800,2026,2,Tuesday,0,1
1157,2026-02-13,01:03,J0022,Canales de Hielo,Casual,Tesla,13,5,2,6,Victoria,1260,2026,2,Friday,2,1
34,2026-01-17,16:13,J0049,Canales de Hielo,Ranked,Magnus;Tesla;Vex,43,4,8,1,Derrota,290,2026,1,Saturday,0,3
8332,2026-06-21,19:58,J0024,Puerto Escarlata,Ranked,Brisa,45,3,3,4,Derrota,440,2026,6,Sunday,1,1
9247,2026-07-05,17:32,J0034,Estacion Orbital,Torneo,Vex,17,10,2,2,Victoria,1560,2026,7,Sunday,5,1
7316,2026-06-04,17:04,J0031,Ciudadela,Ranked,Magnus;Koro,31,4,10,5,Victoria,950,2026,6,Thursday,0,2
4709,2026-04-24,19:53,J0103,Estacion Orbital,Ranked,Lienzo;Tesla,38,3,5,5,Derrota,450,2026,4,Friday,1,2
1419,2026-02-19,18:48,J0143,Ciudadela,Casual,Magnus;Umbra,30,2,4,8,Derrota,520,2026,2,Thursday,0,2
1579,2026-02-22,19:15,J0036,Bosque Umbral,Casual,Koro;Nadia,20,2,2,4,Victoria,860,2026,2,Sunday,1,2
7604,2026-06-09,14:55,J0175,Puerto Escarlata,Ranked,Lienzo,23,4,4,6,Derrota,620,2026,6,Tuesday,1,1
3353,2026-03-29,15:43,J0093,Desierto Neon,Ranked,Koro,41,5,2,5,Victoria,1210,2026,3,Sunday,2,1
252,2026-01-22,11:43,J0037,Canales de Hielo,Casual,Umbra;Vex,17,8,4,5,Derrota,970,2026,1,Thursday,2,2
6044,2026-05-16,18:56,J0188,Ciudadela,Ranked,Vex;Umbra,34,6,2,7,Victoria,1410,2026,5,Saturday,3,2
4000,2026-04-11,21:38,J0030,Desierto Neon,Ranked,Magnus,33,9,5,3,Victoria,1450,2026,4,Saturday,2,1
5218,2026-05-02,20:11,J0004,Bosque Umbral,Casual,Koro,22,14,7,5,Derrota,1510,2026,5,Saturday,2,1
7347,2026-06-05,11:53,J0071,Desierto Neon,Ranked,,37,1,2,5,Derrota,310,2026,6,Friday,0,0
389,2026-01-25,07:38,J0087,Ciudadela,Casual,Umbra,26,6,1,2,Derrota,680,2026,1,Sunday,6,1
6334,2026-05-20,17:04,J0083,Desierto Neon,Casual,Vex,15,6,10,5,,1150,2026,5,Wednesday,1,1
3525,2026-04-02,21:51,J0134,Canales de Hielo,Ranked,Vex;Koro,28,6,7,3,Victoria,1110,2026,4,Thursday,1,2
304,2026-01-24,11:01,J0028,Ciudadela,Casual,Vex,11,8,5,6,Victoria,1500,2026,1,Saturday,2,1
7020,2026-05-31,02:59,J0027,Canales de Hielo,Casual,Magnus,20,3,3,2,Derrota,,2026,5,Sunday,1,1
5703,2026-05-10,19:05,J0039,Ciudadela,Ranked,Tesla,23,11,0,3,Derrota,1250,2026,5,Sunday,,1
3800,2026-04-07,12:00,J0017,Puerto Escarlata,Ranked,Koro,43,5,2,4,Derrota,660,2026,4,Tuesday,2,1
7019,2026-05-31,22:02,J0165,Ciudadela,Ranked,Koro;Nadia,32,2,4,1,Victoria,670,2026,5,Sunday,0,2
9128,2026-07-03,20:18,J0119,Estacion Orbital,Casual,Vex,12,11,5,7,Victoria,1850,2026,7,Friday,2,1
6490,2026-05-22,20:20,J0105,Bosque Umbral,Ranked,Umbra,39,6,3,0,Victoria,1340,2026,5,Friday,2,1
4075,2026-04-12,23:50,J0011,Desierto Neon,Casual,Lienzo,17,6,4,2,Derrota,620,2026,4,Sunday,2,1
5748,2026-05-11,19:07,J0023,Desierto Neon,Casual,Brisa;Lienzo,22,9,4,4,Victoria,1520,2026,5,Monday,2,2
3318,2026-03-29,17:50,J0025,Ciudadela,Torneo,Tesla,16,8,7,2,Victoria,1260,2026,3,Sunday,1,1
5555,2026-05-08,09:16,J0023,Puerto Escarlata,Casual,Tesla,27,9,7,5,Derrota,1010,2026,5,Friday,1,1
7803,2026-06-12,00:58,J0013,Desierto Neon,Casual,Lienzo;Koro,8,7,3,3,Victoria,1290,2026,6,Friday,2,2
8062,2026-06-16,20:51,J0002,Puerto Escarlata,Casual,Tesla;Umbra,31,6,6,4,Victoria,1180,2026,6,Tuesday,1,2
3283,2026-03-28,20:28,J0023,Puerto Escarlata,Casual,Koro,20,11,6,3,Victoria,1630,2026,3,Saturday,2,1
5429,2026-05-06,20:57,J0200,Ciudadela,Casual,Magnus,14,7,8,6,Victoria,1340,2026,5,Wednesday,1,1
4375,2026-04-18,07:31,J0010,Desierto Neon,Casual,Brisa,15,6,5,2,Derrota,600,2026,4,Saturday,1,1
3394,2026-03-30,19:41,J0018,Estacion Orbital,Casual,Lienzo,22,3,5,3,Derrota,350,2026,3,Monday,1,1
9975,2026-07-14,21:15,J0200,Ciudadela,Ranked,Nadia;Brisa,39,3,6,5,Derrota,430,2026,7,Tuesday,0,2
8567,2026-06-24,15:56,J0109,Estacion Orbital,Casual,Lienzo,29,12,3,4,Victoria,1840,2026,6,Wednesday,4,1
7773,2026-06-12,09:46,J0016,Canales de Hielo,Ranked,Vex,36,18,7,4,Victoria,24,2026,6,Friday,3,1
97,2026-01-18,16:10,J0018,Bosque Umbral,Casual,Nadia;Koro,32,2,9,7,Victoria,870,2026,1,Sunday,0,2
736,2026-02-03,07:15,J0024,Desierto Neon,Casual,Lienzo;Brisa,25,3,5,6,Derrota,500,2026,2,Tuesday,1,2
9287,2026-07-05,12:08,J0107,Ciudadela,Casual,Nadia,30,3,9,1,,170,2026,7,Sunday,0,1
3239,2026-03-28,22:03,J0059,Bosque Umbral,Ranked,Lienzo,37,3,8,4,Derrota,340,2026,3,Saturday,0,1
8865,2026-06-28,17:43,J0011,Canales de Hielo,Ranked,Lienzo,40,2,4,3,Derrota,270,2026,6,Sunday,0,1
108,2026-01-18,01:41,J0003,Desierto Neon,Casual,Nadia,16,7,3,6,Derrota,940,2026,1,Sunday,2,1
9362,2026-07-06,18:14,J0020,Estacion Orbital,Ranked,Lienzo,25,3,8,5,Victoria,890,2026,7,Monday,0,1
7573,2026-06-08,18:14,J0031,Bosque Umbral,Casual,Tesla;Magnus,10,7,6,1,Victoria,1130,2026,6,Monday,1,2
3129,2026-03-25,23:39,J0044,Bosque Umbral,Ranked,Umbra,29,6,5,3,Derrota,650,2026,3,Wednesday,1,1
4053,2026-04-12,11:25,J0073,Estacion Orbital,Ranked,Lienzo,43,2,4,2,Victoria,720,2026,4,Sunday,0,1
4792,2026-04-25,11:32,J0033,Ciudadela,Casual,Magnus;Lienzo;Brisa,26,4,6,2,Derrota,380,2026,4,Saturday,1,3
7647,2026-06-10,23:39,J0108,Desierto Neon,Ranked,,39,4,5,4,Derrota,500,2026,6,Wednesday,1,0
4468,2026-04-19,12:22,J0034,Estacion Orbital,Ranked,Umbra,28,1,6,2,Victoria,580,2026,4,Sunday,0,1
5886,2026-05-13,21:01,J0013,Ciudadela,Torneo,Tesla;Nadia;Lienzo,24,10,5,4,Victoria,1600,2026,5,Wednesday,2,3
6210,2026-05-18,19:11,J0054,Ciudadela,Ranked,Magnus,25,10,4,6,Victoria,1720,2026,5,Monday,2,1
1598,2026-02-22,12:00,J0046,Desierto Neon,Ranked,Lienzo,42,5,7,3,Victoria,1010,2026,2,Sunday,1,1
2216,2026-03-07,19:00,J0023,Desierto Neon,Ranked,Lienzo,43,6,2,7,Victoria,1410,2026,3,Saturday,3,1
417,2026-01-26,02:27,J0007,Desierto Neon,Casual,Vex,31,11,4,2,Victoria,1620,2026,1,Monday,3,1
8058,2026-06-16,18:48,J0035,Puerto Escarlata,Casual,Brisa;Nadia,23,8,2,2,Derrota,860,2026,6,Tuesday,4,2
9098,2026-07-02,19:51,J0003,Bosque Umbral,Ranked,Vex,45,6,3,6,Victoria,1240,2026,7,Thursday,2,1
1088,2026-02-11,22:13,J0022,Estacion Orbital,Ranked,Umbra,44,6,5,3,Derrota,650,2026,2,Wednesday,1,1
3616,2026-04-04,17:34,J0158,Desierto Neon,Ranked,Nadia,41,8,1,3,Derrota,930,2026,4,Saturday,8,1
648,2026-02-01,15:47,J0062,Desierto Neon,Casual,Brisa,13,4,9,5,Derrota,470,2026,2,Sunday,0,1
3956,2026-04-10,12:27,J0052,Ciudadela,Casual,Vex;Lienzo;Brisa,15,3,5,5,Victoria,950,2026,4,Friday,1,3
5803,2026-05-12,03:03,J0020,Canales de Hielo,Casual,Koro;Nadia,11,7,4,4,Victoria,1320,2026,5,Tuesday,2,2
7478,2026-06-07,22:45,J0091,Canales de Hielo,Casual,Nadia,29,4,3,3,Victoria,990,2026,6,Sunday,1,1
4609,2026-04-22,17:16,J0006,Ciudadela,Casual,Vex;Magnus,31,9,6,3,Victoria,1430,2026,4,Wednesday,2,2
8798,2026-06-28,19:56,J0094,Estacion Orbital,Torneo,Magnus;Koro;Brisa,10,4,1,1,Derrota,430,2026,6,Sunday,4,3
8848,2026-06-28,22:49,J0200,Bosque Umbral,Ranked,Magnus;Tesla;Umbra,37,12,5,3,Derrota,1250,2026,6,Sunday,2,3
6638,2026-05-24,17:32,J0093,Desierto Neon,Ranked,Koro;Lienzo,45,2,4,4,,320,2026,5,Sunday,0,2
5034,2026-04-29,21:56,J0085,Bosque Umbral,Ranked,Umbra,31,2,6,2,Derrota,180,2026,4,Wednesday,0,1
32,2026-01-17,13:30,J0177,Estacion Orbital,Casual,Brisa,25,3,3,3,Victoria,890,2026,1,Saturday,1,1
719,2026-02-03,16:41,J0076,Bosque Umbral,Ranked,Umbra;Vex;Nadia,33,13,6,4,Derrota,1380,2026,2,Tuesday,2,3
7619,2026-06-09,19:01,J0133,Bosque Umbral,Casual,Magnus,21,1,6,2,Derrota,80,2026,6,Tuesday,0,1
1057,2026-02-11,14:13,J0020,Puerto Escarlata,Casual,Nadia,26,7,3,4,Derrota,840,2026,2,Wednesday,2,1
3496,2026-04-01,11:35,J0116,Canales de Hielo,Ranked,Nadia,28,6,5,4,Derrota,700,2026,4,Wednesday,1,1
4090,2026-04-12,21:34,J0038,Ciudadela,Torneo,Nadia,31,6,6,0,Derrota,280,2026,4,Sunday,1,1
9387,2026-07-07,11:25,J0090,Bosque Umbral,Ranked,,28,4,6,5,Victoria,1030,2026,7,Tuesday,1,0
7678,2026-06-10,17:14,J0112,Desierto Neon,Casual,Umbra;Vex;Brisa,32,6,9,3,Victoria,1070,2026,6,Wednesday,1,3
8252,2026-06-20,14:10,J0019,Puerto Escarlata,Ranked,Brisa;Umbra,25,5,7,6,Derrota,660,2026,6,Saturday,1,2
766,2026-02-04,22:25,J0021,Ciudadela,Torneo,Vex;Koro,22,7,3,1,Victoria,1190,2026,2,Wednesday,2,2
2393,2026-03-11,21:32,J0001,Estacion Orbital,Casual,Magnus,11,4,5,6,Derrota,600,2026,3,Wednesday,1,1
2271,2026-03-08,19:19,J0006,Estacion Orbital,Casual,Umbra,25,4,5,11,Victoria,1350,2026,3,Sunday,1,1
501,2026-01-28,09:16,J0042,Canales de Hielo,Casual,Lienzo,17,2,6,2,Victoria,680,2026,1,Wednesday,0,1
4202,2026-04-15,07:52,J0065,Canales de Hielo,Casual,Tesla,17,0,3,3,Victoria,590,2026,4,Wednesday,0,1
5080,2026-04-30,00:42,J0003,Puerto Escarlata,Casual,Brisa,15,3,7,4,Derrota,360,2026,4,Thursday,0,1
1189,2026-02-14,08:32,J0016,Estacion Orbital,Ranked,Koro;Magnus,38,14,4,5,Victoria,2070,2026,2,Saturday,4,2
5804,2026-05-12,12:23,J0138,Canales de Hielo,Ranked,Magnus;Umbra,36,3,4,4,Victoria,,2026,5,Tuesday,1,2
1796,2026-02-27,12:02,J0007,Canales de Hielo,Ranked,Vex;Lienzo,27,14,7,2,Victoria,1860,2026,2,Friday,2,2
1617,2026-02-23,13:12,J0015,Bosque Umbral,Torneo,Koro,25,9,9,7,Victoria,1570,2026,2,Monday,1,1
7143,2026-06-02,19:03,J0039,Canales de Hielo,Casual,Vex,20,18,7,3,Victoria,23,2026,6,Tuesday,3,1
1795,2026-02-27,22:04,J0091,Canales de Hielo,Ranked,Vex;Magnus,28,10,6,6,Victoria,1680,2026,2,Friday,2,2
36,2026-01-17,18:51,J0049,Canales de Hielo,Casual,Umbra,21,6,6,5,Victoria,1230,2026,1,Saturday,1,1
81,2026-01-18,13:07,J0051,Bosque Umbral,Casual,Vex,14,8,4,3,Derrota,870,2026,1,Sunday,2,1
3028,2026-03-23,10:42,J0024,Bosque Umbral,Casual,Vex,23,4,5,5,Victoria,1050,2026,3,Monday,1,1
8512,2026-06-23,18:02,J0130,Canales de Hielo,Casual,Brisa,31,4,8,4,Victoria,940,2026,6,Tuesday,0,1
8505,2026-06-23,19:10,J0200,Bosque Umbral,Casual,Brisa,19,4,3,9,Derrota,790,2026,6,Tuesday,1,1
1146,2026-02-13,23:39,J0016,Bosque Umbral,Casual,Lienzo,24,13,3,5,Derrota,,2026,2,Friday,4,1
3874,2026-04-08,08:34,J0130,Ciudadela,Casual,Nadia,21,2,5,2,Derrota,200,2026,4,Wednesday,0,1
5909,2026-05-14,17:41,J0170,Ciudadela,Ranked,Lienzo,40,8,5,5,Derrota,950,2026,5,Thursday,2,1
734,2026-02-03,18:46,J0113,Estacion Orbital,Ranked,Brisa;Lienzo;Nadia,40,6,4,2,,1120,2026,2,Tuesday,2,3
9609,2026-07-10,13:35,J0041,Estacion Orbital,Ranked,,26,4,5,2,Victoria,900,2026,7,Friday,1,0
622,2026-01-31,21:35,J0038,Canales de Hielo,Casual,Tesla,22,8,5,6,Derrota,1000,2026,1,Saturday,2,1
8652,2026-06-26,20:40,J0162,Puerto Escarlata,Ranked,Tesla,34,8,7,1,Derrota,710,2026,6,Friday,1,1
6955,2026-05-30,13:38,J0016,Estacion Orbital,Casual,Nadia,30,7,3,7,Victoria,1490,2026,5,Saturday,2,1
2523,2026-03-14,22:43,J0122,Desierto Neon,Casual,Lienzo,26,8,3,6,Derrota,1040,2026,3,Saturday,3,1
8129,2026-06-17,15:25,J0067,Desierto Neon,Casual,Magnus,32,6,3,1,Derrota,590,2026,6,Wednesday,2,1
1218,2026-02-14,15:09,J0046,Ciudadela,Casual,Umbra;Koro,23,9,7,3,Victoria,1410,2026,2,Saturday,1,2
1672,2026-02-24,15:33,J0187,Desierto Neon,Casual,Tesla,23,6,3,8,Derrota,940,2026,2,Tuesday,2,1
8180,2026-06-18,19:49,J0033,Ciudadela,Casual,Nadia,27,7,5,2,Derrota,700,2026,6,Thursday,1,1
374,2026-01-25,18:45,J0009,Ciudadela,Ranked,Brisa;Lienzo,28,3,4,3,Derrota,370,2026,1,Sunday,1,2
3147,2026-03-25,16:04,J0006,Puerto Escarlata,Casual,Nadia,30,6,3,3,Derrota,690,2026,3,Wednesday,2,1
9245,2026-07-05,22:22,J0059,Desierto Neon,Ranked,Umbra;Tesla,31,2,6,2,Victoria,680,2026,7,Sunday,0,2
3998,2026-04-11,02:04,J0034,Puerto Escarlata,Casual,Koro,17,2,8,5,Derrota,290,2026,4,Saturday,0,1
8028,2026-06-16,20:29,J0001,Estacion Orbital,Torneo,Tesla,8,5,8,4,Derrota,540,2026,6,Tuesday,1,1
8256,2026-06-20,00:28,J0092,Desierto Neon,Ranked,Lienzo,34,2,8,4,Victoria,740,2026,6,Saturday,0,1
7199,2026-06-02,16:12,J0014,Bosque Umbral,Casual,Brisa,28,4,5,6,Victoria,1100,2026,6,Tuesday,1,1
9011,2026-07-01,05:32,J0012,Desierto Neon,Casual,Umbra;Tesla;Magnus,20,6,2,5,Derrota,810,2026,7,Wednesday,3,3
7276,2026-06-04,19:57,J0077,Ciudadela,Casual,Koro;Umbra;Brisa,8,4,5,2,Derrota,400,2026,6,Thursday,1,3
4095,2026-04-12,18:31,J0105,Ciudadela,Ranked,Magnus,36,6,4,2,Victoria,1120,2026,4,Sunday,2,1
3040,2026-03-23,12:53,J0007,Puerto Escarlata,Casual,Koro,30,11,2,5,Victoria,1810,2026,3,Monday,6,1
3017,2026-03-23,19:20,J0182,Puerto Escarlata,Casual,Koro,19,15,3,3,Derrota,1590,2026,3,Monday,5,1
6628,2026-05-24,15:34,J0110,Canales de Hielo,Ranked,Magnus,31,6,3,3,Victoria,1190,2026,5,Sunday,2,1
624,2026-01-31,04:10,J0046,Canales de Hielo,Casual,Nadia,13,8,5,3,Victoria,1350,2026,1,Saturday,2,1
7972,2026-06-15,21:41,J0056,Ciudadela,Ranked,Brisa,30,5,3,3,Derrota,590,2026,6,Monday,2,1
3405,2026-03-30,15:06,J0071,Bosque Umbral,Ranked,Magnus,33,6,8,4,Derrota,640,2026,3,Monday,1,1
6946,2026-05-30,22:55,J0089,Estacion Orbital,Torneo,Lienzo,12,6,3,5,Derrota,790,2026,5,Saturday,2,1
6484,2026-05-22,10:26,J0034,Bosque Umbral,Torneo,Vex,30,6,6,5,Derrota,730,2026,5,Friday,1,1
8160,2026-06-18,13:34,J0067,Desierto Neon,Torneo,Umbra,17,6,7,7,Derrota,810,2026,6,Thursday,1,1
4804,2026-04-25,18:16,J0055,Desierto Neon,Casual,Nadia,27,1,6,5,Victoria,730,2026,4,Saturday,0,1
5000,2026-04-29,12:12,J0077,Ciudadela,Casual,Magnus,27,4,5,4,Victoria,1000,2026,4,Wednesday,1,1
322,2026-01-24,19:01,J0050,Puerto Escarlata,Ranked,Tesla;Nadia,33,4,3,6,Derrota,640,2026,1,Saturday,1,2
1769,2026-02-26,17:00,J0062,Bosque Umbral,Ranked,Koro,37,3,11,5,Derrota,330,2026,2,Thursday,0,1
4148,2026-04-14,09:49,J0071,Desierto Neon,Ranked,Koro,35,8,6,4,Derrota,880,2026,4,Tuesday,1,1
3321,2026-03-29,23:19,J0101,Canales de Hielo,Casual,Nadia;Umbra,31,11,5,1,Victoria,,2026,3,Sunday,2,2
8605,2026-06-25,16:42,J0017,Ciudadela,Ranked,Magnus,45,5,5,8,Victoria,1300,2026,6,Thursday,1,1
7749,2026-06-12,12:41,J0101,Ciudadela,Casual,Lienzo;Koro;Brisa,32,6,4,3,Victoria,1170,2026,6,Friday,2,3
2120,2026-03-06,20:34,J0110,Canales de Hielo,Ranked,Magnus;Koro,43,2,4,5,Victoria,870,2026,3,Friday,0,2
1181,2026-02-14,19:40,J0001,Bosque Umbral,Ranked,Tesla;Umbra,32,5,2,8,Derrota,860,2026,2,Saturday,2,2
569,2026-01-30,19:22,J0200,Estacion Orbital,Ranked,Umbra,37,7,1,4,Victoria,1380,2026,1,Friday,7,1
9361,2026-07-06,01:35,J0111,Puerto Escarlata,Ranked,Magnus,25,0,4,1,Derrota,0,2026,7,Monday,0,1
9675,2026-07-11,11:45,J0123,Bosque Umbral,Ranked,Koro,41,4,3,3,Derrota,490,2026,7,Saturday,1,1
577,2026-01-30,06:51,J0043,Estacion Orbital,Ranked,Brisa,29,3,2,7,Victoria,1110,2026,1,Friday,2,1
8757,2026-06-27,07:07,J0120,Bosque Umbral,Ranked,Koro,26,8,7,4,Derrota,860,2026,6,Saturday,1,1
7629,2026-06-09,14:33,J0060,Estacion Orbital,Casual,Nadia;Umbra,9,6,7,3,Victoria,1110,2026,6,Tuesday,1,2
6114,2026-05-17,01:44,J0110,Bosque Umbral,Torneo,Nadia;Koro,20,7,4,6,Victoria,1420,2026,5,Sunday,2,2
6847,2026-05-28,21:04,J0004,Ciudadela,Casual,Lienzo;Nadia;Brisa,27,7,6,6,Derrota,880,2026,5,Thursday,1,3
6089,2026-05-17,17:11,J0025,Canales de Hielo,Casual,Umbra;Lienzo,14,5,5,4,Derrota,600,2026,5,Sunday,1,2
8021,2026-06-16,17:09,J0051,Estacion Orbital,Ranked,Tesla,32,6,3,5,Derrota,890,2026,6,Tuesday,2,1
2222,2026-03-07,17:37,J0023,Estacion Orbital,Casual,Vex,23,12,5,2,Victoria,1700,2026,3,Saturday,2,1
488,2026-01-28,15:02,J0076,Puerto Escarlata,Ranked,Brisa,28,5,5,7,Derrota,750,2026,1,Wednesday,1,1
9689,2026-07-11,20:09,J0053,Ciudadela,Casual,Tesla,23,7,6,8,Derrota,980,2026,7,Saturday,1,1
2803,2026-03-19,01:52,J0006,Estacion Orbital,Casual,Nadia;Vex,20,9,8,8,Derrota,1140,2026,3,Thursday,1,2
7475,2026-06-07,14:02,J0014,Ciudadela,Ranked,Koro,36,2,7,2,Victoria,660,2026,6,Sunday,0,1
1607,2026-02-22,20:47,J0150,Puerto Escarlata,Ranked,Brisa,44,11,8,2,Derrota,1040,2026,2,Sunday,1,1
1852,2026-02-28,21:31,J0086,Bosque Umbral,Ranked,Vex,37,8,6,4,Derrota,880,2026,2,Saturday,1,1
519,2026-01-29,23:32,J0033,Desierto Neon,Ranked,Lienzo,40,5,5,2,Victoria,1000,2026,1,Thursday,1,1
2587,2026-03-15,20:06,J0044,Bosque Umbral,Torneo,Vex,27,8,6,3,Derrota,830,2026,3,Sunday,1,1
4405,2026-04-19,22:05,J0016,Desierto Neon,Casual,Lienzo,9,4,3,4,Derrota,540,2026,4,Sunday,1,1
9242,2026-07-04,19:06,J0068,Puerto Escarlata,Ranked,Nadia,26,10,6,3,Victoria,1530,2026,7,Saturday,2,1
40,2026-01-17,20:15,J0058,Bosque Umbral,Casual,Vex;Tesla,10,9,6,5,Victoria,1530,2026,1,Saturday,2,2
9232,2026-07-04,13:12,J0114,Estacion Orbital,Ranked,Umbra;Vex,43,10,5,7,Derrota,1250,2026,7,Saturday,2,2
9604,2026-07-10,16:16,J0200,Puerto Escarlata,Casual,Vex;Koro;Lienzo,31,10,5,4,Derrota,1100,2026,7,Friday,2,3
1576,2026-02-22,00:13,J0134,Bosque Umbral,Torneo,,19,11,5,7,Victoria,1850,2026,2,Sunday,2,0
6736,2026-05-26,18:39,J0095,Canales de Hielo,Casual,Koro;Brisa,18,2,2,5,Victoria,910,2026,5,Tuesday,1,2
3974,2026-04-11,22:34,J0037,Bosque Umbral,Ranked,Umbra,22,7,3,4,Victoria,1340,2026,4,Saturday,2,1
3024,2026-03-23,12:24,J0083,Puerto Escarlata,Torneo,Vex,23,3,3,3,Victoria,890,2026,3,Monday,1,1
4727,2026-04-24,15:56,J0017,Ciudadela,Casual,Vex,22,7,5,4,Victoria,1300,2026,4,Friday,1,1
7377,2026-06-05,17:46,J0113,Canales de Hielo,Torneo,Umbra;Nadia,18,10,6,6,Victoria,1680,2026,6,Friday,2,2
3106,2026-03-25,14:59,J0200,Desierto Neon,Casual,Nadia;Tesla;Magnus,24,8,4,5,Victoria,1470,2026,3,Wednesday,2,3
5992,2026-05-15,18:21,J0110,Puerto Escarlata,Ranked,Nadia,35,4,4,2,Derrota,420,2026,5,Friday,1,1
4976,2026-04-28,14:09,J0119,Estacion Orbital,Torneo,Koro,32,5,10,4,Victoria,1000,2026,4,Tuesday,0,1
4162,2026-04-14,22:15,J0140,Desierto Neon,Casual,Magnus;Vex,12,9,8,7,Derrota,1090,2026,4,Tuesday,1,2
6988,2026-05-30,18:45,J0001,Estacion Orbital,Ranked,Nadia;Koro;Brisa,24,4,6,6,Derrota,580,2026,5,Saturday,1,3
5988,2026-05-15,13:03,J0069,Estacion Orbital,Casual,Nadia,21,5,5,2,Derrota,500,2026,5,Friday,1,1
5994,2026-05-15,13:58,J0035,Bosque Umbral,Casual,Magnus,31,8,4,7,Derrota,1070,2026,5,Friday,2,1
260,2026-01-23,16:33,J0084,Estacion Orbital,Torneo,Umbra;Nadia,27,5,3,3,Derrota,590,2026,1,Friday,2,2
3887,2026-04-09,19:26,J0066,Ciudadela,Ranked,Tesla;Koro,38,10,9,7,Victoria,,2026,4,Thursday,1,2
5737,2026-05-11,21:54,J0084,Desierto Neon,Casual,Lienzo;Umbra;Koro,17,3,2,4,Derrota,460,2026,5,Monday,2,3
8645,2026-06-26,22:09,J0007,Bosque Umbral,Ranked,Tesla,30,9,5,7,Derrota,1150,2026,6,Friday,2,1
1447,2026-02-20,16:14,J0037,Puerto Escarlata,Casual,Nadia;Tesla,8,2,6,2,Victoria,680,2026,2,Friday,0,2
9320,2026-07-06,05:14,J0010,Estacion Orbital,Ranked,Umbra,39,7,5,4,Derrota,800,2026,7,Monday,1,1
6373,2026-05-21,22:47,J0050,Bosque Umbral,Ranked,Vex;Nadia,23,6,6,7,Victoria,1330,2026,5,Thursday,1,2
9956,2026-07-14,21:41,J0004,Bosque Umbral,Ranked,Umbra;Tesla,27,8,7,2,Victoria,1260,2026,7,Tuesday,1,2
8524,2026-06-23,21:23,J0009,Ciudadela,Ranked,Magnus,44,4,2,3,,1010,2026,6,Tuesday,2,1
6308,2026-05-20,20:27,J0076,Canales de Hielo,Casual,Magnus,8,7,3,2,Derrota,740,2026,5,Wednesday,2,1
1881,2026-03-01,14:00,J0021,Ciudadela,Ranked,,40,3,7,3,Derrota,310,2026,3,Sunday,0,0
6502,2026-05-22,21:48,J0019,Desierto Neon,Casual,Vex;Lienzo,11,4,4,5,Victoria,1070,2026,5,Friday,1,2
4662,2026-04-23,14:08,J0026,Canales de Hielo,Ranked,Vex,43,10,4,3,,1570,2026,4,Thursday,2,1
8330,2026-06-21,19:02,J0034,Estacion Orbital,Torneo,Nadia,16,4,5,3,Derrota,450,2026,6,Sunday,1,1
3488,2026-04-01,23:32,J0162,Canales de Hielo,Ranked,Brisa,23,5,4,2,Derrota,520,2026,4,Wednesday,1,1
933,2026-02-08,14:05,J0049,Canales de Hielo,Casual,Lienzo,28,5,3,6,Victoria,1240,2026,2,Sunday,2,1
3847,2026-04-08,19:04,J0017,Ciudadela,Torneo,Brisa;Lienzo,10,3,4,2,Derrota,320,2026,4,Wednesday,1,2
4282,2026-04-16,19:31,J0014,Bosque Umbral,Casual,Koro,15,6,6,4,Victoria,1180,2026,4,Thursday,1,1
6740,2026-05-26,20:45,J0025,Ciudadela,Ranked,Brisa,30,7,11,2,Derrota,580,2026,5,Tuesday,1,1
4203,2026-04-15,23:38,J0070,Bosque Umbral,Ranked,Vex,41,5,5,4,Derrota,600,2026,4,Wednesday,1,1
9294,2026-07-05,19:18,J0200,Ciudadela,Ranked,Tesla;Magnus,36,5,5,2,Victoria,1000,2026,7,Sunday,1,2
8772,2026-06-27,23:12,J0030,Canales de Hielo,Casual,Brisa;Nadia,30,6,5,2,Victoria,1100,2026,6,Saturday,1,2
1331,2026-02-17,16:53,J0142,Puerto Escarlata,Torneo,Magnus;Vex,16,12,5,7,Victoria,1950,2026,2,Tuesday,2,2
451,2026-01-27,11:52,J0021,Canales de Hielo,Casual,Magnus;Umbra;Koro,13,9,2,2,Derrota,960,2026,1,Tuesday,4,3
4439,2026-04-19,01:10,J0006,Estacion Orbital,Casual,Koro,23,4,6,7,Derrota,630,2026,4,Sunday,1,1
8777,2026-06-27,20:17,J0036,Ciudadela,Ranked,Vex;Lienzo,36,8,4,5,Victoria,1470,2026,6,Saturday,2,2
9906,2026-07-13,00:21,J0012,Puerto Escarlata,Ranked,Nadia,35,4,4,6,,1120,2026,7,Monday,1,1
484,2026-01-27,12:49,J0042,Canales de Hielo,Ranked,Brisa,37,0,4,7,Victoria,770,2026,1,Tuesday,0,1
5471,2026-05-07,23:58,J0080,Estacion Orbital,Casual,Magnus;Nadia,14,8,7,5,Derrota,910,2026,5,Thursday,1,2
795,2026-02-05,16:07,J0060,Canales de Hielo,Casual,Magnus;Vex;Brisa,17,6,3,6,Victoria,1340,2026,2,Thursday,2,3
1319,2026-02-17,08:40,J0010,Canales de Hielo,Casual,Lienzo,8,6,6,5,Victoria,1230,2026,2,Tuesday,1,1
6774,2026-05-26,12:44,J0101,Puerto Escarlata,Ranked,Magnus,40,5,5,6,Victoria,1200,2026,5,Tuesday,1,1
2475,2026-03-13,21:22,J0086,Ciudadela,Torneo,Tesla,29,6,4,5,,770,2026,3,Friday,2,1
7774,2026-06-12,21:36,J0002,Desierto Neon,Casual,Magnus;Koro;Vex,21,6,5,3,Victoria,1150,2026,6,Friday,1,3
120,2026-01-19,11:56,J0044,Ciudadela,Ranked,Vex;Lienzo;Magnus,42,10,11,10,Victoria,1780,2026,1,Monday,1,3
3992,2026-04-11,13:09,J0001,Puerto Escarlata,Ranked,Magnus,27,6,4,3,Derrota,670,2026,4,Saturday,2,1
4707,2026-04-24,03:26,J0200,Ciudadela,Casual,Nadia,9,6,5,6,Derrota,800,2026,4,Friday,1,1
7869,2026-06-13,15:42,J0073,Desierto Neon,Casual,Koro,9,5,4,7,Derrota,770,2026,6,Saturday,1,1
5174,2026-05-02,13:36,J0006,Puerto Escarlata,Casual,Brisa;Umbra,30,6,4,5,Victoria,1270,2026,5,Saturday,2,2
511,2026-01-28,18:35,J0200,Desierto Neon,Casual,,27,11,4,2,Derrota,1120,2026,1,Wednesday,3,0
7622,2026-06-09,23:07,J0048,Puerto Escarlata,Ranked,Umbra;Tesla,30,6,7,2,Victoria,1060,2026,6,Tuesday,1,2
800,2026-02-05,18:00,J0046,Desierto Neon,Ranked,Nadia;Lienzo,45,3,6,2,Victoria,780,2026,2,Thursday,0,2
583,2026-01-30,19:46,J0034,Puerto Escarlata,Casual,Magnus,16,4,9,4,Victoria,920,2026,1,Friday,0,1
5840,2026-05-12,14:14,J0006,Desierto Neon,Casual,Lienzo,25,5,2,5,Victoria,1210,2026,5,Tuesday,2,1
1433,2026-02-19,22:56,J0045,Bosque Umbral,Ranked,Brisa;Lienzo,44,5,0,6,Victoria,1300,2026,2,Thursday,,2
533,2026-01-29,19:38,J0020,Canales de Hielo,Casual,Brisa,19,3,7,4,Derrota,360,2026,1,Thursday,0,1
2992,2026-03-22,20:18,J0016,Bosque Umbral,Ranked,Nadia,23,9,6,4,Victoria,1480,2026,3,Sunday,2,1
347,2026-01-25,21:33,J0175,Canales de Hielo,Casual,Umbra,20,4,5,6,Derrota,600,2026,1,Sunday,1,1
7311,2026-06-04,11:14,J0011,Canales de Hielo,Ranked,Umbra,43,8,4,2,Derrota,820,2026,6,Thursday,2,1
2983,2026-03-22,22:19,J0067,Bosque Umbral,Ranked,Lienzo,39,7,2,6,Victoria,1460,2026,3,Sunday,4,1
296,2026-01-24,00:47,J0034,Estacion Orbital,Ranked,Brisa,41,7,4,3,Victoria,1270,2026,1,Saturday,2,1
2886,2026-03-21,19:17,J0001,Canales de Hielo,Ranked,Magnus,44,4,5,5,Derrota,550,2026,3,Saturday,1,1
5205,2026-05-02,21:41,J0047,Estacion Orbital,Ranked,Nadia,25,11,12,3,Victoria,1510,2026,5,Saturday,1,1
3567,2026-04-03,11:22,J0200,Bosque Umbral,Casual,Tesla;Vex,14,8,3,1,Victoria,1290,2026,4,Friday,3,2
305,2026-01-24,09:35,J0040,Desierto Neon,Casual,Koro,17,6,7,6,Derrota,760,2026,1,Saturday,1,1
5338,2026-05-04,18:56,J0109,Desierto Neon,Ranked,Umbra,44,3,4,3,Victoria,870,2026,5,Monday,1,1
2108,2026-03-05,20:32,J0033,Estacion Orbital,Ranked,Koro,39,8,4,1,Derrota,770,2026,3,Thursday,2,1
8620,2026-06-25,20:50,J0052,Ciudadela,Casual,Brisa,23,5,9,2,Victoria,920,2026,6,Thursday,1,1
9069,2026-07-02,15:07,J0012,Estacion Orbital,Casual,Koro,12,4,4,1,Victoria,870,2026,7,Thursday,1,1
1374,2026-02-18,19:32,J0045,Canales de Hielo,Ranked,Tesla,40,8,3,5,Victoria,1490,2026,2,Wednesday,3,1
3296,2026-03-28,19:36,J0082,Estacion Orbital,Ranked,Lienzo,32,8,8,3,Victoria,1290,2026,3,Saturday,1,1
312,2026-01-24,01:50,J0119,Estacion Orbital,Ranked,Magnus;Umbra,45,11,6,3,Derrota,1130,2026,1,Saturday,2,2
8068,2026-06-16,00:54,J0001,Puerto Escarlata,Ranked,Nadia,22,3,8,4,Victoria,840,2026,6,Tuesday,0,1
9229,2026-07-04,19:36,J0038,Bosque Umbral,Casual,Nadia;Tesla,20,3,5,2,Victoria,800,2026,7,Saturday,1,2
7506,2026-06-07,22:23,J0117,Puerto Escarlata,Casual,Magnus;Umbra,22,2,6,6,Derrota,380,2026,6,Sunday,0,2
8340,2026-06-21,18:48,J0098,Bosque Umbral,Casual,Vex;Brisa,17,9,8,2,Derrota,840,2026,6,Sunday,1,2
5227,2026-05-02,17:45,J0080,Estacion Orbital,Ranked,Lienzo,33,2,5,6,Derrota,400,2026,5,Saturday,0,1
9880,2026-07-13,14:54,J0173,Canales de Hielo,Casual,Koro;Umbra,30,12,6,3,Victoria,1730,2026,7,Monday,2,2
5054,2026-04-30,17:11,J0111,Desierto Neon,Ranked,Magnus;Vex,25,8,3,2,Victoria,1340,2026,4,Thursday,3,2
1027,2026-02-10,10:46,J0053,Estacion Orbital,Casual,Lienzo;Brisa;Umbra,14,8,4,3,Victoria,1370,2026,2,Tuesday,2,3
6082,2026-05-16,17:02,J0125,Canales de Hielo,Ranked,Magnus,31,3,5,4,,900,2026,5,Saturday,1,1
4589,2026-04-22,22:44,J0101,Canales de Hielo,Casual,,27,6,5,5,Victoria,1350,2026,4,Wednesday,1,0
107,2026-01-18,16:02,J0038,Estacion Orbital,Casual,Tesla;Koro;Umbra,23,5,4,4,,1120,2026,1,Sunday,1,3
4154,2026-04-14,21:57,J0014,Puerto Escarlata,Ranked,Koro,32,5,7,5,Derrota,610,2026,4,Tuesday,1,1
8818,2026-06-28,18:11,J0200,Puerto Escarlata,Casual,Koro,28,9,5,2,Victoria,1400,2026,6,Sunday,2,1
1741,2026-02-25,20:15,J0018,Puerto Escarlata,Torneo,Vex,15,9,4,9,Derrota,1270,2026,2,Wednesday,2,1
4541,2026-04-21,10:22,J0038,Canales de Hielo,Ranked,Magnus,36,7,7,3,Victoria,1210,2026,4,Tuesday,1,1
8919,2026-06-29,18:06,J0016,Desierto Neon,Ranked,Vex,29,13,4,7,Victoria,2070,2026,6,Monday,3,1
9224,2026-07-04,21:57,J0013,Puerto Escarlata,Casual,Umbra;Nadia;Koro,15,6,8,6,Derrota,540,2026,7,Saturday,1,3
1731,2026-02-25,16:13,J0056,Bosque Umbral,Ranked,Koro;Umbra,32,7,3,2,Derrota,740,2026,2,Wednesday,2,2
4771,2026-04-25,19:18,J0018,Desierto Neon,Casual,Vex;Brisa,21,7,7,3,Victoria,1210,2026,4,Saturday,1,2
6977,2026-05-30,18:17,J0200,Puerto Escarlata,Ranked,Magnus;Nadia,44,6,5,2,Victoria,1100,2026,5,Saturday,1,2
9750,2026-07-12,12:47,J0039,Canales de Hielo,Ranked,Tesla,31,6,6,4,Victoria,1180,2026,7,Sunday,1,1
5372,2026-05-05,22:44,J0025,Desierto Neon,Casual,Umbra,24,10,1,3,Derrota,1130,2026,5,Tuesday,10,1
5023,2026-04-29,09:56,J0065,Estacion Orbital,Ranked,Vex;Magnus,44,4,7,5,Victoria,1010,2026,4,Wednesday,1,2
1577,2026-02-22,09:51,J0159,Desierto Neon,Casual,Nadia,15,7,7,4,Derrota,760,2026,2,Sunday,1,1
9920,2026-07-13,12:40,J0001,Puerto Escarlata,Ranked,Nadia,35,5,7,5,Victoria,1110,2026,7,Monday,1,1
6426,2026-05-21,20:46,J0017,Ciudadela,Casual,Tesla,18,7,5,5,Derrota,850,2026,5,Thursday,1,1
1403,2026-02-19,03:15,J0080,Puerto Escarlata,Casual,Koro,27,7,2,5,Victoria,1410,2026,2,Thursday,4,1
2338,2026-03-10,20:20,J0017,Puerto Escarlata,Casual,Brisa,8,6,6,3,Victoria,1130,2026,3,Tuesday,1,1
9117,2026-07-03,14:50,J0106,Estacion Orbital,Ranked,Magnus,39,10,1,4,Victoria,1680,2026,7,Friday,10,1
30,2026-01-17,20:34,J0003,Puerto Escarlata,Ranked,Koro,32,4,3,4,Victoria,1040,2026,1,Saturday,1,1
9483,2026-07-08,19:58,J0033,Desierto Neon,Ranked,Vex,32,12,5,1,Derrota,1150,2026,7,Wednesday,2,1
8143,2026-06-17,17:34,J0005,Desierto Neon,Casual,Tesla,10,5,1,7,Victoria,1330,2026,6,Wednesday,5,1
1624,2026-02-23,19:58,J0040,Bosque Umbral,Casual,Vex;Brisa;Umbra,21,6,5,1,Victoria,1050,2026,2,Monday,1,3
4809,2026-04-25,23:59,J0200,Ciudadela,Ranked,Koro,24,10,6,7,Victoria,1730,2026,4,Saturday,2,1
2486,2026-03-13,09:52,J0005,Canales de Hielo,Casual,Brisa,23,6,3,3,Derrota,690,2026,3,Friday,2,1
2698,2026-03-17,23:49,J0007,Canales de Hielo,Casual,Brisa,26,11,4,6,Derrota,1320,2026,3,Tuesday,3,1
5211,2026-05-02,21:42,J0200,Bosque Umbral,Ranked,Koro;Vex,45,13,4,4,Victoria,1920,2026,5,Saturday,3,2
8371,2026-06-21,20:20,J0069,Desierto Neon,Casual,Umbra,10,3,2,6,Derrota,560,2026,6,Sunday,2,1
7453,2026-06-06,11:46,J0040,Puerto Escarlata,Ranked,Brisa,29,8,4,3,Derrota,870,2026,6,Saturday,2,1
971,2026-02-08,23:56,J0012,Estacion Orbital,Casual,Koro,17,6,5,4,Victoria,1200,2026,2,Sunday,1,1
1069,2026-02-11,02:12,J0083,Desierto Neon,Casual,Umbra,25,2,6,4,Derrota,280,2026,2,Wednesday,0,1
4849,2026-04-26,20:42,J0151,Ciudadela,Torneo,Umbra,18,6,6,3,Victoria,1030,2026,4,Sunday,1,1
9796,2026-07-12,12:32,J0006,Canales de Hielo,Casual,Magnus,21,9,4,3,Derrota,970,2026,7,Sunday,2,1
6873,2026-05-28,14:23,J0065,Bosque Umbral,Casual,Lienzo,24,4,3,3,Derrota,490,2026,5,Thursday,1,1
3747,2026-04-06,20:06,J0044,Ciudadela,Casual,Umbra;Lienzo,13,4,6,4,Derrota,480,2026,4,Monday,1,2
9903,2026-07-13,19:42,J0063,Canales de Hielo,Casual,,32,10,4,3,Victoria,1570,2026,7,Monday,2,0
2378,2026-03-11,13:47,J0043,Puerto Escarlata,Torneo,Lienzo,16,7,6,10,,1580,2026,3,Wednesday,1,1
851,2026-02-06,19:18,J0064,Canales de Hielo,Ranked,Brisa;Tesla,33,3,5,4,Derrota,400,2026,2,Friday,1,2
4369,2026-04-18,21:28,J0056,Puerto Escarlata,Ranked,Brisa,32,6,2,5,Derrota,810,2026,4,Saturday,3,1
5365,2026-05-05,20:36,J0129,Estacion Orbital,Casual,Lienzo,14,6,7,3,Derrota,110,2026,5,Tuesday,1,1
4722,2026-04-24,10:47,J0096,Estacion Orbital,Torneo,Tesla,26,4,4,8,Victoria,1220,2026,4,Friday,1,1
5621,2026-05-09,08:38,J0103,Bosque Umbral,Torneo,Umbra,11,11,4,0,Derrota,1020,2026,5,Saturday,3,1
5021,2026-04-29,19:24,J0055,Puerto Escarlata,Torneo,Magnus;Tesla;Vex,10,7,3,4,Victoria,1340,2026,4,Wednesday,2,3
2363,2026-03-10,08:32,J0200,Ciudadela,Ranked,Lienzo;Tesla,25,5,4,2,Derrota,520,2026,3,Tuesday,1,2
2689,2026-03-17,03:22,J0016,Estacion Orbital,Ranked,Lienzo;Magnus,25,10,4,1,Victoria,1470,2026,3,Tuesday,2,2
6420,2026-05-21,19:19,J0097,Estacion Orbital,Casual,Tesla,25,3,6,5,Victoria,930,2026,5,Thursday,0,1
6519,2026-05-23,19:31,J0200,Bosque Umbral,Ranked,Vex;Tesla,32,8,4,6,Victoria,1520,2026,5,Saturday,2,2
7818,2026-06-13,18:43,J0016,Estacion Orbital,Casual,Tesla,29,9,6,7,Derrota,1130,2026,6,Saturday,2,1
3740,2026-04-06,20:13,J0086,Puerto Escarlata,Ranked,Tesla,30,2,7,4,Victoria,760,2026,4,Monday,0,1
5275,2026-05-03,12:21,J0200,Estacion Orbital,Ranked,Tesla,37,8,7,4,Derrota,860,2026,5,Sunday,1,1
4265,2026-04-16,18:57,J0061,Bosque Umbral,Casual,Brisa,28,9,4,3,Victoria,1470,2026,4,Thursday,2,1
591,2026-01-30,22:33,J0005,Desierto Neon,Torneo,Lienzo,12,10,4,5,Victoria,,2026,1,Friday,2,1
6042,2026-05-16,10:44,J0010,Puerto Escarlata,Torneo,Koro,9,2,7,3,Victoria,710,2026,5,Saturday,0,1
5051,2026-04-30,17:00,J0019,Desierto Neon,Casual,Nadia,24,4,7,2,Derrota,360,2026,4,Thursday,1,1
8098,2026-06-17,20:30,J0104,Desierto Neon,Ranked,Vex;Tesla,39,9,1,5,Victoria,1630,2026,6,Wednesday,9,2
1176,2026-02-14,08:20,J0008,Bosque Umbral,Ranked,Brisa,33,4,8,4,Derrota,440,2026,2,Saturday,0,1
4843,2026-04-26,23:32,J0051,Canales de Hielo,Ranked,,43,4,3,3,Victoria,990,2026,4,Sunday,1,0
5157,2026-05-01,17:21,J0103,Desierto Neon,Ranked,Lienzo,41,12,5,4,Victoria,1800,2026,5,Friday,2,1
6963,2026-05-30,16:27,J0055,Desierto Neon,Ranked,Lienzo,31,6,5,4,Derrota,700,2026,5,Saturday,1,1
7615,2026-06-09,10:28,J0173,Estacion Orbital,Casual,Vex;Koro,23,20,7,5,Victoria,26,2026,6,Tuesday,3,2
294,2026-01-24,17:55,J0067,Bosque Umbral,Casual,Nadia,31,10,5,5,Derrota,1150,2026,1,Saturday,2,1
1077,2026-02-11,14:09,J0099,Bosque Umbral,Ranked,Brisa;Nadia,29,1,4,5,Derrota,270,2026,2,Wednesday,0,2
6631,2026-05-24,07:13,J0112,Estacion Orbital,Ranked,Tesla;Lienzo,42,3,4,6,Derrota,520,2026,5,Sunday,1,2
4354,2026-04-18,17:22,J0012,Estacion Orbital,Casual,Koro;Nadia;Lienzo,10,5,12,3,Victoria,910,2026,4,Saturday,0,3
9770,2026-07-12,21:43,J0035,Canales de Hielo,Torneo,Vex,24,14,6,7,Derrota,1630,2026,7,Sunday,2,1
7479,2026-06-07,17:03,J0019,Bosque Umbral,Casual,Tesla,23,1,6,3,Victoria,630,2026,6,Sunday,0,1
6203,2026-05-18,17:47,J0081,Desierto Neon,Casual,Magnus,30,4,3,4,Derrota,540,2026,5,Monday,1,1
2996,2026-03-22,22:17,J0067,Puerto Escarlata,Casual,Magnus,24,3,9,4,Victoria,820,2026,3,Sunday,0,1
9368,2026-07-06,05:35,J0200,Canales de Hielo,Casual,Koro,20,4,10,7,Victoria,1050,2026,7,Monday,0,1
8421,2026-06-22,11:00,J0009,Estacion Orbital,Ranked,Umbra,43,3,1,2,Derrota,380,2026,6,Monday,3,1
7133,2026-06-01,03:59,J0108,Bosque Umbral,Ranked,Tesla;Lienzo,29,8,4,2,Victoria,1320,2026,6,Monday,2,2
9901,2026-07-13,20:29,J0006,Estacion Orbital,Casual,Nadia,25,10,2,0,Derrota,960,2026,7,Monday,5,1
4599,2026-04-22,21:56,J0050,Desierto Neon,Casual,Umbra;Brisa;Koro,14,2,3,5,Victoria,890,2026,4,Wednesday,1,3
15,2026-01-16,12:03,J0151,Ciudadela,Torneo,Tesla,8,10,4,2,,1520,2026,1,Friday,2,1
9543,2026-07-09,15:28,J0012,Desierto Neon,Casual,Tesla,16,6,6,4,Derrota,680,2026,7,Thursday,1,1
3060,2026-03-24,23:11,J0055,Estacion Orbital,Torneo,Koro;Lienzo,22,3,2,6,Derrota,560,2026,3,Tuesday,2,2
9504,2026-07-08,18:25,J0123,Bosque Umbral,Casual,Tesla,19,4,3,4,Victoria,1040,2026,7,Wednesday,1,1
2702,2026-03-17,18:26,J0004,Bosque Umbral,Ranked,,36,7,7,4,Victoria,1260,2026,3,Tuesday,1,0
4514,2026-04-20,00:23,J0078,Puerto Escarlata,Torneo,Tesla;Lienzo,18,6,1,6,Victoria,1380,2026,4,Monday,6,2
9257,2026-07-05,00:49,J0030,Estacion Orbital,Ranked,Lienzo,30,6,9,5,Derrota,670,2026,7,Sunday,1,1
8910,2026-06-29,11:49,J0025,Estacion Orbital,Ranked,Lienzo;Nadia,37,6,8,4,Victoria,1140,2026,6,Monday,1,2
4834,2026-04-26,12:26,J0034,Estacion Orbital,Casual,Magnus,28,2,10,1,Victoria,550,2026,4,Sunday,0,1
7218,2026-06-03,22:07,J0152,Canales de Hielo,Casual,Koro,17,2,5,6,Victoria,900,2026,6,Wednesday,0,1
8675,2026-06-26,16:13,J0074,Canales de Hielo,Torneo,Magnus;Brisa;Tesla,24,4,3,2,Derrota,,2026,6,Friday,1,3
6195,2026-05-18,17:30,J0052,Desierto Neon,Ranked,Lienzo;Tesla,25,3,3,6,Derrota,540,2026,5,Monday,1,2
1394,2026-02-18,02:47,J0105,Desierto Neon,Casual,Vex,9,4,3,6,Victoria,1140,2026,2,Wednesday,1,1
1719,2026-02-25,15:34,J0093,Canales de Hielo,Ranked,Vex;Nadia,43,12,5,4,Victoria,1800,2026,2,Wednesday,2,2
8296,2026-06-20,18:33,J0081,Canales de Hielo,Casual,Brisa;Tesla;Nadia,10,6,3,8,Derrota,940,2026,6,Saturday,2,3
7177,2026-06-02,14:09,J0025,Estacion Orbital,Ranked,Magnus;Koro;Nadia,43,5,4,3,Victoria,,2026,6,Tuesday,1,3
3134,2026-03-25,23:25,J0130,Ciudadela,Casual,Tesla,8,3,8,4,Victoria,840,2026,3,Wednesday,0,1
7073,2026-05-31,05:31,J0053,Ciudadela,Ranked,Brisa,27,6,6,3,Derrota,630,2026,5,Sunday,1,1
5615,2026-05-09,07:47,J0027,Bosque Umbral,Ranked,Lienzo,29,5,5,7,Victoria,1250,2026,5,Saturday,1,1
2621,2026-03-15,23:58,J0016,Puerto Escarlata,Casual,Umbra,25,16,6,4,Derrota,1680,2026,3,Sunday,3,1
93,2026-01-18,20:57,J0023,Desierto Neon,Torneo,Nadia,24,10,2,2,Victoria,1560,2026,1,Sunday,5,1
1200,2026-02-14,14:34,J0145,Puerto Escarlata,Ranked,Tesla;Lienzo;Vex,38,2,1,3,Victoria,830,2026,2,Saturday,2,3
3061,2026-03-24,21:53,J0154,Canales de Hielo,Casual,,11,8,5,5,Victoria,1450,2026,3,Tuesday,2,0
6189,2026-05-18,18:58,J0030,Bosque Umbral,Casual,Lienzo,18,5,5,7,Victoria,1250,2026,5,Monday,1,1
4990,2026-04-28,01:14,J0056,Ciudadela,Ranked,Tesla,41,3,4,4,Victoria,920,2026,4,Tuesday,1,1
3888,2026-04-09,10:03,J0002,Estacion Orbital,Ranked,Tesla;Vex,41,6,3,6,Derrota,840,2026,4,Thursday,2,2
4149,2026-04-14,18:21,J0083,Puerto Escarlata,Torneo,Magnus;Tesla,14,5,6,5,Derrota,630,2026,4,Tuesday,1,2
8092,2026-06-17,19:32,J0145,Puerto Escarlata,Ranked,Brisa,23,7,7,4,Derrota,760,2026,6,Wednesday,1,1
7249,2026-06-03,15:22,J0108,Puerto Escarlata,Casual,Umbra;Vex;Koro,30,16,3,3,Victoria,22,2026,6,Wednesday,5,3
9484,2026-07-08,07:45,J0128,Puerto Escarlata,Casual,Magnus,15,9,4,4,Derrota,1020,2026,7,Wednesday,2,1
3533,2026-04-02,19:01,J0064,Bosque Umbral,Casual,Lienzo,15,2,4,3,Derrota,270,2026,4,Thursday,0,1
8439,2026-06-22,16:15,J0024,Canales de Hielo,Ranked,Umbra;Magnus;Vex,36,9,2,3,Derrota,1010,2026,6,Monday,4,3
2923,2026-03-21,21:09,J0126,Puerto Escarlata,Casual,Nadia,21,7,6,1,Derrota,630,2026,3,Saturday,1,1
440,2026-01-26,22:42,J0085,Estacion Orbital,Casual,Koro,23,4,6,5,Derrota,530,2026,1,Monday,1,1
3352,2026-03-29,19:11,J0053,Ciudadela,Ranked,Nadia;Umbra,41,5,6,1,Derrota,430,2026,3,Sunday,1,2
3534,2026-04-02,10:07,J0066,Puerto Escarlata,Casual,Brisa,10,10,5,5,Derrota,1150,2026,4,Thursday,2,1
4986,2026-04-28,00:36,J0008,Ciudadela,Casual,Vex;Magnus;Brisa,15,6,3,2,Victoria,1140,2026,4,Tuesday,2,3
9681,2026-07-11,18:47,J0060,Desierto Neon,Casual,Tesla;Umbra;Vex,27,4,3,4,Victoria,1040,2026,7,Saturday,1,3
625,2026-01-31,19:55,J0020,Canales de Hielo,Casual,Brisa,18,6,4,5,Derrota,770,2026,1,Saturday,2,1
9120,2026-07-03,16:07,J0041,Desierto Neon,Casual,Vex,21,6,7,3,Victoria,1110,2026,7,Friday,1,1
4246,2026-04-16,20:37,J0095,Ciudadela,Casual,Umbra;Koro;Magnus,15,10,2,6,Derrota,1260,2026,4,Thursday,5,3
4193,2026-04-15,05:58,J0024,Ciudadela,Casual,Magnus,14,4,5,1,Derrota,350,2026,4,Wednesday,1,1
7389,2026-06-06,20:07,J0022,Bosque Umbral,Casual,Vex,24,7,5,6,Derrota,900,2026,6,Saturday,1,1
8529,2026-06-24,16:19,J0200,Canales de Hielo,Ranked,Koro,34,5,7,2,Victoria,960,2026,6,Wednesday,1,1
2139,2026-03-06,17:39,J0022,Puerto Escarlata,Ranked,Nadia,41,7,4,1,Derrota,670,2026,3,Friday,2,1
3854,2026-04-08,20:51,J0184,Puerto Escarlata,Casual,Umbra,8,3,5,6,Derrota,500,2026,4,Wednesday,1,1
5145,2026-05-01,02:06,J0004,Bosque Umbral,Ranked,Nadia;Vex;Magnus,37,6,10,2,Derrota,500,2026,5,Friday,1,3
9581,2026-07-09,13:50,J0051,Puerto Escarlata,Ranked,Nadia,23,1,5,7,Derrota,350,2026,7,Thursday,0,1
6352,2026-05-21,17:04,J0006,Ciudadela,Ranked,Tesla;Nadia,43,7,5,3,Victoria,1250,2026,5,Thursday,1,2
3818,2026-04-08,20:36,J0033,Ciudadela,Ranked,Tesla,37,5,6,2,Victoria,980,2026,4,Wednesday,1,1
5182,2026-05-02,16:29,J0200,Puerto Escarlata,Ranked,Magnus,34,7,6,5,Victoria,1330,2026,5,Saturday,1,1
2535,2026-03-14,15:13,J0070,Ciudadela,Casual,Umbra;Koro,28,3,9,6,,920,2026,3,Saturday,0,2
6004,2026-05-15,19:24,J0127,Puerto Escarlata,Ranked,Vex;Brisa;Lienzo,35,8,11,2,Victoria,1180,2026,5,Friday,1,3
5019,2026-04-29,20:20,J0088,Puerto Escarlata,Torneo,Tesla;Umbra;Koro,14,5,6,6,Derrota,680,2026,4,Wednesday,1,3
8609,2026-06-25,14:00,J0016,Bosque Umbral,Ranked,Tesla,33,7,4,7,Victoria,1470,2026,6,Thursday,2,1
6622,2026-05-24,18:18,J0021,Puerto Escarlata,Ranked,Magnus,32,7,7,5,Derrota,810,2026,5,Sunday,1,1
8308,2026-06-20,19:22,J0013,Puerto Escarlata,Casual,Lienzo;Nadia,10,8,2,2,Derrota,860,2026,6,Saturday,4,2
7600,2026-06-09,09:46,J0005,Ciudadela,Ranked,Vex;Koro,35,15,5,5,Victoria,22,2026,6,Tuesday,3,2
5478,2026-05-07,21:58,J0139,Ciudadela,Ranked,Magnus;Koro,32,6,2,4,Victoria,,2026,5,Thursday,3,2
2738,2026-03-18,08:35,J0042,Puerto Escarlata,Casual,Umbra,16,7,7,3,Derrota,710,2026,3,Wednesday,1,1
89,2026-01-18,01:28,J0015,Bosque Umbral,Casual,Umbra,24,7,2,1,Victoria,1210,2026,1,Sunday,4,1
6921,2026-05-29,21:49,J0159,Canales de Hielo,Casual,Lienzo,10,8,4,6,Derrota,,2026,5,Friday,2,1
674,2026-02-01,22:01,J0023,Bosque Umbral,Casual,Umbra,23,7,2,2,Derrota,760,2026,2,Sunday,4,1
2868,2026-03-21,18:49,J0017,Ciudadela,Casual,Lienzo;Vex;Tesla,29,12,8,2,Victoria,1640,2026,3,Saturday,2,3
656,2026-02-01,21:55,J0159,Ciudadela,Casual,Lienzo,28,5,5,4,Victoria,1100,2026,2,Sunday,1,1
7460,2026-06-07,18:11,J0016,Estacion Orbital,Ranked,Brisa;Nadia,43,5,6,2,Victoria,980,2026,6,Sunday,1,2
9539,2026-07-09,19:19,J0034,Ciudadela,Casual,Lienzo,24,2,8,3,Derrota,190,2026,7,Thursday,0,1
8269,2026-06-20,00:18,J0002,Canales de Hielo,Ranked,Brisa,40,9,3,5,Derrota,1090,2026,6,Saturday,3,1
7586,2026-06-09,16:13,J0160,Bosque Umbral,Ranked,Tesla,41,5,4,5,Victoria,1170,2026,6,Tuesday,1,1
9279,2026-07-05,10:10,J0002,Desierto Neon,Ranked,Tesla;Umbra,34,2,4,5,Derrota,370,2026,7,Sunday,0,2
2883,2026-03-21,17:00,J0107,Bosque Umbral,Ranked,Brisa,43,5,5,2,Derrota,500,2026,3,Saturday,1,1
1738,2026-02-25,11:24,J0194,Bosque Umbral,Casual,Magnus;Lienzo;Brisa,17,6,7,6,Derrota,360,2026,2,Wednesday,1,3
7772,2026-06-12,12:32,J0200,Puerto Escarlata,Casual,Umbra,14,11,3,9,Derrota,1490,2026,6,Friday,4,1
3990,2026-04-11,19:25,J0038,Puerto Escarlata,Casual,Koro;Lienzo,12,4,7,4,Derrota,460,2026,4,Saturday,1,2
7403,2026-06-06,11:36,J0010,Ciudadela,Ranked,Umbra;Nadia,44,5,3,7,Victoria,1290,2026,6,Saturday,2,2
8219,2026-06-19,14:12,J0076,Ciudadela,Ranked,Koro;Magnus,40,6,2,4,Derrota,760,2026,6,Friday,3,2
6649,2026-05-24,18:31,J0124,Ciudadela,Torneo,Nadia,29,3,1,2,Derrota,380,2026,5,Sunday,3,1
2827,2026-03-20,18:04,J0023,Bosque Umbral,Ranked,Nadia;Vex,29,6,6,3,Victoria,1130,2026,3,Friday,1,2
6131,2026-05-17,18:41,J0010,Estacion Orbital,Casual,Vex;Magnus,19,9,9,2,Victoria,1320,2026,5,Sunday,1,2
7234,2026-06-03,21:47,J0006,Puerto Escarlata,Torneo,Lienzo;Nadia,22,5,6,3,Derrota,530,2026,6,Wednesday,1,2
6798,2026-05-27,20:23,J0104,Ciudadela,Ranked,Umbra;Brisa,44,6,5,0,Derrota,500,2026,5,Wednesday,1,2
6504,2026-05-23,18:54,J0008,Estacion Orbital,Casual,Tesla,31,5,4,5,Victoria,1170,2026,5,Saturday,1,1
2849,2026-03-20,22:19,J0008,Bosque Umbral,Casual,Vex,16,4,6,2,Victoria,880,2026,3,Friday,1,1
1596,2026-02-22,20:23,J0066,Puerto Escarlata,Ranked,Lienzo,39,9,11,2,Victoria,1280,2026,2,Sunday,1,1
7542,2026-06-08,10:10,J0046,Canales de Hielo,Ranked,Koro;Vex,31,18,7,5,Victoria,24,2026,6,Monday,3,2
4833,2026-04-26,20:17,J0071,Puerto Escarlata,Ranked,Umbra,34,4,6,2,Derrota,380,2026,4,Sunday,1,1
796,2026-02-05,21:57,J0020,Desierto Neon,Torneo,Tesla,20,10,6,5,Derrota,1130,2026,2,Thursday,2,1
8318,2026-06-20,16:21,J0014,Estacion Orbital,Ranked,,43,5,7,2,Victoria,,2026,6,Saturday,1,0
6508,2026-05-23,20:48,J0033,Canales de Hielo,Casual,Umbra,28,9,4,3,Victoria,1470,2026,5,Saturday,2,1
109,2026-01-18,19:36,J0200,Puerto Escarlata,Ranked,Nadia,33,7,4,6,Derrota,920,2026,1,Sunday,2,1
5545,2026-05-08,18:25,J0077,Puerto Escarlata,Casual,Tesla,15,0,6,6,Derrota,180,2026,5,Friday,0,1
5480,2026-05-07,17:28,J0066,Estacion Orbital,Ranked,Vex,24,8,2,4,Victoria,1460,2026,5,Thursday,4,1
1191,2026-02-14,15:36,J0021,Canales de Hielo,Ranked,Umbra;Magnus;Lienzo,23,5,5,5,Derrota,650,2026,2,Saturday,1,3
3329,2026-03-29,21:17,J0043,Estacion Orbital,Ranked,Vex,34,7,5,8,Derrota,1000,2026,3,Sunday,1,1
3382,2026-03-30,21:50,J0008,Puerto Escarlata,Casual,Magnus;Koro,14,3,6,3,Derrota,330,2026,3,Monday,0,2
9071,2026-07-02,16:32,J0200,Estacion Orbital,Ranked,Koro;Nadia;Tesla,37,7,6,4,Derrota,780,2026,7,Thursday,1,3
4993,2026-04-28,20:36,J0033,Desierto Neon,Ranked,Magnus;Vex,29,10,4,4,Victoria,1620,2026,4,Tuesday,2,2
9277,2026-07-05,00:50,J0048,Ciudadela,Ranked,Magnus;Lienzo,45,5,6,6,Derrota,680,2026,7,Sunday,1,2
8960,2026-06-30,23:23,J0086,Estacion Orbital,Casual,Tesla,29,1,5,3,Derrota,150,2026,6,Tuesday,0,1
4961,2026-04-28,20:36,J0088,Puerto Escarlata,Ranked,Umbra,41,5,4,2,Victoria,1020,2026,4,Tuesday,1,1
4123,2026-04-13,20:13,J0001,Puerto Escarlata,Casual,Vex,22,6,6,2,Victoria,1080,2026,4,Monday,1,1
1727,2026-02-25,20:49,J0082,Puerto Escarlata,Ranked,,41,3,9,2,Derrota,220,2026,2,Wednesday,0,0
705,2026-02-02,17:48,J0128,Desierto Neon,Casual,Nadia,29,4,6,0,Derrota,280,2026,2,Monday,1,1
2524,2026-03-14,19:47,J0017,Estacion Orbital,Casual,Brisa;Lienzo,12,8,5,1,Derrota,750,2026,3,Saturday,2,2
2240,2026-03-08,17:31,J0010,Puerto Escarlata,Ranked,,24,4,6,5,Victoria,1030,2026,3,Sunday,1,0
9729,2026-07-11,10:36,J0005,Puerto Escarlata,Casual,Magnus;Brisa,22,4,5,5,,1050,2026,7,Saturday,1,2
3527,2026-04-02,17:09,J0025,Estacion Orbital,Casual,Tesla,14,2,5,4,Derrota,300,2026,4,Thursday,0,1
4171,2026-04-14,18:31,J0093,Canales de Hielo,Ranked,Tesla;Magnus,38,3,5,5,Derrota,450,2026,4,Tuesday,1,2
9157,2026-07-03,19:39,J0022,Bosque Umbral,Ranked,Magnus;Nadia,22,2,2,5,Derrota,410,2026,7,Friday,1,2
2908,2026-03-21,15:41,J0094,Bosque Umbral,Ranked,Vex;Umbra;Lienzo,42,5,4,2,Derrota,520,2026,3,Saturday,1,3
6105,2026-05-17,19:19,J0065,Bosque Umbral,Casual,Koro,31,2,7,1,Derrota,110,2026,5,Sunday,0,1
1693,2026-02-24,15:11,J0200,Puerto Escarlata,Casual,Lienzo,14,6,5,5,Victoria,,2026,2,Tuesday,1,1
4490,2026-04-20,16:19,J0072,Ciudadela,Ranked,Koro,44,5,6,5,Victoria,1130,2026,4,Monday,1,1
7508,2026-06-07,22:03,J0082,Ciudadela,Torneo,Nadia;Koro,12,6,6,6,Victoria,1280,2026,6,Sunday,1,2
4717,2026-04-24,23:17,J0020,Canales de Hielo,Ranked,Koro;Vex,24,9,6,3,Derrota,930,2026,4,Friday,2,2
3529,2026-04-02,16:46,J0056,Puerto Escarlata,Ranked,Magnus,26,5,7,6,Derrota,660,2026,4,Thursday,1,1
8877,2026-06-29,09:27,J0031,Puerto Escarlata,Ranked,Nadia;Koro;Vex,38,7,8,3,Derrota,690,2026,6,Monday,1,3
4848,2026-04-26,21:43,J0131,Bosque Umbral,Casual,Vex,22,6,3,4,Victoria,1240,2026,4,Sunday,2,1
8006,2026-06-15,15:38,J0028,Bosque Umbral,Ranked,Tesla,38,6,3,1,Derrota,590,2026,6,Monday,2,1
1759,2026-02-26,20:56,J0017,Desierto Neon,Ranked,,36,4,3,2,Derrota,440,2026,2,Thursday,1,0
9288,2026-07-05,06:49,J0117,Desierto Neon,Ranked,Brisa,37,7,6,6,Victoria,1380,2026,7,Sunday,1,1
2129,2026-03-06,20:01,J0025,Canales de Hielo,Casual,Magnus,13,6,4,8,Victoria,1420,2026,3,Friday,2,1
669,2026-02-01,06:45,J0003,Puerto Escarlata,Ranked,Magnus,39,4,11,4,Victoria,880,2026,2,Sunday,0,1
5283,2026-05-03,00:54,J0068,Desierto Neon,Ranked,Magnus,34,7,7,2,Derrota,660,2026,5,Sunday,1,1
7407,2026-06-06,21:13,J0054,Ciudadela,Casual,Umbra;Brisa,19,6,4,4,Victoria,1220,2026,6,Saturday,2,2
2276,2026-03-08,17:26,J0044,Estacion Orbital,Casual,Nadia;Tesla,30,8,2,4,Victoria,1460,2026,3,Sunday,4,2
1356,2026-02-18,18:01,J0108,Canales de Hielo,Casual,Tesla,22,8,3,3,Derrota,890,2026,2,Wednesday,3,1
762,2026-02-04,21:11,J0090,Estacion Orbital,Ranked,Umbra,44,6,4,3,Derrota,,2026,2,Wednesday,2,1
6642,2026-05-24,17:56,J0009,Desierto Neon,Ranked,Umbra,37,1,5,6,Victoria,800,2026,5,Sunday,0,1
9474,2026-07-08,17:12,J0200,Bosque Umbral,Casual,Umbra,27,10,6,9,Victoria,1830,2026,7,Wednesday,2,1
4741,2026-04-24,16:56,J0015,Canales de Hielo,Torneo,Brisa,11,7,5,3,Derrota,750,2026,4,Friday,1,1
5169,2026-05-02,21:04,J0076,Bosque Umbral,Ranked,,43,6,5,3,Victoria,1150,2026,5,Saturday,1,0
8275,2026-06-20,18:05,J0006,Ciudadela,Ranked,Lienzo,29,5,6,2,,980,2026,6,Saturday,1,1
7476,2026-06-07,19:10,J0044,Desierto Neon,Torneo,Koro;Brisa,30,6,9,2,Derrota,520,2026,6,Sunday,1,2
3690,2026-04-05,16:24,J0127,Canales de Hielo,Casual,Tesla,31,2,5,3,Derrota,250,2026,4,Sunday,0,1
2674,2026-03-16,10:06,J0020,Canales de Hielo,Ranked,Koro;Lienzo,45,9,6,1,Victoria,1330,2026,3,Monday,2,2
9966,2026-07-14,23:36,J0066,Desierto Neon,Casual,Vex,17,5,3,5,Victoria,1190,2026,7,Tuesday,2,1
5768,2026-05-11,19:46,J0121,Estacion Orbital,Torneo,Koro,21,3,4,3,Derrota,370,2026,5,Monday,1,1
3906,2026-04-09,12:43,J0056,Estacion Orbital,Casual,Tesla,19,2,7,2,Derrota,160,2026,4,Thursday,0,1
1156,2026-02-13,15:59,J0013,Desierto Neon,Casual,Lienzo;Brisa,18,9,2,6,Victoria,1660,2026,2,Friday,4,2
8326,2026-06-21,10:32,J0131,Puerto Escarlata,Ranked,Koro;Vex,33,5,3,2,Victoria,1040,2026,6,Sunday,2,2
7172,2026-06-02,22:17,J0117,Ciudadela,Ranked,Brisa,36,3,2,1,,310,2026,6,Tuesday,2,1
1684,2026-02-24,11:31,J0062,Estacion Orbital,Casual,Lienzo,15,3,1,4,Derrota,480,2026,2,Tuesday,3,1
361,2026-01-25,17:53,J0025,Bosque Umbral,Ranked,Magnus;Vex,31,6,7,5,Victoria,1210,2026,1,Sunday,1,2
4249,2026-04-16,10:35,J0001,Estacion Orbital,Ranked,Lienzo,38,8,9,2,Derrota,720,2026,4,Thursday,1,1
2847,2026-03-20,03:39,J0054,Bosque Umbral,Casual,,30,5,4,5,Victoria,1170,2026,3,Friday,1,0
953,2026-02-08,22:09,J0060,Bosque Umbral,Ranked,Vex,22,4,6,2,Derrota,380,2026,2,Sunday,1,1
2985,2026-03-22,11:15,J0082,Estacion Orbital,Ranked,Koro,30,12,3,4,Derrota,1340,2026,3,Sunday,4,1
102,2026-01-18,13:11,J0008,Desierto Neon,Casual,Brisa;Koro;Vex,19,5,4,4,Victoria,1120,2026,1,Sunday,1,3
2040,2026-03-04,23:22,J0024,Puerto Escarlata,Ranked,Magnus,43,6,6,8,Derrota,880,2026,3,Wednesday,1,1
714,2026-02-02,09:51,J0040,Desierto Neon,Casual,Lienzo;Magnus,15,6,5,7,Derrota,850,2026,2,Monday,1,2
9342,2026-07-06,23:41,J0041,Desierto Neon,Casual,Tesla,17,2,4,1,Victoria,670,2026,7,Monday,0,1
2166,2026-03-06,03:32,J0048,Desierto Neon,Casual,Nadia,16,4,5,4,Victoria,1000,2026,3,Friday,1,1
7503,2026-06-07,16:40,J0029,Estacion Orbital,Torneo,Lienzo,9,3,8,5,Victoria,890,2026,6,Sunday,0,1
2743,2026-03-18,00:24,J0017,Desierto Neon,Casual,Nadia;Umbra,21,8,2,3,Victoria,1410,2026,3,Wednesday,4,2
959,2026-02-08,11:14,J0174,Ciudadela,Ranked,Tesla,34,1,3,4,Derrota,240,2026,2,Sunday,0,1
6437,2026-05-22,19:36,J0017,Canales de Hielo,Casual,Magnus;Brisa;Lienzo,30,9,5,3,,1450,2026,5,Friday,2,3
4024,2026-04-11,10:45,J0037,Bosque Umbral,Ranked,Koro,36,8,3,2,Derrota,840,2026,4,Saturday,3,1
7179,2026-06-02,11:37,J0008,Canales de Hielo,Casual,Brisa;Tesla,26,6,7,6,Victoria,960,2026,6,Tuesday,1,2
4481,2026-04-20,20:58,J0089,Bosque Umbral,Ranked,Koro,32,8,5,2,Derrota,800,2026,4,Monday,2,1
3543,2026-04-02,16:58,J0034,Bosque Umbral,Ranked,Nadia,42,9,6,7,Derrota,1130,2026,4,Thursday,2,1
9845,2026-07-12,11:06,J0026,Puerto Escarlata,Ranked,Tesla;Nadia,35,6,3,4,Victoria,1240,2026,7,Sunday,2,2
9567,2026-07-09,04:36,J0026,Canales de Hielo,Casual,Tesla,30,6,7,7,Derrota,810,2026,7,Thursday,1,1
9102,2026-07-02,20:59,J0025,Canales de Hielo,Ranked,Koro,45,9,3,4,Derrota,1040,2026,7,Thursday,3,1
6885,2026-05-29,12:17,J0059,Estacion Orbital,Ranked,Tesla,33,3,5,7,Derrota,550,2026,5,Friday,1,1
4451,2026-04-19,15:11,J0092,Puerto Escarlata,Torneo,Brisa;Koro;Umbra,30,7,3,3,Victoria,1290,2026,4,Sunday,2,3
3018,2026-03-23,23:14,J0022,Desierto Neon,Ranked,Umbra,25,4,3,1,Derrota,390,2026,3,Monday,1,1
2317,2026-03-09,07:48,J0052,Bosque Umbral,Torneo,Tesla,15,3,4,3,Derrota,370,2026,3,Monday,1,1
9325,2026-07-06,20:25,J0200,Desierto Neon,Ranked,Nadia,43,7,4,5,Victoria,1370,2026,7,Monday,2,1
6093,2026-05-17,15:18,J0006,Canales de Hielo,Ranked,Nadia,26,5,9,1,Derrota,370,2026,5,Sunday,1,1
6395,2026-05-21,16:37,J0044,Ciudadela,Ranked,Umbra;Vex,42,6,4,2,Victoria,1120,2026,5,Thursday,2,2
9877,2026-07-13,19:42,J0083,Puerto Escarlata,Casual,Vex;Koro,17,9,1,8,Derrota,1280,2026,7,Monday,9,2
5031,2026-04-29,16:51,J0110,Ciudadela,Ranked,Umbra,36,7,3,3,Victoria,1290,2026,4,Wednesday,2,1
4190,2026-04-14,07:20,J0009,Desierto Neon,Casual,Vex;Umbra,31,10,5,5,Derrota,1150,2026,4,Tuesday,2,2
3609,2026-04-04,08:11,J0035,Canales de Hielo,Ranked,Nadia;Tesla,31,15,7,3,Victoria,2010,2026,4,Saturday,2,2
3056,2026-03-24,21:06,J0167,Bosque Umbral,Torneo,Brisa;Nadia,16,9,8,7,Victoria,1590,2026,3,Tuesday,1,2
6667,2026-05-25,23:49,J0116,Bosque Umbral,Casual,Koro;Umbra,15,9,5,6,Derrota,1100,2026,5,Monday,2,2
6720,2026-05-25,16:58,J0074,Ciudadela,Ranked,Lienzo;Koro,27,8,4,4,Victoria,1420,2026,5,Monday,2,2
9174,2026-07-04,22:36,J0015,Puerto Escarlata,Ranked,Koro,23,3,5,2,Derrota,300,2026,7,Saturday,1,1
3152,2026-03-25,19:57,J0034,Ciudadela,Casual,Vex,10,6,3,3,Derrota,690,2026,3,Wednesday,2,1
9545,2026-07-09,20:31,J0109,Ciudadela,Ranked,Magnus,41,2,6,3,Derrota,230,2026,7,Thursday,0,1
2677,2026-03-16,20:29,J0026,Canales de Hielo,Casual,Umbra;Magnus;Nadia,17,4,8,3,Derrota,390,2026,3,Monday,0,3
8430,2026-06-22,10:29,J0101,Bosque Umbral,Casual,Vex;Umbra,21,12,4,7,Victoria,1970,2026,6,Monday,3,2
5970,2026-05-14,19:02,J0049,Estacion Orbital,Casual,Umbra,14,3,3,5,Derrota,490,2026,5,Thursday,1,1
8656,2026-06-26,20:21,J0057,Canales de Hielo,Casual,Umbra;Vex,9,6,5,7,Derrota,850,2026,6,Friday,1,2
6570,2026-05-23,20:38,J0147,Canales de Hielo,Ranked,Koro;Lienzo,23,4,8,7,Victoria,1090,2026,5,Saturday,0,2
4794,2026-04-25,21:47,J0115,Puerto Escarlata,Ranked,Brisa,31,4,7,4,Derrota,460,2026,4,Saturday,1,1
7742,2026-06-11,07:35,J0085,Estacion Orbital,Casual,Lienzo;Tesla,10,8,3,7,Derrota,1090,2026,6,Thursday,3,2
4065,2026-04-12,18:49,J0036,Estacion Orbital,Torneo,Brisa,10,7,1,1,Victoria,1230,2026,4,Sunday,7,1
4163,2026-04-14,19:16,J0014,Desierto Neon,Casual,Magnus;Koro,22,2,5,5,Victoria,850,2026,4,Tuesday,0,2
4099,2026-04-12,22:54,J0009,Ciudadela,Casual,Umbra,24,4,4,5,Victoria,1070,2026,4,Sunday,1,1
5345,2026-05-05,12:56,J0134,Canales de Hielo,Torneo,Tesla,22,6,3,1,Derrota,590,2026,5,Tuesday,2,1
6248,2026-05-19,17:48,J0052,Estacion Orbital,Casual,Umbra,8,3,5,3,Derrota,350,2026,5,Tuesday,1,1
5917,2026-05-14,21:04,J0184,Estacion Orbital,Ranked,Lienzo,44,7,9,2,Victoria,1120,2026,5,Thursday,1,1
9212,2026-07-04,22:36,J0029,Bosque Umbral,Ranked,Umbra;Lienzo,24,1,3,9,Victoria,990,2026,7,Saturday,0,2
3128,2026-03-25,13:03,J0023,Bosque Umbral,Casual,Koro,9,10,5,6,Derrota,1200,2026,3,Wednesday,2,1
6902,2026-05-29,18:22,J0008,Puerto Escarlata,Casual,Nadia;Koro;Lienzo,15,3,4,0,Victoria,720,2026,5,Friday,1,3
1916,2026-03-01,22:35,J0107,Bosque Umbral,Ranked,Umbra;Tesla,35,2,4,7,Victoria,970,2026,3,Sunday,0,2
8603,2026-06-25,10:42,J0031,Bosque Umbral,Ranked,Tesla;Umbra,32,7,1,5,Victoria,1430,2026,6,Thursday,7,2
6792,2026-05-27,18:54,J0078,Bosque Umbral,Ranked,Vex,37,7,4,6,Victoria,1420,2026,5,Wednesday,2,1
1454,2026-02-20,21:52,J0073,Bosque Umbral,Ranked,Lienzo,33,6,4,2,Derrota,220,2026,2,Friday,2,1
4398,2026-04-18,17:38,J0197,Ciudadela,Casual,Vex,18,4,8,5,Victoria,990,2026,4,Saturday,0,1
1225,2026-02-15,17:44,J0089,Desierto Neon,Ranked,Magnus,32,8,4,2,Victoria,1320,2026,2,Sunday,2,1
334,2026-01-24,12:02,J0009,Ciudadela,Torneo,Koro,8,0,1,3,Victoria,630,2026,1,Saturday,0,1
1124,2026-02-12,01:19,J0074,Ciudadela,Casual,Koro,28,4,6,4,Victoria,980,2026,2,Thursday,1,1
8683,2026-06-26,22:23,J0200,Bosque Umbral,Ranked,Koro,28,6,4,5,Derrota,870,2026,6,Friday,2,1
4388,2026-04-18,06:47,J0048,Ciudadela,Ranked,Tesla,43,6,9,4,Derrota,620,2026,4,Saturday,1,1
264,2026-01-23,20:30,J0011,Canales de Hielo,Casual,Vex,12,8,4,3,Victoria,1370,2026,1,Friday,2,1
684,2026-02-02,11:46,J0153,Bosque Umbral,Ranked,Lienzo,30,5,8,8,Victoria,1240,2026,2,Monday,1,1
7955,2026-06-14,16:19,J0048,Canales de Hielo,Ranked,Brisa;Magnus;Umbra,29,9,7,1,Victoria,,2026,6,Sunday,1,3
857,2026-02-06,20:03,J0096,Puerto Escarlata,Torneo,Vex;Brisa,16,12,3,7,Victoria,1990,2026,2,Friday,4,2
7335,2026-06-05,19:26,J0121,Canales de Hielo,Ranked,Tesla,32,5,7,2,Victoria,,2026,6,Friday,1,1
4950,2026-04-28,13:38,J0029,Desierto Neon,Ranked,Umbra,35,1,6,4,Derrota,180,2026,4,Tuesday,0,1
2488,2026-03-13,14:48,J0046,Desierto Neon,Ranked,Brisa;Magnus,27,9,2,1,Victoria,1410,2026,3,Friday,4,2
5929,2026-05-14,12:54,J0009,Estacion Orbital,Casual,Magnus,9,1,7,4,Derrota,160,2026,5,Thursday,0,1
9583,2026-07-10,19:43,J0064,Puerto Escarlata,Casual,Brisa,25,5,6,4,Victoria,1080,2026,7,Friday,1,1
5966,2026-05-14,13:13,J0097,Puerto Escarlata,Casual,Nadia,12,1,5,5,Derrota,250,2026,5,Thursday,0,1
7239,2026-06-03,19:50,J0200,Puerto Escarlata,Ranked,Koro,44,9,6,4,Victoria,1480,2026,6,Wednesday,2,1
368,2026-01-25,13:36,J0021,Desierto Neon,Ranked,Umbra,23,10,4,4,Derrota,1120,2026,1,Sunday,2,1
7092,2026-06-01,00:49,J0200,Bosque Umbral,Ranked,Magnus;Lienzo,40,9,1,6,Victoria,1680,2026,6,Monday,9,2
9250,2026-07-05,21:01,J0045,Estacion Orbital,Torneo,Umbra;Magnus;Nadia,8,3,3,2,Victoria,840,2026,7,Sunday,1,3
7906,2026-06-14,16:40,J0079,Bosque Umbral,Casual,Lienzo;Umbra;Nadia,23,5,5,3,Victoria,1050,2026,6,Sunday,1,3
6313,2026-05-20,13:22,J0025,Bosque Umbral,Casual,Umbra,11,4,5,4,Victoria,1000,2026,5,Wednesday,1,1
7904,2026-06-14,18:49,J0017,Bosque Umbral,Casual,Tesla,31,12,7,6,Victoria,1860,2026,6,Sunday,2,1
4522,2026-04-20,19:04,J0124,Canales de Hielo,Casual,Nadia;Tesla;Umbra,31,3,3,4,Victoria,940,2026,4,Monday,1,3
4803,2026-04-25,21:01,J0002,Puerto Escarlata,Ranked,Lienzo;Koro,31,4,4,0,Derrota,320,2026,4,Saturday,1,2
5428,2026-05-06,00:43,J0052,Canales de Hielo,Ranked,Koro;Nadia,43,3,7,4,Derrota,360,2026,5,Wednesday,0,2
5685,2026-05-10,19:55,J0067,Ciudadela,Ranked,Magnus,22,4,6,2,Victoria,880,2026,5,Sunday,1,1
1627,2026-02-23,21:33,J0046,Desierto Neon,Ranked,Magnus,34,3,11,3,Victoria,730,2026,2,Monday,0,1
6866,2026-05-28,22:17,J0016,Puerto Escarlata,Casual,Lienzo;Nadia,21,9,9,3,Victoria,1370,2026,5,Thursday,1,2
2890,2026-03-21,03:10,J0120,Canales de Hielo,Ranked,Vex,22,12,3,2,Derrota,1240,2026,3,Saturday,4,1
4614,2026-04-22,14:20,J0032,Estacion Orbital,Casual,Brisa;Nadia,9,3,5,3,Victoria,850,2026,4,Wednesday,1,2
77,2026-01-18,16:53,J0010,Puerto Escarlata,Ranked,Nadia;Umbra,24,9,3,4,Victoria,1540,2026,1,Sunday,3,2
7546,2026-06-08,19:18,J0135,Estacion Orbital,Ranked,Tesla;Magnus;Brisa,45,7,6,3,Victoria,1230,2026,6,Monday,1,3
1804,2026-02-27,23:17,J0026,Ciudadela,Ranked,Koro;Tesla,43,5,7,1,Victoria,910,2026,2,Friday,1,2
3980,2026-04-11,16:02,J0038,Desierto Neon,Casual,Nadia,15,4,3,5,Victoria,1090,2026,4,Saturday,1,1
8232,2026-06-19,16:54,J0130,Bosque Umbral,Casual,Umbra;Vex,30,4,5,4,Victoria,1000,2026,6,Friday,1,2
5582,2026-05-09,18:25,J0009,Desierto Neon,Ranked,Lienzo,23,2,3,5,Derrota,390,2026,5,Saturday,1,1
3112,2026-03-25,18:41,J0075,Canales de Hielo,Ranked,Tesla,27,7,1,4,Derrota,880,2026,3,Wednesday,7,1
4956,2026-04-28,16:14,J0066,Ciudadela,Ranked,Koro;Nadia,23,7,3,3,Derrota,790,2026,4,Tuesday,2,2
5835,2026-05-12,23:40,J0054,Puerto Escarlata,Casual,Umbra,27,5,5,0,Derrota,400,2026,5,Tuesday,1,1
5352,2026-05-05,06:23,J0078,Estacion Orbital,Torneo,Magnus,16,5,12,3,Victoria,910,2026,5,Tuesday,0,1
8450,2026-06-22,15:57,J0010,Canales de Hielo,Ranked,Umbra;Vex,31,12,5,3,Victoria,1750,2026,6,Monday,2,2
7318,2026-06-05,21:50,J0023,Bosque Umbral,Ranked,Koro,23,9,7,4,Victoria,1460,2026,6,Friday,1,1
4,2026-01-16,15:35,J0042,Canales de Hielo,Ranked,Brisa;Tesla,23,2,4,4,Derrota,320,2026,1,Friday,0,2
2349,2026-03-10,22:07,J0200,Desierto Neon,Ranked,Tesla,34,6,7,9,Victoria,1910,2026,3,Tuesday,1,1
8226,2026-06-19,22:04,J0030,Estacion Orbital,Ranked,Brisa;Magnus,22,12,2,2,Derrota,1260,2026,6,Friday,6,2
291,2026-01-23,19:11,J0047,Bosque Umbral,Casual,Koro;Magnus,24,7,5,4,Victoria,1300,2026,1,Friday,1,2
1884,2026-03-01,19:28,J0015,Bosque Umbral,Casual,Tesla,24,7,12,2,Victoria,1060,2026,3,Sunday,1,1
2961,2026-03-22,16:12,J0038,Puerto Escarlata,Torneo,Umbra,29,5,5,4,Derrota,600,2026,3,Sunday,1,1
4231,2026-04-15,08:04,J0200,Puerto Escarlata,Casual,Nadia,21,5,7,3,Derrota,510,2026,4,Wednesday,1,1
4699,2026-04-24,18:03,J0015,Bosque Umbral,Ranked,Magnus;Nadia,39,5,13,2,Derrota,340,2026,4,Friday,0,2
5971,2026-05-15,18:01,J0053,Estacion Orbital,Casual,Nadia;Magnus,25,4,3,1,Victoria,890,2026,5,Friday,1,2
9089,2026-07-02,20:59,J0065,Desierto Neon,Casual,Koro;Tesla,15,5,4,3,Victoria,1070,2026,7,Thursday,1,2
7846,2026-06-13,17:30,J0172,Bosque Umbral,Casual,Lienzo,12,7,1,3,Derrota,830,2026,6,Saturday,7,1
5501,2026-05-07,22:35,J0043,Ciudadela,Ranked,Magnus,41,2,8,6,Victoria,840,2026,5,Thursday,0,1
1563,2026-02-21,21:33,J0062,Desierto Neon,Ranked,Lienzo;Magnus,44,7,5,2,Victoria,1200,2026,2,Saturday,1,2
136,2026-01-19,20:37,J0033,Ciudadela,Casual,Vex,15,7,7,4,Victoria,1260,2026,1,Monday,1,1
5518,2026-05-08,20:22,J0117,Desierto Neon,Casual,Lienzo,23,5,8,6,Derrota,640,2026,5,Friday,1,1
3127,2026-03-25,18:16,J0072,Puerto Escarlata,Torneo,Magnus;Umbra,18,1,3,8,Derrota,440,2026,3,Wednesday,0,2
8424,2026-06-22,01:29,J0126,Desierto Neon,Casual,Brisa;Koro,12,3,5,4,Derrota,400,2026,6,Monday,1,2
3133,2026-03-25,19:36,J0010,Bosque Umbral,Ranked,,34,8,5,3,Derrota,850,2026,3,Wednesday,2,0
3596,2026-04-04,15:56,J0116,Canales de Hielo,Casual,Magnus,24,6,8,2,Victoria,1740,2026,4,Saturday,1,1
7408,2026-06-06,00:37,J0054,Desierto Neon,Casual,Koro,26,4,10,3,Derrota,350,2026,6,Saturday,0,1
1784,2026-02-27,17:54,J0003,Puerto Escarlata,Ranked,Magnus,36,3,3,4,Victoria,940,2026,2,Friday,1,1
3149,2026-03-25,22:38,J0037,Bosque Umbral,Ranked,Nadia,45,8,0,1,Derrota,850,2026,3,Wednesday,,1
8812,2026-06-28,13:45,J0093,Desierto Neon,Ranked,Tesla,22,4,7,3,Derrota,410,2026,6,Sunday,1,1
2911,2026-03-21,20:52,J0165,Bosque Umbral,Casual,Tesla;Umbra,8,3,4,4,Derrota,420,2026,3,Saturday,1,2
8548,2026-06-24,17:51,J0200,Ciudadela,Ranked,Nadia,31,6,4,5,Victoria,870,2026,6,Wednesday,2,1
1409,2026-02-19,16:40,J0077,Ciudadela,Ranked,Lienzo,26,4,1,6,Derrota,680,2026,2,Thursday,4,1
3541,2026-04-02,08:00,J0194,Estacion Orbital,Ranked,Koro;Magnus,25,2,6,3,Victoria,730,2026,4,Thursday,0,2
8333,2026-06-21,10:12,J0023,Bosque Umbral,Ranked,Koro;Brisa,23,5,5,4,Victoria,1100,2026,6,Sunday,1,2
1661,2026-02-23,22:27,J0049,Desierto Neon,Ranked,Lienzo,27,2,8,4,Victoria,740,2026,2,Monday,0,1
5236,2026-05-03,14:44,J0200,Puerto Escarlata,Ranked,Lienzo;Tesla,39,5,6,10,Victoria,1380,2026,5,Sunday,1,2
4049,2026-04-12,13:26,J0089,Desierto Neon,Ranked,Umbra;Lienzo;Brisa,41,6,4,5,Victoria,1270,2026,4,Sunday,2,3
331,2026-01-24,16:17,J0019,Ciudadela,Ranked,,45,4,6,3,Victoria,930,2026,1,Saturday,1,0
7433,2026-06-06,19:13,J0107,Ciudadela,Casual,Koro,17,2,6,3,Victoria,730,2026,6,Saturday,0,1
7982,2026-06-15,14:37,J0080,Puerto Escarlata,Ranked,Nadia,22,2,6,5,Derrota,330,2026,6,Monday,0,1
7481,2026-06-07,10:10,J0004,Estacion Orbital,Casual,Tesla;Nadia,29,7,6,3,Derrota,730,2026,6,Sunday,1,2
8014,2026-06-16,20:20,J0091,Canales de Hielo,Ranked,Lienzo;Nadia,29,5,3,5,Victoria,1190,2026,6,Tuesday,2,2
6201,2026-05-18,18:24,J0200,Ciudadela,Ranked,Lienzo,35,6,5,5,Victoria,1250,2026,5,Monday,1,1
2887,2026-03-21,21:38,J0083,Bosque Umbral,Casual,Tesla,22,8,6,3,Victoria,1330,2026,3,Saturday,1,1
6211,2026-05-18,13:59,J0066,Desierto Neon,Casual,Magnus,8,7,6,7,Victoria,1430,2026,5,Monday,1,1
5299,2026-05-04,15:49,J0120,Ciudadela,Casual,,26,5,2,8,,1360,2026,5,Monday,2,0
3781,2026-04-07,09:01,J0062,Desierto Neon,Casual,Magnus;Koro,17,1,8,5,,190,2026,4,Tuesday,0,2
7106,2026-06-01,20:18,J0020,Desierto Neon,Ranked,Vex;Magnus;Koro,38,6,4,2,Victoria,1020,2026,6,Monday,2,3
9948,2026-07-14,15:30,J0037,Puerto Escarlata,Ranked,Umbra,22,8,4,4,Victoria,1420,2026,7,Tuesday,2,1
8752,2026-06-27,19:33,J0057,Ciudadela,Ranked,Vex;Tesla,38,9,3,3,Derrota,990,2026,6,Saturday,3,2
2555,2026-03-14,18:38,J0021,Canales de Hielo,Ranked,Koro;Brisa,42,8,2,1,Derrota,810,2026,3,Saturday,4,2
2772,2026-03-19,20:06,J0159,Canales de Hielo,Ranked,Vex,35,8,6,3,Victoria,1330,2026,3,Thursday,1,1
7052,2026-05-31,14:08,J0040,Bosque Umbral,Ranked,Lienzo;Umbra,26,7,3,4,Derrota,840,2026,5,Sunday,2,2
5614,2026-05-09,20:51,J0017,Canales de Hielo,Casual,Nadia,20,9,4,4,Victoria,1520,2026,5,Saturday,2,1
1248,2026-02-15,20:13,J0113,Canales de Hielo,Ranked,Nadia;Koro,38,6,8,5,Victoria,1190,2026,2,Sunday,1,2
8999,2026-06-30,18:20,J0014,Canales de Hielo,Ranked,,42,4,3,5,Victoria,1090,2026,6,Tuesday,1,0
2305,2026-03-09,19:12,J0021,Puerto Escarlata,Ranked,Umbra;Vex,28,10,6,3,Derrota,1030,2026,3,Monday,2,2
2389,2026-03-11,18:02,J0004,Estacion Orbital,Casual,Tesla;Umbra,23,4,5,2,Victoria,900,2026,3,Wednesday,1,2
8904,2026-06-29,19:04,J0067,Estacion Orbital,Torneo,Tesla;Vex,32,8,2,7,Victoria,1610,2026,6,Monday,4,2
6888,2026-05-29,17:33,J0021,Canales de Hielo,Casual,Umbra,32,4,2,5,Victoria,1110,2026,5,Friday,2,1
1742,2026-02-25,13:00,J0144,Canales de Hielo,Ranked,Brisa,37,6,3,4,Derrota,740,2026,2,Wednesday,2,1
2685,2026-03-17,19:59,J0052,Estacion Orbital,Ranked,Tesla,30,6,5,7,Derrota,850,2026,3,Tuesday,1,1
8765,2026-06-27,12:49,J0012,Bosque Umbral,Ranked,Brisa,31,2,7,8,Victoria,960,2026,6,Saturday,0,1
7109,2026-06-01,19:13,J0098,Bosque Umbral,Ranked,Lienzo;Vex,31,10,5,2,Victoria,1500,2026,6,Monday,2,2
8119,2026-06-17,07:05,J0094,Bosque Umbral,Casual,Vex;Tesla,12,9,5,4,Victoria,1500,2026,6,Wednesday,2,2
7268,2026-06-04,22:52,J0012,Bosque Umbral,Ranked,Umbra,31,4,9,3,Derrota,370,2026,6,Thursday,0,1
8639,2026-06-25,19:19,J0043,Puerto Escarlata,Ranked,Brisa,32,5,2,10,Victoria,1460,2026,6,Thursday,2,1
4864,2026-04-26,19:47,J0034,Ciudadela,Ranked,Magnus,26,4,5,2,Victoria,900,2026,4,Sunday,1,1
4901,2026-04-27,09:23,J0025,Puerto Escarlata,Casual,Lienzo,10,5,4,2,Victoria,1020,2026,4,Monday,1,1
4230,2026-04-15,19:50,J0060,Estacion Orbital,Ranked,Magnus;Vex,36,5,4,7,Victoria,1270,2026,4,Wednesday,1,2
7051,2026-05-31,19:22,J0200,Bosque Umbral,Ranked,Lienzo,26,6,7,3,Derrota,610,2026,5,Sunday,1,1
6444,2026-05-22,18:23,J0115,Canales de Hielo,Casual,Lienzo;Koro,20,5,6,7,Derrota,730,2026,5,Friday,1,2
1514,2026-02-21,18:12,J0105,Bosque Umbral,Casual,Tesla,23,8,4,4,Victoria,1420,2026,2,Saturday,2,1
4211,2026-04-15,11:02,J0045,Bosque Umbral,Casual,Koro,22,6,6,2,Derrota,580,2026,4,Wednesday,1,1
3839,2026-04-08,05:43,J0019,Bosque Umbral,Casual,Brisa;Lienzo,16,3,6,5,Derrota,430,2026,4,Wednesday,0,2
3899,2026-04-09,12:45,J0060,Bosque Umbral,Casual,Vex,27,6,4,3,Victoria,1170,2026,4,Thursday,2,1
3064,2026-03-24,20:05,J0077,Ciudadela,Ranked,Lienzo,34,2,6,4,Derrota,280,2026,3,Tuesday,0,1
8387,2026-06-21,16:19,J0015,Desierto Neon,Ranked,Koro,43,8,5,2,,1300,2026,6,Sunday,2,1
6785,2026-05-27,20:07,J0002,Puerto Escarlata,Casual,Koro,15,7,2,6,Victoria,1460,2026,5,Wednesday,4,1
9887,2026-07-13,16:42,J0028,Bosque Umbral,Casual,Vex,30,7,6,5,Victoria,1330,2026,7,Monday,1,1
8888,2026-06-29,15:49,J0134,Bosque Umbral,Casual,Koro,12,6,4,2,Derrota,620,2026,6,Monday,2,1
2997,2026-03-23,16:45,J0021,Ciudadela,Casual,Vex,31,5,2,5,Victoria,1210,2026,3,Monday,2,1
3788,2026-04-07,21:09,J0010,Estacion Orbital,Casual,Vex,25,9,5,3,Derrota,950,2026,4,Tuesday,2,1
145,2026-01-19,02:59,J0033,Puerto Escarlata,Casual,Brisa;Magnus;Lienzo,8,2,5,4,Derrota,300,2026,1,Monday,0,3
7112,2026-06-01,15:35,J0002,Ciudadela,Ranked,Magnus,34,1,5,4,Victoria,700,2026,6,Monday,0,1
8594,2026-06-25,16:11,J0060,Ciudadela,Casual,Tesla,13,3,2,1,Derrota,310,2026,6,Thursday,2,1
5594,2026-05-09,19:03,J0010,Canales de Hielo,Ranked,Magnus;Tesla,43,5,3,3,,590,2026,5,Saturday,2,2
1113,2026-02-12,21:14,J0076,Canales de Hielo,Casual,Lienzo,32,8,3,2,Victoria,1340,2026,2,Thursday,3,1
7929,2026-06-14,15:44,J0027,Canales de Hielo,Ranked,Vex,25,10,9,4,Victoria,1520,2026,6,Sunday,1,1
1747,2026-02-25,20:27,J0082,Desierto Neon,Casual,Brisa;Koro,13,14,4,6,Derrota,1620,2026,2,Wednesday,4,2
8049,2026-06-16,21:00,J0031,Puerto Escarlata,Casual,,11,4,3,3,Derrota,490,2026,6,Tuesday,1,0
4820,2026-04-25,18:27,J0016,Bosque Umbral,Ranked,Lienzo;Tesla,41,10,7,1,Victoria,1410,2026,4,Saturday,1,2
1826,2026-02-28,00:30,J0027,Ciudadela,Torneo,Tesla,16,3,5,6,Derrota,500,2026,2,Saturday,1,1
9125,2026-07-03,22:22,J0020,Estacion Orbital,Ranked,Tesla,22,6,5,5,,1250,2026,7,Friday,1,1
3338,2026-03-29,10:23,J0200,Bosque Umbral,Ranked,Koro,28,6,3,9,Victoria,1490,2026,3,Sunday,2,1
2287,2026-03-09,21:52,J0009,Desierto Neon,Casual,Umbra,26,4,5,5,Victoria,1050,2026,3,Monday,1,1
3072,2026-03-24,20:23,J0094,Bosque Umbral,Ranked,Lienzo,43,5,8,1,Derrota,390,2026,3,Tuesday,1,1
8502,2026-06-23,15:41,J0011,Puerto Escarlata,Ranked,Magnus,30,4,10,4,Victoria,900,2026,6,Tuesday,0,1
8406,2026-06-22,04:23,J0008,Estacion Orbital,Ranked,Koro,22,5,4,3,Derrota,570,2026,6,Monday,1,1
5958,2026-05-14,21:37,J0063,Canales de Hielo,Ranked,Koro,24,6,8,3,Victoria,1090,2026,5,Thursday,1,1
9127,2026-07-03,19:14,J0091,Bosque Umbral,Ranked,Magnus,23,8,3,8,Derrota,1140,2026,7,Friday,3,1
6496,2026-05-22,12:16,J0200,Bosque Umbral,Casual,Vex,10,7,1,3,Victoria,1330,2026,5,Friday,7,1
7373,2026-06-05,22:50,J0200,Desierto Neon,Ranked,Lienzo,45,8,1,3,Derrota,930,2026,6,Friday,8,1
5604,2026-05-09,23:33,J0059,Puerto Escarlata,Ranked,Koro;Umbra,29,8,5,2,Victoria,1300,2026,5,Saturday,2,2
6364,2026-05-21,13:55,J0001,Bosque Umbral,Ranked,Umbra,23,5,5,2,Victoria,1000,2026,5,Thursday,1,1
6534,2026-05-23,19:18,J0120,Estacion Orbital,Casual,Lienzo;Umbra;Koro,30,7,6,6,,880,2026,5,Saturday,1,3
2771,2026-03-19,00:52,J0002,Bosque Umbral,Ranked,Vex,30,6,7,1,Victoria,1010,2026,3,Thursday,1,1
3444,2026-03-31,18:20,J0002,Bosque Umbral,Torneo,Koro;Umbra,22,4,1,4,Derrota,,2026,3,Tuesday,4,2
1703,2026-02-24,18:39,J0004,Canales de Hielo,Ranked,Lienzo,29,6,2,4,Derrota,760,2026,2,Tuesday,3,1
1966,2026-03-02,16:19,J0114,Puerto Escarlata,Torneo,Nadia,11,6,2,1,Victoria,1110,2026,3,Monday,3,1
5854,2026-05-12,21:09,J0016,Canales de Hielo,Ranked,Tesla,30,12,3,1,Derrota,1190,2026,5,Tuesday,4,1
4503,2026-04-20,15:18,J0035,Puerto Escarlata,Ranked,Koro,35,5,6,7,Derrota,730,2026,4,Monday,1,1
7705,2026-06-11,23:38,J0063,Ciudadela,Ranked,Lienzo,32,8,1,2,Derrota,880,2026,6,Thursday,8,1
5215,2026-05-02,13:29,J0066,Bosque Umbral,Casual,Vex;Koro,22,7,2,5,Victoria,1410,2026,5,Saturday,4,2
1,2026-01-16,12:28,J0074,Desierto Neon,Ranked,,44,5,5,9,Victoria,1350,2026,1,Friday,1,0
8328,2026-06-21,08:28,J0023,Desierto Neon,Casual,Brisa,11,8,8,2,Derrota,740,2026,6,Sunday,1,1
544,2026-01-29,20:44,J0140,Canales de Hielo,Ranked,Lienzo;Tesla;Vex,22,12,3,4,Victoria,1840,2026,1,Thursday,4,3
350,2026-01-25,19:52,J0078,Puerto Escarlata,Casual,Tesla,29,6,9,4,Victoria,1120,2026,1,Sunday,1,1
7483,2026-06-07,23:06,J0128,Ciudadela,Casual,Vex;Umbra,29,12,10,2,Derrota,1100,2026,6,Sunday,1,2
3406,2026-03-30,11:30,J0087,Ciudadela,Casual,Tesla;Nadia,12,12,6,6,Derrota,1380,2026,3,Monday,2,2
7975,2026-06-15,07:20,J0040,Canales de Hielo,Casual,Brisa;Magnus;Koro,10,2,6,3,Derrota,230,2026,6,Monday,0,3
458,2026-01-27,21:11,J0018,Desierto Neon,Casual,,11,3,8,0,Victoria,640,2026,1,Tuesday,0,0
3140,2026-03-25,18:16,J0099,Puerto Escarlata,Casual,Vex;Tesla,31,4,4,7,Derrota,670,2026,3,Wednesday,1,2
1808,2026-02-27,20:39,J0153,Desierto Neon,Casual,Nadia,15,2,3,1,Derrota,190,2026,2,Friday,1,1
3694,2026-04-05,17:16,J0081,Estacion Orbital,Casual,Vex;Nadia;Umbra,23,7,3,3,Derrota,790,2026,4,Sunday,2,3
9346,2026-07-06,23:55,J0055,Bosque Umbral,Casual,Lienzo,29,1,3,2,Victoria,640,2026,7,Monday,0,1
7008,2026-05-31,19:06,J0043,Bosque Umbral,Casual,Nadia,13,9,5,3,Victoria,1450,2026,5,Sunday,2,1
9036,2026-07-01,22:28,J0031,Ciudadela,Casual,Lienzo;Umbra,23,5,6,5,Derrota,630,2026,7,Wednesday,1,2
132,2026-01-19,18:40,J0100,Bosque Umbral,Torneo,Koro;Magnus,30,8,5,3,Derrota,850,2026,1,Monday,2,2
1651,2026-02-23,18:34,J0010,Ciudadela,Casual,Vex,29,9,7,3,Victoria,1410,2026,2,Monday,1,1
7743,2026-06-11,18:57,J0002,Puerto Escarlata,Casual,Lienzo;Umbra;Koro,15,7,3,7,Victoria,1490,2026,6,Thursday,2,3
7574,2026-06-08,17:46,J0024,Ciudadela,Casual,Nadia,17,7,6,5,Derrota,830,2026,6,Monday,1,1
8687,2026-06-26,22:23,J0024,Estacion Orbital,Ranked,Brisa,40,3,6,7,,1030,2026,6,Friday,0,1
2546,2026-03-14,23:19,J0050,Puerto Escarlata,Casual,Umbra,17,1,5,1,Derrota,50,2026,3,Saturday,0,1
9124,2026-07-03,07:29,J0200,Bosque Umbral,Casual,Nadia,19,5,12,5,Victoria,1010,2026,7,Friday,0,1
4068,2026-04-12,11:41,J0100,Bosque Umbral,Ranked,,35,11,5,2,Derrota,1100,2026,4,Sunday,2,0
7941,2026-06-14,05:48,J0126,Bosque Umbral,Casual,Nadia,27,8,5,5,Victoria,1450,2026,6,Sunday,2,1
1733,2026-02-25,20:12,J0045,Puerto Escarlata,Ranked,Umbra,38,4,4,6,Derrota,620,2026,2,Wednesday,1,1
5266,2026-05-03,14:12,J0009,Ciudadela,Casual,Vex;Magnus,22,5,3,7,Victoria,1290,2026,5,Sunday,2,2
6264,2026-05-19,22:45,J0023,Ciudadela,Torneo,Koro;Umbra,27,8,6,3,Victoria,1330,2026,5,Tuesday,1,2
593,2026-01-31,21:46,J0047,Ciudadela,Casual,Vex;Magnus;Lienzo,20,12,7,3,Victoria,1710,2026,1,Saturday,2,3
1348,2026-02-18,20:08,J0054,Puerto Escarlata,Ranked,Lienzo;Brisa,35,4,2,8,Derrota,760,2026,2,Wednesday,2,2
3950,2026-04-10,19:40,J0200,Desierto Neon,Ranked,Umbra,32,3,9,3,,770,2026,4,Friday,0,1
3282,2026-03-28,20:12,J0052,Puerto Escarlata,Ranked,Koro;Nadia,45,3,7,1,Derrota,210,2026,3,Saturday,0,2
7323,2026-06-05,20:26,J0012,Ciudadela,Ranked,Lienzo,45,6,3,2,Derrota,640,2026,6,Friday,2,1
994,2026-02-09,21:25,J0040,Estacion Orbital,Ranked,Tesla,37,3,3,4,Victoria,940,2026,2,Monday,1,1
1370,2026-02-18,21:33,J0088,Estacion Orbital,Ranked,Umbra,34,3,7,5,Derrota,410,2026,2,Wednesday,0,1
1085,2026-02-11,19:59,J0066,Estacion Orbital,Torneo,Umbra,13,4,6,5,Derrota,530,2026,2,Wednesday,1,1
5184,2026-05-02,18:57,J0079,Canales de Hielo,Casual,Tesla;Umbra,9,5,8,6,Derrota,640,2026,5,Saturday,1,2
8192,2026-06-18,19:25,J0013,Puerto Escarlata,Torneo,Tesla,14,9,7,7,Victoria,1610,2026,6,Thursday,1,1
1692,2026-02-24,11:03,J0200,Bosque Umbral,Ranked,Tesla;Magnus,33,6,6,5,Derrota,730,2026,2,Tuesday,1,2
3208,2026-03-27,21:20,J0023,Estacion Orbital,Casual,Koro,13,11,7,4,Victoria,1660,2026,3,Friday,2,1
1471,2026-02-20,17:08,J0069,Estacion Orbital,Ranked,Vex,40,5,5,4,Victoria,1100,2026,2,Friday,1,1
6126,2026-05-17,17:35,J0012,Canales de Hielo,Torneo,Brisa,11,2,8,8,Derrota,440,2026,5,Sunday,0,1
1122,2026-02-12,19:32,J0191,Bosque Umbral,Ranked,Koro,33,6,7,3,Derrota,610,2026,2,Thursday,1,1
4011,2026-04-11,17:57,J0199,Bosque Umbral,Casual,Tesla,10,4,4,2,Victoria,920,2026,4,Saturday,1,1
6207,2026-05-18,09:40,J0050,Desierto Neon,Ranked,Vex;Tesla,24,5,4,4,Victoria,1120,2026,5,Monday,1,2
9073,2026-07-02,18:32,J0040,Puerto Escarlata,Ranked,Magnus;Vex;Nadia,23,10,3,2,Derrota,1040,2026,7,Thursday,3,3
9119,2026-07-03,21:38,J0106,Ciudadela,Casual,Koro;Nadia;Magnus,16,13,7,5,Derrota,1410,2026,7,Friday,2,3
266,2026-01-23,15:25,J0090,Estacion Orbital,Ranked,Koro,36,7,5,3,Derrota,750,2026,1,Friday,1,1
7236,2026-06-03,22:53,J0026,Bosque Umbral,Ranked,Vex;Lienzo;Nadia,42,10,3,2,Victoria,1540,2026,6,Wednesday,3,3
4429,2026-04-19,02:07,J0025,Estacion Orbital,Casual,Brisa,23,6,6,1,Victoria,1030,2026,4,Sunday,1,1
6260,2026-05-19,13:09,J0165,Canales de Hielo,Ranked,Umbra,31,6,7,4,,460,2026,5,Tuesday,1,1
6312,2026-05-20,19:21,J0053,Puerto Escarlata,Casual,Magnus,16,7,5,5,Derrota,850,2026,5,Wednesday,1,1
8172,2026-06-18,17:26,J0028,Ciudadela,Casual,Magnus,8,9,4,5,Victoria,1570,2026,6,Thursday,2,1
7306,2026-06-04,20:39,J0019,Ciudadela,Ranked,Nadia,28,2,8,4,Victoria,740,2026,6,Thursday,0,1
2593,2026-03-15,14:12,J0093,Bosque Umbral,Casual,Umbra,10,5,13,3,Derrota,390,2026,3,Sunday,0,1
3051,2026-03-24,22:10,J0003,Desierto Neon,Ranked,Lienzo,33,6,7,3,Victoria,910,2026,3,Tuesday,1,1
5557,2026-05-08,20:23,J0009,Bosque Umbral,Casual,,11,4,6,4,Derrota,480,2026,5,Friday,1,0
317,2026-01-24,15:06,J0012,Desierto Neon,Ranked,Brisa,32,6,3,2,Victoria,1140,2026,1,Saturday,2,1
8824,2026-06-28,11:43,J0084,Ciudadela,Casual,Vex;Umbra,25,9,6,6,Victoria,1580,2026,6,Sunday,2,2
4008,2026-04-11,10:02,J0034,Ciudadela,Ranked,Koro,22,5,5,7,Victoria,1250,2026,4,Saturday,1,1
4566,2026-04-21,15:46,J0001,Bosque Umbral,Ranked,Vex,26,6,5,3,Derrota,650,2026,4,Tuesday,1,1
7471,2026-06-07,22:44,J0018,Puerto Escarlata,Casual,Umbra,10,5,4,1,Victoria,970,2026,6,Sunday,1,1
1671,2026-02-24,16:27,J0007,Canales de Hielo,Ranked,Koro,38,7,5,7,Victoria,1450,2026,2,Tuesday,1,1
4536,2026-04-21,21:34,J0090,Estacion Orbital,Torneo,Lienzo,17,7,6,3,Victoria,1230,2026,4,Tuesday,1,1
1150,2026-02-13,17:54,J0062,Desierto Neon,Ranked,Tesla,34,4,6,4,Derrota,480,2026,2,Friday,1,1
2485,2026-03-13,00:49,J0011,Ciudadela,Casual,Koro;Lienzo;Nadia,16,5,4,7,Derrota,770,2026,3,Friday,1,3
2013,2026-03-03,07:41,J0002,Estacion Orbital,Torneo,Tesla;Vex,8,9,7,3,Derrota,910,2026,3,Tuesday,1,2
1112,2026-02-12,21:11,J0140,Ciudadela,Ranked,Koro,38,5,3,4,Victoria,1140,2026,2,Thursday,2,1
7465,2026-06-07,19:24,J0025,Puerto Escarlata,Casual,Tesla,21,5,5,5,Victoria,1150,2026,6,Sunday,1,1
104,2026-01-18,18:13,J0098,Bosque Umbral,Ranked,Koro;Vex;Lienzo,33,12,6,5,Derrota,1330,2026,1,Sunday,2,3
5757,2026-05-11,18:08,J0020,Ciudadela,Ranked,Koro;Magnus,31,8,4,3,Derrota,870,2026,5,Monday,2,2
4330,2026-04-17,07:12,J0054,Canales de Hielo,Ranked,Vex;Lienzo,28,14,5,5,Derrota,1550,2026,4,Friday,3,2
7238,2026-06-03,10:03,J0030,Canales de Hielo,Ranked,Vex;Tesla,42,10,6,5,Victoria,1630,2026,6,Wednesday,2,2
6959,2026-05-30,20:34,J0094,Estacion Orbital,Ranked,Nadia;Koro,37,6,2,3,Derrota,710,2026,5,Saturday,3,2
7659,2026-06-10,17:32,J0031,Ciudadela,Torneo,Tesla,12,8,4,3,Derrota,870,2026,6,Wednesday,2,1
4113,2026-04-13,10:18,J0082,Bosque Umbral,Ranked,Tesla,31,4,3,4,Derrota,540,2026,4,Monday,1,1
5004,2026-04-29,15:02,J0137,Estacion Orbital,Ranked,Vex;Tesla,44,5,1,3,Victoria,1130,2026,4,Wednesday,5,2
8629,2026-06-25,21:05,J0041,Ciudadela,Ranked,Brisa;Nadia,29,4,7,5,Derrota,510,2026,6,Thursday,1,2
9482,2026-07-08,19:59,J0150,Estacion Orbital,Ranked,Magnus;Koro,37,7,3,6,Derrota,940,2026,7,Wednesday,2,2
5268,2026-05-03,14:35,J0019,Canales de Hielo,Ranked,Magnus,23,2,8,4,Victoria,740,2026,5,Sunday,0,1
9389,2026-07-07,19:45,J0004,Puerto Escarlata,Ranked,Umbra,27,10,3,3,Derrota,1090,2026,7,Tuesday,3,1
9085,2026-07-02,18:56,J0050,Estacion Orbital,Ranked,Koro,29,5,7,3,Victoria,1010,2026,7,Thursday,1,1
9081,2026-07-02,19:58,J0044,Bosque Umbral,Casual,Magnus,27,6,8,0,Derrota,,2026,7,Thursday,1,1
3783,2026-04-07,23:00,J0057,Bosque Umbral,Casual,Lienzo,22,5,7,3,Victoria,1010,2026,4,Tuesday,1,1
3393,2026-03-30,22:10,J0039,Ciudadela,Casual,Tesla;Magnus,27,6,4,3,Victoria,1170,2026,3,Monday,2,2
2543,2026-03-14,20:41,J0007,Ciudadela,Casual,Magnus;Tesla;Nadia,9,9,4,7,Derrota,1170,2026,3,Saturday,2,3
3708,2026-04-06,21:28,J0019,Desierto Neon,Casual,Brisa;Tesla;Vex,19,4,5,1,Victoria,850,2026,4,Monday,1,3
7813,2026-06-13,22:18,J0049,Ciudadela,Casual,Magnus;Nadia,18,4,3,1,Derrota,390,2026,6,Saturday,1,2
6509,2026-05-23,16:22,J0057,Bosque Umbral,Ranked,Magnus,28,3,7,4,Derrota,360,2026,5,Saturday,0,1
7329,2026-06-05,11:54,J0065,Bosque Umbral,Casual,Umbra,24,5,3,4,Victoria,1140,2026,6,Friday,2,1
3015,2026-03-23,20:19,J0030,Puerto Escarlata,Ranked,Koro,31,12,7,1,Victoria,1610,2026,3,Monday,2,1
6843,2026-05-28,12:59,J0049,Estacion Orbital,Casual,Magnus,30,4,6,3,Derrota,430,2026,5,Thursday,1,1
7836,2026-06-13,16:11,J0132,Canales de Hielo,Ranked,Tesla;Lienzo,44,4,5,0,Derrota,300,2026,6,Saturday,1,2
7062,2026-05-31,16:31,J0001,Estacion Orbital,Casual,Umbra,25,10,6,2,Victoria,1480,2026,5,Sunday,2,1
9,2026-01-16,23:08,J0022,Canales de Hielo,Casual,Magnus;Lienzo,32,6,9,4,Derrota,420,2026,1,Friday,1,2
3843,2026-04-08,17:21,J0042,Ciudadela,Casual,Nadia,24,6,4,2,Derrota,620,2026,4,Wednesday,2,1
8310,2026-06-20,20:04,J0033,Bosque Umbral,Casual,Nadia;Vex,32,10,8,3,,1490,2026,6,Saturday,1,2
1965,2026-03-02,17:26,J0106,Ciudadela,Casual,Nadia,29,10,5,6,Victoria,1700,2026,3,Monday,2,1
9064,2026-07-02,15:04,J0033,Desierto Neon,Ranked,Nadia,41,6,6,8,Derrota,880,2026,7,Thursday,1,1
8625,2026-06-25,18:32,J0127,Ciudadela,Casual,Nadia;Umbra;Koro,26,5,5,6,Derrota,700,2026,6,Thursday,1,3
568,2026-01-30,22:37,J0124,Desierto Neon,Ranked,Umbra,44,3,8,2,Derrota,240,2026,1,Friday,0,1
9310,2026-07-05,20:40,J0109,Canales de Hielo,Casual,Koro;Magnus,14,3,8,4,Derrota,,2026,7,Sunday,0,2
3356,2026-03-29,17:13,J0056,Puerto Escarlata,Torneo,Magnus;Vex,21,11,5,3,Derrota,1150,2026,3,Sunday,2,2
8799,2026-06-28,23:29,J0006,Puerto Escarlata,Ranked,,28,9,4,5,Victoria,1570,2026,6,Sunday,2,0
8740,2026-06-27,23:04,J0113,Desierto Neon,Ranked,Lienzo,24,4,2,2,Derrota,460,2026,6,Saturday,2,1
6462,2026-05-22,20:28,J0011,Bosque Umbral,Ranked,Umbra;Nadia;Vex,24,7,3,4,Victoria,1340,2026,5,Friday,2,3
4251,2026-04-16,02:24,J0011,Canales de Hielo,Ranked,Lienzo,25,5,5,5,Victoria,1150,2026,4,Thursday,1,1
4478,2026-04-20,17:19,J0200,Desierto Neon,Casual,Tesla,19,2,7,3,Derrota,210,2026,4,Monday,0,1
9472,2026-07-08,23:27,J0028,Desierto Neon,Ranked,Magnus,44,2,5,4,Derrota,,2026,7,Wednesday,0,1
9916,2026-07-13,06:57,J0035,Puerto Escarlata,Casual,Lienzo;Magnus,27,5,3,1,Derrota,490,2026,7,Monday,2,2
3411,2026-03-30,18:05,J0081,Desierto Neon,Casual,Tesla,8,3,4,3,Victoria,870,2026,3,Monday,1,1
2111,2026-03-05,19:28,J0061,Puerto Escarlata,Ranked,Magnus,36,8,7,3,,1310,2026,3,Thursday,1,1
7876,2026-06-13,15:21,J0030,Puerto Escarlata,Ranked,Koro;Magnus,38,6,4,1,Victoria,1070,2026,6,Saturday,2,2
8107,2026-06-17,21:24,J0087,Ciudadela,Casual,Vex;Magnus,24,6,4,5,Victoria,1770,2026,6,Wednesday,2,2
4839,2026-04-26,18:55,J0037,Canales de Hielo,Torneo,Nadia,11,2,2,5,Victoria,910,2026,4,Sunday,1,1
6803,2026-05-27,19:09,J0035,Bosque Umbral,Ranked,Tesla,40,8,3,3,Victoria,1390,2026,5,Wednesday,3,1
8545,2026-06-24,12:18,J0010,Desierto Neon,Ranked,Umbra,41,10,6,2,,1480,2026,6,Wednesday,2,1
9710,2026-07-11,22:45,J0002,Estacion Orbital,Ranked,Nadia,30,6,4,3,Derrota,570,2026,7,Saturday,2,1
6659,2026-05-25,17:41,J0037,Canales de Hielo,Casual,Koro;Brisa,20,5,8,5,Victoria,1090,2026,5,Monday,1,2
6829,2026-05-28,17:11,J0095,Desierto Neon,Ranked,Tesla;Magnus,29,8,5,4,Victoria,1400,2026,5,Thursday,2,2
2931,2026-03-22,11:18,J0025,Bosque Umbral,Ranked,Vex;Koro,34,8,2,8,Victoria,1660,2026,3,Sunday,4,2
5139,2026-05-01,19:43,J0071,Canales de Hielo,Ranked,Umbra,26,5,11,5,Victoria,1030,2026,5,Friday,0,1
4681,2026-04-24,13:06,J0092,Desierto Neon,Ranked,Umbra,44,1,7,3,Victoria,610,2026,4,Friday,0,1
8084,2026-06-17,19:13,J0072,Puerto Escarlata,Casual,Lienzo;Brisa,23,6,2,4,Derrota,160,2026,6,Wednesday,3,2
765,2026-02-04,14:29,J0075,Puerto Escarlata,Ranked,Lienzo;Tesla;Nadia,28,8,4,6,Victoria,1520,2026,2,Wednesday,2,3
4100,2026-04-12,09:10,J0066,Canales de Hielo,Ranked,Vex;Umbra,42,10,9,2,Victoria,1420,2026,4,Sunday,1,2
1079,2026-02-11,21:50,J0042,Desierto Neon,Casual,Nadia;Magnus;Umbra,8,5,7,5,Derrota,610,2026,2,Wednesday,1,3
4093,2026-04-12,10:21,J0021,Puerto Escarlata,Ranked,Magnus,29,6,5,4,Derrota,700,2026,4,Sunday,1,1
1955,2026-03-02,21:10,J0085,Bosque Umbral,Casual,Koro,9,8,3,7,Derrota,1090,2026,3,Monday,3,1
37,2026-01-17,20:01,J0010,Estacion Orbital,Casual,Koro,22,4,2,4,Victoria,1060,2026,1,Saturday,2,1
9841,2026-07-12,20:50,J0079,Bosque Umbral,Ranked,Umbra,45,2,3,0,Derrota,140,2026,7,Sunday,1,1
9110,2026-07-03,22:27,J0002,Ciudadela,Casual,Magnus,21,5,5,5,Victoria,1150,2026,7,Friday,1,1
4078,2026-04-12,22:24,J0015,Puerto Escarlata,Torneo,Brisa;Magnus,30,13,15,8,Derrota,1400,2026,4,Sunday,1,2
5548,2026-05-08,16:28,J0143,Canales de Hielo,Casual,Nadia,32,2,6,3,Derrota,230,2026,5,Friday,0,1
3520,2026-04-02,00:03,J0013,Ciudadela,Ranked,Vex,24,7,5,7,Victoria,1450,2026,4,Thursday,1,1
9433,2026-07-07,19:34,J0055,Puerto Escarlata,Ranked,Umbra;Tesla,42,4,5,7,Victoria,1150,2026,7,Tuesday,1,2
1887,2026-03-01,12:12,J0054,Canales de Hielo,Casual,Magnus,13,4,5,7,Victoria,1150,2026,3,Sunday,1,1
5507,2026-05-07,14:48,J0007,Canales de Hielo,Ranked,Tesla,28,6,2,7,Victoria,1410,2026,5,Thursday,3,1
6034,2026-05-16,20:23,J0019,Puerto Escarlata,Casual,Lienzo;Vex,21,11,9,3,Derrota,1070,2026,5,Saturday,1,2
1108,2026-02-12,21:31,J0026,Bosque Umbral,Ranked,Nadia;Brisa;Tesla,43,4,7,4,,960,2026,2,Thursday,1,3
578,2026-01-30,20:26,J0039,Desierto Neon,Ranked,Magnus;Brisa,29,7,4,5,Derrota,870,2026,1,Friday,2,2
6935,2026-05-30,09:38,J0045,Canales de Hielo,Ranked,Nadia,29,4,8,7,,1090,2026,5,Saturday,0,1
8737,2026-06-27,20:38,J0135,Bosque Umbral,Ranked,Koro,23,8,5,6,Victoria,1500,2026,6,Saturday,2,1
8023,2026-06-16,20:43,J0010,Estacion Orbital,Ranked,Umbra,40,5,9,6,Derrota,620,2026,6,Tuesday,1,1
8182,2026-06-18,17:56,J0056,Bosque Umbral,Casual,Vex;Koro,31,6,6,4,Victoria,1180,2026,6,Thursday,1,2
4868,2026-04-26,20:58,J0017,Canales de Hielo,Ranked,Koro,32,6,7,3,Derrota,610,2026,4,Sunday,1,1
9935,2026-07-14,16:51,J0026,Desierto Neon,Casual,Lienzo,20,3,2,3,Victoria,,2026,7,Tuesday,2,1
9963,2026-07-14,10:22,J0079,Canales de Hielo,Casual,Lienzo,27,7,4,6,Victoria,1420,2026,7,Tuesday,2,1
6276,2026-05-19,04:57,J0035,Desierto Neon,Casual,Umbra,21,8,4,5,Derrota,970,2026,5,Tuesday,2,1
8204,2026-06-18,21:25,J0081,Puerto Escarlata,Ranked,Vex,41,7,5,2,Derrota,700,2026,6,Thursday,1,1
4285,2026-04-16,19:12,J0018,Bosque Umbral,Casual,Umbra,26,3,9,6,Derrota,420,2026,4,Thursday,0,1
211,2026-01-21,20:29,J0004,Bosque Umbral,Casual,Magnus,11,4,7,2,Victoria,860,2026,1,Wednesday,1,1
3299,2026-03-28,18:51,J0134,Bosque Umbral,Casual,Lienzo;Nadia,31,6,6,5,Derrota,730,2026,3,Saturday,1,2
3551,2026-04-03,15:34,J0091,Estacion Orbital,Casual,Umbra,30,6,4,2,Derrota,720,2026,4,Friday,2,1
2125,2026-03-06,09:47,J0056,Puerto Escarlata,Ranked,Vex,22,9,3,3,Derrota,990,2026,3,Friday,3,1
8215,2026-06-19,18:06,J0089,Puerto Escarlata,Casual,Umbra,14,3,6,8,Derrota,580,2026,6,Friday,0,1
1255,2026-02-15,13:26,J0042,Canales de Hielo,Casual,Vex,8,6,5,3,Victoria,1150,2026,2,Sunday,1,1
7613,2026-06-09,00:36,J0021,Canales de Hielo,Ranked,Tesla;Nadia;Lienzo,30,11,5,5,Victoria,1750,2026,6,Tuesday,2,3
6907,2026-05-29,12:51,J0145,Bosque Umbral,Casual,Koro;Umbra,15,4,5,2,,900,2026,5,Friday,1,2
1600,2026-02-22,23:18,J0090,Bosque Umbral,Ranked,Brisa;Lienzo,27,3,4,0,Victoria,,2026,2,Sunday,1,2
638,2026-02-01,18:18,J0066,Ciudadela,Ranked,Umbra,29,15,8,3,,1990,2026,2,Sunday,2,1
48,2026-01-17,22:32,J0017,Ciudadela,Casual,Vex;Tesla,16,8,8,1,Derrota,690,2026,1,Saturday,1,2
6085,2026-05-16,21:21,J0066,Canales de Hielo,Casual,,29,17,6,3,Victoria,22,2026,5,Saturday,3,0
5624,2026-05-09,19:22,J0080,Ciudadela,Ranked,Vex;Lienzo,30,6,4,6,Victoria,1320,2026,5,Saturday,2,2
4511,2026-04-20,00:01,J0162,Canales de Hielo,Casual,Magnus,14,4,4,3,Derrota,470,2026,4,Monday,1,1
6406,2026-05-21,22:53,J0002,Estacion Orbital,Torneo,Koro,11,7,2,6,Victoria,1460,2026,5,Thursday,4,1
4112,2026-04-13,10:39,J0043,Desierto Neon,Casual,Umbra,12,6,1,7,Victoria,1430,2026,4,Monday,6,1
3119,2026-03-25,04:12,J0010,Bosque Umbral,Casual,Vex;Koro;Magnus,17,5,5,2,Victoria,1000,2026,3,Wednesday,1,3
2073,2026-03-04,10:06,J0054,Bosque Umbral,Casual,Magnus;Brisa,30,12,3,6,Victoria,1940,2026,3,Wednesday,4,2
150,2026-01-20,22:05,J0070,Estacion Orbital,Torneo,Umbra;Magnus,12,1,6,5,Derrota,,2026,1,Tuesday,0,2
8386,2026-06-21,11:05,J0046,Estacion Orbital,Ranked,Magnus;Tesla,23,9,4,2,Derrota,920,2026,6,Sunday,2,2
5901,2026-05-13,17:00,J0091,Canales de Hielo,Torneo,Tesla;Lienzo,29,7,5,6,Derrota,900,2026,5,Wednesday,1,2
4581,2026-04-22,20:18,J0026,Bosque Umbral,Ranked,Magnus;Nadia,41,4,5,6,Victoria,1100,2026,4,Wednesday,1,2
9477,2026-07-08,14:43,J0031,Bosque Umbral,Casual,Nadia;Vex,18,12,6,9,Derrota,1530,2026,7,Wednesday,2,2
6463,2026-05-22,12:12,J0041,Estacion Orbital,Ranked,Umbra,34,6,4,6,Victoria,1320,2026,5,Friday,2,1
2710,2026-03-17,23:08,J0071,Estacion Orbital,Ranked,Nadia;Brisa,33,2,7,3,Derrota,210,2026,3,Tuesday,0,2
6557,2026-05-23,16:35,J0082,Canales de Hielo,Ranked,Koro,38,6,7,3,Derrota,910,2026,5,Saturday,1,1
2115,2026-03-05,19:00,J0104,Estacion Orbital,Casual,Nadia,26,6,1,2,Derrota,680,2026,3,Thursday,6,1
5574,2026-05-09,19:09,J0017,Ciudadela,Casual,Nadia,14,3,6,3,Victoria,830,2026,5,Saturday,0,1
4255,2026-04-16,13:43,J0200,Desierto Neon,Casual,Lienzo,11,9,2,4,Derrota,1060,2026,4,Thursday,4,1
4239,2026-04-16,12:23,J0136,Desierto Neon,Casual,Tesla,17,8,7,1,Victoria,1210,2026,4,Thursday,1,1
9860,2026-07-13,18:44,J0016,Ciudadela,Ranked,Tesla,25,14,9,4,Victoria,1920,2026,7,Monday,2,1
534,2026-01-29,17:16,J0200,Estacion Orbital,Ranked,Lienzo;Umbra,40,3,6,1,Victoria,730,2026,1,Thursday,0,2
1922,2026-03-01,20:50,J0034,Puerto Escarlata,Casual,Tesla,15,5,4,3,Victoria,1070,2026,3,Sunday,1,1
8419,2026-06-22,20:56,J0011,Bosque Umbral,Casual,Umbra;Koro,11,4,4,4,Derrota,520,2026,6,Monday,1,2
7029,2026-05-31,16:47,J0015,Bosque Umbral,Torneo,Magnus;Brisa,23,6,5,8,Victoria,1400,2026,5,Sunday,1,2
743,2026-02-03,21:40,J0004,Estacion Orbital,Casual,Vex,15,7,5,3,Derrota,750,2026,2,Tuesday,1,1
1510,2026-02-21,20:34,J0162,Puerto Escarlata,Casual,Lienzo,27,6,4,4,Victoria,1220,2026,2,Saturday,2,1
3442,2026-03-31,23:55,J0021,Canales de Hielo,Casual,Nadia;Umbra,9,4,1,6,Derrota,680,2026,3,Tuesday,4,2
3020,2026-03-23,22:20,J0104,Ciudadela,Ranked,Koro;Brisa,24,4,6,3,Victoria,930,2026,3,Monday,1,2
7815,2026-06-13,15:37,J0065,Estacion Orbital,Casual,Tesla,10,2,6,4,Derrota,280,2026,6,Saturday,0,1
6011,2026-05-16,15:00,J0159,Ciudadela,Ranked,Magnus;Koro;Nadia,40,4,5,2,Victoria,900,2026,5,Saturday,1,3
3079,2026-03-24,15:57,J0007,Ciudadela,Ranked,Lienzo;Vex,32,9,5,6,Victoria,1600,2026,3,Tuesday,2,2
3935,2026-04-10,01:58,J0060,Desierto Neon,Casual,Umbra,11,1,3,3,,190,2026,4,Friday,0,1
6538,2026-05-23,16:10,J0027,Desierto Neon,Ranked,Brisa,28,8,3,5,Derrota,,2026,5,Saturday,3,1
6905,2026-05-29,04:34,J0025,Ciudadela,Casual,Brisa,16,2,8,2,Victoria,640,2026,5,Friday,0,1
3054,2026-03-24,04:43,J0064,Canales de Hielo,Ranked,Umbra,28,4,7,7,Derrota,610,2026,3,Tuesday,1,1
5462,2026-05-06,22:25,J0043,Ciudadela,Ranked,Lienzo,37,6,3,2,Victoria,1140,2026,5,Wednesday,2,1
9258,2026-07-05,12:01,J0085,Bosque Umbral,Casual,Magnus,15,6,3,6,Derrota,940,2026,7,Sunday,2,1
8878,2026-06-29,11:34,J0146,Canales de Hielo,Torneo,Magnus;Vex,24,7,8,6,Victoria,1340,2026,6,Monday,1,2
8135,2026-06-17,13:44,J0020,Ciudadela,Casual,Vex;Tesla,30,13,4,4,Victoria,1920,2026,6,Wednesday,3,2
3039,2026-03-23,20:39,J0200,Bosque Umbral,Ranked,Koro,27,7,5,5,Victoria,1350,2026,3,Monday,1,1
4861,2026-04-26,18:14,J0074,Canales de Hielo,Casual,Nadia;Umbra;Vex,14,7,3,4,Victoria,1340,2026,4,Sunday,2,3
7646,2026-06-10,16:47,J0061,Bosque Umbral,Ranked,Vex;Brisa,33,1,4,2,Victoria,620,2026,6,Wednesday,0,2
7787,2026-06-12,21:23,J0026,Puerto Escarlata,Casual,Tesla,15,5,5,6,,700,2026,6,Friday,1,1
6253,2026-05-19,08:23,J0028,Ciudadela,Casual,,20,5,6,4,Derrota,580,2026,5,Tuesday,1,0
961,2026-02-08,16:26,J0072,Bosque Umbral,Ranked,Vex;Lienzo,23,11,7,5,Derrota,1210,2026,2,Sunday,2,2
9620,2026-07-10,18:05,J0002,Desierto Neon,Ranked,,30,7,5,4,Derrota,800,2026,7,Friday,1,0
8948,2026-06-30,14:33,J0055,Puerto Escarlata,Ranked,Vex;Umbra,29,4,7,2,Victoria,860,2026,6,Tuesday,1,2
9037,2026-07-01,19:12,J0009,Bosque Umbral,Ranked,Vex,41,7,3,4,Derrota,840,2026,7,Wednesday,2,1
1618,2026-02-23,20:39,J0009,Bosque Umbral,Torneo,Vex;Umbra,19,6,8,6,Derrota,740,2026,2,Monday,1,2
8104,2026-06-17,21:02,J0103,Canales de Hielo,Torneo,Lienzo,31,7,6,1,Derrota,630,2026,6,Wednesday,1,1
7766,2026-06-12,16:40,J0015,Desierto Neon,Torneo,Lienzo,26,8,4,5,,970,2026,6,Friday,2,1
6329,2026-05-20,21:01,J0023,Canales de Hielo,Ranked,Koro;Lienzo,22,11,4,3,Derrota,1170,2026,5,Wednesday,3,2
5862,2026-05-13,15:42,J0069,Estacion Orbital,Ranked,Vex,40,6,9,4,Victoria,1120,2026,5,Wednesday,1,1
4270,2026-04-16,13:56,J0138,Ciudadela,Casual,Koro;Umbra;Brisa,21,3,4,4,Derrota,420,2026,4,Thursday,1,3
1361,2026-02-18,13:21,J0033,Puerto Escarlata,Torneo,Brisa,20,5,8,3,Victoria,990,2026,2,Wednesday,1,1
4088,2026-04-12,12:29,J0034,Ciudadela,Ranked,Vex,29,7,3,0,Victoria,1140,2026,4,Sunday,2,1
587,2026-01-30,05:00,J0079,Estacion Orbital,Ranked,Magnus,43,2,3,5,Derrota,390,2026,1,Friday,1,1
2031,2026-03-04,12:13,J0014,Canales de Hielo,Torneo,Umbra,17,6,3,5,Victoria,790,2026,3,Wednesday,2,1
1898,2026-03-01,18:25,J0014,Canales de Hielo,Casual,Tesla;Brisa,30,2,5,4,Victoria,800,2026,3,Sunday,0,2
8002,2026-06-15,07:28,J0067,Canales de Hielo,Torneo,Vex;Brisa,23,16,6,5,Victoria,22,2026,6,Monday,3,2
3351,2026-03-29,16:22,J0145,Canales de Hielo,Casual,Vex,13,8,6,6,Derrota,980,2026,3,Sunday,1,1
336,2026-01-24,23:17,J0016,Bosque Umbral,Casual,Koro,13,12,5,1,Victoria,1650,2026,1,Saturday,2,1
7729,2026-06-11,22:07,J0040,Bosque Umbral,Ranked,Umbra,44,6,10,4,Victoria,1100,2026,6,Thursday,1,1
3285,2026-03-28,23:22,J0165,Puerto Escarlata,Torneo,Brisa,31,2,5,8,Derrota,500,2026,3,Saturday,0,1
4124,2026-04-13,09:41,J0027,Ciudadela,Casual,Vex,15,5,5,4,Victoria,1100,2026,4,Monday,1,1
8116,2026-06-17,18:11,J0042,Estacion Orbital,Ranked,Vex,25,9,3,3,Victoria,1490,2026,6,Wednesday,3,1
7557,2026-06-08,22:51,J0023,Canales de Hielo,Ranked,Brisa,41,9,2,4,Victoria,1560,2026,6,Monday,4,1
4103,2026-04-12,21:47,J0056,Ciudadela,Ranked,Nadia,39,7,1,7,Derrota,1030,2026,4,Sunday,7,1
8733,2026-06-27,09:05,J0036,Canales de Hielo,Casual,Brisa,22,9,3,6,Derrota,1140,2026,6,Saturday,3,1
4900,2026-04-27,17:56,J0005,Canales de Hielo,Casual,Vex;Koro,9,14,7,4,Derrota,1460,2026,4,Monday,2,2
7945,2026-06-14,13:01,J0043,Puerto Escarlata,Ranked,Vex,33,6,9,4,Victoria,1120,2026,6,Sunday,1,1
5939,2026-05-14,10:19,J0113,Ciudadela,Casual,Vex,12,7,4,4,Victoria,1320,2026,5,Thursday,2,1
24,2026-01-16,16:45,J0002,Canales de Hielo,Ranked,Lienzo;Brisa,32,5,4,5,Victoria,1170,2026,1,Friday,1,2
6682,2026-05-25,21:58,J0099,Bosque Umbral,Casual,Magnus;Vex,29,12,3,3,Victoria,1790,2026,5,Monday,4,2
4693,2026-04-24,16:10,J0055,Estacion Orbital,Casual,Umbra;Vex,19,4,5,5,Derrota,550,2026,4,Friday,1,2
1524,2026-02-21,13:54,J0066,Estacion Orbital,Casual,Lienzo,19,9,5,5,Victoria,1550,2026,2,Saturday,2,1
2686,2026-03-17,18:44,J0100,Bosque Umbral,Ranked,Tesla;Brisa,35,12,8,4,Victoria,,2026,3,Tuesday,2,2
3384,2026-03-30,22:18,J0090,Puerto Escarlata,Ranked,Koro;Tesla,33,6,1,6,Victoria,1380,2026,3,Monday,6,2
9741,2026-07-11,07:19,J0066,Desierto Neon,Ranked,Brisa;Lienzo,42,14,3,6,Victoria,21,2026,7,Saturday,5,2
382,2026-01-25,20:15,J0035,Estacion Orbital,Casual,Lienzo;Magnus;Brisa,10,6,8,2,Victoria,1040,2026,1,Sunday,1,3
3530,2026-04-02,19:46,J0068,Puerto Escarlata,Ranked,,27,10,4,0,Victoria,1420,2026,4,Thursday,2,0
2693,2026-03-17,07:05,J0063,Canales de Hielo,Casual,Koro,10,11,5,1,Derrota,1050,2026,3,Tuesday,2,1
5688,2026-05-10,10:29,J0114,Desierto Neon,Casual,Lienzo;Koro;Brisa,19,4,8,3,Victoria,890,2026,5,Sunday,0,3
4133,2026-04-13,23:32,J0200,Desierto Neon,Ranked,,37,9,4,3,Derrota,970,2026,4,Monday,2,0
790,2026-02-04,08:28,J0068,Canales de Hielo,Casual,Tesla;Nadia,19,8,5,1,Derrota,750,2026,2,Wednesday,2,2
9616,2026-07-10,08:20,J0027,Ciudadela,Casual,Vex,20,4,1,3,Derrota,530,2026,7,Friday,4,1
7847,2026-06-13,16:04,J0087,Bosque Umbral,Casual,Tesla,19,12,6,8,Victoria,1980,2026,6,Saturday,2,1
6226,2026-05-19,22:59,J0007,Desierto Neon,Casual,Magnus;Brisa,24,6,6,2,Derrota,580,2026,5,Tuesday,1,2
8791,2026-06-27,12:33,J0058,Canales de Hielo,Ranked,Lienzo;Umbra;Brisa,39,4,3,2,Derrota,440,2026,6,Saturday,1,3
1072,2026-02-11,21:31,J0086,Puerto Escarlata,Ranked,Umbra,39,2,8,5,Derrota,290,2026,2,Wednesday,0,1
5969,2026-05-14,20:33,J0044,Desierto Neon,Ranked,Vex;Umbra,45,11,6,5,Derrota,1230,2026,5,Thursday,2,2
8840,2026-06-28,19:27,J0200,Ciudadela,Ranked,Vex,25,7,3,4,Victoria,1340,2026,6,Sunday,2,1
8367,2026-06-21,16:01,J0014,Estacion Orbital,Ranked,Tesla;Koro;Nadia,31,5,7,2,Victoria,960,2026,6,Sunday,1,3
1459,2026-02-20,22:16,J0057,Bosque Umbral,Casual,Nadia,32,8,4,3,Derrota,870,2026,2,Friday,2,1
9775,2026-07-12,20:45,J0045,Desierto Neon,Torneo,Magnus;Umbra;Koro,17,4,1,6,Victoria,1180,2026,7,Sunday,4,3
6232,2026-05-19,19:47,J0021,Desierto Neon,Casual,Nadia,15,2,6,3,Victoria,730,2026,5,Tuesday,0,1
9138,2026-07-03,21:36,J0200,Puerto Escarlata,Torneo,Tesla;Umbra,23,9,7,4,,960,2026,7,Friday,1,2
2612,2026-03-15,11:55,J0035,Puerto Escarlata,Ranked,Brisa,41,10,5,3,Derrota,1050,2026,3,Sunday,2,1
6108,2026-05-17,09:17,J0016,Bosque Umbral,Casual,Tesla,10,4,7,7,Victoria,1110,2026,5,Sunday,1,1
3388,2026-03-30,16:28,J0012,Estacion Orbital,Casual,Koro;Brisa;Vex,23,7,5,2,Victoria,1200,2026,3,Monday,1,3
3195,2026-03-27,15:36,J0010,Desierto Neon,Ranked,Nadia;Koro,26,5,3,2,Victoria,1040,2026,3,Friday,2,2
6743,2026-05-26,00:57,J0018,Puerto Escarlata,Ranked,Lienzo,37,7,8,3,Victoria,1190,2026,5,Tuesday,1,1
4166,2026-04-14,17:13,J0023,Ciudadela,Casual,Lienzo,27,8,12,4,Victoria,1260,2026,4,Tuesday,1,1
2019,2026-03-04,22:38,J0010,Bosque Umbral,Ranked,Umbra,31,4,2,5,Derrota,610,2026,3,Wednesday,2,1
5235,2026-05-03,20:19,J0023,Puerto Escarlata,Ranked,Tesla,38,10,2,7,Victoria,1810,2026,5,Sunday,5,1
4467,2026-04-19,03:49,J0006,Puerto Escarlata,Casual,Tesla,29,7,3,8,Derrota,1040,2026,4,Sunday,2,1
3310,2026-03-29,00:17,J0013,Ciudadela,Torneo,Lienzo,31,5,9,3,Victoria,970,2026,3,Sunday,1,1
5975,2026-05-15,17:01,J0056,Estacion Orbital,Ranked,Brisa,37,1,5,3,Victoria,650,2026,5,Friday,0,1
7832,2026-06-13,16:37,J0048,Canales de Hielo,Ranked,Tesla;Magnus;Koro,35,4,8,3,Derrota,390,2026,6,Saturday,0,3
6943,2026-05-30,19:39,J0105,Ciudadela,Casual,Magnus;Tesla,26,2,6,2,Derrota,180,2026,5,Saturday,0,2
9635,2026-07-10,18:25,J0012,Canales de Hielo,Ranked,Koro,42,3,4,4,Derrota,420,2026,7,Friday,1,1
3903,2026-04-09,16:05,J0148,Estacion Orbital,Ranked,Magnus,24,2,5,1,Victoria,650,2026,4,Thursday,0,1
9315,2026-07-05,20:30,J0128,Estacion Orbital,Torneo,Koro,19,6,10,3,Victoria,1050,2026,7,Sunday,1,1
9692,2026-07-11,14:23,J0055,Puerto Escarlata,Ranked,Brisa,35,4,5,11,Derrota,850,2026,7,Saturday,1,1
5265,2026-05-03,01:23,J0087,Desierto Neon,Ranked,Nadia;Tesla,30,12,7,1,Victoria,1610,2026,5,Sunday,2,2
8800,2026-06-28,19:09,J0057,Ciudadela,Casual,Koro;Vex,12,12,6,3,Victoria,1730,2026,6,Sunday,2,2
5083,2026-04-30,20:55,J0021,Desierto Neon,Ranked,Nadia,43,5,1,2,Victoria,1080,2026,4,Thursday,5,1
5264,2026-05-03,21:03,J0011,Bosque Umbral,Casual,Brisa;Magnus;Tesla,26,7,2,2,Victoria,1260,2026,5,Sunday,4,3
1863,2026-02-28,01:14,J0059,Puerto Escarlata,Torneo,Brisa,19,1,7,5,Derrota,210,2026,2,Saturday,0,1
2250,2026-03-08,21:48,J0062,Puerto Escarlata,Ranked,Nadia;Tesla;Vex,31,5,5,3,Derrota,550,2026,3,Sunday,1,3
3188,2026-03-26,16:47,J0015,Puerto Escarlata,Ranked,Lienzo;Magnus,31,6,4,4,,720,2026,3,Thursday,2,2
5378,2026-05-05,15:17,J0096,Ciudadela,Casual,Nadia;Tesla,16,6,2,3,Derrota,710,2026,5,Tuesday,3,2
7665,2026-06-10,22:58,J0068,Estacion Orbital,Ranked,Umbra;Tesla,38,4,9,7,Derrota,570,2026,6,Wednesday,0,2
5485,2026-05-07,01:55,J0070,Estacion Orbital,Casual,Magnus,9,3,3,5,Victoria,990,2026,5,Thursday,1,1
2320,2026-03-09,22:10,J0041,Desierto Neon,Torneo,Koro;Nadia,26,3,3,3,Derrota,390,2026,3,Monday,1,2
2302,2026-03-09,14:15,J0141,Desierto Neon,Ranked,Brisa;Lienzo,31,19,3,7,Derrota,22,2026,3,Monday,6,2
783,2026-02-04,21:16,J0137,Bosque Umbral,Casual,Koro,10,7,4,7,Victoria,1470,2026,2,Wednesday,2,1
4829,2026-04-26,16:04,J0139,Bosque Umbral,Ranked,Koro;Vex,37,12,4,7,Victoria,1970,2026,4,Sunday,3,2
4716,2026-04-24,22:43,J0067,Puerto Escarlata,Ranked,Lienzo,37,6,6,6,Victoria,1280,2026,4,Friday,1,1
4140,2026-04-13,23:50,J0027,Puerto Escarlata,Ranked,Magnus;Koro,33,6,2,7,Victoria,1410,2026,4,Monday,3,2
3617,2026-04-04,16:27,J0016,Bosque Umbral,Ranked,Lienzo,22,7,8,5,Victoria,1290,2026,4,Saturday,1,1
2169,2026-03-07,05:37,J0013,Estacion Orbital,Casual,Brisa,17,9,2,7,Derrota,1210,2026,3,Saturday,4,1
5965,2026-05-14,16:51,J0020,Desierto Neon,Ranked,Magnus,22,5,9,5,Derrota,570,2026,5,Thursday,1,1
2448,2026-03-12,17:57,J0200,Canales de Hielo,Ranked,Vex;Koro,37,3,8,1,Derrota,190,2026,3,Thursday,0,2
6974,2026-05-30,18:39,J0059,Bosque Umbral,Ranked,,43,6,3,5,Derrota,790,2026,5,Saturday,2,0
9827,2026-07-12,12:04,J0169,Ciudadela,Ranked,Nadia,37,6,8,6,Victoria,1240,2026,7,Sunday,1,1
3993,2026-04-11,19:52,J0121,Ciudadela,Casual,Tesla;Koro,26,3,2,3,Derrota,410,2026,4,Saturday,2,2
2168,2026-03-07,17:18,J0018,Estacion Orbital,Ranked,Magnus,23,2,8,4,Derrota,240,2026,3,Saturday,0,1
5502,2026-05-07,20:57,J0144,Puerto Escarlata,Ranked,Nadia;Umbra,35,4,4,3,Victoria,970,2026,5,Thursday,1,2
4101,2026-04-12,16:37,J0112,Desierto Neon,Ranked,Tesla,25,4,5,6,Victoria,1100,2026,4,Sunday,1,1
5232,2026-05-03,19:26,J0069,Ciudadela,Casual,Nadia,24,4,4,3,Victoria,970,2026,5,Sunday,1,1
5842,2026-05-12,18:40,J0114,Ciudadela,Ranked,Koro;Lienzo;Brisa,34,6,8,7,Derrota,790,2026,5,Tuesday,1,3
287,2026-01-23,20:15,J0061,Ciudadela,Casual,Tesla;Magnus,8,7,5,5,Derrota,850,2026,1,Friday,1,2
4624,2026-04-23,13:19,J0002,Canales de Hielo,Ranked,Brisa,27,6,1,3,Derrota,730,2026,4,Thursday,6,1
7637,2026-06-10,18:32,J0009,Bosque Umbral,Casual,Nadia,11,8,7,1,Victoria,1210,2026,6,Wednesday,1,1
1865,2026-02-28,21:30,J0012,Ciudadela,Casual,Lienzo,31,2,4,3,Derrota,270,2026,2,Saturday,0,1
7094,2026-06-01,21:49,J0009,Canales de Hielo,Casual,Koro,8,4,4,6,Derrota,620,2026,6,Monday,1,1
7736,2026-06-11,17:06,J0200,Canales de Hielo,Ranked,Lienzo,23,6,4,5,Derrota,670,2026,6,Thursday,2,1
9601,2026-07-10,11:14,J0042,Estacion Orbital,Ranked,,22,1,6,4,Victoria,680,2026,7,Friday,0,0
1806,2026-02-27,17:04,J0117,Desierto Neon,Ranked,Magnus,25,9,6,3,Derrota,930,2026,2,Friday,2,1
8649,2026-06-26,19:49,J0004,Bosque Umbral,Ranked,Umbra,38,3,4,2,Victoria,820,2026,6,Friday,1,1
9789,2026-07-12,14:46,J0014,Canales de Hielo,Casual,Koro,28,4,3,2,Victoria,940,2026,7,Sunday,1,1
8287,2026-06-20,19:14,J0038,Canales de Hielo,Casual,,24,4,4,1,Derrota,370,2026,6,Saturday,1,0
564,2026-01-30,20:26,J0178,Estacion Orbital,Ranked,Umbra,35,6,5,2,Victoria,1100,2026,1,Friday,1,1
292,2026-01-23,13:53,J0047,Canales de Hielo,Ranked,Lienzo;Tesla;Nadia,42,7,5,5,Victoria,1350,2026,1,Friday,1,3
2021,2026-03-04,17:23,J0029,Puerto Escarlata,Torneo,Umbra,32,2,5,5,Derrota,350,2026,3,Wednesday,0,1
6256,2026-05-19,20:31,J0053,Estacion Orbital,Ranked,Nadia;Lienzo;Brisa,45,4,6,3,Victoria,930,2026,5,Tuesday,1,3
8864,2026-06-28,12:34,J0111,Puerto Escarlata,Casual,Nadia,28,7,2,2,Victoria,1260,2026,6,Sunday,4,1
170,2026-01-20,21:35,J0074,Desierto Neon,Ranked,Brisa;Vex;Magnus,39,10,4,4,Victoria,1620,2026,1,Tuesday,2,3
268,2026-01-23,19:14,J0001,Estacion Orbital,Casual,Tesla,20,7,6,4,Derrota,780,2026,1,Friday,1,1
7065,2026-05-31,19:09,J0076,Puerto Escarlata,Ranked,Magnus;Tesla;Umbra,38,7,9,4,Derrota,720,2026,5,Sunday,1,3
3209,2026-03-27,09:35,J0019,Ciudadela,Ranked,Magnus,29,2,4,9,Derrota,570,2026,3,Friday,0,1
4210,2026-04-15,17:41,J0021,Ciudadela,Ranked,Umbra;Brisa,30,5,7,6,Victoria,1160,2026,4,Wednesday,1,2
3038,2026-03-23,13:16,J0059,Desierto Neon,Casual,,30,5,5,5,Derrota,650,2026,3,Monday,1,0
9995,2026-07-14,18:11,J0056,Bosque Umbral,Casual,Brisa,23,4,5,2,Derrota,400,2026,7,Tuesday,1,1
5351,2026-05-05,13:42,J0012,Bosque Umbral,Casual,Tesla;Brisa,22,3,7,1,Derrota,210,2026,5,Tuesday,0,2
316,2026-01-24,08:51,J0037,Desierto Neon,Ranked,Lienzo;Umbra,44,3,2,2,Derrota,360,2026,1,Saturday,2,2
8257,2026-06-20,11:13,J0033,Canales de Hielo,Casual,Tesla;Magnus,17,3,2,2,Victoria,,2026,6,Saturday,2,2
7418,2026-06-06,13:09,J0017,Desierto Neon,Torneo,Lienzo;Tesla,8,6,6,4,Victoria,1180,2026,6,Saturday,1,2
9788,2026-07-12,16:24,J0090,Canales de Hielo,Casual,Nadia,8,2,5,1,Victoria,650,2026,7,Sunday,0,1
246,2026-01-22,03:18,J0016,Estacion Orbital,Ranked,Umbra;Tesla,29,7,4,5,Victoria,1370,2026,1,Thursday,2,2
966,2026-02-08,06:17,J0026,Estacion Orbital,Ranked,Magnus,30,3,6,3,Victoria,830,2026,2,Sunday,0,1
253,2026-01-22,20:40,J0051,Bosque Umbral,Casual,Lienzo,14,4,2,2,Victoria,960,2026,1,Thursday,2,1
1184,2026-02-14,11:57,J0010,Desierto Neon,Torneo,Lienzo;Tesla,23,3,4,3,Victoria,870,2026,2,Saturday,1,2
2233,2026-03-08,22:29,J0017,Desierto Neon,Ranked,Umbra,28,6,4,3,Victoria,1170,2026,3,Sunday,2,1
4930,2026-04-27,20:19,J0159,Puerto Escarlata,Torneo,Lienzo;Nadia,17,12,3,3,Victoria,1790,2026,4,Monday,4,2
51,2026-01-17,20:22,J0121,Puerto Escarlata,Torneo,Magnus;Lienzo,30,5,7,3,Derrota,510,2026,1,Saturday,1,2
5333,2026-05-04,17:53,J0047,Ciudadela,Casual,Magnus;Brisa,19,5,4,5,Victoria,1170,2026,5,Monday,1,2
1958,2026-03-02,13:25,J0007,Puerto Escarlata,Ranked,Brisa,33,6,6,7,Derrota,830,2026,3,Monday,1,1
1254,2026-02-15,04:44,J0025,Canales de Hielo,Torneo,Magnus,18,4,5,2,Victoria,900,2026,2,Sunday,1,1
4440,2026-04-19,09:53,J0082,Bosque Umbral,Ranked,Vex,35,8,3,1,Derrota,790,2026,4,Sunday,3,1
8924,2026-06-29,18:57,J0025,Puerto Escarlata,Ranked,Lienzo,40,6,7,4,Derrota,960,2026,6,Monday,1,1
4395,2026-04-18,19:22,J0008,Puerto Escarlata,Torneo,Umbra;Nadia;Brisa,24,3,2,0,Victoria,760,2026,4,Saturday,2,3
873,2026-02-07,22:33,J0113,Canales de Hielo,Ranked,Umbra;Koro,39,5,8,5,Victoria,1090,2026,2,Saturday,1,2
6587,2026-05-24,20:41,J0041,Puerto Escarlata,Ranked,Koro,24,2,6,9,Victoria,1030,2026,5,Sunday,0,1
5448,2026-05-06,18:58,J0081,Puerto Escarlata,Ranked,Brisa,37,4,4,7,Derrota,670,2026,5,Wednesday,1,1
5954,2026-05-14,11:24,J0009,Puerto Escarlata,Casual,Umbra;Lienzo;Brisa,17,7,5,5,Victoria,1350,2026,5,Thursday,1,3
3545,2026-04-02,15:38,J0200,Estacion Orbital,Torneo,Nadia,14,9,4,4,Victoria,1520,2026,4,Thursday,2,1
9488,2026-07-08,16:49,J0047,Canales de Hielo,Casual,Magnus,12,7,5,4,Derrota,800,2026,7,Wednesday,1,1
2426,2026-03-12,17:41,J0038,Bosque Umbral,Casual,Nadia;Magnus,22,6,3,3,Derrota,690,2026,3,Thursday,2,2
7147,2026-06-02,19:22,J0138,Estacion Orbital,Ranked,Lienzo;Tesla,35,3,6,6,Victoria,980,2026,6,Tuesday,0,2
249,2026-01-22,22:52,J0008,Bosque Umbral,Casual,Magnus;Brisa,32,4,4,2,Victoria,920,2026,1,Thursday,1,2
6688,2026-05-25,15:23,J0062,Bosque Umbral,Casual,Vex;Tesla;Nadia,8,6,6,1,Victoria,1030,2026,5,Monday,1,3
9308,2026-07-05,18:30,J0028,Ciudadela,Ranked,Magnus,22,3,5,9,Derrota,650,2026,7,Sunday,1,1
2185,2026-03-07,08:42,J0060,Ciudadela,Ranked,Umbra,39,6,5,3,Derrota,150,2026,3,Saturday,1,1
7951,2026-06-14,14:11,J0083,Desierto Neon,Casual,Lienzo,28,2,4,6,Victoria,920,2026,6,Sunday,0,1
972,2026-02-08,00:58,J0005,Puerto Escarlata,Casual,Koro;Lienzo,26,8,3,1,Victoria,1290,2026,2,Sunday,3,2
9252,2026-07-05,17:15,J0106,Canales de Hielo,Torneo,Umbra;Tesla,21,5,5,9,Victoria,1350,2026,7,Sunday,1,2
1942,2026-03-02,08:49,J0002,Desierto Neon,Ranked,Vex,40,12,3,5,Derrota,1390,2026,3,Monday,4,1
1878,2026-03-01,23:59,J0122,Estacion Orbital,Ranked,Vex;Tesla;Brisa,45,13,5,7,Derrota,1550,2026,3,Sunday,3,3
4915,2026-04-27,19:19,J0045,Desierto Neon,Ranked,Tesla,24,5,6,6,Derrota,680,2026,4,Monday,1,1
9902,2026-07-13,20:52,J0130,Estacion Orbital,Torneo,Tesla,17,2,6,5,Derrota,330,2026,7,Monday,0,1
5885,2026-05-13,00:43,J0020,Canales de Hielo,Ranked,Nadia,29,4,8,5,Victoria,990,2026,5,Wednesday,0,1
8382,2026-06-21,06:32,J0055,Estacion Orbital,Casual,Umbra;Koro;Nadia,17,6,3,2,Derrota,640,2026,6,Sunday,2,3
9882,2026-07-13,22:30,J0003,Canales de Hielo,Casual,Umbra,21,7,7,4,Derrota,760,2026,7,Monday,1,1
448,2026-01-27,16:45,J0118,Canales de Hielo,Ranked,Brisa,39,4,4,3,Victoria,970,2026,1,Tuesday,1,1
1786,2026-02-27,22:52,J0061,Estacion Orbital,Ranked,Nadia,33,5,3,2,Victoria,1040,2026,2,Friday,2,1
1748,2026-02-25,19:00,J0117,Canales de Hielo,Ranked,Koro,45,2,2,5,Derrota,410,2026,2,Wednesday,1,1
4790,2026-04-25,22:15,J0150,Canales de Hielo,Casual,Tesla,22,9,5,4,Derrota,1000,2026,4,Saturday,2,1
1091,2026-02-11,19:33,J0200,Ciudadela,Torneo,Nadia;Koro,25,8,6,6,Victoria,,2026,2,Wednesday,1,2
1659,2026-02-23,20:27,J0023,Desierto Neon,Ranked,Umbra,27,9,7,3,Derrota,910,2026,2,Monday,1,1
5066,2026-04-30,19:28,J0015,Puerto Escarlata,Ranked,Magnus,33,5,5,1,Derrota,450,2026,4,Thursday,1,1
4562,2026-04-21,08:26,J0017,Ciudadela,Ranked,Lienzo;Brisa,41,7,4,3,Derrota,770,2026,4,Tuesday,2,2
462,2026-01-27,20:33,J0061,Bosque Umbral,Casual,Koro;Magnus,31,6,6,5,Derrota,730,2026,1,Tuesday,1,2
2733,2026-03-18,15:45,J0124,Estacion Orbital,Torneo,Lienzo;Vex;Brisa,17,7,4,6,Derrota,920,2026,3,Wednesday,2,3
1761,2026-02-26,00:02,J0033,Ciudadela,Ranked,Nadia,39,5,7,4,Derrota,560,2026,2,Thursday,1,1
3502,2026-04-01,12:12,J0074,Bosque Umbral,Casual,Lienzo;Koro,8,2,3,5,Victoria,890,2026,4,Wednesday,1,2
377,2026-01-25,13:11,J0009,Ciudadela,Ranked,Koro,33,7,4,2,Derrota,720,2026,1,Sunday,2,1
411,2026-01-26,19:08,J0024,Canales de Hielo,Casual,Brisa,20,6,4,3,Victoria,1170,2026,1,Monday,2,1
1776,2026-02-26,23:23,J0032,Ciudadela,Ranked,Nadia,29,6,13,2,Derrota,440,2026,2,Thursday,0,1
4138,2026-04-13,19:35,J0050,Desierto Neon,Torneo,Vex,29,4,8,2,Victoria,840,2026,4,Monday,0,1
9585,2026-07-10,08:36,J0047,Ciudadela,Ranked,Umbra;Lienzo;Magnus,36,10,3,2,Victoria,1540,2026,7,Friday,3,3
5073,2026-04-30,00:44,J0001,Ciudadela,Casual,Tesla,17,5,3,4,Derrota,640,2026,4,Thursday,2,1
6754,2026-05-26,19:45,J0017,Estacion Orbital,Ranked,Nadia,22,6,10,1,Derrota,450,2026,5,Tuesday,1,1
4828,2026-04-26,19:49,J0066,Ciudadela,Ranked,Vex,29,16,5,11,Derrota,2050,2026,4,Sunday,3,1
8533,2026-06-24,13:05,J0018,Desierto Neon,Casual,Vex,31,5,4,3,Derrota,570,2026,6,Wednesday,1,1
275,2026-01-23,21:31,J0046,Ciudadela,Ranked,Koro,35,6,8,3,Victoria,1290,2026,1,Friday,1,1
4636,2026-04-23,14:40,J0073,Desierto Neon,Ranked,Brisa,39,2,2,3,Victoria,810,2026,4,Thursday,1,1
5263,2026-05-03,00:04,J0037,Desierto Neon,Ranked,Koro;Brisa,28,4,7,2,Derrota,360,2026,5,Sunday,1,2
9602,2026-07-10,19:26,J0023,Bosque Umbral,Casual,,16,6,6,3,Victoria,1130,2026,7,Friday,1,0
2037,2026-03-04,12:53,J0081,Bosque Umbral,Ranked,Tesla;Umbra,32,8,4,4,Victoria,1420,2026,3,Wednesday,2,2
9858,2026-07-13,19:03,J0200,Estacion Orbital,Ranked,Brisa,36,11,7,5,Victoria,1710,2026,7,Monday,2,1
4254,2026-04-16,22:04,J0104,Desierto Neon,Torneo,Lienzo,30,6,3,6,Victoria,1340,2026,4,Thursday,2,1
6325,2026-05-20,18:41,J0062,Puerto Escarlata,Torneo,Brisa,31,1,2,3,Derrota,210,2026,5,Wednesday,0,1
7210,2026-06-03,10:39,J0011,Estacion Orbital,Torneo,Nadia,29,6,0,2,Victoria,1200,2026,6,Wednesday,,1
4396,2026-04-18,14:47,J0144,Desierto Neon,Casual,Vex,10,5,3,4,Victoria,1140,2026,4,Saturday,2,1
7539,2026-06-08,04:27,J0110,Estacion Orbital,Casual,Tesla;Koro,26,5,2,3,Derrota,610,2026,6,Monday,2,2
3308,2026-03-29,18:15,J0026,Estacion Orbital,Ranked,Umbra;Lienzo,41,7,8,8,Derrota,940,2026,3,Sunday,1,2
7733,2026-06-11,01:37,J0020,Estacion Orbital,Casual,Nadia;Koro;Umbra,24,6,4,6,Victoria,1320,2026,6,Thursday,2,3
2056,2026-03-04,10:34,J0092,Canales de Hielo,Casual,Koro;Brisa,10,3,5,6,Derrota,500,2026,3,Wednesday,1,2
9437,2026-07-07,19:02,J0073,Estacion Orbital,Torneo,Brisa;Magnus,30,3,7,2,Derrota,260,2026,7,Tuesday,0,2
3034,2026-03-23,22:42,J0075,Desierto Neon,Ranked,Nadia,30,5,3,6,Derrota,740,2026,3,Monday,2,1
6055,2026-05-16,19:27,J0190,Estacion Orbital,Ranked,Koro,29,10,5,1,Victoria,1450,2026,5,Saturday,2,1
514,2026-01-28,18:46,J0029,Canales de Hielo,Casual,Lienzo,18,4,3,7,Derrota,690,2026,1,Wednesday,1,1
4247,2026-04-16,18:18,J0067,Ciudadela,Torneo,Koro,16,8,3,3,Derrota,890,2026,4,Thursday,3,1
1483,2026-02-20,12:47,J0018,Estacion Orbital,Casual,Lienzo;Tesla;Koro,23,5,1,6,Victoria,1280,2026,2,Friday,5,3
5096,2026-04-30,21:03,J0146,Bosque Umbral,Ranked,Tesla;Magnus;Brisa,29,6,5,5,Victoria,1250,2026,4,Thursday,1,3
922,2026-02-07,18:54,J0017,Estacion Orbital,Torneo,Lienzo,24,8,5,3,Victoria,1350,2026,2,Saturday,2,1
9050,2026-07-01,19:43,J0039,Ciudadela,Casual,Brisa,13,7,5,1,Victoria,1150,2026,7,Wednesday,1,1
4852,2026-04-26,20:18,J0006,Canales de Hielo,Torneo,Umbra,31,9,7,3,Derrota,910,2026,4,Sunday,1,1
1148,2026-02-13,16:22,J0043,Estacion Orbital,Ranked,Brisa;Vex,44,6,7,2,Victoria,1060,2026,2,Friday,1,2
2499,2026-03-13,16:49,J0058,Desierto Neon,Casual,Koro,29,11,9,3,Victoria,1570,2026,3,Friday,1,1
475,2026-01-27,16:22,J0031,Bosque Umbral,Ranked,Vex;Tesla,25,10,8,4,,1040,2026,1,Tuesday,1,2
8851,2026-06-28,22:11,J0034,Ciudadela,Ranked,Magnus,45,4,1,3,Derrota,530,2026,6,Sunday,4,1
2359,2026-03-10,19:37,J0030,Puerto Escarlata,Casual,,18,9,5,1,Victoria,1350,2026,3,Tuesday,2,0
9183,2026-07-04,19:26,J0024,Desierto Neon,Casual,Magnus;Vex;Nadia,24,7,2,4,Victoria,1360,2026,7,Saturday,4,3
1278,2026-02-15,09:21,J0069,Ciudadela,Casual,Nadia;Umbra,31,5,9,4,Derrota,520,2026,2,Sunday,1,2
6775,2026-05-26,17:32,J0080,Bosque Umbral,Ranked,Brisa,41,2,6,5,Victoria,830,2026,5,Tuesday,0,1
6227,2026-05-19,21:08,J0019,Desierto Neon,Casual,Nadia;Brisa,9,2,5,3,Derrota,250,2026,5,Tuesday,0,2
7572,2026-06-08,16:26,J0065,Estacion Orbital,Casual,Vex;Magnus;Tesla,26,6,5,4,Victoria,1200,2026,6,Monday,1,3
4869,2026-04-26,00:58,J0065,Desierto Neon,Casual,Nadia;Lienzo;Magnus,16,5,6,6,Victoria,1180,2026,4,Sunday,1,3
2068,2026-03-04,21:10,J0072,Ciudadela,Ranked,Vex,38,6,7,5,Derrota,710,2026,3,Wednesday,1,1
5860,2026-05-13,21:51,J0053,Desierto Neon,Ranked,,23,12,3,4,Victoria,1840,2026,5,Wednesday,4,0
4263,2026-04-16,18:15,J0021,Canales de Hielo,Ranked,Vex,39,10,9,3,Derrota,970,2026,4,Thursday,1,1
3066,2026-03-24,22:55,J0050,Canales de Hielo,Ranked,Lienzo;Umbra;Tesla,27,3,3,8,Victoria,1140,2026,3,Tuesday,1,3
5358,2026-05-05,13:10,J0141,Puerto Escarlata,Ranked,Magnus,23,8,5,2,Derrota,800,2026,5,Tuesday,2,1
3621,2026-04-04,13:12,J0039,Estacion Orbital,Ranked,Lienzo;Vex,23,7,6,7,Victoria,1430,2026,4,Saturday,1,2
7624,2026-06-09,18:44,J0004,Ciudadela,Casual,Umbra;Lienzo,18,2,7,9,Victoria,1010,2026,6,Tuesday,0,2
9486,2026-07-08,14:36,J0025,Canales de Hielo,Ranked,Umbra,42,1,3,1,Derrota,90,2026,7,Wednesday,0,1
7628,2026-06-09,14:31,J0105,Bosque Umbral,Ranked,Brisa;Tesla,39,12,5,7,Victoria,1950,2026,6,Tuesday,2,2
5628,2026-05-09,17:23,J0156,Bosque Umbral,Casual,Nadia,24,5,9,1,Derrota,370,2026,5,Saturday,1,1
6806,2026-05-27,20:18,J0009,Ciudadela,Ranked,Vex;Koro,39,12,4,6,Victoria,1920,2026,5,Wednesday,3,2
7585,2026-06-09,15:02,J0026,Estacion Orbital,Ranked,Tesla,35,6,6,4,Derrota,680,2026,6,Tuesday,1,1
4150,2026-04-14,23:09,J0077,Desierto Neon,Ranked,Magnus;Nadia,28,5,7,3,Derrota,510,2026,4,Tuesday,1,2
9219,2026-07-04,12:34,J0179,Puerto Escarlata,Casual,Nadia;Brisa,14,4,9,3,Victoria,870,2026,7,Saturday,0,2
7121,2026-06-01,17:23,J0062,Bosque Umbral,Casual,Lienzo,10,5,6,3,Victoria,1030,2026,6,Monday,1,1
3769,2026-04-07,11:50,J0092,Desierto Neon,Torneo,Tesla,31,4,4,2,Victoria,920,2026,4,Tuesday,1,1
8020,2026-06-16,16:00,J0021,Ciudadela,Torneo,Vex;Tesla,16,15,5,1,Victoria,1950,2026,6,Tuesday,3,2
9001,2026-07-01,22:01,J0068,Canales de Hielo,Casual,Vex,11,16,9,2,Victoria,2020,2026,7,Wednesday,2,1
2808,2026-03-20,23:49,J0200,Ciudadela,Casual,Brisa;Koro,13,8,4,5,Victoria,1470,2026,3,Friday,2,2
8301,2026-06-20,20:01,J0139,Ciudadela,Ranked,Umbra,31,5,3,4,Victoria,1140,2026,6,Saturday,2,1
8183,2026-06-18,07:22,J0104,Ciudadela,Ranked,Lienzo,28,4,2,3,Victoria,1010,2026,6,Thursday,2,1
5307,2026-05-04,18:39,J0004,Ciudadela,Casual,Lienzo,26,5,4,4,Victoria,1120,2026,5,Monday,1,1
7840,2026-06-13,20:25,J0004,Desierto Neon,Ranked,Lienzo,26,5,5,5,Derrota,650,2026,6,Saturday,1,1
2520,2026-03-14,11:56,J0057,Bosque Umbral,Ranked,Koro,45,4,2,3,Victoria,1010,2026,3,Saturday,2,1
1021,2026-02-10,09:59,J0102,Desierto Neon,Ranked,Umbra,27,3,4,5,Derrota,470,2026,2,Tuesday,1,1
706,2026-02-02,04:58,J0081,Estacion Orbital,Ranked,Tesla,42,4,5,7,Victoria,1150,2026,2,Monday,1,1
4120,2026-04-13,13:21,J0018,Ciudadela,Ranked,Lienzo;Magnus,45,4,3,5,Victoria,1090,2026,4,Monday,1,2
5675,2026-05-10,18:28,J0075,Puerto Escarlata,Casual,Brisa,27,4,7,1,Victoria,810,2026,5,Sunday,1,1
1619,2026-02-23,12:01,J0004,Ciudadela,Casual,Brisa,31,8,6,6,Derrota,980,2026,2,Monday,1,1
6513,2026-05-23,19:35,J0080,Estacion Orbital,Casual,Magnus;Brisa,10,2,9,7,Victoria,870,2026,5,Saturday,0,2
909,2026-02-07,01:49,J0037,Ciudadela,Ranked,Koro;Brisa,31,3,2,4,,960,2026,2,Saturday,2,2
7270,2026-06-04,20:50,J0103,Ciudadela,Torneo,Magnus,21,7,7,5,Derrota,810,2026,6,Thursday,1,1
1340,2026-02-17,19:08,J0037,Desierto Neon,Ranked,Magnus;Umbra,45,5,9,3,Victoria,970,2026,2,Tuesday,1,2
4238,2026-04-16,20:12,J0060,Bosque Umbral,Ranked,Umbra;Nadia,23,8,6,2,Victoria,,2026,4,Thursday,1,2
9582,2026-07-09,11:06,J0086,Estacion Orbital,Casual,Umbra,13,3,3,1,Derrota,290,2026,7,Thursday,1,1
595,2026-01-31,21:03,J0014,Canales de Hielo,Ranked,,43,0,6,7,Derrota,230,2026,1,Saturday,0,0
3985,2026-04-11,13:03,J0091,Canales de Hielo,Ranked,,38,4,5,4,Victoria,1000,2026,4,Saturday,1,0
441,2026-01-27,01:11,J0047,Estacion Orbital,Ranked,Tesla,39,13,2,8,Derrota,1660,2026,1,Tuesday,6,1
5406,2026-05-06,18:32,J0007,Desierto Neon,Ranked,Brisa,43,7,7,4,Victoria,1260,2026,5,Wednesday,1,1
7497,2026-06-07,15:39,J0016,Estacion Orbital,Ranked,Nadia,39,6,6,4,Victoria,1180,2026,6,Sunday,1,1
6691,2026-05-25,04:08,J0023,Ciudadela,Casual,Brisa,26,7,2,2,Victoria,1260,2026,5,Monday,4,1
11,2026-01-16,04:18,J0053,Estacion Orbital,Casual,Koro;Lienzo,20,2,4,5,Victoria,870,2026,1,Friday,0,2
1209,2026-02-14,19:34,J0093,Puerto Escarlata,Casual,Nadia;Lienzo,22,4,4,4,Victoria,1020,2026,2,Saturday,1,2
3459,2026-03-31,21:42,J0009,Canales de Hielo,Ranked,Magnus;Nadia,43,2,3,4,Victoria,840,2026,3,Tuesday,1,2
1442,2026-02-20,19:20,J0154,Estacion Orbital,Ranked,Brisa;Tesla,24,2,4,2,Victoria,,2026,2,Friday,0,2
3519,2026-04-02,21:20,J0157,Desierto Neon,Casual,Koro,16,6,4,1,Victoria,1070,2026,4,Thursday,2,1
94,2026-01-18,18:27,J0023,Estacion Orbital,Ranked,Koro,41,8,2,3,Victoria,1410,2026,1,Sunday,4,1
2228,2026-03-07,21:58,J0010,Estacion Orbital,Ranked,Lienzo;Vex,31,7,6,3,Victoria,1230,2026,3,Saturday,1,2
1473,2026-02-20,18:31,J0131,Desierto Neon,Casual,Lienzo;Tesla,17,6,7,6,Victoria,1260,2026,2,Friday,1,2
2964,2026-03-22,14:11,J0110,Bosque Umbral,Ranked,Brisa;Tesla,45,4,5,1,Victoria,850,2026,3,Sunday,1,2
6102,2026-05-17,18:12,J0009,Bosque Umbral,Ranked,Nadia,40,4,9,4,Victoria,920,2026,5,Sunday,0,1
4890,2026-04-26,21:05,J0034,Canales de Hielo,Ranked,Vex,38,7,5,8,Victoria,1500,2026,4,Sunday,1,1
9441,2026-07-07,14:54,J0103,Estacion Orbital,Casual,Tesla;Koro,27,6,5,6,Victoria,1300,2026,7,Tuesday,1,2
293,2026-01-23,16:43,J0007,Canales de Hielo,Torneo,Brisa;Nadia,30,6,6,5,Derrota,730,2026,1,Friday,1,2
8022,2026-06-16,03:31,J0011,Estacion Orbital,Casual,Umbra;Magnus,15,7,5,6,Derrota,900,2026,6,Tuesday,1,2
4774,2026-04-25,15:16,J0021,Puerto Escarlata,Casual,,23,12,4,6,Victoria,1920,2026,4,Saturday,3,0
7400,2026-06-06,21:03,J0012,Puerto Escarlata,Casual,Umbra,29,3,6,2,Derrota,280,2026,6,Saturday,0,1
7170,2026-06-02,13:34,J0053,Canales de Hielo,Ranked,Brisa,42,6,3,6,Derrota,840,2026,6,Tuesday,2,1
8263,2026-06-20,18:25,J0187,Bosque Umbral,Casual,Vex;Umbra,16,5,2,5,Victoria,1210,2026,6,Saturday,2,2
8345,2026-06-21,23:41,J0010,Estacion Orbital,Ranked,Umbra;Lienzo,42,6,5,9,Victoria,1450,2026,6,Sunday,1,2
5941,2026-05-14,18:13,J0200,Canales de Hielo,Casual,Nadia,15,5,5,3,Derrota,,2026,5,Thursday,1,1
9260,2026-07-05,20:58,J0016,Ciudadela,Casual,Brisa,16,9,5,5,Victoria,1550,2026,7,Sunday,2,1
6455,2026-05-22,13:09,J0074,Bosque Umbral,Torneo,Koro,21,1,5,3,Victoria,650,2026,5,Friday,0,1
2099,2026-03-05,20:00,J0005,Ciudadela,Casual,Tesla,31,8,5,4,Victoria,1400,2026,3,Thursday,2,1
1892,2026-03-01,13:21,J0087,Puerto Escarlata,Ranked,Koro,36,7,7,2,Derrota,660,2026,3,Sunday,1,1
2253,2026-03-08,11:48,J0200,Canales de Hielo,Ranked,Nadia,34,9,4,2,Victoria,1420,2026,3,Sunday,2,1
9501,2026-07-08,16:59,J0019,Canales de Hielo,Ranked,Tesla,27,4,5,1,Derrota,350,2026,7,Wednesday,1,1
8735,2026-06-27,22:26,J0081,Puerto Escarlata,Casual,,12,5,6,3,Derrota,530,2026,6,Saturday,1,0
8422,2026-06-22,19:08,J0090,Desierto Neon,Casual,Brisa,25,5,4,9,Victoria,1370,2026,6,Monday,1,1
5442,2026-05-06,00:13,J0067,Ciudadela,Ranked,Lienzo;Tesla,31,4,2,6,Victoria,1160,2026,5,Wednesday,2,2
4399,2026-04-18,21:23,J0119,Ciudadela,Torneo,Magnus,19,8,3,8,Derrota,1140,2026,4,Saturday,3,1
2255,2026-03-08,15:32,J0108,Estacion Orbital,Casual,Umbra,30,5,4,5,Derrota,670,2026,3,Sunday,1,1
4039,2026-04-12,16:10,J0051,Puerto Escarlata,Casual,Vex,31,9,6,2,Victoria,1380,2026,4,Sunday,2,1
4851,2026-04-26,03:17,J0045,Desierto Neon,Casual,Tesla,24,5,1,5,Victoria,1230,2026,4,Sunday,5,1
5390,2026-05-05,16:04,J0003,Bosque Umbral,Casual,Magnus,21,5,6,5,Victoria,1130,2026,5,Tuesday,1,1
7989,2026-06-15,18:37,J0131,Bosque Umbral,Ranked,Brisa;Koro,44,3,6,4,Victoria,880,2026,6,Monday,0,2
1489,2026-02-21,07:31,J0004,Ciudadela,Casual,Magnus,18,3,4,3,Derrota,370,2026,2,Saturday,1,1
3102,2026-03-25,16:46,J0170,Canales de Hielo,Ranked,Magnus,39,12,3,9,,2090,2026,3,Wednesday,4,1
9202,2026-07-04,20:55,J0025,Desierto Neon,Casual,Lienzo;Nadia,23,5,4,6,Derrota,720,2026,7,Saturday,1,2
1517,2026-02-21,13:14,J0015,Estacion Orbital,Ranked,,28,8,6,2,Victoria,1280,2026,2,Saturday,1,0
4634,2026-04-23,19:51,J0161,Estacion Orbital,Torneo,Koro,23,9,3,9,Derrota,1290,2026,4,Thursday,3,1
6367,2026-05-21,22:15,J0031,Bosque Umbral,Casual,Magnus;Lienzo,14,6,8,3,Victoria,1090,2026,5,Thursday,1,2
3306,2026-03-28,18:43,J0017,Puerto Escarlata,Ranked,Vex;Nadia,24,8,6,10,Victoria,1680,2026,3,Saturday,1,2
9863,2026-07-13,20:57,J0035,Ciudadela,Casual,Tesla,25,10,5,4,Victoria,1600,2026,7,Monday,2,1
2752,2026-03-18,19:52,J0040,Puerto Escarlata,Ranked,Koro;Vex,31,6,4,5,Derrota,770,2026,3,Wednesday,2,2
2767,2026-03-19,15:13,J0119,Desierto Neon,Ranked,Umbra;Magnus,23,9,6,3,Victoria,1430,2026,3,Thursday,2,2
3022,2026-03-23,18:41,J0135,Estacion Orbital,Casual,Nadia,30,7,4,4,Victoria,1320,2026,3,Monday,2,1
7282,2026-06-04,11:38,J0015,Desierto Neon,Casual,Magnus,16,8,9,6,Derrota,920,2026,6,Thursday,1,1
7956,2026-06-14,07:39,J0039,Ciudadela,Casual,Umbra;Tesla;Vex,21,8,1,8,Derrota,1180,2026,6,Sunday,8,3
3910,2026-04-09,23:15,J0065,Ciudadela,Casual,Vex,30,9,2,2,Victoria,1460,2026,4,Thursday,4,1
2616,2026-03-15,00:27,J0130,Canales de Hielo,Casual,Brisa,16,3,6,5,Derrota,430,2026,3,Sunday,0,1
2603,2026-03-15,13:42,J0023,Desierto Neon,Casual,Tesla,16,10,6,3,Victoria,1530,2026,3,Sunday,2,1
1594,2026-02-22,22:15,J0044,Canales de Hielo,Casual,,21,17,10,2,Victoria,2100,2026,2,Sunday,2,0
9647,2026-07-10,18:43,J0067,Estacion Orbital,Casual,Magnus;Nadia,21,8,4,0,Derrota,720,2026,7,Friday,2,2
6799,2026-05-27,13:03,J0049,Bosque Umbral,Ranked,Brisa,41,3,7,5,Derrota,410,2026,5,Wednesday,0,1
8754,2026-06-27,16:11,J0029,Desierto Neon,Torneo,Koro;Tesla,16,2,2,7,Victoria,1010,2026,6,Saturday,1,2
1495,2026-02-21,23:22,J0161,Ciudadela,Ranked,Magnus;Vex,35,10,4,5,Derrota,,2026,2,Saturday,2,2
9978,2026-07-14,18:47,J0011,Puerto Escarlata,Casual,Tesla,9,3,1,5,Victoria,1030,2026,7,Tuesday,3,1
6741,2026-05-26,20:46,J0062,Estacion Orbital,Casual,Magnus,9,6,4,4,Derrota,720,2026,5,Tuesday,2,1
1384,2026-02-18,18:32,J0200,Puerto Escarlata,Ranked,Brisa,43,8,7,3,Derrota,810,2026,2,Wednesday,1,1
3131,2026-03-25,22:18,J0126,Estacion Orbital,Casual,Umbra,16,8,5,2,Victoria,1300,2026,3,Wednesday,2,1
701,2026-02-02,10:15,J0059,Bosque Umbral,Ranked,Umbra,32,5,2,7,Victoria,1310,2026,2,Monday,2,1
9907,2026-07-13,16:44,J0073,Ciudadela,Casual,Vex;Umbra,22,3,6,4,Derrota,380,2026,7,Monday,0,2
8433,2026-06-22,13:00,J0012,Desierto Neon,Casual,Magnus,10,6,5,2,Derrota,600,2026,6,Monday,1,1
7830,2026-06-13,19:32,J0013,Desierto Neon,Ranked,Lienzo,23,7,6,5,Derrota,830,2026,6,Saturday,1,1
6022,2026-05-16,15:12,J0045,Puerto Escarlata,Casual,Vex,16,11,6,4,Victoria,1680,2026,5,Saturday,2,1
4985,2026-04-28,15:10,J0026,Ciudadela,Ranked,Brisa;Magnus,26,7,8,1,Derrota,590,2026,4,Tuesday,1,2
5923,2026-05-14,18:05,J0017,Desierto Neon,Ranked,,30,8,8,2,Derrota,740,2026,5,Thursday,1,0
7253,2026-06-03,16:45,J0010,Ciudadela,Ranked,Vex,35,6,4,3,Victoria,1170,2026,6,Wednesday,2,1
3827,2026-04-08,16:00,J0095,Puerto Escarlata,Ranked,Lienzo;Vex,37,12,7,4,Derrota,1260,2026,4,Wednesday,2,2
9244,2026-07-05,18:05,J0020,Canales de Hielo,Ranked,Magnus,27,12,5,4,Victoria,1800,2026,7,Sunday,2,1
4973,2026-04-28,10:21,J0113,Bosque Umbral,Casual,Lienzo,8,5,5,4,Derrota,600,2026,4,Tuesday,1,1
3542,2026-04-02,19:15,J0011,Desierto Neon,Torneo,Tesla,19,3,6,3,Victoria,830,2026,4,Thursday,0,1
5399,2026-05-05,08:08,J0019,Canales de Hielo,Ranked,Magnus,42,1,6,2,Derrota,,2026,5,Tuesday,0,1
6947,2026-05-30,21:15,J0082,Ciudadela,Casual,Nadia,9,3,8,5,Victoria,890,2026,5,Saturday,0,1
6467,2026-05-22,23:33,J0088,Desierto Neon,Casual,Tesla,18,4,2,6,Victoria,1160,2026,5,Friday,2,1
9639,2026-07-10,20:03,J0138,Bosque Umbral,Casual,Koro,11,5,3,3,Victoria,1090,2026,7,Friday,2,1
7883,2026-06-13,19:29,J0011,Canales de Hielo,Casual,Koro,29,2,7,3,Derrota,210,2026,6,Saturday,0,1
5734,2026-05-11,13:07,J0001,Canales de Hielo,Ranked,Nadia,30,5,5,7,Derrota,750,2026,5,Monday,1,1
1781,2026-02-27,19:41,J0044,Desierto Neon,Casual,Brisa;Nadia,28,3,11,6,Victoria,,2026,2,Friday,0,2
1982,2026-03-03,15:08,J0016,Canales de Hielo,Casual,Umbra,9,10,3,0,Derrota,940,2026,3,Tuesday,3,1
3315,2026-03-29,18:40,J0035,Estacion Orbital,Ranked,Tesla,36,14,7,3,Derrota,1410,2026,3,Sunday,2,1
1502,2026-02-21,23:36,J0200,Estacion Orbital,Ranked,Magnus;Koro,35,3,4,5,Victoria,970,2026,2,Saturday,1,2
2914,2026-03-21,22:21,J0060,Canales de Hielo,Casual,Brisa,10,4,3,4,Victoria,1040,2026,3,Saturday,1,1
5049,2026-04-30,14:32,J0016,Puerto Escarlata,Ranked,Vex;Koro,30,5,2,4,,1160,2026,4,Thursday,2,2
4050,2026-04-12,20:49,J0065,Ciudadela,Torneo,Brisa,19,4,5,5,Victoria,1050,2026,4,Sunday,1,1
3246,2026-03-28,09:39,J0200,Bosque Umbral,Ranked,Tesla,34,12,2,4,Victoria,1860,2026,3,Saturday,6,1
7594,2026-06-09,19:05,J0016,Canales de Hielo,Ranked,Nadia,42,7,3,3,Derrota,790,2026,6,Tuesday,2,1
604,2026-01-31,17:03,J0068,Estacion Orbital,Ranked,Nadia;Tesla,29,6,5,2,Derrota,600,2026,1,Saturday,1,2
4266,2026-04-16,01:50,J0015,Bosque Umbral,Torneo,Koro,28,9,6,2,Derrota,880,2026,4,Thursday,2,1
6683,2026-05-25,20:44,J0051,Canales de Hielo,Ranked,Nadia,39,1,4,5,Victoria,770,2026,5,Monday,0,1
394,2026-01-25,20:13,J0028,Canales de Hielo,Casual,,19,4,11,2,Derrota,280,2026,1,Sunday,0,0
1311,2026-02-17,12:36,J0014,Canales de Hielo,Ranked,Brisa,31,6,5,4,Victoria,1100,2026,2,Tuesday,1,1
4867,2026-04-26,20:26,J0053,Bosque Umbral,Casual,Brisa,32,4,3,4,Victoria,1040,2026,4,Sunday,1,1
3095,2026-03-24,19:03,J0184,Puerto Escarlata,Torneo,Lienzo,14,9,3,3,Derrota,990,2026,3,Tuesday,3,1
5861,2026-05-13,13:35,J0054,Ciudadela,Casual,Vex,18,9,5,2,Derrota,900,2026,5,Wednesday,2,1
96,2026-01-18,04:08,J0092,Bosque Umbral,Casual,,9,7,7,3,Victoria,1210,2026,1,Sunday,1,0
5956,2026-05-14,16:52,J0071,Ciudadela,Casual,Lienzo,31,3,6,3,Derrota,330,2026,5,Thursday,0,1
2456,2026-03-12,17:20,J0015,Estacion Orbital,Ranked,Vex,38,13,9,8,Victoria,2020,2026,3,Thursday,1,1
2424,2026-03-12,14:37,J0118,Puerto Escarlata,Casual,Nadia,9,8,5,3,Derrota,850,2026,3,Thursday,2,1
6863,2026-05-28,19:19,J0026,Desierto Neon,Casual,Tesla,22,3,2,1,Victoria,810,2026,5,Thursday,2,1
9056,2026-07-01,11:41,J0009,Estacion Orbital,Ranked,Nadia;Lienzo;Vex,25,5,6,3,Victoria,1030,2026,7,Wednesday,1,3
3019,2026-03-23,21:59,J0077,Canales de Hielo,Ranked,Umbra;Vex,27,5,5,4,Victoria,1100,2026,3,Monday,1,2
1569,2026-02-22,17:06,J0026,Ciudadela,Casual,Tesla;Nadia,12,6,7,4,Derrota,660,2026,2,Sunday,1,2
7026,2026-05-31,20:39,J0011,Ciudadela,Ranked,Vex;Brisa,27,8,4,3,Victoria,1370,2026,5,Sunday,2,2
3886,2026-04-09,12:32,J0012,Estacion Orbital,Casual,Magnus,19,4,6,4,Derrota,480,2026,4,Thursday,1,1
3466,2026-03-31,23:13,J0011,Ciudadela,Ranked,Koro;Umbra,29,5,4,3,Derrota,570,2026,3,Tuesday,1,2
3468,2026-03-31,05:26,J0017,Ciudadela,Ranked,Nadia,34,6,4,0,Derrota,520,2026,3,Tuesday,2,1
3058,2026-03-24,03:44,J0108,Estacion Orbital,Ranked,Magnus,22,8,3,3,Derrota,890,2026,3,Tuesday,3,1
1414,2026-02-19,20:35,J0060,Desierto Neon,Ranked,Magnus;Tesla,28,1,2,4,Derrota,260,2026,2,Thursday,0,2
5853,2026-05-12,17:54,J0112,Bosque Umbral,Casual,Umbra,12,3,2,5,Victoria,1010,2026,5,Tuesday,2,1
6434,2026-05-22,18:01,J0110,Estacion Orbital,Ranked,Tesla,23,1,4,2,Derrota,120,2026,5,Friday,0,1
4885,2026-04-26,22:24,J0021,Estacion Orbital,Ranked,Tesla,24,8,4,5,Derrota,970,2026,4,Sunday,2,1
9839,2026-07-12,11:59,J0008,Puerto Escarlata,Casual,Brisa,26,3,7,4,Victoria,860,2026,7,Sunday,0,1
7423,2026-06-06,21:33,J0014,Puerto Escarlata,Ranked,Nadia,38,7,5,1,Victoria,1150,2026,6,Saturday,1,1
3772,2026-04-07,00:59,J0100,Estacion Orbital,Ranked,Umbra;Vex,31,17,2,2,Victoria,23,2026,4,Tuesday,8,2
2936,2026-03-22,21:48,J0035,Ciudadela,Casual,Vex;Brisa;Koro,29,13,6,3,,1830,2026,3,Sunday,2,3
5273,2026-05-03,18:52,J0017,Puerto Escarlata,Casual,Vex,16,8,3,2,Derrota,840,2026,5,Sunday,3,1
7140,2026-06-02,16:23,J0014,Estacion Orbital,Casual,Lienzo,18,1,3,3,Victoria,690,2026,6,Tuesday,0,1
8316,2026-06-20,06:41,J0002,Bosque Umbral,Ranked,Nadia;Lienzo,26,4,7,2,Victoria,860,2026,6,Saturday,1,2
2304,2026-03-09,16:25,J0027,Estacion Orbital,Torneo,Nadia,16,7,3,2,Derrota,740,2026,3,Monday,2,1
9004,2026-07-01,13:33,J0028,Canales de Hielo,Casual,Koro,17,5,5,4,Derrota,600,2026,7,Wednesday,1,1
6428,2026-05-21,21:52,J0200,Canales de Hielo,Ranked,Brisa,26,9,0,9,Derrota,1350,2026,5,Thursday,,1
6026,2026-05-16,23:00,J0097,Desierto Neon,Casual,Umbra;Tesla,16,3,6,6,Derrota,480,2026,5,Saturday,0,2
8280,2026-06-20,15:40,J0045,Bosque Umbral,Ranked,Tesla,38,1,4,7,Derrota,370,2026,6,Saturday,0,1
20,2026-01-16,20:57,J0040,Bosque Umbral,Casual,Tesla,9,9,2,3,Victoria,1510,2026,1,Friday,4,1
8305,2026-06-20,19:56,J0172,Canales de Hielo,Casual,Koro;Lienzo,29,6,3,2,Victoria,,2026,6,Saturday,2,2
6690,2026-05-25,18:47,J0112,Canales de Hielo,Torneo,Tesla;Vex;Magnus,15,9,4,3,Victoria,1470,2026,5,Monday,2,3
5505,2026-05-07,18:46,J0005,Ciudadela,Casual,Koro,24,10,3,2,Derrota,,2026,5,Thursday,3,1
5776,2026-05-11,18:29,J0177,Desierto Neon,Ranked,Tesla,44,10,6,10,Derrota,1380,2026,5,Monday,2,1
3828,2026-04-08,18:02,J0004,Canales de Hielo,Ranked,Koro,23,5,2,5,Derrota,,2026,4,Wednesday,2,1
2211,2026-03-07,23:52,J0036,Estacion Orbital,Ranked,Vex,24,8,4,1,Victoria,1270,2026,3,Saturday,2,1
1262,2026-02-15,22:57,J0200,Desierto Neon,Casual,Brisa;Tesla,13,11,3,2,Victoria,1640,2026,2,Sunday,4,2
3003,2026-03-23,01:14,J0004,Desierto Neon,Casual,Vex;Umbra,23,8,0,6,Victoria,1600,2026,3,Monday,,2
810,2026-02-05,20:16,J0024,Canales de Hielo,Casual,Nadia,26,6,3,4,Victoria,1240,2026,2,Thursday,2,1
7959,2026-06-15,20:53,J0025,Canales de Hielo,Casual,Brisa;Umbra,30,6,7,5,,710,2026,6,Monday,1,2
7387,2026-06-06,15:11,J0067,Estacion Orbital,Ranked,Magnus;Koro,27,10,4,3,,1570,2026,6,Saturday,2,2
4603,2026-04-22,20:52,J0023,Estacion Orbital,Ranked,Vex,36,13,8,4,Derrota,1340,2026,4,Wednesday,2,1
1570,2026-02-22,02:32,J0062,Ciudadela,Casual,Vex,12,7,5,8,Victoria,1500,2026,2,Sunday,1,1
6197,2026-05-18,01:22,J0022,Ciudadela,Casual,Magnus;Brisa,22,3,3,3,Derrota,390,2026,5,Monday,1,2
7536,2026-06-08,18:53,J0019,Desierto Neon,Ranked,Vex,29,8,5,8,Derrota,1100,2026,6,Monday,2,1
5226,2026-05-02,20:23,J0170,Puerto Escarlata,Casual,Lienzo,26,8,2,3,Victoria,1410,2026,5,Saturday,4,1
1143,2026-02-13,14:10,J0162,Puerto Escarlata,Casual,Tesla;Magnus,20,3,4,2,Victoria,820,2026,2,Friday,1,2
2821,2026-03-20,18:15,J0002,Desierto Neon,Casual,,27,7,3,5,Derrota,890,2026,3,Friday,2,0
4780,2026-04-25,21:40,J0109,Ciudadela,Ranked,Vex;Koro,45,10,4,5,Victoria,1670,2026,4,Saturday,2,2
2928,2026-03-22,00:45,J0019,Canales de Hielo,Ranked,Magnus;Koro;Lienzo,37,6,4,5,Derrota,770,2026,3,Sunday,2,3
9154,2026-07-03,22:04,J0041,Puerto Escarlata,Ranked,Vex;Brisa;Tesla,44,4,3,2,Victoria,940,2026,7,Friday,1,3
2153,2026-03-06,13:12,J0003,Bosque Umbral,Ranked,Tesla;Magnus,44,1,6,3,Derrota,130,2026,3,Friday,0,2
5764,2026-05-11,18:19,J0099,Bosque Umbral,Casual,Lienzo,28,3,6,1,Derrota,230,2026,5,Monday,0,1
5982,2026-05-15,12:32,J0017,Estacion Orbital,Ranked,Tesla;Nadia,22,9,6,3,Victoria,1430,2026,5,Friday,2,2
3124,2026-03-25,17:44,J0049,Ciudadela,Ranked,Nadia;Magnus;Koro,32,6,7,1,Derrota,510,2026,3,Wednesday,1,3
8719,2026-06-27,21:44,J0103,Canales de Hielo,Torneo,Koro;Nadia,9,9,7,6,Derrota,1060,2026,6,Saturday,1,2
9518,2026-07-09,16:51,J0048,Puerto Escarlata,Casual,Umbra,26,5,5,3,Victoria,1050,2026,7,Thursday,1,1
6876,2026-05-28,19:08,J0052,Puerto Escarlata,Casual,Koro,20,10,2,1,Victoria,1510,2026,5,Thursday,5,1
621,2026-01-31,14:03,J0095,Puerto Escarlata,Ranked,Tesla,30,11,7,6,Victoria,1760,2026,1,Saturday,2,1
3266,2026-03-28,12:41,J0017,Ciudadela,Casual,Tesla;Vex;Koro,11,11,5,5,Victoria,1750,2026,3,Saturday,2,3
3880,2026-04-09,17:59,J0028,Canales de Hielo,Ranked,Nadia,23,5,3,2,Derrota,540,2026,4,Thursday,2,1
4339,2026-04-18,11:25,J0009,Ciudadela,Ranked,Vex,28,4,6,5,Victoria,1030,2026,4,Saturday,1,1
3150,2026-03-25,20:36,J0015,Canales de Hielo,Casual,Vex,15,11,6,3,Derrota,1130,2026,3,Wednesday,2,1
7877,2026-06-13,14:04,J0098,Ciudadela,Casual,Magnus;Koro;Nadia,17,5,7,3,Derrota,510,2026,6,Saturday,1,3
1047,2026-02-11,22:30,J0047,Estacion Orbital,Ranked,Nadia;Brisa,26,4,5,3,,950,2026,2,Wednesday,1,2
9364,2026-07-06,19:34,J0168,Puerto Escarlata,Casual,Lienzo,30,4,5,6,Derrota,600,2026,7,Monday,1,1
7822,2026-06-13,17:03,J0200,Desierto Neon,Casual,Umbra,11,10,1,4,Derrota,1180,2026,6,Saturday,10,1
2628,2026-03-15,08:41,J0057,Desierto Neon,Ranked,Magnus,39,7,7,5,Derrota,,2026,3,Sunday,1,1
3449,2026-03-31,07:18,J0145,Puerto Escarlata,Ranked,Magnus,27,1,4,5,Derrota,270,2026,3,Tuesday,0,1
744,2026-02-03,18:49,J0146,Desierto Neon,Casual,Tesla;Magnus,9,6,5,5,Victoria,1250,2026,2,Tuesday,1,2
223,2026-01-22,20:41,J0027,Ciudadela,Casual,,27,5,7,3,Derrota,510,2026,1,Thursday,1,0
4092,2026-04-12,20:22,J0097,Puerto Escarlata,Casual,Umbra;Magnus,16,6,3,7,Victoria,1390,2026,4,Sunday,2,2
626,2026-01-31,22:05,J0008,Canales de Hielo,Torneo,Lienzo,8,2,3,4,Victoria,840,2026,1,Saturday,1,1
8080,2026-06-17,12:33,J0014,Estacion Orbital,Casual,Umbra,9,3,3,4,Derrota,,2026,6,Wednesday,1,1
5850,2026-05-12,08:55,J0082,Estacion Orbital,Ranked,Koro,22,5,7,5,Derrota,610,2026,5,Tuesday,1,1
4668,2026-04-23,19:58,J0018,Estacion Orbital,Ranked,Lienzo,33,7,6,6,Victoria,1380,2026,4,Thursday,1,1
7441,2026-06-06,20:30,J0027,Puerto Escarlata,Casual,Magnus,25,7,6,0,Victoria,1080,2026,6,Saturday,1,1
2589,2026-03-15,14:04,J0200,Desierto Neon,Casual,Umbra,10,6,3,4,Derrota,740,2026,3,Sunday,2,1
9480,2026-07-08,19:54,J0073,Desierto Neon,Ranked,Brisa,37,0,4,2,Derrota,20,2026,7,Wednesday,0,1
4059,2026-04-12,07:09,J0008,Canales de Hielo,Ranked,Brisa,26,3,8,7,Victoria,990,2026,4,Sunday,0,1
1632,2026-02-23,15:04,J0023,Estacion Orbital,Casual,Brisa,32,7,2,4,Derrota,860,2026,2,Monday,4,1
6514,2026-05-23,21:47,J0109,Desierto Neon,Ranked,Lienzo;Nadia,40,7,3,4,Victoria,1340,2026,5,Saturday,2,2
354,2026-01-25,06:07,J0043,Puerto Escarlata,Casual,Nadia;Umbra,10,6,2,7,Derrota,410,2026,1,Sunday,3,2
9949,2026-07-14,01:50,J0025,Puerto Escarlata,Casual,Tesla,18,4,8,6,Victoria,1040,2026,7,Tuesday,0,1
8149,2026-06-18,22:05,J0083,Puerto Escarlata,Torneo,Tesla;Koro,12,3,7,2,Victoria,760,2026,6,Thursday,0,2
8644,2026-06-26,23:45,J0058,Puerto Escarlata,Ranked,Brisa;Tesla,39,4,8,4,Victoria,940,2026,6,Friday,0,2
3289,2026-03-28,20:49,J0114,Ciudadela,Casual,Umbra;Vex;Koro,18,6,6,9,Victoria,1230,2026,3,Saturday,1,3
240,2026-01-22,21:07,J0038,Ciudadela,Casual,Nadia,30,4,6,8,Victoria,1180,2026,1,Thursday,1,1
2725,2026-03-17,16:48,J0083,Puerto Escarlata,Ranked,Nadia,24,4,6,2,Derrota,380,2026,3,Tuesday,1,1
2190,2026-03-07,12:15,J0050,Bosque Umbral,Casual,Koro,10,3,6,2,Victoria,780,2026,3,Saturday,0,1
2390,2026-03-11,12:34,J0131,Desierto Neon,Casual,Nadia,14,9,6,6,Derrota,1080,2026,3,Wednesday,2,1
3320,2026-03-29,21:53,J0019,Estacion Orbital,Casual,Nadia,19,3,7,2,Victoria,760,2026,3,Sunday,0,1
5077,2026-04-30,21:28,J0046,Desierto Neon,Ranked,Magnus;Lienzo,41,4,3,1,Victoria,890,2026,4,Thursday,1,2
8600,2026-06-25,13:29,J0050,Canales de Hielo,Ranked,Magnus,32,6,7,8,Victoria,1360,2026,6,Thursday,1,1
6744,2026-05-26,11:37,J0064,Bosque Umbral,Torneo,Vex,10,5,8,6,Victoria,1140,2026,5,Tuesday,1,1
3273,2026-03-28,16:41,J0200,Puerto Escarlata,Ranked,Koro,33,6,4,2,Victoria,1120,2026,3,Saturday,2,1
5859,2026-05-13,18:38,J0005,Bosque Umbral,Torneo,Vex,30,5,4,4,Victoria,1120,2026,5,Wednesday,1,1
1019,2026-02-10,13:35,J0097,Desierto Neon,Ranked,,40,8,8,0,,640,2026,2,Tuesday,1,0
8288,2026-06-20,17:26,J0014,Ciudadela,Ranked,Nadia,22,5,5,3,Victoria,1050,2026,6,Saturday,1,1
9711,2026-07-11,21:53,J0200,Canales de Hielo,Ranked,Umbra;Lienzo,26,6,0,2,Derrota,700,2026,7,Saturday,,2
8894,2026-06-29,21:04,J0073,Estacion Orbital,Casual,Lienzo,26,6,3,3,Victoria,1190,2026,6,Monday,2,1
8559,2026-06-24,17:16,J0006,Ciudadela,Ranked,Umbra;Tesla,37,4,7,6,Victoria,1060,2026,6,Wednesday,1,2
1104,2026-02-12,10:37,J0049,Estacion Orbital,Ranked,Lienzo,22,5,4,3,Victoria,1070,2026,2,Thursday,1,1
8445,2026-06-22,22:16,J0074,Puerto Escarlata,Ranked,Tesla,25,6,8,4,Victoria,1140,2026,6,Monday,1,1
7290,2026-06-04,21:32,J0026,Canales de Hielo,Casual,Umbra,22,5,4,9,Derrota,870,2026,6,Thursday,1,1
1670,2026-02-24,05:19,J0058,Estacion Orbital,Casual,Nadia;Lienzo,21,7,7,3,Derrota,710,2026,2,Tuesday,1,2
8380,2026-06-21,19:08,J0200,Ciudadela,Casual,Lienzo,30,7,6,5,Victoria,1330,2026,6,Sunday,1,1
7035,2026-05-31,23:35,J0055,Ciudadela,Ranked,Lienzo,38,2,7,6,Derrota,360,2026,5,Sunday,0,1
5709,2026-05-10,21:56,J0094,Ciudadela,Ranked,Vex;Nadia,23,15,4,5,Derrota,1670,2026,5,Sunday,4,2
6149,2026-05-17,19:43,J0200,Desierto Neon,Torneo,Tesla,9,7,8,4,Derrota,740,2026,5,Sunday,1,1
3155,2026-03-26,11:40,J0085,Desierto Neon,Ranked,Tesla,34,8,8,6,Derrota,940,2026,3,Thursday,1,1
9613,2026-07-10,23:40,J0013,Canales de Hielo,Casual,Vex,8,9,6,3,Victoria,1430,2026,7,Friday,2,1
9309,2026-07-05,10:16,J0123,Desierto Neon,Casual,Magnus,17,6,9,2,Derrota,320,2026,7,Sunday,1,1
7708,2026-06-11,20:32,J0115,Canales de Hielo,Casual,Magnus;Brisa;Tesla,12,4,6,4,Derrota,480,2026,6,Thursday,1,3
1531,2026-02-21,13:50,J0078,Ciudadela,Casual,Magnus,29,5,9,4,Derrota,,2026,2,Saturday,1,1
3430,2026-03-31,20:40,J0023,Ciudadela,Ranked,Umbra,30,11,2,1,Victoria,1610,2026,3,Tuesday,6,1
9417,2026-07-07,15:49,J0200,Ciudadela,Ranked,Magnus,24,7,3,4,Derrota,840,2026,7,Tuesday,2,1
9491,2026-07-08,06:54,J0090,Estacion Orbital,Casual,Umbra;Lienzo;Vex,13,9,5,7,Derrota,1150,2026,7,Wednesday,2,3
5119,2026-05-01,18:00,J0086,Ciudadela,Ranked,Koro,25,4,3,6,Derrota,640,2026,5,Friday,1,1
218,2026-01-22,23:46,J0007,Estacion Orbital,Casual,Lienzo,28,7,9,7,Victoria,1370,2026,1,Thursday,1,1
9890,2026-07-13,14:49,J0035,Canales de Hielo,Casual,Vex,26,13,6,5,Derrota,1430,2026,7,Monday,2,1
9074,2026-07-02,17:18,J0057,Desierto Neon,Casual,Lienzo;Brisa,14,6,5,4,Victoria,1200,2026,7,Thursday,1,2
8487,2026-06-23,19:40,J0009,Puerto Escarlata,Ranked,Umbra,28,3,8,4,Derrota,340,2026,6,Tuesday,0,1
1035,2026-02-10,20:51,J0086,Puerto Escarlata,Ranked,Lienzo;Umbra,36,6,2,8,Derrota,960,2026,2,Tuesday,3,2
5983,2026-05-15,11:26,J0005,Ciudadela,Torneo,Tesla,18,9,6,4,Victoria,1480,2026,5,Friday,2,1
7196,2026-06-02,21:49,J0138,Bosque Umbral,Casual,Tesla,25,2,4,4,Derrota,320,2026,6,Tuesday,0,1
2418,2026-03-12,18:52,J0135,Desierto Neon,Ranked,Vex;Umbra,40,9,9,2,Derrota,820,2026,3,Thursday,1,2
8643,2026-06-26,21:17,J0079,Canales de Hielo,Casual,Koro;Lienzo,22,6,5,10,Derrota,1000,2026,6,Friday,1,2
9115,2026-07-03,12:36,J0040,Ciudadela,Casual,Vex,23,9,5,3,Victoria,1450,2026,7,Friday,2,1
907,2026-02-07,15:25,J0066,Estacion Orbital,Ranked,Umbra,41,13,5,4,Derrota,1400,2026,2,Saturday,3,1
4506,2026-04-20,10:14,J0069,Estacion Orbital,Ranked,Umbra,22,2,2,2,Victoria,760,2026,4,Monday,1,1
7750,2026-06-12,00:35,J0038,Estacion Orbital,Ranked,Lienzo,27,1,5,4,Victoria,700,2026,6,Friday,0,1
6852,2026-05-28,20:15,J0102,Puerto Escarlata,Casual,Vex;Nadia,22,5,6,4,Victoria,1080,2026,5,Thursday,1,2
2875,2026-03-21,12:57,J0044,Desierto Neon,Torneo,Umbra,31,10,3,5,Derrota,1190,2026,3,Saturday,3,1
7034,2026-05-31,22:01,J0097,Desierto Neon,Casual,Brisa,32,3,6,3,Victoria,830,2026,5,Sunday,0,1
6278,2026-05-19,13:34,J0008,Bosque Umbral,Ranked,Magnus,28,3,6,6,Derrota,480,2026,5,Tuesday,0,1
6983,2026-05-30,19:20,J0103,Bosque Umbral,Casual,Lienzo;Magnus,27,10,7,3,Victoria,1510,2026,5,Saturday,1,2
7317,2026-06-05,11:50,J0101,Canales de Hielo,Ranked,Vex,42,8,4,3,Derrota,870,2026,6,Friday,2,1
4218,2026-04-15,15:18,J0019,Canales de Hielo,Casual,Umbra;Koro,23,1,6,6,Victoria,780,2026,4,Wednesday,0,2
4421,2026-04-19,00:58,J0004,Puerto Escarlata,Casual,Koro;Vex,27,5,10,2,Derrota,400,2026,4,Sunday,0,2
3762,2026-04-07,07:19,J0084,Estacion Orbital,Ranked,Vex,38,10,3,8,Derrota,1340,2026,4,Tuesday,3,1
2819,2026-03-20,18:25,J0002,Ciudadela,Ranked,Lienzo,43,4,4,7,Derrota,670,2026,3,Friday,1,1
1497,2026-02-21,22:29,J0072,Estacion Orbital,Casual,Tesla,12,1,5,5,Derrota,250,2026,2,Saturday,0,1
853,2026-02-06,17:53,J0017,Canales de Hielo,Torneo,Brisa;Magnus,8,7,5,1,Victoria,1150,2026,2,Friday,1,2
3603,2026-04-04,02:24,J0073,Ciudadela,Torneo,Tesla,16,6,6,3,Derrota,630,2026,4,Saturday,1,1
8099,2026-06-17,10:50,J0123,Desierto Neon,Casual,Nadia;Koro,14,4,5,3,Derrota,,2026,6,Wednesday,1,2
8825,2026-06-28,19:59,J0144,Puerto Escarlata,Torneo,Koro;Brisa,18,10,6,1,Victoria,1430,2026,6,Sunday,2,2
9261,2026-07-05,08:50,J0061,Ciudadela,Ranked,Magnus,40,3,5,5,Victoria,950,2026,7,Sunday,1,1
4515,2026-04-20,19:38,J0008,Bosque Umbral,Casual,Magnus,30,2,1,6,Derrota,480,2026,4,Monday,2,1
5704,2026-05-10,18:42,J0009,Bosque Umbral,Casual,Tesla;Lienzo,31,1,3,2,Derrota,140,2026,5,Sunday,0,2
7763,2026-06-12,16:51,J0075,Ciudadela,Ranked,,39,10,2,5,Victoria,1710,2026,6,Friday,5,0
4983,2026-04-28,05:42,J0186,Estacion Orbital,Ranked,Vex;Lienzo;Koro,22,11,5,4,Victoria,1700,2026,4,Tuesday,2,3
2778,2026-03-19,03:02,J0004,Canales de Hielo,Casual,Magnus;Nadia,21,7,4,3,Derrota,770,2026,3,Thursday,2,2
6848,2026-05-28,16:23,J0101,Ciudadela,Casual,Nadia,11,9,7,7,Victoria,1610,2026,5,Thursday,1,1
748,2026-02-03,19:11,J0026,Desierto Neon,Ranked,Umbra,39,4,7,8,Derrota,660,2026,2,Tuesday,1,1
9652,2026-07-11,00:35,J0056,Puerto Escarlata,Casual,Lienzo,21,4,7,4,Derrota,460,2026,7,Saturday,1,1
348,2026-01-25,22:00,J0200,Canales de Hielo,Ranked,Nadia,38,7,8,2,Derrota,640,2026,1,Sunday,1,1
7130,2026-06-01,08:05,J0013,Estacion Orbital,Torneo,Nadia,30,7,7,1,Victoria,1110,2026,6,Monday,1,1
6344,2026-05-20,20:34,J0005,Canales de Hielo,Ranked,Lienzo,38,3,4,6,Victoria,1020,2026,5,Wednesday,1,1
2708,2026-03-17,20:51,J0067,Ciudadela,Casual,Nadia,13,4,9,9,Victoria,1170,2026,3,Tuesday,0,1
7078,2026-06-01,05:34,J0002,Ciudadela,Casual,Brisa;Tesla,22,2,4,1,Derrota,170,2026,6,Monday,0,2
7430,2026-06-06,18:53,J0076,Estacion Orbital,Casual,Lienzo;Umbra,12,8,4,5,,970,2026,6,Saturday,2,2
3423,2026-03-31,17:12,J0017,Canales de Hielo,Ranked,Magnus;Lienzo,28,5,7,4,Victoria,1060,2026,3,Tuesday,1,2
4827,2026-04-26,19:32,J0024,Bosque Umbral,Ranked,Brisa;Nadia,40,7,5,3,Victoria,1250,2026,4,Sunday,1,2
5720,2026-05-10,18:13,J0056,Bosque Umbral,Torneo,Lienzo;Nadia,11,0,7,12,Derrota,460,2026,5,Sunday,0,2
3354,2026-03-29,19:11,J0020,Bosque Umbral,Ranked,Umbra;Koro,33,10,4,3,Derrota,1070,2026,3,Sunday,2,2
8785,2026-06-27,23:20,J0063,Canales de Hielo,Ranked,Umbra,23,8,4,6,Victoria,1520,2026,6,Saturday,2,1
3144,2026-03-25,19:01,J0008,Canales de Hielo,Casual,Magnus;Koro,13,2,7,6,Derrota,360,2026,3,Wednesday,0,2
6018,2026-05-16,00:44,J0043,Ciudadela,Ranked,Brisa;Umbra,35,4,6,5,Victoria,1030,2026,5,Saturday,1,2
4919,2026-04-27,08:43,J0032,Estacion Orbital,Ranked,,26,14,3,4,Derrota,1540,2026,4,Monday,5,0
3483,2026-04-01,10:06,J0007,Desierto Neon,Casual,Tesla,16,6,5,3,Victoria,1150,2026,4,Wednesday,1,1
1836,2026-02-28,20:04,J0057,Ciudadela,Ranked,Umbra;Koro,36,7,6,5,Victoria,1330,2026,2,Saturday,1,2
2274,2026-03-08,17:47,J0016,Estacion Orbital,Ranked,Nadia,37,5,4,5,Derrota,670,2026,3,Sunday,1,1
764,2026-02-04,05:20,J0046,Bosque Umbral,Casual,Magnus,11,6,3,3,Derrota,690,2026,2,Wednesday,2,1
3523,2026-04-02,09:44,J0019,Canales de Hielo,Ranked,Tesla;Lienzo,45,4,3,1,Derrota,390,2026,4,Thursday,1,2
6598,2026-05-24,05:21,J0033,Canales de Hielo,Ranked,Brisa;Nadia,45,8,8,7,Derrota,990,2026,5,Sunday,1,2
8917,2026-06-29,22:22,J0063,Puerto Escarlata,Casual,Magnus;Vex,17,14,5,5,Victoria,2050,2026,6,Monday,3,2
4713,2026-04-24,22:08,J0009,Canales de Hielo,Ranked,Nadia,38,5,4,4,Derrota,620,2026,4,Friday,1,1
1223,2026-02-15,18:37,J0015,Canales de Hielo,Casual,Brisa;Lienzo,28,7,9,3,Derrota,670,2026,2,Sunday,1,2
2681,2026-03-17,17:46,J0019,Desierto Neon,Casual,Umbra;Brisa,18,2,2,8,Derrota,560,2026,3,Tuesday,1,2
8726,2026-06-27,18:18,J0012,Desierto Neon,Ranked,Koro,24,4,7,5,Victoria,1010,2026,6,Saturday,1,1
7866,2026-06-13,21:11,J0016,Estacion Orbital,Torneo,Magnus;Nadia,26,9,6,3,Victoria,1430,2026,6,Saturday,2,2
4746,2026-04-24,22:51,J0124,Puerto Escarlata,Torneo,Nadia,24,2,8,3,Victoria,690,2026,4,Friday,0,1
6464,2026-05-22,22:51,J0055,Estacion Orbital,Casual,Umbra,23,6,3,8,Derrota,840,2026,5,Friday,2,1
6188,2026-05-18,09:09,J0004,Puerto Escarlata,Casual,Magnus,15,2,3,1,Derrota,190,2026,5,Monday,1,1
9864,2026-07-13,01:26,J0200,Desierto Neon,Casual,Nadia,18,8,6,3,Derrota,830,2026,7,Monday,1,1
709,2026-02-02,22:49,J0064,Desierto Neon,Casual,Koro,29,2,2,1,Victoria,710,2026,2,Monday,1,1
510,2026-01-28,18:24,J0043,Puerto Escarlata,Ranked,Tesla,42,5,3,4,Victoria,1140,2026,1,Wednesday,2,1
3069,2026-03-24,18:00,J0157,Desierto Neon,Ranked,Umbra,40,5,4,3,Derrota,570,2026,3,Tuesday,1,1
7667,2026-06-10,10:10,J0120,Bosque Umbral,Ranked,Umbra;Tesla,28,10,6,8,Victoria,1780,2026,6,Wednesday,2,2
7324,2026-06-05,21:55,J0090,Puerto Escarlata,Ranked,Magnus,43,3,2,5,Derrota,510,2026,6,Friday,2,1
5007,2026-04-29,21:50,J0153,Estacion Orbital,Ranked,Koro,22,3,3,3,Derrota,390,2026,4,Wednesday,1,1
8448,2026-06-22,22:03,J0103,Puerto Escarlata,Casual,Vex,8,10,5,3,Derrota,1050,2026,6,Monday,2,1
2690,2026-03-17,21:18,J0139,Canales de Hielo,Torneo,Lienzo,32,4,2,1,Victoria,910,2026,3,Tuesday,2,1
4641,2026-04-23,09:05,J0004,Puerto Escarlata,Torneo,Lienzo,30,3,4,3,Victoria,870,2026,4,Thursday,1,1
6949,2026-05-30,20:39,J0003,Desierto Neon,Casual,Umbra;Tesla,15,6,0,3,Victoria,1250,2026,5,Saturday,,2
7839,2026-06-13,22:43,J0047,Bosque Umbral,Casual,Vex;Koro,19,12,5,1,,1650,2026,6,Saturday,2,2
7264,2026-06-04,14:17,J0048,Desierto Neon,Casual,Magnus,21,4,5,0,Victoria,800,2026,6,Thursday,1,1
4013,2026-04-11,12:22,J0027,Canales de Hielo,Casual,Lienzo;Magnus,20,2,6,6,Derrota,380,2026,4,Saturday,0,2
4554,2026-04-21,22:07,J0078,Bosque Umbral,Torneo,Lienzo;Umbra;Brisa,14,6,7,6,Derrota,760,2026,4,Tuesday,1,3
712,2026-02-02,12:31,J0150,Puerto Escarlata,Ranked,Tesla;Magnus,32,9,6,1,Derrota,830,2026,2,Monday,2,2
6595,2026-05-24,20:44,J0052,Bosque Umbral,Casual,Nadia,26,8,6,5,,930,2026,5,Sunday,1,1
9200,2026-07-04,20:31,J0011,Bosque Umbral,Casual,Brisa,20,7,6,2,Victoria,1180,2026,7,Saturday,1,1
1513,2026-02-21,18:12,J0084,Canales de Hielo,Casual,Tesla,11,4,4,4,Derrota,520,2026,2,Saturday,1,1
5658,2026-05-10,21:08,J0025,Ciudadela,Ranked,Koro,30,6,9,2,Derrota,520,2026,5,Sunday,1,1
1373,2026-02-18,21:52,J0038,Estacion Orbital,Ranked,Vex;Brisa;Umbra,24,4,1,3,Victoria,1030,2026,2,Wednesday,4,3
4368,2026-04-18,21:15,J0011,Desierto Neon,Casual,Lienzo;Brisa,31,5,8,8,Victoria,1240,2026,4,Saturday,1,2
713,2026-02-02,14:22,J0011,Puerto Escarlata,Casual,Umbra;Nadia,22,2,5,8,Derrota,500,2026,2,Monday,0,2
3008,2026-03-23,23:26,J0081,Bosque Umbral,Ranked,Nadia,42,5,4,1,Derrota,470,2026,3,Monday,1,1
1246,2026-02-15,07:45,J0035,Bosque Umbral,Ranked,Nadia,37,9,3,7,Derrota,1190,2026,2,Sunday,3,1
9937,2026-07-14,16:12,J0069,Estacion Orbital,Casual,Umbra;Lienzo,28,5,4,3,Victoria,1070,2026,7,Tuesday,1,2
4413,2026-04-19,20:04,J0168,Desierto Neon,Casual,Tesla;Vex,14,6,3,4,Victoria,1240,2026,4,Sunday,2,2
5225,2026-05-02,22:14,J0005,Ciudadela,Ranked,Tesla,37,6,5,3,Derrota,650,2026,5,Saturday,1,1
716,2026-02-03,18:03,J0103,Bosque Umbral,Casual,Tesla,22,13,3,3,Derrota,1390,2026,2,Tuesday,4,1
2508,2026-03-14,17:03,J0072,Estacion Orbital,Casual,Tesla;Magnus,23,4,3,6,Derrota,640,2026,3,Saturday,1,2
6059,2026-05-16,23:35,J0002,Estacion Orbital,Casual,Magnus,27,4,4,3,Derrota,470,2026,5,Saturday,1,1
5362,2026-05-05,17:06,J0005,Bosque Umbral,Ranked,Umbra;Lienzo,43,7,2,3,Victoria,1310,2026,5,Tuesday,4,2
8873,2026-06-29,18:17,J0002,Canales de Hielo,Casual,Vex;Tesla,29,7,1,8,Victoria,1580,2026,6,Monday,7,2
2336,2026-03-10,16:09,J0046,Ciudadela,Ranked,Nadia,27,8,4,1,Derrota,770,2026,3,Tuesday,2,1
3598,2026-04-04,19:57,J0060,Canales de Hielo,Ranked,Tesla,31,4,3,4,Derrota,540,2026,4,Saturday,1,1
2246,2026-03-08,20:48,J0086,Puerto Escarlata,Ranked,Magnus,41,6,4,4,Derrota,720,2026,3,Sunday,2,1
213,2026-01-21,01:11,J0053,Puerto Escarlata,Casual,Nadia;Magnus,27,4,8,8,Derrota,640,2026,1,Wednesday,0,2
6228,2026-05-19,18:32,J0053,Estacion Orbital,Ranked,Magnus;Nadia,27,13,2,3,Victoria,1910,2026,5,Tuesday,6,2
4602,2026-04-22,15:39,J0012,Ciudadela,Casual,Brisa;Magnus,18,5,4,2,Victoria,1020,2026,4,Wednesday,1,2
1011,2026-02-09,12:49,J0082,Canales de Hielo,Casual,Umbra,26,5,6,3,Victoria,1030,2026,2,Monday,1,1
324,2026-01-24,12:02,J0034,Desierto Neon,Casual,Brisa;Tesla;Vex,18,15,6,6,Victoria,22,2026,1,Saturday,2,3
3434,2026-03-31,11:59,J0088,Bosque Umbral,Ranked,Lienzo,42,7,3,1,Victoria,1190,2026,3,Tuesday,2,1
4274,2026-04-16,03:19,J0144,Bosque Umbral,Torneo,Vex;Lienzo,9,14,12,6,Victoria,1960,2026,4,Thursday,1,2
8596,2026-06-25,18:36,J0014,Canales de Hielo,Ranked,Brisa;Vex,26,3,1,8,Victoria,1180,2026,6,Thursday,3,2
335,2026-01-24,17:42,J0035,Bosque Umbral,Ranked,Lienzo,31,12,4,3,Victoria,1770,2026,1,Saturday,3,1
5509,2026-05-07,22:39,J0050,Bosque Umbral,Torneo,Magnus;Vex,30,10,7,1,Derrota,910,2026,5,Thursday,1,2
2289,2026-03-09,23:27,J0059,Puerto Escarlata,Casual,Lienzo;Vex,28,6,5,2,Victoria,1300,2026,3,Monday,1,2
2030,2026-03-04,12:37,J0006,Estacion Orbital,Casual,Umbra;Koro,20,9,3,2,Derrota,940,2026,3,Wednesday,3,2
7563,2026-06-08,19:53,J0063,Ciudadela,Casual,Tesla;Nadia,21,8,5,1,Victoria,1250,2026,6,Monday,2,2
1964,2026-03-02,18:22,J0007,Puerto Escarlata,Ranked,,34,13,4,1,Derrota,1270,2026,3,Monday,3,0
234,2026-01-22,15:13,J0007,Bosque Umbral,Casual,Magnus,23,5,2,4,Victoria,1160,2026,1,Thursday,2,1
6700,2026-05-25,20:30,J0035,Bosque Umbral,Ranked,Vex,28,12,6,5,Victoria,1830,2026,5,Monday,2,1
4642,2026-04-23,17:27,J0004,Estacion Orbital,Casual,Vex,13,9,4,6,Derrota,1120,2026,4,Thursday,2,1
7617,2026-06-09,21:39,J0134,Canales de Hielo,Ranked,Umbra,28,6,3,6,Derrota,840,2026,6,Tuesday,2,1
4322,2026-04-17,19:45,J0084,Canales de Hielo,Casual,Brisa;Umbra,24,6,6,4,Derrota,680,2026,4,Friday,1,2
7266,2026-06-04,21:02,J0035,Desierto Neon,Ranked,Nadia;Tesla;Vex,27,10,9,2,Victoria,1420,2026,6,Thursday,1,3
9062,2026-07-01,21:21,J0058,Ciudadela,Ranked,Magnus,37,9,3,4,,1540,2026,7,Wednesday,3,1
8541,2026-06-24,19:55,J0027,Canales de Hielo,Casual,Umbra,22,3,1,5,Victoria,1030,2026,6,Wednesday,3,1
2148,2026-03-06,10:06,J0119,Estacion Orbital,Casual,Vex,27,10,2,3,Derrota,1110,2026,3,Friday,5,1
1663,2026-02-24,18:13,J0031,Bosque Umbral,Ranked,,22,4,5,4,Derrota,500,2026,2,Tuesday,1,0
9773,2026-07-12,21:35,J0072,Ciudadela,Casual,Nadia,27,5,2,5,Derrota,710,2026,7,Sunday,2,1
4402,2026-04-18,09:12,J0059,Puerto Escarlata,Ranked,Umbra,25,2,4,6,Victoria,920,2026,4,Saturday,0,1
2974,2026-03-22,07:54,J0061,Bosque Umbral,Ranked,Umbra;Magnus,34,2,4,1,Derrota,170,2026,3,Sunday,0,2
6452,2026-05-22,15:40,J0014,Canales de Hielo,Ranked,Nadia;Vex,40,7,3,1,Derrota,690,2026,5,Friday,2,2
775,2026-02-04,19:48,J0084,Desierto Neon,Ranked,Tesla,36,6,2,3,Derrota,710,2026,2,Wednesday,3,1
2474,2026-03-13,21:44,J0151,Canales de Hielo,Ranked,Brisa,29,7,6,1,Victoria,1130,2026,3,Friday,1,1
872,2026-02-07,03:46,J0030,Desierto Neon,Casual,Nadia,25,12,2,7,Derrota,1510,2026,2,Saturday,6,1
1544,2026-02-21,00:42,J0065,Desierto Neon,Ranked,Tesla,39,3,4,8,Derrota,620,2026,2,Saturday,1,1
1264,2026-02-15,07:05,J0008,Estacion Orbital,Ranked,Nadia;Koro;Umbra,23,3,1,3,Derrota,430,2026,2,Sunday,3,3
4922,2026-04-27,13:43,J0070,Canales de Hielo,Casual,Vex,14,4,3,4,Victoria,1040,2026,4,Monday,1,1
4420,2026-04-19,19:10,J0012,Ciudadela,Ranked,Vex;Lienzo,41,7,3,1,Victoria,1190,2026,4,Sunday,2,2
7664,2026-06-10,16:03,J0045,Ciudadela,Ranked,Umbra;Nadia,34,6,5,3,Derrota,650,2026,6,Wednesday,1,2
2311,2026-03-09,11:47,J0028,Desierto Neon,Casual,Umbra,30,6,6,5,Derrota,730,2026,3,Monday,1,1
7397,2026-06-06,15:28,J0016,Bosque Umbral,Casual,Tesla;Brisa,13,14,8,4,Derrota,1440,2026,6,Saturday,2,2
1221,2026-02-14,11:14,J0085,Estacion Orbital,Ranked,,24,5,6,0,Derrota,380,2026,2,Saturday,1,0
2679,2026-03-16,20:06,J0200,Desierto Neon,Ranked,Umbra;Magnus,24,3,5,6,Victoria,1000,2026,3,Monday,1,2
5467,2026-05-07,19:01,J0200,Desierto Neon,Casual,Nadia;Lienzo;Tesla,31,6,7,4,Victoria,1160,2026,5,Thursday,1,3
409,2026-01-26,17:35,J0045,Ciudadela,Torneo,Vex,31,8,7,1,Derrota,710,2026,1,Monday,1,1
4871,2026-04-26,19:17,J0032,Bosque Umbral,Ranked,Nadia,29,4,4,3,Derrota,470,2026,4,Sunday,1,1
1685,2026-02-24,22:27,J0016,Bosque Umbral,Casual,Lienzo,29,6,1,3,Victoria,1230,2026,2,Tuesday,6,1
9027,2026-07-01,22:29,J0051,Desierto Neon,Ranked,Umbra,23,3,9,4,Derrota,320,2026,7,Wednesday,0,1
9819,2026-07-12,16:45,J0019,Bosque Umbral,Casual,Vex,10,5,4,5,Derrota,670,2026,7,Sunday,1,1
1766,2026-02-26,17:55,J0153,Desierto Neon,Casual,Koro,8,7,6,3,Victoria,1230,2026,2,Thursday,1,1
4817,2026-04-25,15:45,J0038,Canales de Hielo,Casual,Umbra,32,7,0,1,Victoria,1250,2026,4,Saturday,,1
6759,2026-05-26,11:44,J0017,Ciudadela,Ranked,Lienzo,27,2,1,1,Derrota,230,2026,5,Tuesday,2,1
7079,2026-06-01,16:38,J0116,Ciudadela,Ranked,Vex;Nadia,24,15,5,3,Victoria,2050,2026,6,Monday,3,2
2184,2026-03-07,16:09,J0027,Desierto Neon,Torneo,Umbra,9,5,4,4,Derrota,620,2026,3,Saturday,1,1
3001,2026-03-23,14:03,J0031,Canales de Hielo,Ranked,Nadia,33,9,2,4,Victoria,,2026,3,Monday,4,1
6038,2026-05-16,19:43,J0055,Ciudadela,Ranked,Umbra,37,6,8,4,Derrota,640,2026,5,Saturday,1,1
6224,2026-05-19,20:37,J0011,Estacion Orbital,Casual,Vex;Umbra;Nadia,15,2,1,7,Victoria,1030,2026,5,Tuesday,2,3
3080,2026-03-24,19:40,J0012,Puerto Escarlata,Casual,Koro,15,9,2,9,Victoria,1810,2026,3,Tuesday,4,1
6435,2026-05-22,16:59,J0036,Canales de Hielo,Ranked,Magnus;Vex,22,9,3,5,Victoria,1590,2026,5,Friday,3,2
2200,2026-03-07,12:36,J0135,Canales de Hielo,Casual,Umbra;Tesla,24,11,2,4,Derrota,1260,2026,3,Saturday,6,2
9917,2026-07-13,18:43,J0004,Puerto Escarlata,Torneo,Koro;Vex,9,4,5,4,Victoria,1000,2026,7,Monday,1,2
7960,2026-06-15,19:51,J0101,Estacion Orbital,Casual,Vex;Umbra,12,15,4,6,Derrota,1720,2026,6,Monday,4,2
5706,2026-05-10,21:40,J0033,Puerto Escarlata,Casual,Koro,21,8,3,6,Derrota,1040,2026,5,Sunday,3,1
2292,2026-03-09,15:18,J0037,Desierto Neon,Ranked,Magnus,36,12,5,4,Derrota,,2026,3,Monday,2,1
2109,2026-03-05,07:23,J0044,Canales de Hielo,Torneo,Koro;Vex,24,6,5,2,Victoria,1100,2026,3,Thursday,1,2
8814,2026-06-28,01:18,J0016,Bosque Umbral,Casual,Tesla,8,10,3,5,Derrota,1190,2026,6,Sunday,3,1
2128,2026-03-06,17:28,J0153,Estacion Orbital,Torneo,Brisa;Koro,13,10,4,3,Victoria,1570,2026,3,Friday,2,2
7744,2026-06-11,12:06,J0007,Canales de Hielo,Ranked,,38,14,4,5,Derrota,1570,2026,6,Thursday,4,0
8236,2026-06-19,18:46,J0115,Desierto Neon,Casual,Nadia,25,4,4,5,,1070,2026,6,Friday,1,1
3509,2026-04-02,19:43,J0079,Estacion Orbital,Casual,Vex,17,10,6,5,Derrota,1130,2026,4,Thursday,2,1
2158,2026-03-06,18:07,J0200,Canales de Hielo,Ranked,Brisa;Vex;Lienzo,23,11,5,4,Victoria,1700,2026,3,Friday,2,3
1499,2026-02-21,20:27,J0176,Desierto Neon,Casual,Koro;Umbra,15,4,5,3,Victoria,950,2026,2,Saturday,1,2
1480,2026-02-20,09:31,J0129,Canales de Hielo,Ranked,Vex;Koro,27,6,9,3,Victoria,1070,2026,2,Friday,1,2
7017,2026-05-31,21:56,J0177,Estacion Orbital,Casual,Magnus,23,12,5,2,Derrota,1200,2026,5,Sunday,2,1
4721,2026-04-24,18:14,J0078,Canales de Hielo,Ranked,Koro,28,6,7,8,Derrota,560,2026,4,Friday,1,1
4878,2026-04-26,21:01,J0025,Puerto Escarlata,Ranked,Magnus,22,6,2,6,Derrota,460,2026,4,Sunday,3,1
6962,2026-05-30,15:30,J0012,Puerto Escarlata,Casual,Nadia,19,4,3,5,Victoria,1090,2026,5,Saturday,1,1
1559,2026-02-21,22:47,J0013,Canales de Hielo,Ranked,Magnus;Umbra,28,3,5,2,Derrota,300,2026,2,Saturday,1,2
8313,2026-06-20,19:53,J0200,Ciudadela,Ranked,Lienzo;Brisa,24,9,4,2,Derrota,920,2026,6,Saturday,2,2
5329,2026-05-04,16:25,J0040,Estacion Orbital,Ranked,Vex;Magnus,42,8,4,6,Derrota,1020,2026,5,Monday,2,2
3182,2026-03-26,22:11,J0036,Desierto Neon,Casual,Tesla;Nadia;Vex,24,9,8,2,Victoria,1340,2026,3,Thursday,1,3
5765,2026-05-11,12:19,J0109,Canales de Hielo,Casual,Nadia;Vex,27,9,3,3,Derrota,990,2026,5,Monday,3,2
5141,2026-05-01,11:54,J0057,Puerto Escarlata,Torneo,Lienzo;Magnus,31,5,6,2,Derrota,480,2026,5,Friday,1,2
9848,2026-07-13,21:32,J0009,Puerto Escarlata,Ranked,Tesla;Lienzo;Vex,34,6,1,2,Derrota,680,2026,7,Monday,6,3
6433,2026-05-22,22:06,J0048,Bosque Umbral,Casual,Lienzo;Vex,17,10,4,2,Victoria,1520,2026,5,Friday,2,2
746,2026-02-03,20:55,J0039,Desierto Neon,Ranked,Magnus,30,8,5,5,Derrota,950,2026,2,Tuesday,2,1
9357,2026-07-06,15:57,J0013,Desierto Neon,Ranked,Brisa,29,5,4,1,Victoria,,2026,7,Monday,1,1
711,2026-02-02,15:16,J0090,Bosque Umbral,Ranked,Magnus,41,4,2,1,Victoria,910,2026,2,Monday,2,1
380,2026-01-25,23:42,J0002,Estacion Orbital,Casual,Nadia;Vex;Tesla,26,10,6,7,Derrota,1230,2026,1,Sunday,2,3
8216,2026-06-19,15:21,J0022,Ciudadela,Casual,Koro,28,5,5,1,Victoria,950,2026,6,Friday,1,1
3012,2026-03-23,15:27,J0010,Estacion Orbital,Casual,Magnus;Lienzo,8,6,2,5,Derrota,810,2026,3,Monday,3,2
8928,2026-06-29,23:56,J0020,Canales de Hielo,Ranked,Brisa;Nadia,39,9,4,5,Victoria,1570,2026,6,Monday,2,2
7278,2026-06-04,22:32,J0092,Desierto Neon,Torneo,Brisa,17,7,5,3,Derrota,750,2026,6,Thursday,1,1
4302,2026-04-17,19:09,J0173,Desierto Neon,Ranked,,35,11,6,6,Derrota,1280,2026,4,Friday,2,0
4077,2026-04-12,17:54,J0015,Estacion Orbital,Ranked,Magnus,25,17,3,2,Victoria,22,2026,4,Sunday,6,1
7908,2026-06-14,22:42,J0074,Puerto Escarlata,Casual,Koro,14,5,3,6,Derrota,740,2026,6,Sunday,2,1
4569,2026-04-21,19:13,J0046,Desierto Neon,Ranked,Koro,44,6,5,5,Victoria,1250,2026,4,Tuesday,1,1
5282,2026-05-03,19:29,J0008,Ciudadela,Ranked,Vex;Brisa,29,11,9,3,Victoria,1570,2026,5,Sunday,1,2
9041,2026-07-01,10:26,J0200,Desierto Neon,Ranked,Koro,31,7,3,3,Victoria,1290,2026,7,Wednesday,2,1
8349,2026-06-21,18:17,J0200,Ciudadela,Casual,Umbra;Vex,14,6,8,3,Victoria,790,2026,6,Sunday,1,2
4920,2026-04-27,18:28,J0011,Puerto Escarlata,Ranked,Brisa,27,3,8,6,Derrota,440,2026,4,Monday,0,1
9476,2026-07-08,20:09,J0200,Estacion Orbital,Casual,Tesla;Magnus;Koro,28,8,5,2,Derrota,800,2026,7,Wednesday,2,3
1314,2026-02-17,18:29,J0019,Puerto Escarlata,Casual,Umbra;Lienzo;Magnus,25,4,9,1,Derrota,270,2026,2,Tuesday,0,3
8362,2026-06-21,08:46,J0018,Puerto Escarlata,Casual,Nadia,14,4,7,2,Derrota,360,2026,6,Sunday,1,1
5015,2026-04-29,21:49,J0021,Desierto Neon,Ranked,Lienzo;Brisa,45,5,3,5,Derrota,690,2026,4,Wednesday,2,2
2927,2026-03-22,22:25,J0058,Canales de Hielo,Ranked,Koro;Vex,44,8,7,2,Victoria,,2026,3,Sunday,1,2
4186,2026-04-14,21:56,J0006,Desierto Neon,Ranked,Vex;Magnus,43,15,5,3,Victoria,2050,2026,4,Tuesday,3,2
6948,2026-05-30,14:12,J0029,Desierto Neon,Ranked,Koro,45,3,6,4,Derrota,380,2026,5,Saturday,0,1
1286,2026-02-16,18:01,J0022,Puerto Escarlata,Torneo,Nadia;Magnus;Brisa,24,7,3,5,Derrota,890,2026,2,Monday,2,3
4464,2026-04-19,17:59,J0122,Puerto Escarlata,Ranked,Brisa,40,14,5,7,Victoria,22,2026,4,Sunday,3,1
8013,2026-06-16,14:28,J0022,Bosque Umbral,Torneo,Magnus;Brisa,12,4,6,4,Victoria,980,2026,6,Tuesday,1,2
1350,2026-02-18,19:04,J0108,Bosque Umbral,Ranked,Lienzo,28,2,2,3,Victoria,810,2026,2,Wednesday,1,1
5852,2026-05-12,00:12,J0045,Canales de Hielo,Ranked,Tesla;Lienzo,40,4,4,3,Derrota,470,2026,5,Tuesday,1,2
8064,2026-06-16,23:14,J0121,Estacion Orbital,Ranked,Magnus,41,0,9,4,Derrota,20,2026,6,Tuesday,0,1
8833,2026-06-28,14:56,J0034,Puerto Escarlata,Casual,Umbra,13,5,4,6,Derrota,720,2026,6,Sunday,1,1
1924,2026-03-01,20:26,J0004,Estacion Orbital,Casual,Koro,31,4,3,5,Derrota,590,2026,3,Sunday,1,1
428,2026-01-26,20:10,J0005,Canales de Hielo,Casual,Vex,12,13,5,6,Derrota,1500,2026,1,Monday,3,1
654,2026-02-01,21:49,J0015,Puerto Escarlata,Torneo,Umbra,14,9,4,4,Derrota,1020,2026,2,Sunday,2,1
8142,2026-06-17,16:26,J0017,Estacion Orbital,Casual,Nadia;Magnus;Brisa,14,9,7,5,Derrota,1010,2026,6,Wednesday,1,3
6540,2026-05-23,21:02,J0076,Estacion Orbital,Ranked,,30,7,4,3,Derrota,770,2026,5,Saturday,2,0
8554,2026-06-24,18:20,J0021,Canales de Hielo,Casual,Magnus,29,5,1,2,Derrota,580,2026,6,Wednesday,5,1
1609,2026-02-22,19:13,J0028,Canales de Hielo,Ranked,Umbra,34,5,6,8,Derrota,780,2026,2,Sunday,1,1
3371,2026-03-30,20:04,J0002,Ciudadela,Casual,Magnus;Umbra,20,2,2,8,Derrota,560,2026,3,Monday,1,2
4826,2026-04-26,16:51,J0110,Estacion Orbital,Casual,Tesla,32,6,6,5,Derrota,430,2026,4,Sunday,1,1
6138,2026-05-17,05:17,J0014,Canales de Hielo,Ranked,Vex,29,7,4,3,Victoria,1270,2026,5,Sunday,2,1
9012,2026-07-01,18:35,J0093,Puerto Escarlata,Ranked,Lienzo,25,4,4,3,Derrota,470,2026,7,Wednesday,1,1
6183,2026-05-18,19:22,J0101,Canales de Hielo,Casual,Magnus;Umbra;Lienzo,17,18,5,2,Derrota,1800,2026,5,Monday,4,3
9213,2026-07-04,15:06,J0029,Bosque Umbral,Casual,Nadia;Magnus;Tesla,29,4,7,2,Derrota,360,2026,7,Saturday,1,3
612,2026-01-31,19:00,J0010,Ciudadela,Ranked,Nadia,44,9,6,1,Derrota,830,2026,1,Saturday,2,1
6058,2026-05-16,15:50,J0123,Puerto Escarlata,Ranked,Nadia;Lienzo,29,5,1,6,Derrota,780,2026,5,Saturday,5,2
7534,2026-06-08,22:32,J0011,Canales de Hielo,Ranked,Tesla,40,1,4,2,Victoria,620,2026,6,Monday,0,1
3785,2026-04-07,22:36,J0021,Desierto Neon,Casual,Umbra,13,8,6,3,Victoria,1330,2026,4,Tuesday,1,1
2192,2026-03-07,20:08,J0005,Puerto Escarlata,Ranked,Umbra,43,7,2,3,Derrota,810,2026,3,Saturday,4,1
4192,2026-04-14,14:39,J0002,Puerto Escarlata,Ranked,Koro;Magnus;Nadia,43,9,6,2,Victoria,,2026,4,Tuesday,2,3
4627,2026-04-23,17:20,J0141,Canales de Hielo,Casual,Nadia,17,8,5,5,Derrota,950,2026,4,Thursday,2,1
4004,2026-04-11,11:12,J0023,Canales de Hielo,Ranked,Nadia,31,11,6,2,Victoria,1580,2026,4,Saturday,2,1
555,2026-01-29,23:27,J0066,Estacion Orbital,Ranked,Tesla;Lienzo,28,4,4,5,Derrota,570,2026,1,Thursday,1,2
6734,2026-05-26,12:36,J0027,Bosque Umbral,Ranked,Magnus,27,7,5,5,Derrota,850,2026,5,Tuesday,1,1
512,2026-01-28,12:59,J0064,Bosque Umbral,Casual,Koro;Vex,19,6,7,3,Derrota,410,2026,1,Wednesday,1,2
4310,2026-04-17,20:53,J0049,Canales de Hielo,Ranked,Vex,41,10,3,3,Victoria,1590,2026,4,Friday,3,1
8249,2026-06-20,16:03,J0016,Ciudadela,Ranked,Magnus,41,8,7,3,Victoria,1310,2026,6,Saturday,1,1
968,2026-02-08,11:58,J0034,Bosque Umbral,Ranked,Tesla;Umbra,39,5,1,4,Derrota,680,2026,2,Sunday,5,2
6153,2026-05-17,03:33,J0070,Estacion Orbital,Ranked,Nadia,40,4,4,2,Victoria,920,2026,5,Sunday,1,1
4802,2026-04-25,07:31,J0104,Puerto Escarlata,Ranked,Koro,23,6,7,2,Derrota,860,2026,4,Saturday,1,1
9813,2026-07-12,23:00,J0056,Desierto Neon,Torneo,Umbra,23,3,7,6,Victoria,960,2026,7,Sunday,0,1
6190,2026-05-18,13:41,J0097,Estacion Orbital,Ranked,Tesla;Vex,31,6,2,8,Victoria,1460,2026,5,Monday,3,2
3996,2026-04-11,20:24,J0075,Desierto Neon,Ranked,Vex,38,7,2,2,Victoria,1260,2026,4,Saturday,4,1
2565,2026-03-15,19:37,J0066,Desierto Neon,Ranked,Vex;Lienzo;Nadia,25,11,4,4,Derrota,1220,2026,3,Sunday,3,3
4344,2026-04-18,22:45,J0046,Estacion Orbital,Ranked,Vex;Magnus,42,12,7,5,Derrota,1310,2026,4,Saturday,2,2
7896,2026-06-14,06:43,J0052,Canales de Hielo,Casual,Nadia,27,5,8,1,Derrota,390,2026,6,Sunday,1,1
9548,2026-07-09,20:52,J0157,Puerto Escarlata,Casual,Umbra;Lienzo;Vex,17,12,4,7,Victoria,1970,2026,7,Thursday,3,3
6990,2026-05-30,21:27,J0022,Ciudadela,Ranked,Magnus;Vex;Koro,41,12,7,5,Victoria,1810,2026,5,Saturday,2,3
3845,2026-04-08,15:07,J0003,Estacion Orbital,Ranked,Umbra,44,5,11,4,Victoria,980,2026,4,Wednesday,0,1
3335,2026-03-29,16:33,J0030,Desierto Neon,Casual,Lienzo;Koro,29,5,5,5,Victoria,1150,2026,3,Sunday,1,2
5503,2026-05-07,17:40,J0033,Canales de Hielo,Casual,Nadia,14,7,7,3,Victoria,1210,2026,5,Thursday,1,1
4886,2026-04-26,14:00,J0075,Canales de Hielo,Casual,Brisa,13,6,4,5,Derrota,770,2026,4,Sunday,2,1
1110,2026-02-12,21:51,J0048,Ciudadela,Ranked,Koro;Umbra,32,5,4,5,Victoria,1170,2026,2,Thursday,1,2
5829,2026-05-12,20:05,J0178,Desierto Neon,Casual,Umbra;Nadia,22,6,4,5,Derrota,770,2026,5,Tuesday,2,2
5900,2026-05-13,19:36,J0031,Desierto Neon,Casual,Vex,16,5,6,6,Victoria,1180,2026,5,Wednesday,1,1
1039,2026-02-10,21:24,J0102,Ciudadela,Casual,Umbra;Koro;Nadia,21,3,3,2,Derrota,340,2026,2,Tuesday,1,3
1195,2026-02-14,19:21,J0095,Estacion Orbital,Ranked,Nadia;Koro,41,5,2,4,Victoria,1160,2026,2,Saturday,2,2
5506,2026-05-07,17:36,J0030,Puerto Escarlata,Torneo,Umbra;Vex,18,12,6,4,Victoria,1780,2026,5,Thursday,2,2
6836,2026-05-28,19:00,J0023,Desierto Neon,Ranked,Umbra,30,10,5,8,Derrota,1300,2026,5,Thursday,2,1
4726,2026-04-24,09:19,J0036,Estacion Orbital,Casual,Brisa;Magnus,13,8,5,4,Derrota,900,2026,4,Friday,2,2
7523,2026-06-08,16:29,J0128,Canales de Hielo,Casual,Koro,15,3,5,5,Derrota,450,2026,6,Monday,1,1
9044,2026-07-01,07:18,J0084,Canales de Hielo,Ranked,Magnus;Brisa,36,10,4,7,Derrota,1270,2026,7,Wednesday,2,2
8964,2026-06-30,12:57,J0130,Ciudadela,Ranked,Lienzo,33,3,4,8,Victoria,1120,2026,6,Tuesday,1,1
935,2026-02-08,11:36,J0018,Canales de Hielo,Ranked,Brisa,28,4,6,4,Victoria,980,2026,2,Sunday,1,1
7753,2026-06-12,18:04,J0057,Estacion Orbital,Ranked,Nadia,33,15,4,1,Victoria,1970,2026,6,Friday,4,1
6241,2026-05-19,10:27,J0012,Desierto Neon,Ranked,Tesla,27,3,6,5,Derrota,430,2026,5,Tuesday,0,1
395,2026-01-25,04:21,J0016,Ciudadela,Ranked,Umbra;Nadia,41,5,4,6,Derrota,720,2026,1,Sunday,1,2
2841,2026-03-20,18:14,J0197,Desierto Neon,Casual,Koro;Lienzo,12,4,7,2,Victoria,860,2026,3,Friday,1,2
2615,2026-03-15,16:32,J0047,Estacion Orbital,Casual,Brisa,17,12,1,5,Victoria,1930,2026,3,Sunday,12,1
9236,2026-07-04,17:25,J0106,Canales de Hielo,Ranked,Koro;Magnus;Vex,25,10,7,3,Victoria,1510,2026,7,Saturday,1,3
3778,2026-04-07,14:06,J0038,Desierto Neon,Ranked,Tesla;Vex,44,4,6,3,Derrota,430,2026,4,Tuesday,1,2
5267,2026-05-03,20:06,J0042,Estacion Orbital,Ranked,Koro;Brisa;Lienzo,36,4,7,2,Victoria,860,2026,5,Sunday,1,3
1298,2026-02-16,04:13,J0018,Bosque Umbral,Torneo,Vex;Lienzo,24,1,5,5,Victoria,750,2026,2,Monday,0,2
5136,2026-05-01,22:32,J0055,Ciudadela,Ranked,Tesla;Nadia,23,2,0,5,Victoria,,2026,5,Friday,,2
1163,2026-02-13,18:04,J0071,Canales de Hielo,Ranked,Koro,43,3,5,8,,600,2026,2,Friday,1,1
5420,2026-05-06,17:26,J0026,Bosque Umbral,Ranked,Brisa;Tesla,39,5,7,5,Derrota,610,2026,5,Wednesday,1,2
2406,2026-03-12,17:29,J0144,Puerto Escarlata,Casual,Umbra,19,2,4,2,Victoria,720,2026,3,Thursday,0,1
1528,2026-02-21,19:11,J0038,Puerto Escarlata,Ranked,Magnus;Tesla,36,4,6,4,Victoria,,2026,2,Saturday,1,2
6479,2026-05-22,16:46,J0084,Ciudadela,Ranked,,25,6,2,6,Derrota,860,2026,5,Friday,3,0
3446,2026-03-31,13:21,J0051,Desierto Neon,Casual,Brisa;Koro,28,4,3,3,Derrota,,2026,3,Tuesday,1,2
8157,2026-06-18,01:54,J0011,Bosque Umbral,Casual,Lienzo,25,3,5,1,Victoria,750,2026,6,Thursday,1,1
2949,2026-03-22,21:30,J0027,Ciudadela,Casual,Nadia;Tesla,11,4,4,5,Victoria,1070,2026,3,Sunday,1,2
59,2026-01-17,10:51,J0010,Canales de Hielo,Casual,Vex;Tesla,31,4,5,5,Derrota,550,2026,1,Saturday,1,2
6707,2026-05-25,20:19,J0114,Estacion Orbital,Casual,Vex,11,5,4,5,Derrota,670,2026,5,Monday,1,1
4563,2026-04-21,18:03,J0007,Bosque Umbral,Ranked,Umbra,22,11,2,4,Victoria,1760,2026,4,Tuesday,6,1
2770,2026-03-19,22:20,J0094,Bosque Umbral,Casual,Nadia;Vex,13,8,6,5,,1430,2026,3,Thursday,1,2
4615,2026-04-22,22:07,J0014,Puerto Escarlata,Ranked,Umbra,44,7,4,5,Victoria,1370,2026,4,Wednesday,2,1
4404,2026-04-19,19:54,J0019,Bosque Umbral,Ranked,Magnus;Tesla,24,5,3,5,Victoria,1190,2026,4,Sunday,2,2
2407,2026-03-12,19:39,J0004,Ciudadela,Ranked,Magnus;Tesla;Nadia,45,1,1,6,Victoria,880,2026,3,Thursday,1,3
6139,2026-05-17,04:09,J0066,Puerto Escarlata,Ranked,Umbra;Nadia,42,5,3,2,Victoria,1040,2026,5,Sunday,2,2
1902,2026-03-01,06:15,J0055,Puerto Escarlata,Torneo,Magnus,8,5,5,3,Victoria,1050,2026,3,Sunday,1,1
7093,2026-06-01,18:10,J0037,Canales de Hielo,Casual,Magnus;Tesla,29,2,7,5,Derrota,310,2026,6,Monday,0,2
2089,2026-03-05,09:29,J0146,Estacion Orbital,Casual,Koro,27,4,3,5,Derrota,590,2026,3,Thursday,1,1
2493,2026-03-13,22:17,J0037,Canales de Hielo,Casual,Brisa;Lienzo;Magnus,19,6,4,2,Victoria,1120,2026,3,Friday,2,3
6404,2026-05-21,15:59,J0008,Puerto Escarlata,Casual,,11,5,9,5,Victoria,1070,2026,5,Thursday,1,0
8580,2026-06-25,17:21,J0190,Estacion Orbital,Casual,Tesla,20,4,4,2,Victoria,,2026,6,Thursday,1,1
677,2026-02-02,19:51,J0200,Ciudadela,Torneo,Magnus;Tesla,17,6,3,6,Derrota,840,2026,2,Monday,2,2
4863,2026-04-26,17:35,J0026,Estacion Orbital,Ranked,Brisa,24,5,3,4,Derrota,640,2026,4,Sunday,2,1
5630,2026-05-09,09:31,J0029,Ciudadela,Casual,Nadia,10,3,7,5,Victoria,910,2026,5,Saturday,0,1
3795,2026-04-07,20:32,J0059,Estacion Orbital,Ranked,Nadia,25,3,1,2,,380,2026,4,Tuesday,3,1
9757,2026-07-12,09:20,J0056,Bosque Umbral,Casual,Koro,14,5,7,3,Derrota,510,2026,7,Sunday,1,1
9572,2026-07-09,10:39,J0109,Puerto Escarlata,Casual,Umbra,21,8,4,4,Derrota,920,2026,7,Thursday,2,1
2836,2026-03-20,18:49,J0123,Puerto Escarlata,Ranked,Magnus,23,8,2,2,Victoria,1360,2026,3,Friday,4,1
4114,2026-04-13,22:43,J0054,Bosque Umbral,Ranked,Vex;Lienzo,26,6,4,8,Victoria,1520,2026,4,Monday,2,2
4141,2026-04-13,17:20,J0055,Ciudadela,Casual,Umbra,13,4,6,6,Victoria,1080,2026,4,Monday,1,1
2761,2026-03-19,17:25,J0001,Canales de Hielo,Casual,Lienzo;Umbra;Tesla,25,10,4,5,Victoria,1670,2026,3,Thursday,2,3
3707,2026-04-05,19:31,J0172,Ciudadela,Ranked,Lienzo,23,7,3,5,Victoria,1390,2026,4,Sunday,2,1
7921,2026-06-14,21:19,J0003,Ciudadela,Casual,Nadia,31,6,6,6,Derrota,580,2026,6,Sunday,1,1
6019,2026-05-16,19:08,J0036,Desierto Neon,Ranked,Koro,44,1,7,5,Victoria,710,2026,5,Saturday,0,1
7885,2026-06-14,15:54,J0018,Desierto Neon,Torneo,Brisa,29,6,9,2,Victoria,1020,2026,6,Sunday,1,1
867,2026-02-06,17:04,J0020,Bosque Umbral,Ranked,Vex,42,11,1,0,Victoria,1580,2026,2,Friday,11,1
3298,2026-03-28,21:04,J0059,Bosque Umbral,Torneo,Nadia,22,2,4,7,Derrota,470,2026,3,Saturday,0,1
5121,2026-05-01,16:14,J0001,Ciudadela,Casual,Tesla,25,1,4,3,Derrota,170,2026,5,Friday,0,1
6867,2026-05-28,15:53,J0033,Puerto Escarlata,Ranked,Magnus;Nadia,35,7,8,7,Victoria,1390,2026,5,Thursday,1,2
9621,2026-07-10,22:03,J0104,Canales de Hielo,Casual,Vex,21,8,7,4,Victoria,1360,2026,7,Friday,1,1
6374,2026-05-21,16:48,J0013,Desierto Neon,Casual,Magnus,28,7,8,6,Derrota,840,2026,5,Thursday,1,1
4194,2026-04-15,21:22,J0090,Estacion Orbital,Ranked,Koro;Tesla;Magnus,24,6,5,7,Victoria,1350,2026,4,Wednesday,1,3
5222,2026-05-02,19:42,J0007,Estacion Orbital,Casual,Brisa;Nadia,14,8,6,4,Victoria,1380,2026,5,Saturday,1,2
9167,2026-07-03,21:26,J0200,Canales de Hielo,Casual,Lienzo,18,6,6,4,Derrota,,2026,7,Friday,1,1
2969,2026-03-22,16:37,J0002,Bosque Umbral,Casual,Tesla,18,7,4,7,,970,2026,3,Sunday,2,1
9857,2026-07-13,22:24,J0033,Canales de Hielo,Casual,Nadia,15,4,4,5,,1070,2026,7,Monday,1,1
9264,2026-07-05,15:09,J0002,Bosque Umbral,Ranked,Umbra;Brisa;Tesla,37,6,4,6,Victoria,1320,2026,7,Sunday,2,3
9774,2026-07-12,22:56,J0110,Ciudadela,Casual,Magnus;Vex,13,7,4,5,Victoria,1370,2026,7,Sunday,2,2
5897,2026-05-13,17:10,J0025,Estacion Orbital,Ranked,Vex;Koro,40,10,2,3,Victoria,1610,2026,5,Wednesday,5,2
7696,2026-06-11,20:24,J0018,Ciudadela,Ranked,Brisa;Tesla;Vex,25,4,3,8,Derrota,740,2026,6,Thursday,1,3
4844,2026-04-26,22:39,J0059,Desierto Neon,Ranked,Umbra;Vex,24,2,4,6,Victoria,920,2026,4,Sunday,0,2
1211,2026-02-14,23:37,J0059,Estacion Orbital,Casual,Magnus;Brisa,12,1,3,6,Derrota,340,2026,2,Saturday,0,2
9739,2026-07-11,18:31,J0057,Puerto Escarlata,Casual,Vex;Koro,32,13,5,4,Victoria,1900,2026,7,Saturday,3,2
6222,2026-05-18,16:03,J0031,Bosque Umbral,Ranked,Magnus,43,4,7,5,Derrota,,2026,5,Monday,1,1
2261,2026-03-08,21:36,J0170,Ciudadela,Casual,Brisa,29,6,4,3,Victoria,,2026,3,Sunday,2,1
6265,2026-05-19,18:35,J0038,Bosque Umbral,Casual,Brisa;Nadia,26,6,2,6,Derrota,860,2026,5,Tuesday,3,2
9240,2026-07-04,19:12,J0091,Canales de Hielo,Casual,Tesla,19,8,4,3,Victoria,1370,2026,7,Saturday,2,1
8041,2026-06-16,00:17,J0044,Ciudadela,Casual,Tesla,15,8,4,4,Derrota,920,2026,6,Tuesday,2,1
3313,2026-03-29,16:51,J0057,Canales de Hielo,Torneo,Vex,11,2,6,6,Derrota,380,2026,3,Sunday,0,1
8409,2026-06-22,18:39,J0087,Ciudadela,Casual,,15,7,5,6,Derrota,900,2026,6,Monday,1,0
4825,2026-04-26,21:40,J0105,Ciudadela,Casual,Vex,11,8,9,5,Victoria,1370,2026,4,Sunday,1,1
5246,2026-05-03,20:17,J0012,Ciudadela,Casual,Lienzo,28,5,3,3,Derrota,590,2026,5,Sunday,2,1
618,2026-01-31,07:57,J0081,Canales de Hielo,Ranked,Brisa;Umbra,23,5,6,4,Victoria,1080,2026,1,Saturday,1,2
6609,2026-05-24,19:05,J0021,Puerto Escarlata,Ranked,Vex;Nadia,43,10,5,5,Victoria,1650,2026,5,Sunday,2,2
9449,2026-07-08,09:43,J0172,Estacion Orbital,Ranked,Lienzo,43,6,4,2,Derrota,620,2026,7,Wednesday,2,1
9954,2026-07-14,20:50,J0055,Canales de Hielo,Casual,Umbra,25,3,2,5,Victoria,1010,2026,7,Tuesday,2,1
4177,2026-04-14,20:09,J0049,Ciudadela,Ranked,Brisa,27,5,8,2,Derrota,440,2026,4,Tuesday,1,1
767,2026-02-04,19:47,J0058,Puerto Escarlata,Ranked,Nadia;Brisa,30,7,3,3,Victoria,1290,2026,2,Wednesday,2,2
7203,2026-06-02,14:41,J0131,Estacion Orbital,Ranked,Lienzo,25,6,5,4,Victoria,1200,2026,6,Tuesday,1,1
7183,2026-06-02,01:44,J0058,Canales de Hielo,Ranked,Vex;Lienzo;Nadia,41,7,4,8,Victoria,1520,2026,6,Tuesday,2,3
5823,2026-05-12,00:29,J0182,Puerto Escarlata,Ranked,Nadia,28,10,4,2,Derrota,1020,2026,5,Tuesday,2,1
1145,2026-02-13,20:51,J0083,Canales de Hielo,Ranked,,33,4,7,4,Derrota,460,2026,2,Friday,1,0
8489,2026-06-23,10:18,J0086,Estacion Orbital,Casual,Tesla;Nadia,25,6,5,3,Derrota,650,2026,6,Tuesday,1,2
2754,2026-03-19,03:02,J0039,Canales de Hielo,Casual,Tesla,15,5,2,2,Derrota,560,2026,3,Thursday,2,1
463,2026-01-27,14:42,J0005,Estacion Orbital,Casual,Umbra;Tesla,24,9,0,1,Derrota,950,2026,1,Tuesday,,2
3045,2026-03-23,19:06,J0029,Estacion Orbital,Torneo,Vex,23,8,5,1,Victoria,1250,2026,3,Monday,2,1
2046,2026-03-04,08:04,J0064,Bosque Umbral,Ranked,Lienzo;Umbra;Koro,33,4,5,2,Victoria,900,2026,3,Wednesday,1,3
3816,2026-04-08,21:47,J0061,Bosque Umbral,Casual,Umbra,16,9,6,9,Derrota,1230,2026,4,Wednesday,2,1
2134,2026-03-06,19:07,J0019,Puerto Escarlata,Ranked,Koro;Brisa,33,6,6,2,Victoria,1080,2026,3,Friday,1,2
7938,2026-06-14,19:04,J0124,Desierto Neon,Ranked,Magnus;Nadia,37,7,7,4,Victoria,1260,2026,6,Sunday,1,2
5397,2026-05-05,19:41,J0120,Ciudadela,Ranked,Lienzo,41,8,7,2,Derrota,760,2026,5,Tuesday,1,1
5287,2026-05-03,00:29,J0025,Puerto Escarlata,Ranked,Nadia;Koro,41,9,6,3,Victoria,1430,2026,5,Sunday,2,2
9017,2026-07-01,12:32,J0057,Estacion Orbital,Ranked,Magnus;Umbra;Vex,24,14,4,4,Victoria,,2026,7,Wednesday,4,3
3652,2026-04-05,20:05,J0027,Estacion Orbital,Casual,Koro;Vex,27,11,2,4,Victoria,1760,2026,4,Sunday,6,2
2288,2026-03-09,09:38,J0047,Estacion Orbital,Ranked,Umbra;Vex,30,18,4,4,Derrota,1920,2026,3,Monday,4,2
7213,2026-06-03,07:58,J0090,Canales de Hielo,Casual,Vex,22,7,9,3,Victoria,1170,2026,6,Wednesday,1,1
829,2026-02-06,19:18,J0066,Ciudadela,Casual,Nadia,25,10,8,4,Victoria,1540,2026,2,Friday,1,1
8293,2026-06-20,10:41,J0011,Desierto Neon,Ranked,Lienzo,30,7,4,5,Victoria,1370,2026,6,Saturday,2,1
4982,2026-04-28,13:50,J0200,Puerto Escarlata,Ranked,Vex;Brisa;Magnus,33,7,5,4,Victoria,1300,2026,4,Tuesday,1,3
1673,2026-02-24,16:29,J0013,Puerto Escarlata,Ranked,Magnus,31,8,7,3,Victoria,1310,2026,2,Tuesday,1,1
2516,2026-03-14,09:38,J0200,Bosque Umbral,Ranked,Magnus,42,9,4,4,Derrota,1020,2026,3,Saturday,2,1
1689,2026-02-24,22:17,J0031,Estacion Orbital,Ranked,Vex;Koro,44,7,6,1,Victoria,1130,2026,2,Tuesday,1,2
6238,2026-05-19,18:52,J0081,Ciudadela,Casual,Koro,21,2,4,3,Victoria,770,2026,5,Tuesday,0,1
5847,2026-05-12,08:45,J0093,Estacion Orbital,Ranked,Vex,37,10,5,2,Derrota,1000,2026,5,Tuesday,2,1
9803,2026-07-12,09:58,J0025,Puerto Escarlata,Casual,Brisa;Magnus;Umbra,10,5,4,3,Victoria,1070,2026,7,Sunday,1,3
3528,2026-04-02,18:41,J0136,Desierto Neon,Ranked,Vex,40,5,5,4,Derrota,600,2026,4,Thursday,1,1
2692,2026-03-17,15:25,J0002,Puerto Escarlata,Casual,Magnus;Vex,17,6,6,5,Derrota,730,2026,3,Tuesday,1,2
8270,2026-06-20,06:39,J0010,Canales de Hielo,Casual,Umbra;Lienzo,18,6,5,3,Victoria,1150,2026,6,Saturday,1,2
3662,2026-04-05,21:34,J0126,Puerto Escarlata,Torneo,Vex;Nadia,16,6,3,9,Victoria,1490,2026,4,Sunday,2,2
1714,2026-02-25,16:32,J0148,Puerto Escarlata,Casual,Magnus,31,1,5,3,Victoria,650,2026,2,Wednesday,0,1
21,2026-01-16,14:48,J0065,Estacion Orbital,Ranked,Koro,38,2,3,3,Victoria,790,2026,1,Friday,1,1
5712,2026-05-10,20:33,J0200,Desierto Neon,Ranked,Vex,26,3,4,2,Derrota,320,2026,5,Sunday,1,1
8200,2026-06-18,20:39,J0043,Bosque Umbral,Casual,Koro;Lienzo,31,5,3,7,Derrota,790,2026,6,Thursday,2,2
4748,2026-04-24,10:13,J0095,Desierto Neon,Ranked,Magnus;Koro,39,6,5,2,Derrota,500,2026,4,Friday,1,2
6335,2026-05-20,14:02,J0077,Estacion Orbital,Casual,Vex,11,7,6,3,Victoria,1230,2026,5,Wednesday,1,1
2454,2026-03-12,18:55,J0107,Estacion Orbital,Casual,Brisa;Magnus,31,3,3,1,Derrota,290,2026,3,Thursday,1,2
1296,2026-02-16,09:13,J0090,Canales de Hielo,Casual,Nadia;Vex,14,4,9,3,Victoria,870,2026,2,Monday,0,2
5590,2026-05-09,21:14,J0161,Puerto Escarlata,Ranked,Lienzo,31,6,1,2,Derrota,680,2026,5,Saturday,6,1
592,2026-01-30,00:01,J0005,Canales de Hielo,Casual,Koro,31,7,3,5,Victoria,1390,2026,1,Friday,2,1
1407,2026-02-19,17:54,J0033,Desierto Neon,Casual,Umbra;Lienzo,23,12,5,4,Derrota,1300,2026,2,Thursday,2,2
222,2026-01-22,11:20,J0046,Estacion Orbital,Ranked,Lienzo,26,2,6,3,Derrota,230,2026,1,Thursday,0,1
5717,2026-05-10,21:49,J0035,Canales de Hielo,Torneo,Brisa,25,7,2,3,Derrota,810,2026,5,Sunday,4,1
9136,2026-07-03,22:46,J0088,Estacion Orbital,Ranked,Vex;Koro;Umbra,25,8,5,4,Victoria,1400,2026,7,Friday,2,3
9532,2026-07-09,20:54,J0076,Bosque Umbral,Ranked,Umbra,27,7,2,1,Derrota,710,2026,7,Thursday,4,1
859,2026-02-06,00:28,J0071,Estacion Orbital,Torneo,Nadia,23,4,4,3,Derrota,470,2026,2,Friday,1,1
7243,2026-06-03,20:47,J0009,Puerto Escarlata,Ranked,Lienzo,40,2,6,4,Victoria,780,2026,6,Wednesday,0,1
9984,2026-07-14,20:29,J0038,Ciudadela,Ranked,Vex;Magnus;Lienzo,33,7,3,1,Derrota,690,2026,7,Tuesday,2,3
6780,2026-05-27,00:29,J0003,Canales de Hielo,Casual,Magnus,16,7,5,5,Victoria,1350,2026,5,Wednesday,1,1
842,2026-02-06,15:50,J0018,Estacion Orbital,Casual,Tesla;Umbra,22,2,4,4,Derrota,320,2026,2,Friday,0,2
1732,2026-02-25,10:06,J0018,Puerto Escarlata,Ranked,Lienzo,27,2,6,4,Derrota,280,2026,2,Wednesday,0,1
6113,2026-05-17,14:42,J0017,Desierto Neon,Casual,Tesla;Umbra;Koro,17,9,6,3,Derrota,930,2026,5,Sunday,2,3
8716,2026-06-27,21:25,J0088,Ciudadela,Casual,Koro,12,3,5,4,Victoria,900,2026,6,Saturday,1,1
9432,2026-07-07,16:32,J0041,Estacion Orbital,Casual,Umbra,18,3,5,1,Derrota,250,2026,7,Tuesday,1,1
7399,2026-06-06,16:27,J0004,Bosque Umbral,Torneo,Tesla;Magnus,31,5,5,3,Victoria,1050,2026,6,Saturday,1,2
1656,2026-02-23,19:22,J0138,Ciudadela,Ranked,Nadia;Magnus;Tesla,31,4,4,1,Victoria,870,2026,2,Monday,1,3
995,2026-02-09,01:15,J0025,Puerto Escarlata,Ranked,Magnus,35,9,3,9,Victoria,1790,2026,2,Monday,3,1
4048,2026-04-12,05:27,J0007,Canales de Hielo,Ranked,Brisa;Tesla,36,7,3,5,Derrota,890,2026,4,Sunday,2,2
731,2026-02-03,13:57,J0048,Puerto Escarlata,Torneo,Brisa,23,1,4,1,Victoria,570,2026,2,Tuesday,0,1
1555,2026-02-21,15:19,J0192,Canales de Hielo,Ranked,Tesla;Brisa,27,14,14,4,Victoria,1820,2026,2,Saturday,1,2
6176,2026-05-18,00:54,J0151,Canales de Hielo,Casual,Lienzo;Nadia,10,2,4,6,Derrota,420,2026,5,Monday,0,2
2413,2026-03-12,18:14,J0017,Bosque Umbral,Ranked,Brisa;Umbra,45,10,3,4,Victoria,1640,2026,3,Thursday,3,2
2518,2026-03-14,17:58,J0016,Estacion Orbital,Ranked,Brisa;Koro,44,5,4,4,Derrota,620,2026,3,Saturday,1,2
2237,2026-03-08,21:12,J0040,Puerto Escarlata,Ranked,Koro,29,3,7,2,Derrota,260,2026,3,Sunday,0,1
8994,2026-06-30,21:43,J0023,Canales de Hielo,Casual,Koro,26,16,10,8,Derrota,1800,2026,6,Tuesday,2,1
3699,2026-04-05,18:43,J0037,Canales de Hielo,Ranked,Koro;Vex,40,7,9,5,Victoria,1270,2026,4,Sunday,1,2
1767,2026-02-26,15:49,J0126,Estacion Orbital,Ranked,Tesla,38,6,6,4,Victoria,1180,2026,2,Thursday,1,1
5144,2026-05-01,12:16,J0065,Puerto Escarlata,Casual,Vex,25,4,3,3,Victoria,990,2026,5,Friday,1,1
2070,2026-03-04,06:48,J0006,Estacion Orbital,Casual,Tesla;Koro,11,12,6,4,,1280,2026,3,Wednesday,2,2
1794,2026-02-27,00:02,J0009,Estacion Orbital,Torneo,Umbra,26,1,2,5,Derrota,310,2026,2,Friday,0,1
466,2026-01-27,20:39,J0069,Canales de Hielo,Casual,Lienzo;Umbra;Koro,27,1,4,7,Victoria,870,2026,1,Tuesday,0,3
4951,2026-04-28,19:44,J0010,Canales de Hielo,Casual,Brisa,17,5,7,2,Derrota,460,2026,4,Tuesday,1,1
6879,2026-05-29,11:18,J0071,Ciudadela,Casual,Vex,28,5,5,0,Derrota,400,2026,5,Friday,1,1
8127,2026-06-17,20:21,J0019,Bosque Umbral,Ranked,,25,9,2,6,Victoria,1660,2026,6,Wednesday,4,0
7217,2026-06-03,14:13,J0055,Canales de Hielo,Casual,Brisa,8,3,4,3,Victoria,870,2026,6,Wednesday,1,1
158,2026-01-20,16:55,J0121,Canales de Hielo,Casual,Koro,9,1,10,4,Victoria,600,2026,1,Tuesday,0,1
8264,2026-06-20,16:05,J0048,Desierto Neon,Casual,Lienzo,22,5,8,7,Victoria,1190,2026,6,Saturday,1,1
3275,2026-03-28,20:46,J0076,Desierto Neon,Ranked,Tesla,29,5,7,3,Derrota,510,2026,3,Saturday,1,1
186,2026-01-21,12:44,J0082,Desierto Neon,Ranked,Nadia,30,10,5,3,Derrota,1050,2026,1,Wednesday,2,1
1003,2026-02-09,20:43,J0184,Bosque Umbral,Torneo,Koro;Magnus,29,9,3,4,Derrota,1040,2026,2,Monday,3,2
3026,2026-03-23,15:12,J0024,Ciudadela,Casual,Umbra;Nadia,22,7,3,7,Victoria,1490,2026,3,Monday,2,2
7509,2026-06-07,18:50,J0122,Ciudadela,Torneo,Brisa;Umbra;Tesla,9,8,0,4,Derrota,1000,2026,6,Sunday,,3
401,2026-01-26,19:25,J0012,Estacion Orbital,Ranked,Koro,28,6,5,5,Derrota,750,2026,1,Monday,1,1
8662,2026-06-26,06:25,J0031,Bosque Umbral,Torneo,Koro,14,3,6,8,Victoria,1080,2026,6,Friday,0,1
2877,2026-03-21,07:26,J0022,Estacion Orbital,Casual,Brisa;Lienzo;Nadia,31,4,5,4,Derrota,500,2026,3,Saturday,1,3
3636,2026-04-04,05:15,J0118,Canales de Hielo,Casual,Nadia,12,7,4,8,Derrota,1020,2026,4,Saturday,2,1
7648,2026-06-10,16:27,J0001,Puerto Escarlata,Ranked,Tesla;Nadia,27,4,5,7,,1150,2026,6,Wednesday,1,2
7817,2026-06-13,19:44,J0086,Bosque Umbral,Ranked,Nadia;Koro,30,3,4,5,Victoria,970,2026,6,Saturday,1,2
7039,2026-05-31,03:56,J0033,Canales de Hielo,Ranked,Umbra,22,8,4,3,Derrota,870,2026,5,Sunday,2,1
3754,2026-04-06,17:12,J0084,Desierto Neon,Casual,Umbra,9,4,6,7,Derrota,630,2026,4,Monday,1,1
6555,2026-05-23,19:19,J0011,Estacion Orbital,Casual,Koro,15,7,5,6,Derrota,900,2026,5,Saturday,1,1
7963,2026-06-15,22:44,J0040,Canales de Hielo,Ranked,Vex,30,6,4,3,Victoria,1170,2026,6,Monday,2,1
1251,2026-02-15,22:59,J0044,Canales de Hielo,Casual,Vex,14,9,5,2,Derrota,900,2026,2,Sunday,2,1
8133,2026-06-17,16:16,J0096,Desierto Neon,Ranked,Lienzo,27,5,5,5,Victoria,1150,2026,6,Wednesday,1,1
3606,2026-04-04,03:21,J0029,Bosque Umbral,Casual,,29,9,8,4,Derrota,940,2026,4,Saturday,1,0
60,2026-01-17,13:39,J0015,Ciudadela,Ranked,Magnus;Tesla,24,6,4,4,,720,2026,1,Saturday,2,2
9383,2026-07-07,17:39,J0058,Estacion Orbital,Ranked,Magnus,30,5,6,6,Victoria,1180,2026,7,Tuesday,1,1
1114,2026-02-12,23:02,J0082,Canales de Hielo,Ranked,Nadia;Vex,45,10,4,2,Victoria,1520,2026,2,Thursday,2,2
3946,2026-04-10,12:00,J0050,Bosque Umbral,Ranked,Vex,37,6,7,4,Victoria,1160,2026,4,Friday,1,1
9627,2026-07-10,20:13,J0026,Estacion Orbital,Casual,Vex,26,1,2,1,Victoria,610,2026,7,Friday,0,1
4666,2026-04-23,07:48,J0069,Estacion Orbital,Torneo,Brisa,24,3,1,4,Derrota,480,2026,4,Thursday,3,1
1329,2026-02-17,09:00,J0024,Estacion Orbital,Ranked,Brisa,31,4,5,4,Victoria,1000,2026,2,Tuesday,1,1
2151,2026-03-06,21:22,J0200,Estacion Orbital,Ranked,Tesla,32,5,5,3,Victoria,1050,2026,3,Friday,1,1
9691,2026-07-11,15:56,J0001,Puerto Escarlata,Ranked,Vex;Lienzo;Nadia,28,9,6,3,Derrota,930,2026,7,Saturday,2,3
2146,2026-03-06,14:02,J0010,Ciudadela,Ranked,Vex,45,6,6,3,Victoria,1730,2026,3,Friday,1,1
6443,2026-05-22,13:36,J0037,Canales de Hielo,Torneo,Umbra,28,3,3,5,Victoria,990,2026,5,Friday,1,1
8184,2026-06-18,17:03,J0012,Canales de Hielo,Torneo,Brisa,22,6,6,9,Victoria,1430,2026,6,Thursday,1,1
5050,2026-04-30,22:41,J0184,Estacion Orbital,Ranked,Lienzo,42,10,5,6,Derrota,1200,2026,4,Thursday,2,1
7349,2026-06-05,16:21,J0034,Canales de Hielo,Ranked,Umbra;Nadia,38,7,6,2,Victoria,1180,2026,6,Friday,1,2
7697,2026-06-11,20:31,J0160,Desierto Neon,Ranked,Vex;Umbra,28,7,2,5,Victoria,1410,2026,6,Thursday,4,2
3413,2026-03-30,00:37,J0142,Puerto Escarlata,Torneo,Umbra,32,10,1,6,Victoria,1780,2026,3,Monday,10,1
1551,2026-02-21,19:32,J0058,Estacion Orbital,Ranked,Nadia;Tesla,31,10,3,2,Derrota,1040,2026,2,Saturday,3,2
1010,2026-02-09,23:21,J0017,Canales de Hielo,Ranked,Magnus,27,6,7,1,Derrota,510,2026,2,Monday,1,1
1834,2026-02-28,19:48,J0093,Desierto Neon,Ranked,Vex;Lienzo;Magnus,33,8,2,4,Victoria,1460,2026,2,Saturday,4,3
7388,2026-06-06,17:57,J0053,Canales de Hielo,Casual,Umbra;Tesla;Koro,25,2,8,8,Derrota,440,2026,6,Saturday,0,3
6096,2026-05-17,16:22,J0047,Puerto Escarlata,Torneo,Tesla,28,4,2,1,Victoria,910,2026,5,Sunday,2,1
1613,2026-02-22,16:22,J0020,Estacion Orbital,Casual,Nadia,31,7,5,3,,1250,2026,2,Sunday,1,1
9517,2026-07-09,17:07,J0031,Bosque Umbral,Casual,Nadia,14,4,8,1,Derrota,290,2026,7,Thursday,0,1
4619,2026-04-22,08:34,J0047,Puerto Escarlata,Torneo,Magnus;Nadia,20,8,5,7,Derrota,1050,2026,4,Wednesday,2,2
3025,2026-03-23,04:11,J0053,Estacion Orbital,Casual,Umbra,32,3,5,3,Victoria,850,2026,3,Monday,1,1
6860,2026-05-28,22:03,J0085,Estacion Orbital,Casual,Koro,22,3,4,5,Derrota,470,2026,5,Thursday,1,1
7160,2026-06-02,22:25,J0084,Puerto Escarlata,Ranked,Vex,32,9,7,2,Victoria,1360,2026,6,Tuesday,1,1
649,2026-02-01,20:25,J0004,Estacion Orbital,Ranked,Brisa,22,3,1,5,Victoria,1030,2026,2,Sunday,3,1
1196,2026-02-14,18:40,J0087,Puerto Escarlata,Casual,Brisa,15,4,6,3,Derrota,430,2026,2,Saturday,1,1
9121,2026-07-03,21:28,J0003,Desierto Neon,Ranked,Brisa;Koro;Tesla,37,5,2,3,Derrota,610,2026,7,Friday,2,3
880,2026-02-07,23:29,J0084,Bosque Umbral,Casual,Tesla;Lienzo,17,2,0,2,Derrota,300,2026,2,Saturday,,2
5894,2026-05-13,07:45,J0006,Bosque Umbral,Casual,Vex,11,11,4,2,Victoria,1620,2026,5,Wednesday,3,1
2408,2026-03-12,17:07,J0044,Canales de Hielo,Casual,Brisa,27,6,3,3,,1190,2026,3,Thursday,2,1
4623,2026-04-23,19:19,J0034,Puerto Escarlata,Ranked,Brisa,36,5,8,5,Victoria,,2026,4,Thursday,1,1
5456,2026-05-06,21:23,J0012,Canales de Hielo,Casual,Umbra;Vex,22,7,6,5,Victoria,1330,2026,5,Wednesday,1,2
4412,2026-04-19,16:13,J0050,Puerto Escarlata,Casual,Magnus;Nadia,28,5,5,5,Derrota,650,2026,4,Sunday,1,2
8069,2026-06-16,06:21,J0113,Desierto Neon,Ranked,,41,6,4,4,Derrota,720,2026,6,Tuesday,2,0
551,2026-01-29,20:41,J0019,Puerto Escarlata,Ranked,Vex;Tesla;Magnus,42,7,4,3,Derrota,770,2026,1,Thursday,2,3
3602,2026-04-04,16:12,J0005,Puerto Escarlata,Ranked,Vex,30,7,6,7,Derrota,930,2026,4,Saturday,1,1
6715,2026-05-25,16:21,J0016,Desierto Neon,Casual,Vex,30,12,8,5,Victoria,1790,2026,5,Monday,2,1
884,2026-02-07,20:13,J0030,Ciudadela,Ranked,Vex;Magnus,43,5,7,2,,960,2026,2,Saturday,1,2
2376,2026-03-11,20:07,J0015,Canales de Hielo,Casual,Nadia,18,5,3,5,Victoria,1190,2026,3,Wednesday,2,1
4585,2026-04-22,05:49,J0036,Estacion Orbital,Ranked,Tesla,31,6,4,2,Victoria,1120,2026,4,Wednesday,2,1
4443,2026-04-19,23:27,J0059,Bosque Umbral,Ranked,Tesla;Lienzo,28,4,1,6,Victoria,1180,2026,4,Sunday,4,2
212,2026-01-21,19:55,J0017,Puerto Escarlata,Casual,Lienzo,24,6,4,4,Victoria,1220,2026,1,Wednesday,2,1
3724,2026-04-06,12:24,J0050,Estacion Orbital,Casual,Vex,16,6,5,5,Victoria,1250,2026,4,Monday,1,1
6596,2026-05-24,14:28,J0021,Canales de Hielo,Casual,Brisa,19,9,4,6,Derrota,1120,2026,5,Sunday,2,1
3046,2026-03-23,22:24,J0039,Desierto Neon,Casual,Umbra,25,5,5,3,Derrota,550,2026,3,Monday,1,1
3059,2026-03-24,12:59,J0184,Desierto Neon,Ranked,Magnus;Vex,36,5,7,8,Derrota,760,2026,3,Tuesday,1,2
7925,2026-06-14,18:30,J0008,Puerto Escarlata,Ranked,Lienzo,25,3,5,2,Victoria,800,2026,6,Sunday,1,1
9908,2026-07-13,20:20,J0021,Canales de Hielo,Casual,Magnus,27,7,4,3,Derrota,770,2026,7,Monday,2,1
8763,2026-06-27,03:57,J0073,Bosque Umbral,Casual,Vex,31,3,6,10,Derrota,680,2026,6,Saturday,0,1
1439,2026-02-20,12:06,J0091,Bosque Umbral,Casual,Vex,28,5,4,3,Derrota,570,2026,2,Friday,1,1
468,2026-01-27,15:24,J0013,Estacion Orbital,Ranked,Magnus,35,4,9,2,Victoria,820,2026,1,Tuesday,0,1
5564,2026-05-08,21:19,J0007,Desierto Neon,Ranked,Nadia,38,8,4,4,Derrota,920,2026,5,Friday,2,1
2620,2026-03-15,18:17,J0003,Estacion Orbital,Casual,Umbra;Koro,8,4,4,6,Victoria,1120,2026,3,Sunday,1,2
4632,2026-04-23,07:48,J0039,Desierto Neon,Ranked,Tesla;Koro,45,9,5,3,Derrota,950,2026,4,Thursday,2,2
8676,2026-06-26,18:16,J0038,Estacion Orbital,Ranked,Lienzo;Vex,25,6,2,4,Victoria,1260,2026,6,Friday,3,2
697,2026-02-02,05:14,J0030,Ciudadela,Ranked,Magnus,29,9,6,4,Derrota,980,2026,2,Monday,2,1
4229,2026-04-15,19:06,J0180,Puerto Escarlata,Casual,Magnus,19,9,8,1,Derrota,790,2026,4,Wednesday,1,1
9215,2026-07-04,17:44,J0038,Bosque Umbral,Casual,Nadia;Umbra,8,4,4,1,Derrota,370,2026,7,Saturday,1,2
4703,2026-04-24,17:19,J0177,Canales de Hielo,Ranked,Nadia,35,2,4,2,Victoria,720,2026,4,Friday,0,1
6995,2026-05-30,10:10,J0104,Estacion Orbital,Casual,Magnus;Nadia,15,3,3,4,Victoria,940,2026,5,Saturday,1,2
1315,2026-02-17,17:56,J0156,Desierto Neon,Torneo,Brisa,27,5,4,5,Victoria,1170,2026,2,Tuesday,1,1
9703,2026-07-11,13:30,J0064,Desierto Neon,Casual,Lienzo,8,3,3,1,Victoria,790,2026,7,Saturday,1,1
5762,2026-05-11,18:55,J0131,Estacion Orbital,Casual,Koro;Magnus,12,13,10,2,Victoria,1700,2026,5,Monday,1,2
6697,2026-05-25,20:15,J0039,Desierto Neon,Ranked,Koro,37,6,5,4,Derrota,700,2026,5,Monday,1,1
915,2026-02-07,00:31,J0077,Ciudadela,Ranked,Vex,39,7,3,0,Victoria,1140,2026,2,Saturday,2,1
13,2026-01-16,07:31,J0200,Estacion Orbital,Ranked,Vex,41,7,4,2,Victoria,1220,2026,1,Friday,2,1
2110,2026-03-05,19:53,J0002,Desierto Neon,Ranked,Magnus,35,5,3,10,Derrota,940,2026,3,Thursday,2,1
8665,2026-06-26,10:05,J0161,Bosque Umbral,Ranked,Vex,38,8,8,4,Derrota,840,2026,6,Friday,1,1
1537,2026-02-21,19:41,J0071,Puerto Escarlata,Ranked,Umbra,41,1,4,3,Derrota,170,2026,2,Saturday,0,1
737,2026-02-03,14:14,J0043,Estacion Orbital,Torneo,Tesla,18,6,1,3,Derrota,730,2026,2,Tuesday,6,1
8579,2026-06-25,18:23,J0094,Desierto Neon,Ranked,Tesla;Brisa,39,5,3,2,Victoria,1040,2026,6,Thursday,2,2
8721,2026-06-27,16:17,J0008,Estacion Orbital,Torneo,Koro;Tesla,10,6,10,3,Derrota,550,2026,6,Saturday,1,2
454,2026-01-27,14:54,J0200,Estacion Orbital,Casual,Vex,11,7,4,3,Victoria,1270,2026,1,Tuesday,2,1
6074,2026-05-16,18:46,J0011,Desierto Neon,Ranked,Nadia,27,3,6,3,Victoria,830,2026,5,Saturday,0,1
928,2026-02-08,21:19,J0002,Estacion Orbital,Torneo,Koro,31,11,6,5,Victoria,1730,2026,2,Sunday,2,1
6940,2026-05-30,19:47,J0177,Puerto Escarlata,Casual,Koro,19,3,5,4,Victoria,900,2026,5,Saturday,1,1
4529,2026-04-21,20:34,J0059,Desierto Neon,Casual,Koro,8,3,4,4,Victoria,920,2026,4,Tuesday,1,1
8732,2026-06-27,10:37,J0081,Bosque Umbral,Casual,Tesla,17,5,7,4,Victoria,1060,2026,6,Saturday,1,1
6590,2026-05-24,23:38,J0078,Bosque Umbral,Torneo,Koro,9,5,4,4,,620,2026,5,Sunday,1,1
38,2026-01-17,18:14,J0126,Estacion Orbital,Torneo,Tesla,8,7,2,6,Derrota,960,2026,1,Saturday,4,1
3796,2026-04-07,18:32,J0184,Ciudadela,Casual,Magnus,10,6,5,4,Derrota,700,2026,4,Tuesday,1,1
2651,2026-03-16,05:03,J0148,Canales de Hielo,Ranked,Umbra,25,1,7,4,Derrota,160,2026,3,Monday,0,1
8397,2026-06-21,09:40,J0200,Canales de Hielo,Casual,Umbra;Nadia,15,8,3,4,Victoria,1440,2026,6,Sunday,3,2
2895,2026-03-21,21:11,J0083,Desierto Neon,Torneo,Nadia,23,4,2,5,Victoria,1110,2026,3,Saturday,2,1
4682,2026-04-24,18:45,J0056,Puerto Escarlata,Ranked,Umbra,24,3,5,2,Derrota,300,2026,4,Friday,1,1
941,2026-02-08,21:57,J0072,Ciudadela,Casual,Koro,32,4,10,7,Victoria,1050,2026,2,Sunday,0,1
4818,2026-04-25,20:04,J0184,Estacion Orbital,Casual,Magnus,27,4,5,5,Derrota,550,2026,4,Saturday,1,1
6996,2026-05-30,18:17,J0200,Puerto Escarlata,Ranked,Nadia,45,4,7,7,Derrota,610,2026,5,Saturday,1,1
8899,2026-06-29,22:52,J0018,Canales de Hielo,Casual,Umbra,12,5,4,3,Derrota,570,2026,6,Monday,1,1
8497,2026-06-23,08:00,J0044,Estacion Orbital,Casual,Brisa,9,8,2,3,,1410,2026,6,Tuesday,4,1
7202,2026-06-02,22:17,J0112,Canales de Hielo,Ranked,Tesla,30,3,3,2,Derrota,340,2026,6,Tuesday,1,1
7076,2026-05-31,01:50,J0063,Bosque Umbral,Casual,Magnus,20,12,4,10,Derrota,1620,2026,5,Sunday,3,1
2329,2026-03-10,23:29,J0032,Estacion Orbital,Torneo,Vex,14,9,2,3,Victoria,1510,2026,3,Tuesday,4,1
739,2026-02-03,13:28,J0029,Estacion Orbital,Casual,Magnus,20,2,4,3,Derrota,270,2026,2,Tuesday,0,1
539,2026-01-29,18:25,J0076,Ciudadela,Ranked,Umbra;Koro,27,2,7,3,Victoria,710,2026,1,Thursday,0,2
9434,2026-07-07,20:36,J0038,Estacion Orbital,Ranked,Brisa;Magnus;Nadia,35,5,6,3,Victoria,1030,2026,7,Tuesday,1,3
5517,2026-05-08,22:25,J0039,Canales de Hielo,Ranked,Magnus,44,6,4,3,Victoria,1270,2026,5,Friday,2,1
1401,2026-02-19,19:36,J0013,Puerto Escarlata,Ranked,,29,7,5,6,Victoria,1400,2026,2,Thursday,1,0
4152,2026-04-14,16:20,J0030,Ciudadela,Ranked,Brisa;Tesla,27,5,5,4,Victoria,1100,2026,4,Tuesday,1,2
5229,2026-05-03,23:11,J0200,Puerto Escarlata,Ranked,Vex,25,7,5,3,Victoria,1250,2026,5,Sunday,1,1
3942,2026-04-10,20:57,J0025,Estacion Orbital,Casual,Magnus,8,3,5,4,Derrota,400,2026,4,Friday,1,1
4271,2026-04-16,22:44,J0009,Desierto Neon,Casual,Vex,26,8,5,4,Derrota,900,2026,4,Thursday,2,1
3685,2026-04-05,16:53,J0141,Desierto Neon,Ranked,Magnus;Brisa,35,8,7,2,Derrota,760,2026,4,Sunday,1,2
8162,2026-06-18,21:54,J0102,Estacion Orbital,Ranked,Tesla,32,6,4,2,Derrota,620,2026,6,Thursday,2,1
6331,2026-05-20,08:09,J0001,Ciudadela,Casual,Magnus;Umbra,29,6,4,3,Victoria,1170,2026,5,Wednesday,2,2
5437,2026-05-06,14:03,J0010,Estacion Orbital,Ranked,Vex;Brisa,23,11,2,9,Victoria,2010,2026,5,Wednesday,6,2
8592,2026-06-25,21:41,J0183,Canales de Hielo,Ranked,Umbra;Brisa,22,4,3,4,Derrota,540,2026,6,Thursday,1,2
4353,2026-04-18,21:45,J0200,Bosque Umbral,Casual,Koro,9,3,5,1,Derrota,250,2026,4,Saturday,1,1
2541,2026-03-14,22:43,J0007,Desierto Neon,Ranked,Koro,32,11,6,3,Victoria,1630,2026,3,Saturday,2,1
2458,2026-03-13,13:42,J0187,Puerto Escarlata,Casual,Lienzo,26,9,5,4,Derrota,1000,2026,3,Friday,2,1
4635,2026-04-23,15:55,J0046,Desierto Neon,Ranked,Koro,30,4,6,1,Victoria,830,2026,4,Thursday,1,1
4122,2026-04-13,12:24,J0012,Puerto Escarlata,Casual,Vex;Tesla,13,5,3,4,Derrota,640,2026,4,Monday,2,2
9825,2026-07-12,18:18,J0040,Canales de Hielo,Casual,Koro,12,5,5,2,Derrota,500,2026,7,Sunday,1,1
2214,2026-03-07,20:49,J0200,Puerto Escarlata,Ranked,Nadia;Tesla,30,6,3,7,Victoria,1390,2026,3,Saturday,2,2
6769,2026-05-26,21:18,J0008,Ciudadela,Casual,Vex,13,5,6,4,Derrota,580,2026,5,Tuesday,1,1
7501,2026-06-07,20:03,J0080,Ciudadela,Ranked,Tesla,40,6,4,3,Victoria,1170,2026,6,Sunday,2,1
6356,2026-05-21,17:23,J0036,Bosque Umbral,Ranked,Nadia,27,4,6,3,,930,2026,5,Thursday,1,1
4422,2026-04-19,05:28,J0200,Canales de Hielo,Torneo,Magnus,13,7,5,4,Victoria,1300,2026,4,Sunday,1,1
7175,2026-06-02,16:51,J0008,Ciudadela,Casual,Magnus;Umbra;Vex,16,4,6,9,,730,2026,6,Tuesday,1,3
8303,2026-06-20,06:00,J0008,Puerto Escarlata,Ranked,Vex,26,2,3,5,Derrota,390,2026,6,Saturday,1,1
4731,2026-04-24,20:07,J0028,Canales de Hielo,Ranked,Vex,33,6,5,6,Victoria,1300,2026,4,Friday,1,1
8114,2026-06-17,15:05,J0077,Canales de Hielo,Casual,Brisa;Tesla,32,4,6,4,Victoria,980,2026,6,Wednesday,1,2
5911,2026-05-14,06:37,J0025,Puerto Escarlata,Casual,Nadia;Umbra,12,7,5,4,Victoria,1300,2026,5,Thursday,1,2
9326,2026-07-06,17:13,J0200,Desierto Neon,Torneo,Koro,16,4,4,8,Derrota,720,2026,7,Monday,1,1
1740,2026-02-25,21:11,J0032,Canales de Hielo,Casual,Lienzo;Magnus,13,1,5,6,Derrota,300,2026,2,Wednesday,0,2
4454,2026-04-19,16:32,J0153,Puerto Escarlata,Casual,Umbra,30,7,9,9,Derrota,970,2026,4,Sunday,1,1
9379,2026-07-06,21:09,J0012,Bosque Umbral,Casual,Magnus;Tesla,25,6,6,5,Victoria,1230,2026,7,Monday,1,2
3245,2026-03-28,13:54,J0010,Canales de Hielo,Ranked,Koro,28,5,2,3,Victoria,1110,2026,3,Saturday,2,1
2234,2026-03-08,17:53,J0200,Canales de Hielo,Casual,,16,12,3,3,Derrota,1290,2026,3,Sunday,4,0
7257,2026-06-03,17:47,J0051,Desierto Neon,Ranked,Umbra,25,3,5,1,Victoria,,2026,6,Wednesday,1,1
5711,2026-05-10,19:02,J0169,Bosque Umbral,Ranked,Koro;Brisa;Tesla,44,6,8,2,Derrota,540,2026,5,Sunday,1,3
2076,2026-03-05,16:19,J0067,Bosque Umbral,Casual,Lienzo,8,3,6,4,Victoria,880,2026,3,Thursday,0,1
2755,2026-03-19,03:08,J0031,Estacion Orbital,Ranked,Tesla;Nadia,28,3,4,5,Derrota,470,2026,3,Thursday,1,2
3709,2026-04-06,17:13,J0178,Desierto Neon,Casual,Tesla,10,9,3,3,Victoria,1490,2026,4,Monday,3,1
8385,2026-06-21,19:27,J0005,Ciudadela,Casual,Lienzo;Koro;Vex,11,9,6,6,Victoria,1580,2026,6,Sunday,2,3
1564,2026-02-22,12:42,J0015,Canales de Hielo,Ranked,Nadia,40,14,5,6,Derrota,1600,2026,2,Sunday,3,1
3081,2026-03-24,16:18,J0030,Ciudadela,Ranked,Vex,24,12,3,3,Victoria,1790,2026,3,Tuesday,4,1
2123,2026-03-06,23:58,J0042,Puerto Escarlata,Casual,Vex,31,4,7,5,Victoria,1010,2026,3,Friday,1,1
6499,2026-05-22,13:58,J0013,Ciudadela,Ranked,Brisa;Koro,22,6,10,7,Victoria,1250,2026,5,Friday,1,2
5738,2026-05-11,13:20,J0071,Estacion Orbital,Ranked,Magnus,39,6,5,8,Victoria,1400,2026,5,Monday,1,1
6537,2026-05-23,19:27,J0016,Puerto Escarlata,Casual,Lienzo,21,3,5,2,Derrota,300,2026,5,Saturday,1,1
3838,2026-04-08,09:32,J0003,Canales de Hielo,Ranked,,27,5,1,6,Victoria,1280,2026,4,Wednesday,5,0
2987,2026-03-22,19:41,J0041,Bosque Umbral,Casual,Koro;Nadia,10,3,1,5,Victoria,1030,2026,3,Sunday,3,2
2345,2026-03-10,14:58,J0011,Puerto Escarlata,Casual,Vex;Nadia,27,8,7,4,Derrota,860,2026,3,Tuesday,1,2
7801,2026-06-12,20:33,J0059,Ciudadela,Ranked,Vex,27,4,5,5,Derrota,550,2026,6,Friday,1,1
6993,2026-05-30,17:09,J0127,Ciudadela,Ranked,Tesla,23,4,6,4,Victoria,980,2026,5,Saturday,1,1
9345,2026-07-06,19:03,J0059,Bosque Umbral,Ranked,Vex;Koro,44,8,6,5,Victoria,1430,2026,7,Monday,1,2
3881,2026-04-09,10:49,J0015,Estacion Orbital,Ranked,Koro,23,7,7,2,Derrota,660,2026,4,Thursday,1,1
3657,2026-04-05,19:53,J0004,Canales de Hielo,Torneo,Koro;Lienzo;Tesla,19,4,6,5,Victoria,1030,2026,4,Sunday,1,3
5361,2026-05-05,20:23,J0118,Estacion Orbital,Casual,Tesla;Brisa,10,9,4,3,Victoria,1470,2026,5,Tuesday,2,2
4437,2026-04-19,07:53,J0085,Desierto Neon,Ranked,Vex,30,13,5,5,Victoria,1950,2026,4,Sunday,3,1
1938,2026-03-01,19:10,J0167,Canales de Hielo,Casual,Nadia,27,9,4,0,Derrota,820,2026,3,Sunday,2,1
4430,2026-04-19,17:45,J0157,Ciudadela,Casual,Tesla,32,8,3,5,Derrota,,2026,4,Sunday,3,1
8506,2026-06-23,00:42,J0020,Estacion Orbital,Ranked,Vex,41,10,5,4,Victoria,1600,2026,6,Tuesday,2,1
1347,2026-02-18,19:33,J0018,Bosque Umbral,Torneo,Magnus,10,3,9,4,Derrota,320,2026,2,Wednesday,0,1
7212,2026-06-03,16:58,J0096,Canales de Hielo,Casual,Magnus,29,12,4,5,Victoria,1870,2026,6,Wednesday,3,1
9018,2026-07-01,11:46,J0061,Desierto Neon,Casual,Vex,24,8,7,4,Derrota,860,2026,7,Wednesday,1,1
9282,2026-07-05,19:13,J0091,Desierto Neon,Ranked,Magnus;Koro,26,6,4,4,Victoria,1220,2026,7,Sunday,2,2
793,2026-02-05,21:56,J0115,Puerto Escarlata,Casual,Koro,25,5,4,6,Victoria,1220,2026,2,Thursday,1,1
1792,2026-02-27,15:52,J0030,Canales de Hielo,Casual,Umbra;Lienzo,25,5,4,6,Derrota,720,2026,2,Friday,1,2
3288,2026-03-28,19:33,J0017,Canales de Hielo,Casual,Umbra,23,7,2,4,Derrota,860,2026,3,Saturday,4,1
9700,2026-07-11,18:47,J0018,Canales de Hielo,Ranked,Vex,34,7,6,8,Derrota,980,2026,7,Saturday,1,1
8749,2026-06-27,20:48,J0134,Ciudadela,Casual,Umbra;Brisa,19,3,7,2,Derrota,260,2026,6,Saturday,0,2
3252,2026-03-28,22:15,J0055,Ciudadela,Ranked,Lienzo;Vex,31,7,5,6,Victoria,1400,2026,3,Saturday,1,2
1818,2026-02-27,01:50,J0006,Canales de Hielo,Ranked,Lienzo,31,5,4,3,Derrota,570,2026,2,Friday,1,1
7361,2026-06-05,01:17,J0037,Puerto Escarlata,Casual,Vex;Tesla,25,9,6,3,Victoria,1430,2026,6,Friday,2,2
9285,2026-07-05,17:44,J0042,Bosque Umbral,Ranked,Umbra;Tesla,40,5,1,3,Victoria,1130,2026,7,Sunday,5,2
4776,2026-04-25,18:37,J0081,Estacion Orbital,Ranked,Brisa;Magnus,25,6,3,1,Derrota,290,2026,4,Saturday,2,2
4845,2026-04-26,20:12,J0088,Bosque Umbral,Casual,Koro,25,1,5,6,Derrota,300,2026,4,Sunday,0,1
834,2026-02-06,00:06,J0067,Puerto Escarlata,Casual,Brisa,14,4,2,6,Victoria,1160,2026,2,Friday,2,1
9719,2026-07-11,13:56,J0007,Bosque Umbral,Ranked,Tesla,24,9,3,1,Derrota,890,2026,7,Saturday,3,1
7075,2026-05-31,10:22,J0002,Canales de Hielo,Ranked,Tesla,23,6,7,3,Victoria,1110,2026,5,Sunday,1,1
7926,2026-06-14,02:14,J0040,Puerto Escarlata,Casual,Vex,20,11,4,10,Victoria,2020,2026,6,Sunday,3,1
7751,2026-06-12,12:42,J0047,Bosque Umbral,Casual,Lienzo,30,6,2,4,Victoria,1260,2026,6,Friday,3,1
64,2026-01-17,11:25,J0033,Puerto Escarlata,Casual,Magnus,13,10,3,3,Derrota,1090,2026,1,Saturday,3,1
5126,2026-05-01,19:43,J0099,Bosque Umbral,Torneo,Nadia,10,1,2,2,Victoria,660,2026,5,Friday,0,1
7760,2026-06-12,19:05,J0063,Canales de Hielo,Casual,Nadia;Koro,19,3,4,1,Derrota,270,2026,6,Friday,1,2
6900,2026-05-29,19:59,J0175,Bosque Umbral,Casual,Brisa;Nadia;Tesla,22,4,5,2,Victoria,900,2026,5,Friday,1,3
3873,2026-04-08,12:58,J0084,Canales de Hielo,Ranked,Brisa,34,5,6,1,Derrota,430,2026,4,Wednesday,1,1
3065,2026-03-24,07:35,J0024,Desierto Neon,Ranked,Nadia;Vex,37,11,5,2,Derrota,1100,2026,3,Tuesday,2,2
8995,2026-06-30,13:56,J0056,Bosque Umbral,Casual,Magnus;Brisa,30,4,3,4,Derrota,540,2026,6,Tuesday,1,2
9003,2026-07-01,19:35,J0033,Canales de Hielo,Ranked,Tesla,34,11,0,5,Victoria,1850,2026,7,Wednesday,,1
2459,2026-03-13,21:22,J0200,Bosque Umbral,Casual,Nadia;Magnus,29,8,4,3,Derrota,870,2026,3,Friday,2,2
9114,2026-07-03,12:11,J0099,Ciudadela,Ranked,Magnus,32,0,10,6,Derrota,100,2026,7,Friday,0,1
3913,2026-04-09,22:56,J0066,Puerto Escarlata,Casual,Lienzo;Koro,8,13,4,6,Victoria,2020,2026,4,Thursday,3,2
5508,2026-05-07,20:16,J0020,Bosque Umbral,Casual,Brisa,23,7,6,1,Derrota,630,2026,5,Thursday,1,1
7809,2026-06-13,22:16,J0060,Estacion Orbital,Ranked,Nadia;Tesla,40,3,2,0,Derrota,260,2026,6,Saturday,2,2
7310,2026-06-04,12:34,J0115,Bosque Umbral,Casual,Lienzo,22,3,2,6,Victoria,1060,2026,6,Thursday,2,1
4881,2026-04-26,19:48,J0002,Bosque Umbral,Casual,Magnus;Brisa,8,5,3,2,Derrota,540,2026,4,Sunday,2,2
1198,2026-02-14,21:45,J0029,Ciudadela,Torneo,Umbra,8,4,6,6,Victoria,1080,2026,2,Saturday,1,1
5530,2026-05-08,18:07,J0015,Ciudadela,Ranked,Brisa;Umbra,44,7,7,4,Victoria,1260,2026,5,Friday,1,2
5160,2026-05-02,20:18,J0037,Bosque Umbral,Ranked,Tesla,37,6,5,4,Derrota,700,2026,5,Saturday,1,1
3048,2026-03-23,18:11,J0021,Puerto Escarlata,Torneo,Umbra,15,5,3,4,,640,2026,3,Monday,2,1
6454,2026-05-22,17:44,J0079,Puerto Escarlata,Ranked,Lienzo,25,2,6,6,Victoria,880,2026,5,Friday,0,1
1430,2026-02-19,06:42,J0006,Estacion Orbital,Casual,Lienzo;Brisa;Umbra,18,6,7,8,,1360,2026,2,Thursday,1,3
4646,2026-04-23,16:21,J0022,Puerto Escarlata,Casual,Umbra,19,5,6,4,Victoria,1080,2026,4,Thursday,1,1
3791,2026-04-07,15:49,J0005,Bosque Umbral,Ranked,Umbra,34,6,3,4,Victoria,1240,2026,4,Tuesday,2,1
4895,2026-04-27,19:55,J0004,Puerto Escarlata,Ranked,Tesla,26,4,5,3,Derrota,450,2026,4,Monday,1,1
3035,2026-03-23,11:44,J0065,Bosque Umbral,Ranked,Brisa,35,11,8,5,Derrota,1190,2026,3,Monday,1,1
9570,2026-07-09,17:17,J0012,Canales de Hielo,Ranked,Tesla;Nadia,36,3,7,4,Victoria,860,2026,7,Thursday,0,2
6506,2026-05-23,19:41,J0058,Bosque Umbral,Casual,Vex;Tesla,10,14,3,2,Derrota,1440,2026,5,Saturday,5,2
1154,2026-02-13,00:29,J0024,Desierto Neon,Ranked,Brisa,42,6,2,6,Derrota,860,2026,2,Friday,3,1
2817,2026-03-20,18:09,J0144,Desierto Neon,Casual,Nadia;Brisa,28,6,7,6,Derrota,460,2026,3,Friday,1,2
6891,2026-05-29,17:05,J0011,Bosque Umbral,Casual,Tesla;Nadia;Koro,25,6,3,2,Derrota,640,2026,5,Friday,2,3
6052,2026-05-16,10:19,J0079,Canales de Hielo,Casual,Koro;Magnus,10,1,3,6,Victoria,840,2026,5,Saturday,0,2
8745,2026-06-27,13:18,J0085,Desierto Neon,Ranked,Koro,23,4,7,3,Victoria,,2026,6,Saturday,1,1
5460,2026-05-06,22:40,J0025,Bosque Umbral,Casual,Nadia;Brisa,17,5,7,2,Derrota,460,2026,5,Wednesday,1,2
3264,2026-03-28,08:18,J0068,Puerto Escarlata,Ranked,Tesla;Lienzo;Brisa,28,5,9,4,Derrota,520,2026,3,Saturday,1,3
4813,2026-04-25,20:12,J0067,Estacion Orbital,Ranked,Vex;Umbra,43,12,5,6,Derrota,1400,2026,4,Saturday,2,2
4873,2026-04-26,20:59,J0013,Canales de Hielo,Casual,Lienzo,17,9,4,7,Derrota,1170,2026,4,Sunday,2,1
4533,2026-04-21,21:40,J0200,Bosque Umbral,Ranked,,22,7,2,4,Victoria,1360,2026,4,Tuesday,4,0
965,2026-02-08,18:22,J0024,Ciudadela,Casual,Brisa;Umbra;Tesla,28,9,6,4,Victoria,1480,2026,2,Sunday,2,3
5258,2026-05-03,10:12,J0008,Canales de Hielo,Casual,Vex,30,2,4,4,Derrota,320,2026,5,Sunday,0,1
606,2026-01-31,09:21,J0092,Puerto Escarlata,Ranked,Koro,39,8,3,2,Victoria,1340,2026,1,Saturday,3,1
5690,2026-05-10,12:30,J0066,Puerto Escarlata,Ranked,Umbra;Brisa;Tesla,26,4,8,7,Victoria,1090,2026,5,Sunday,0,3
6752,2026-05-26,01:23,J0051,Bosque Umbral,Ranked,Tesla,45,1,3,1,Victoria,590,2026,5,Tuesday,0,1
7882,2026-06-13,17:41,J0059,Bosque Umbral,Casual,Nadia,22,1,5,2,Derrota,,2026,6,Saturday,0,1
2749,2026-03-18,16:59,J0095,Desierto Neon,Ranked,Vex,36,8,5,2,Victoria,1300,2026,3,Wednesday,2,1
1484,2026-02-20,17:54,J0031,Ciudadela,Torneo,Magnus,30,2,8,3,Derrota,190,2026,2,Friday,0,1
3146,2026-03-25,09:35,J0029,Puerto Escarlata,Torneo,Vex,11,12,3,7,Victoria,1990,2026,3,Wednesday,4,1
2998,2026-03-23,07:52,J0045,Estacion Orbital,Ranked,Brisa,37,7,1,4,Derrota,880,2026,3,Monday,7,1
4872,2026-04-26,23:48,J0113,Bosque Umbral,Ranked,Koro;Vex;Magnus,37,5,2,7,Victoria,1310,2026,4,Sunday,2,3
2699,2026-03-17,00:05,J0033,Puerto Escarlata,Ranked,Tesla;Lienzo;Nadia,40,4,5,6,Derrota,600,2026,3,Tuesday,1,3
4195,2026-04-15,17:27,J0017,Puerto Escarlata,Casual,Nadia;Lienzo,12,11,8,3,Derrota,1090,2026,4,Wednesday,1,2
1427,2026-02-19,13:46,J0118,Canales de Hielo,Ranked,Lienzo;Vex,40,5,3,1,Derrota,490,2026,2,Thursday,2,2
497,2026-01-28,10:26,J0048,Ciudadela,Ranked,Nadia,38,6,3,4,Victoria,1240,2026,1,Wednesday,2,1
6726,2026-05-26,19:13,J0071,Desierto Neon,Casual,Tesla;Umbra,17,3,4,2,Derrota,320,2026,5,Tuesday,1,2
7090,2026-06-01,18:23,J0068,Puerto Escarlata,Torneo,Tesla,13,6,10,1,Derrota,450,2026,6,Monday,1,1
759,2026-02-04,19:23,J0016,Desierto Neon,Ranked,Brisa,29,11,3,3,Victoria,1690,2026,2,Wednesday,4,1
838,2026-02-06,20:44,J0007,Desierto Neon,Ranked,Vex,33,19,8,4,Victoria,24,2026,2,Friday,2,1
5937,2026-05-14,16:03,J0110,Bosque Umbral,Ranked,Lienzo,22,5,8,5,Derrota,590,2026,5,Thursday,1,1
8469,2026-06-23,17:38,J0019,Desierto Neon,Ranked,Nadia;Brisa;Umbra,39,6,9,9,Victoria,1370,2026,6,Tuesday,1,3
2026,2026-03-04,10:16,J0162,Desierto Neon,Ranked,Umbra;Koro,33,5,7,2,Victoria,960,2026,3,Wednesday,1,2
1023,2026-02-10,17:32,J0026,Estacion Orbital,Ranked,Koro,22,4,0,4,Derrota,600,2026,2,Tuesday,,1
8830,2026-06-28,04:53,J0021,Canales de Hielo,Ranked,Brisa;Nadia,26,2,6,4,Derrota,,2026,6,Sunday,0,2
5713,2026-05-10,20:13,J0012,Ciudadela,Ranked,Lienzo,26,5,6,4,Derrota,580,2026,5,Sunday,1,1
7676,2026-06-10,18:41,J0044,Puerto Escarlata,Ranked,Koro;Tesla,23,10,6,5,Derrota,,2026,6,Wednesday,2,2
1058,2026-02-11,19:58,J0036,Canales de Hielo,Ranked,Koro,34,4,5,6,Derrota,600,2026,2,Wednesday,1,1
7935,2026-06-14,16:03,J0006,Desierto Neon,Ranked,Brisa;Koro,30,1,6,1,Derrota,30,2026,6,Sunday,0,2
5415,2026-05-06,18:55,J0102,Bosque Umbral,Ranked,Brisa;Vex,28,6,2,3,Derrota,710,2026,5,Wednesday,3,2
4735,2026-04-24,17:08,J0063,Desierto Neon,Ranked,Brisa;Koro,31,8,3,3,Victoria,1390,2026,4,Friday,3,2
7924,2026-06-14,19:39,J0010,Ciudadela,Casual,Brisa;Umbra,15,4,2,3,Derrota,510,2026,6,Sunday,2,2
6366,2026-05-21,18:27,J0097,Bosque Umbral,Casual,Tesla,9,7,3,5,Victoria,1390,2026,5,Thursday,2,1
2871,2026-03-21,18:53,J0104,Puerto Escarlata,Casual,Koro,8,5,6,6,Derrota,680,2026,3,Saturday,1,1
3756,2026-04-06,02:58,J0009,Puerto Escarlata,Ranked,Umbra,24,5,6,1,Victoria,930,2026,4,Monday,1,1
1545,2026-02-21,19:31,J0012,Ciudadela,Ranked,Koro,22,6,9,3,Derrota,570,2026,2,Saturday,1,1
2885,2026-03-21,00:25,J0122,Ciudadela,Ranked,Lienzo,26,6,5,5,Victoria,1250,2026,3,Saturday,1,1
3033,2026-03-23,17:04,J0021,Ciudadela,Casual,Tesla,21,8,7,4,Victoria,1360,2026,3,Monday,1,1
8965,2026-06-30,12:56,J0044,Desierto Neon,Casual,Brisa,28,4,1,7,Victoria,1230,2026,6,Tuesday,4,1
725,2026-02-03,01:11,J0015,Desierto Neon,Casual,Magnus,13,10,6,1,Victoria,1430,2026,2,Tuesday,2,1
5260,2026-05-03,23:13,J0064,Desierto Neon,Casual,Brisa,20,4,6,4,Derrota,480,2026,5,Sunday,1,1
1128,2026-02-12,12:18,J0045,Ciudadela,Ranked,Magnus,32,1,6,5,Derrota,230,2026,2,Thursday,0,1
3071,2026-03-24,21:06,J0092,Ciudadela,Casual,Tesla,27,6,6,3,Victoria,1130,2026,3,Tuesday,1,1
5248,2026-05-03,21:08,J0148,Canales de Hielo,Casual,Tesla,29,4,7,2,Victoria,860,2026,5,Sunday,1,1
4904,2026-04-27,14:37,J0007,Desierto Neon,Ranked,Koro,34,9,3,3,Derrota,990,2026,4,Monday,3,1
3108,2026-03-25,19:57,J0010,Canales de Hielo,Torneo,Vex;Lienzo,18,6,4,7,Victoria,1370,2026,3,Wednesday,2,2
7804,2026-06-12,17:06,J0187,Canales de Hielo,Ranked,Koro,27,5,9,3,Victoria,970,2026,6,Friday,1,1
6681,2026-05-25,21:58,J0031,Ciudadela,Casual,Tesla;Vex,29,2,5,6,Victoria,900,2026,5,Monday,0,2
5370,2026-05-05,22:19,J0127,Ciudadela,Casual,Magnus,18,4,6,7,Derrota,630,2026,5,Tuesday,1,1
1562,2026-02-21,22:22,J0053,Ciudadela,Casual,Magnus,14,3,3,4,Derrota,440,2026,2,Saturday,1,1
4128,2026-04-13,10:55,J0072,Canales de Hielo,Ranked,Koro,26,3,8,6,Derrota,440,2026,4,Monday,0,1
8331,2026-06-21,20:38,J0108,Puerto Escarlata,Casual,Lienzo,29,7,5,4,Victoria,1300,2026,6,Sunday,1,1
8089,2026-06-17,00:11,J0011,Desierto Neon,Ranked,Vex,36,3,5,4,Victoria,900,2026,6,Wednesday,1,1
9947,2026-07-14,20:38,J0022,Estacion Orbital,Ranked,Umbra,35,5,3,5,Victoria,1190,2026,7,Tuesday,2,1
9350,2026-07-06,20:23,J0011,Bosque Umbral,Torneo,Nadia;Brisa,17,7,6,2,Victoria,1180,2026,7,Monday,1,2
5701,2026-05-10,01:03,J0111,Estacion Orbital,Casual,Tesla,23,6,2,8,Victoria,1460,2026,5,Sunday,3,1
4594,2026-04-22,12:25,J0064,Bosque Umbral,Casual,Magnus,8,5,10,5,Victoria,1050,2026,4,Wednesday,0,1
5810,2026-05-12,00:03,J0022,Estacion Orbital,Ranked,Vex,26,7,5,1,Victoria,,2026,5,Tuesday,1,1
7050,2026-05-31,22:43,J0120,Bosque Umbral,Ranked,Tesla,38,4,1,3,Derrota,530,2026,5,Sunday,4,1
6311,2026-05-20,00:06,J0006,Ciudadela,Casual,Brisa,14,9,5,3,Victoria,1450,2026,5,Wednesday,2,1
3938,2026-04-10,07:25,J0054,Bosque Umbral,Ranked,Vex,38,6,3,4,Victoria,1240,2026,4,Friday,2,1
8351,2026-06-21,10:21,J0009,Desierto Neon,Ranked,Umbra;Vex,24,5,3,4,Victoria,1140,2026,6,Sunday,2,2
2361,2026-03-10,12:52,J0028,Desierto Neon,Casual,Umbra;Vex,21,7,8,2,Victoria,1140,2026,3,Tuesday,1,2
1393,2026-02-18,19:48,J0200,Desierto Neon,Casual,Nadia,21,6,3,9,Victoria,1290,2026,2,Wednesday,2,1
7014,2026-05-31,20:36,J0007,Bosque Umbral,Casual,Nadia,9,7,9,7,Derrota,870,2026,5,Sunday,1,1
4937,2026-04-27,13:21,J0005,Canales de Hielo,Casual,,8,10,5,5,Victoria,1650,2026,4,Monday,2,0
5045,2026-04-30,13:21,J0163,Puerto Escarlata,Ranked,Koro,25,8,4,7,Victoria,1570,2026,4,Thursday,2,1
8631,2026-06-25,22:36,J0018,Canales de Hielo,Casual,Brisa;Umbra,25,6,8,5,Derrota,590,2026,6,Thursday,1,2
8159,2026-06-18,00:21,J0018,Estacion Orbital,Ranked,Nadia;Brisa;Magnus,43,3,6,7,Derrota,530,2026,6,Thursday,0,3
18,2026-01-16,07:26,J0016,Canales de Hielo,Casual,Tesla,21,8,2,1,Victoria,1310,2026,1,Friday,4,1
1771,2026-02-26,20:43,J0053,Bosque Umbral,Ranked,Lienzo,39,11,5,2,Derrota,1100,2026,2,Thursday,2,1
1889,2026-03-01,20:01,J0200,Estacion Orbital,Casual,Magnus,17,1,4,5,Victoria,770,2026,3,Sunday,0,1
1643,2026-02-23,19:37,J0011,Puerto Escarlata,Casual,Lienzo,21,2,7,5,Derrota,310,2026,2,Monday,0,1
133,2026-01-19,23:24,J0033,Desierto Neon,Casual,Nadia;Koro;Vex,18,15,5,4,Derrota,1600,2026,1,Monday,3,3
5454,2026-05-06,01:33,J0066,Estacion Orbital,Ranked,Magnus,24,6,8,7,Victoria,1290,2026,5,Wednesday,1,1
9846,2026-07-12,18:45,J0126,Bosque Umbral,Casual,Tesla;Nadia;Koro,17,6,5,5,Derrota,750,2026,7,Sunday,1,3
7987,2026-06-15,19:17,J0072,Estacion Orbital,Torneo,Tesla,30,4,5,3,Victoria,950,2026,6,Monday,1,1
1096,2026-02-11,23:34,J0040,Canales de Hielo,Casual,Tesla,31,2,3,3,Victoria,790,2026,2,Wednesday,1,1
3232,2026-03-27,21:49,J0041,Estacion Orbital,Casual,Magnus,25,2,6,2,Derrota,180,2026,3,Friday,0,1
8741,2026-06-27,16:17,J0138,Ciudadela,Ranked,Brisa;Magnus,37,2,2,3,Derrota,310,2026,6,Saturday,1,2
6111,2026-05-17,20:44,J0200,Puerto Escarlata,Ranked,Umbra,23,4,4,3,Victoria,970,2026,5,Sunday,1,1
4185,2026-04-14,21:26,J0123,Ciudadela,Ranked,Nadia,43,9,3,6,Victoria,1640,2026,4,Tuesday,3,1
2003,2026-03-03,16:52,J0005,Puerto Escarlata,Casual,Lienzo,16,5,4,5,Victoria,1170,2026,3,Tuesday,1,1
5699,2026-05-10,20:24,J0073,Ciudadela,Ranked,Umbra,28,5,3,3,Victoria,1090,2026,5,Sunday,2,1
169,2026-01-20,16:53,J0182,Desierto Neon,Ranked,Tesla,29,12,9,3,Victoria,1670,2026,1,Tuesday,1,1
8086,2026-06-17,20:03,J0015,Ciudadela,Casual,Lienzo,28,7,2,6,Derrota,960,2026,6,Wednesday,4,1
1920,2026-03-01,23:21,J0122,Canales de Hielo,Ranked,Vex,33,4,5,6,Victoria,1100,2026,3,Sunday,1,1
3773,2026-04-07,11:18,J0030,Bosque Umbral,Casual,Nadia,29,7,6,6,Derrota,880,2026,4,Tuesday,1,1
4639,2026-04-23,13:22,J0008,Canales de Hielo,Ranked,Magnus,33,7,3,1,Victoria,1190,2026,4,Thursday,2,1
3961,2026-04-10,17:29,J0004,Canales de Hielo,Casual,Brisa,32,5,7,6,Derrota,660,2026,4,Friday,1,1
9316,2026-07-05,20:15,J0051,Puerto Escarlata,Torneo,Magnus,9,3,6,3,Derrota,,2026,7,Sunday,0,1
6121,2026-05-17,16:32,J0060,Desierto Neon,Ranked,Nadia,34,5,5,3,Victoria,1050,2026,5,Sunday,1,1
7342,2026-06-05,11:27,J0038,Puerto Escarlata,Casual,Vex;Brisa,27,3,6,5,,930,2026,6,Friday,0,2
8185,2026-06-18,15:25,J0105,Ciudadela,Casual,Koro,16,12,4,4,Derrota,1320,2026,6,Thursday,3,1
1299,2026-02-16,20:31,J0058,Bosque Umbral,Casual,Brisa,27,6,5,3,Derrota,650,2026,2,Monday,1,1
5741,2026-05-11,18:48,J0105,Bosque Umbral,Ranked,Tesla,43,7,5,3,Derrota,750,2026,5,Monday,1,1
4036,2026-04-11,22:51,J0158,Estacion Orbital,Ranked,Umbra;Vex;Lienzo,42,15,2,1,Victoria,2010,2026,4,Saturday,8,3
3096,2026-03-25,23:07,J0020,Ciudadela,Casual,Brisa,10,9,3,4,Victoria,1540,2026,3,Wednesday,3,1
7521,2026-06-07,22:59,J0035,Ciudadela,Casual,Lienzo,19,7,4,5,Victoria,1370,2026,6,Sunday,2,1
1288,2026-02-16,22:32,J0083,Desierto Neon,Torneo,Umbra,23,3,5,1,Derrota,250,2026,2,Monday,1,1
3439,2026-03-31,15:42,J0005,Bosque Umbral,Ranked,Lienzo;Koro;Brisa,45,9,3,2,Victoria,1440,2026,3,Tuesday,3,3
8158,2026-06-18,20:01,J0135,Desierto Neon,Casual,Vex;Tesla;Magnus,27,13,4,2,Victoria,1820,2026,6,Thursday,3,3
2957,2026-03-22,01:19,J0151,Puerto Escarlata,Casual,Vex;Umbra,19,5,6,10,Derrota,880,2026,3,Sunday,1,2
8095,2026-06-17,19:51,J0053,Estacion Orbital,Ranked,Nadia,33,4,3,3,Derrota,490,2026,6,Wednesday,1,1
2014,2026-03-03,18:34,J0111,Desierto Neon,Ranked,Tesla;Nadia,24,6,7,5,Victoria,1210,2026,3,Tuesday,1,2
8299,2026-06-20,19:56,J0071,Desierto Neon,Casual,Vex,27,6,8,2,Victoria,1040,2026,6,Saturday,1,1
5364,2026-05-05,17:38,J0106,Ciudadela,Casual,Vex;Lienzo;Magnus,15,8,2,3,Victoria,1410,2026,5,Tuesday,4,3
4460,2026-04-19,21:48,J0095,Desierto Neon,Ranked,Umbra;Magnus,45,8,10,5,Victoria,1350,2026,4,Sunday,1,2
2341,2026-03-10,20:38,J0091,Canales de Hielo,Ranked,Lienzo;Umbra,43,8,5,4,Victoria,1400,2026,3,Tuesday,2,2
2955,2026-03-22,16:13,J0009,Canales de Hielo,Ranked,Nadia;Brisa;Tesla,22,5,3,6,Derrota,740,2026,3,Sunday,2,3
9973,2026-07-14,11:54,J0115,Ciudadela,Casual,Nadia,13,6,3,2,Derrota,440,2026,7,Tuesday,2,1
7204,2026-06-03,20:34,J0047,Canales de Hielo,Casual,Brisa,24,10,6,2,Victoria,1480,2026,6,Wednesday,2,1
5317,2026-05-04,18:14,J0038,Estacion Orbital,Ranked,Brisa,44,4,9,6,Victoria,1020,2026,5,Monday,0,1
450,2026-01-27,13:48,J0034,Estacion Orbital,Casual,Umbra,9,4,4,7,,670,2026,1,Tuesday,1,1
6581,2026-05-23,22:12,J0033,Bosque Umbral,Casual,Umbra;Koro,21,6,7,4,Victoria,1160,2026,5,Saturday,1,2
8880,2026-06-29,12:10,J0006,Bosque Umbral,Torneo,Nadia;Umbra;Lienzo,28,5,6,3,Victoria,1030,2026,6,Monday,1,3
811,2026-02-05,18:05,J0200,Puerto Escarlata,Torneo,Lienzo;Brisa,20,4,7,5,Derrota,510,2026,2,Thursday,1,2
7367,2026-06-05,13:57,J0166,Desierto Neon,Ranked,Lienzo,43,5,8,4,Victoria,1040,2026,6,Friday,1,1
7948,2026-06-14,16:26,J0024,Bosque Umbral,Ranked,Tesla;Vex,44,3,3,2,Victoria,840,2026,6,Sunday,1,2
4378,2026-04-18,21:37,J0001,Estacion Orbital,Ranked,Vex,41,6,5,7,Derrota,850,2026,4,Saturday,1,1
9527,2026-07-09,20:03,J0089,Ciudadela,Torneo,Tesla,27,4,6,3,Derrota,430,2026,7,Thursday,1,1
5993,2026-05-15,09:20,J0108,Desierto Neon,Ranked,Magnus,38,5,3,2,Derrota,540,2026,5,Friday,2,1
6483,2026-05-22,22:00,J0046,Bosque Umbral,Casual,Magnus,26,4,5,1,Victoria,850,2026,5,Friday,1,1
7887,2026-06-14,11:28,J0092,Desierto Neon,Casual,Magnus,25,7,2,4,Derrota,860,2026,6,Sunday,4,1
1478,2026-02-20,22:32,J0036,Estacion Orbital,Casual,,9,3,8,4,Derrota,340,2026,2,Friday,0,0
1791,2026-02-27,14:38,J0014,Puerto Escarlata,Ranked,Magnus,26,3,4,6,Derrota,520,2026,2,Friday,1,1
2009,2026-03-03,19:56,J0016,Puerto Escarlata,Ranked,Umbra,27,11,4,6,Derrota,1320,2026,3,Tuesday,3,1
683,2026-02-02,11:27,J0012,Estacion Orbital,Ranked,Brisa,44,6,9,4,Victoria,920,2026,2,Monday,1,1
9292,2026-07-05,15:38,J0137,Puerto Escarlata,Ranked,Koro;Tesla;Lienzo,32,10,2,4,Victoria,1660,2026,7,Sunday,5,3
5194,2026-05-02,01:17,J0013,Estacion Orbital,Ranked,Tesla;Nadia,36,3,3,8,Derrota,640,2026,5,Saturday,1,2
8346,2026-06-21,19:54,J0009,Canales de Hielo,Casual,,12,4,7,6,Victoria,1060,2026,6,Sunday,1,0
58,2026-01-17,10:18,J0058,Estacion Orbital,Ranked,Nadia;Tesla,40,7,3,7,Victoria,1490,2026,1,Saturday,2,2
2179,2026-03-07,09:34,J0075,Puerto Escarlata,Casual,Lienzo;Nadia,27,6,5,2,Derrota,600,2026,3,Saturday,1,2
4223,2026-04-15,19:58,J0200,Puerto Escarlata,Casual,Brisa,23,7,6,3,Victoria,,2026,4,Wednesday,1,1
8761,2026-06-27,17:48,J0022,Bosque Umbral,Casual,Vex;Magnus;Koro,29,12,3,2,,1740,2026,6,Saturday,4,3
6612,2026-05-24,09:11,J0033,Canales de Hielo,Casual,Lienzo;Brisa;Nadia,21,1,9,5,Derrota,170,2026,5,Sunday,0,3
47,2026-01-17,17:18,J0051,Desierto Neon,Casual,Brisa,18,3,8,6,Derrota,440,2026,1,Saturday,0,1
31,2026-01-17,21:26,J0007,Estacion Orbital,Ranked,Umbra;Vex,38,9,4,4,Victoria,1520,2026,1,Saturday,2,2
8266,2026-06-20,18:21,J0067,Estacion Orbital,Ranked,Magnus,43,5,3,5,Victoria,1190,2026,6,Saturday,2,1
5618,2026-05-09,00:03,J0065,Bosque Umbral,Casual,Tesla,14,3,4,2,Derrota,320,2026,5,Saturday,1,1
1469,2026-02-20,04:47,J0048,Estacion Orbital,Casual,Vex,14,8,3,5,Derrota,990,2026,2,Friday,3,1
1666,2026-02-24,09:44,J0008,Bosque Umbral,Ranked,Magnus;Tesla,45,3,4,5,Victoria,970,2026,2,Tuesday,1,2
1417,2026-02-19,00:31,J0190,Bosque Umbral,Torneo,Magnus,32,5,3,5,Victoria,1190,2026,2,Thursday,2,1
5643,2026-05-09,01:54,J0008,Estacion Orbital,Ranked,Brisa,42,4,1,5,Victoria,1130,2026,5,Saturday,4,1
8253,2026-06-20,18:08,J0018,Desierto Neon,Casual,Koro;Umbra,16,2,5,5,Victoria,850,2026,6,Saturday,0,2
7739,2026-06-11,18:57,J0016,Ciudadela,Casual,Vex,30,8,7,4,Victoria,1360,2026,6,Thursday,1,1
7368,2026-06-05,07:43,J0006,Bosque Umbral,Torneo,Koro,10,4,3,5,Victoria,1090,2026,6,Friday,1,1
2824,2026-03-20,21:33,J0081,Puerto Escarlata,Casual,Koro,19,4,4,4,Victoria,1020,2026,3,Friday,1,1
430,2026-01-26,15:25,J0034,Ciudadela,Casual,Umbra,32,2,5,4,Derrota,300,2026,1,Monday,0,1
5340,2026-05-04,15:27,J0088,Estacion Orbital,Casual,,23,6,3,7,Victoria,1390,2026,5,Monday,2,0
2795,2026-03-19,19:44,J0152,Estacion Orbital,Casual,Vex,20,17,6,7,,1930,2026,3,Thursday,3,1
386,2026-01-25,16:23,J0062,Puerto Escarlata,Torneo,Magnus,20,6,4,2,Victoria,1120,2026,1,Sunday,2,1
1946,2026-03-02,22:30,J0060,Canales de Hielo,Torneo,Magnus,21,5,7,6,Derrota,660,2026,3,Monday,1,1
4305,2026-04-17,22:28,J0011,Bosque Umbral,Torneo,Nadia,26,10,5,2,Victoria,1500,2026,4,Friday,2,1
474,2026-01-27,18:15,J0067,Estacion Orbital,Casual,Lienzo,28,6,7,9,Victoria,1410,2026,1,Tuesday,1,1
8743,2026-06-27,09:54,J0052,Canales de Hielo,Ranked,Vex,36,4,1,6,Victoria,1180,2026,6,Saturday,4,1
6871,2026-05-28,13:25,J0025,Estacion Orbital,Casual,Nadia,21,5,6,5,Derrota,630,2026,5,Thursday,1,1
6673,2026-05-25,01:05,J0077,Estacion Orbital,Casual,Umbra;Nadia,28,6,5,8,Derrota,900,2026,5,Monday,1,2
8241,2026-06-19,19:19,J0059,Canales de Hielo,Ranked,Brisa;Nadia;Lienzo,39,1,6,7,Victoria,830,2026,6,Friday,0,3
1056,2026-02-11,10:46,J0119,Puerto Escarlata,Ranked,Lienzo;Vex,41,10,2,4,Derrota,1160,2026,2,Wednesday,5,2
8094,2026-06-17,13:26,J0056,Ciudadela,Casual,Lienzo;Tesla,14,3,2,2,Derrota,360,2026,6,Wednesday,2,2
3380,2026-03-30,18:56,J0012,Canales de Hielo,Ranked,Tesla,22,6,5,4,Victoria,1200,2026,3,Monday,1,1
7566,2026-06-08,18:53,J0046,Canales de Hielo,Ranked,Magnus;Vex,43,11,3,4,Victoria,1740,2026,6,Monday,4,2
5919,2026-05-14,11:01,J0004,Desierto Neon,Casual,Tesla;Umbra,14,7,7,4,Derrota,760,2026,5,Thursday,1,2
812,2026-02-05,19:38,J0035,Desierto Neon,Ranked,Koro;Lienzo,32,9,6,4,Derrota,980,2026,2,Thursday,2,2
6978,2026-05-30,21:41,J0092,Puerto Escarlata,Ranked,Lienzo,31,3,9,5,Victoria,870,2026,5,Saturday,0,1
2514,2026-03-14,14:48,J0034,Puerto Escarlata,Ranked,Lienzo;Koro,39,7,3,4,Victoria,1340,2026,3,Saturday,2,2
9424,2026-07-07,21:53,J0060,Estacion Orbital,Casual,Umbra,26,2,7,4,Victoria,760,2026,7,Tuesday,0,1
6385,2026-05-21,13:15,J0141,Bosque Umbral,Casual,Brisa;Nadia,9,4,4,6,Derrota,620,2026,5,Thursday,1,2
6337,2026-05-20,19:32,J0003,Estacion Orbital,Ranked,Lienzo,38,8,3,0,Victoria,1240,2026,5,Wednesday,3,1
112,2026-01-18,19:30,J0008,Bosque Umbral,Ranked,Lienzo;Tesla,22,7,3,2,Victoria,1240,2026,1,Sunday,2,2
8979,2026-06-30,16:01,J0009,Canales de Hielo,Casual,Tesla,24,3,1,3,Victoria,930,2026,6,Tuesday,3,1
1746,2026-02-25,12:55,J0029,Puerto Escarlata,Casual,Umbra;Tesla;Lienzo,12,2,3,4,Derrota,340,2026,2,Wednesday,1,3
9429,2026-07-07,22:05,J0108,Canales de Hielo,Ranked,Lienzo,40,11,5,4,Victoria,1700,2026,7,Tuesday,2,1
1453,2026-02-20,16:49,J0099,Desierto Neon,Ranked,Tesla,23,4,8,2,Derrota,340,2026,2,Friday,0,1
2150,2026-03-06,05:25,J0008,Puerto Escarlata,Ranked,Tesla;Magnus,23,5,8,2,Victoria,940,2026,3,Friday,1,2
320,2026-01-24,17:49,J0039,Ciudadela,Casual,Nadia,27,9,9,4,,920,2026,1,Saturday,1,1
4690,2026-04-24,18:33,J0069,Canales de Hielo,Casual,Umbra,16,2,6,3,Derrota,230,2026,4,Friday,0,1
6072,2026-05-16,19:55,J0114,Desierto Neon,Ranked,Brisa,38,3,3,6,Derrota,540,2026,5,Saturday,1,1
1923,2026-03-01,16:42,J0021,Puerto Escarlata,Ranked,Magnus;Koro,37,7,3,2,Victoria,1240,2026,3,Sunday,2,2
5968,2026-05-14,21:18,J0010,Estacion Orbital,Ranked,Umbra,28,7,6,5,Victoria,1330,2026,5,Thursday,1,1
7673,2026-06-10,18:28,J0196,Ciudadela,Ranked,Nadia,23,6,6,7,Victoria,1330,2026,6,Wednesday,1,1
3429,2026-03-31,19:43,J0051,Puerto Escarlata,Casual,Tesla,9,2,5,6,Derrota,400,2026,3,Tuesday,0,1
4387,2026-04-18,18:19,J0026,Puerto Escarlata,Casual,Vex,14,14,7,2,Derrota,1360,2026,4,Saturday,2,1
7738,2026-06-11,11:43,J0016,Canales de Hielo,Ranked,Koro;Nadia,24,10,1,10,Derrota,1480,2026,6,Thursday,10,2
2130,2026-03-06,19:49,J0014,Canales de Hielo,Casual,Tesla;Magnus;Umbra,11,6,3,3,Derrota,690,2026,3,Friday,2,3
2484,2026-03-13,14:22,J0014,Canales de Hielo,Ranked,Vex,22,13,4,5,Derrota,1470,2026,3,Friday,3,1
7601,2026-06-09,21:29,J0038,Canales de Hielo,Torneo,Vex,23,4,6,3,Victoria,930,2026,6,Tuesday,1,1
4449,2026-04-19,05:23,J0024,Puerto Escarlata,Ranked,Lienzo,44,9,5,2,Derrota,900,2026,4,Sunday,2,1
1053,2026-02-11,20:06,J0011,Desierto Neon,Ranked,Lienzo,27,4,5,4,Victoria,1000,2026,2,Wednesday,1,1
4939,2026-04-27,15:40,J0022,Bosque Umbral,Ranked,Umbra,31,10,6,5,Derrota,1130,2026,4,Monday,2,1
6655,2026-05-24,17:40,J0033,Canales de Hielo,Ranked,Brisa,44,9,6,3,Derrota,930,2026,5,Sunday,2,1
100,2026-01-18,13:54,J0189,Puerto Escarlata,Casual,Nadia,18,4,7,2,,360,2026,1,Sunday,1,1
6518,2026-05-23,15:06,J0036,Puerto Escarlata,Ranked,Magnus,36,2,4,4,Derrota,320,2026,5,Saturday,0,1
1457,2026-02-20,20:58,J0125,Canales de Hielo,Ranked,Magnus,34,4,3,4,Victoria,1040,2026,2,Friday,1,1
7819,2026-06-13,19:16,J0019,Canales de Hielo,Ranked,Tesla;Brisa,36,3,1,2,Derrota,380,2026,6,Saturday,3,2
813,2026-02-05,12:17,J0075,Puerto Escarlata,Casual,Nadia,14,6,2,5,Victoria,1310,2026,2,Thursday,3,1
9162,2026-07-03,21:32,J0003,Puerto Escarlata,Ranked,Koro;Nadia,29,6,5,2,Victoria,1100,2026,7,Friday,1,2
5838,2026-05-12,15:44,J0200,Canales de Hielo,Casual,,20,6,4,4,,,2026,5,Tuesday,2,0
4333,2026-04-17,22:32,J0022,Desierto Neon,Ranked,Lienzo,42,5,2,3,Victoria,1110,2026,4,Friday,2,1
3947,2026-04-10,15:58,J0013,Ciudadela,Ranked,Brisa,42,8,8,9,Derrota,1090,2026,4,Friday,1,1
8808,2026-06-28,23:02,J0027,Bosque Umbral,Casual,Nadia;Lienzo,12,11,9,4,Derrota,1120,2026,6,Sunday,1,2
8482,2026-06-23,19:46,J0117,Canales de Hielo,Ranked,Umbra;Vex,26,6,5,7,Victoria,1350,2026,6,Tuesday,1,2
6577,2026-05-23,19:33,J0002,Ciudadela,Ranked,Magnus,28,3,6,3,Derrota,330,2026,5,Saturday,0,1
5922,2026-05-14,09:10,J0031,Ciudadela,Casual,Brisa;Tesla,27,3,6,3,Derrota,,2026,5,Thursday,0,2
1415,2026-02-19,20:40,J0003,Estacion Orbital,Ranked,,27,3,6,4,Derrota,380,2026,2,Thursday,0,0
541,2026-01-29,19:28,J0001,Canales de Hielo,Casual,Lienzo;Magnus,11,5,6,8,Derrota,780,2026,1,Thursday,1,2
9579,2026-07-09,18:55,J0128,Bosque Umbral,Torneo,Lienzo;Nadia,19,7,5,4,Derrota,800,2026,7,Thursday,1,2
6393,2026-05-21,15:11,J0035,Ciudadela,Ranked,Koro,41,10,4,3,Derrota,1070,2026,5,Thursday,2,1
8211,2026-06-19,19:48,J0011,Estacion Orbital,Casual,Tesla,24,5,3,3,Derrota,590,2026,6,Friday,2,1
755,2026-02-04,18:43,J0039,Bosque Umbral,Ranked,Koro,27,11,11,2,Derrota,,2026,2,Wednesday,1,1
7681,2026-06-10,07:10,J0048,Canales de Hielo,Ranked,Koro;Brisa,26,4,1,5,Victoria,1130,2026,6,Wednesday,4,2
2751,2026-03-18,13:56,J0142,Puerto Escarlata,Ranked,Umbra,30,5,3,1,Victoria,990,2026,3,Wednesday,2,1
4607,2026-04-22,21:23,J0200,Ciudadela,Casual,Tesla,30,6,3,6,Derrota,840,2026,4,Wednesday,2,1
9592,2026-07-10,12:23,J0007,Canales de Hielo,Ranked,Umbra;Lienzo,38,13,4,5,Derrota,,2026,7,Friday,3,2
3400,2026-03-30,23:53,J0006,Desierto Neon,Ranked,Umbra,24,7,4,5,Victoria,,2026,3,Monday,2,1
2639,2026-03-16,22:55,J0032,Estacion Orbital,Ranked,Nadia;Vex,41,11,4,4,Derrota,1220,2026,3,Monday,3,2
8067,2026-06-16,20:03,J0003,Estacion Orbital,Ranked,Nadia,43,4,6,6,Victoria,1080,2026,6,Tuesday,1,1
3126,2026-03-25,17:14,J0033,Canales de Hielo,Ranked,Magnus,23,4,9,5,Derrota,470,2026,3,Wednesday,0,1
9465,2026-07-08,20:15,J0011,Canales de Hielo,Ranked,Vex;Nadia,24,8,8,4,Victoria,1340,2026,7,Wednesday,1,2
5728,2026-05-10,19:15,J0060,Canales de Hielo,Ranked,Magnus,29,3,5,4,Victoria,900,2026,5,Sunday,1,1
3949,2026-04-10,21:27,J0086,Puerto Escarlata,Ranked,Tesla,28,4,8,5,Derrota,490,2026,4,Friday,0,1
4598,2026-04-22,09:28,J0020,Puerto Escarlata,Casual,Tesla,17,8,5,2,Victoria,1300,2026,4,Wednesday,2,1
5928,2026-05-14,19:38,J0007,Bosque Umbral,Ranked,Magnus,25,7,7,4,,760,2026,5,Thursday,1,1
602,2026-01-31,20:56,J0135,Desierto Neon,Ranked,Lienzo,42,9,8,6,Derrota,1040,2026,1,Saturday,1,1
5290,2026-05-03,22:11,J0058,Ciudadela,Casual,Umbra,28,6,7,4,Derrota,660,2026,5,Sunday,1,1
8989,2026-06-30,14:15,J0143,Bosque Umbral,Ranked,Koro;Brisa;Vex,44,4,5,6,Derrota,600,2026,6,Tuesday,1,3
3101,2026-03-25,23:28,J0074,Ciudadela,Ranked,Koro,29,2,8,3,Derrota,190,2026,3,Wednesday,0,1
2466,2026-03-13,15:50,J0020,Estacion Orbital,Casual,Umbra;Lienzo;Nadia,17,9,2,7,Derrota,1210,2026,3,Friday,4,3
3972,2026-04-11,20:19,J0060,Canales de Hielo,Casual,Nadia,16,4,6,6,Victoria,1080,2026,4,Saturday,1,1
8566,2026-06-24,18:10,J0067,Ciudadela,Ranked,Magnus,43,6,1,2,Victoria,1180,2026,6,Wednesday,6,1
1045,2026-02-10,11:19,J0025,Desierto Neon,Casual,Lienzo,20,5,4,3,Derrota,570,2026,2,Tuesday,1,1
7462,2026-06-07,15:59,J0087,Desierto Neon,Casual,Tesla,17,11,5,8,Derrota,1400,2026,6,Sunday,2,1
1558,2026-02-21,21:05,J0200,Desierto Neon,Torneo,Brisa;Nadia,26,6,7,5,Victoria,1210,2026,2,Saturday,1,2
3885,2026-04-09,16:20,J0012,Canales de Hielo,Torneo,Brisa;Lienzo;Umbra,31,6,5,2,Derrota,600,2026,4,Thursday,1,3
4631,2026-04-23,15:58,J0181,Estacion Orbital,Ranked,Brisa;Umbra;Koro,31,5,4,8,Derrota,820,2026,4,Thursday,1,3
181,2026-01-21,21:34,J0064,Puerto Escarlata,Ranked,Tesla,45,4,2,5,Victoria,1110,2026,1,Wednesday,2,1
2116,2026-03-05,13:00,J0049,Bosque Umbral,Casual,Nadia,19,4,7,4,Victoria,960,2026,3,Thursday,1,1
1700,2026-02-24,22:26,J0095,Canales de Hielo,Casual,Koro;Nadia;Brisa,14,11,3,3,,1690,2026,2,Tuesday,4,3
1380,2026-02-18,20:01,J0019,Bosque Umbral,Casual,Vex;Brisa;Lienzo,26,0,4,3,Victoria,570,2026,2,Wednesday,0,3
2471,2026-03-13,18:55,J0035,Puerto Escarlata,Casual,Nadia,31,9,7,7,Derrota,1110,2026,3,Friday,1,1
7355,2026-06-05,20:36,J0027,Puerto Escarlata,Ranked,Vex;Umbra,33,4,5,2,Derrota,400,2026,6,Friday,1,2
6148,2026-05-17,18:14,J0034,Ciudadela,Torneo,Lienzo,26,6,3,7,Victoria,1390,2026,5,Sunday,2,1
619,2026-01-31,19:29,J0016,Estacion Orbital,Ranked,Umbra;Brisa,36,4,6,8,Derrota,680,2026,1,Saturday,1,2
3729,2026-04-06,19:21,J0100,Ciudadela,Casual,Vex;Tesla,24,15,5,1,Derrota,1450,2026,4,Monday,3,2
9925,2026-07-13,20:59,J0002,Canales de Hielo,Ranked,Lienzo;Koro,34,5,3,3,Derrota,590,2026,7,Monday,2,2
1601,2026-02-22,01:25,J0020,Bosque Umbral,Ranked,Vex,27,10,2,1,Derrota,1010,2026,2,Sunday,5,1
6068,2026-05-16,14:16,J0101,Canales de Hielo,Ranked,Nadia,41,6,3,3,Derrota,690,2026,5,Saturday,2,1
1616,2026-02-23,07:59,J0019,Canales de Hielo,Torneo,Tesla;Vex;Koro,20,10,4,1,Victoria,1470,2026,2,Monday,2,3
6023,2026-05-16,18:54,J0022,Ciudadela,Casual,Umbra;Brisa,19,2,5,3,Victoria,750,2026,5,Saturday,0,2
439,2026-01-26,15:12,J0034,Desierto Neon,Ranked,Lienzo,40,3,2,3,Derrota,410,2026,1,Monday,2,1
7429,2026-06-06,16:20,J0042,Estacion Orbital,Ranked,Lienzo,36,4,6,1,,330,2026,6,Saturday,1,1
2084,2026-03-05,01:40,J0128,Canales de Hielo,Ranked,Brisa,35,7,4,5,Derrota,870,2026,3,Thursday,2,1
6212,2026-05-18,07:44,J0127,Bosque Umbral,Ranked,Magnus;Umbra,43,2,8,5,Derrota,290,2026,5,Monday,0,2
9759,2026-07-12,20:11,J0004,Desierto Neon,Casual,Magnus,24,2,3,1,Derrota,190,2026,7,Sunday,1,1
5213,2026-05-02,00:41,J0009,Bosque Umbral,Casual,Koro,29,4,4,3,Derrota,470,2026,5,Saturday,1,1
4673,2026-04-23,20:14,J0108,Canales de Hielo,Ranked,Tesla,27,3,5,3,Victoria,850,2026,4,Thursday,1,1
7564,2026-06-08,19:33,J0020,Ciudadela,Ranked,Tesla;Umbra,35,10,8,1,Victoria,1390,2026,6,Monday,1,2
6928,2026-05-30,20:28,J0040,Canales de Hielo,Ranked,Vex,41,3,2,3,Victoria,910,2026,5,Saturday,2,1
6671,2026-05-25,20:03,J0174,Estacion Orbital,Ranked,,26,4,2,5,Victoria,1110,2026,5,Monday,2,0
5091,2026-04-30,09:36,J0036,Bosque Umbral,Ranked,,32,2,4,6,Derrota,420,2026,4,Thursday,0,0
8400,2026-06-21,06:42,J0172,Ciudadela,Ranked,Magnus;Koro;Brisa,36,8,5,2,Derrota,800,2026,6,Sunday,2,3
1919,2026-03-01,02:31,J0034,Ciudadela,Casual,Brisa;Magnus,9,4,4,1,Derrota,370,2026,3,Sunday,1,2
8396,2026-06-21,02:47,J0001,Ciudadela,Torneo,Umbra;Lienzo,11,6,10,6,Victoria,1200,2026,6,Sunday,1,2
5808,2026-05-12,17:03,J0200,Desierto Neon,Torneo,Brisa;Koro,13,8,2,2,Victoria,1360,2026,5,Tuesday,4,2
7114,2026-06-01,17:12,J0054,Puerto Escarlata,Ranked,Koro;Vex,29,9,5,4,Victoria,1500,2026,6,Monday,2,2
3667,2026-04-05,21:40,J0096,Ciudadela,Casual,Umbra;Magnus,32,11,4,3,Victoria,1670,2026,4,Sunday,3,2
6448,2026-05-22,10:52,J0016,Ciudadela,Ranked,Vex,43,10,2,6,Victoria,1760,2026,5,Friday,5,1
2055,2026-03-04,21:32,J0200,Ciudadela,Ranked,Vex;Lienzo;Umbra,30,13,1,5,Victoria,2030,2026,3,Wednesday,13,3
4798,2026-04-25,15:37,J0122,Puerto Escarlata,Casual,,30,4,6,3,Derrota,430,2026,4,Saturday,1,0
9280,2026-07-05,22:29,J0116,Puerto Escarlata,Casual,Brisa;Umbra;Lienzo,8,8,5,4,Victoria,1400,2026,7,Sunday,2,3
2226,2026-03-07,21:45,J0100,Desierto Neon,Casual,Magnus,10,7,3,4,Victoria,1340,2026,3,Saturday,2,1
8553,2026-06-24,21:48,J0012,Desierto Neon,Ranked,,33,3,6,6,Victoria,980,2026,6,Wednesday,0,0
1127,2026-02-12,02:26,J0046,Canales de Hielo,Ranked,Umbra,27,2,5,3,Victoria,750,2026,2,Thursday,0,1
8317,2026-06-20,20:10,J0085,Canales de Hielo,Ranked,Umbra,22,6,7,6,Derrota,760,2026,6,Saturday,1,1
4687,2026-04-24,17:13,J0031,Bosque Umbral,Ranked,Lienzo,44,10,4,3,Derrota,1070,2026,4,Friday,2,1
4487,2026-04-20,17:44,J0009,Canales de Hielo,Casual,Brisa,26,3,3,3,Victoria,890,2026,4,Monday,1,1
9807,2026-07-12,12:39,J0042,Estacion Orbital,Torneo,Tesla,22,4,1,5,Derrota,630,2026,7,Sunday,4,1
1323,2026-02-17,20:31,J0032,Estacion Orbital,Casual,Vex;Brisa,18,5,6,5,Victoria,1130,2026,2,Tuesday,1,2
1604,2026-02-22,13:05,J0034,Estacion Orbital,Casual,Umbra;Tesla,31,7,3,4,Victoria,1340,2026,2,Sunday,2,2
8556,2026-06-24,20:09,J0006,Puerto Escarlata,Ranked,Brisa;Koro;Lienzo,45,3,6,5,Derrota,430,2026,6,Wednesday,0,3
7554,2026-06-08,12:33,J0026,Estacion Orbital,Casual,Lienzo,23,6,9,1,Derrota,470,2026,6,Monday,1,1
4419,2026-04-19,12:54,J0013,Desierto Neon,Casual,,27,5,5,4,Derrota,600,2026,4,Sunday,1,0
7048,2026-05-31,16:11,J0070,Canales de Hielo,Ranked,Nadia,36,2,3,1,Derrota,190,2026,5,Sunday,1,1
8845,2026-06-28,17:27,J0007,Canales de Hielo,Casual,Magnus;Umbra;Brisa,8,10,4,6,Derrota,1220,2026,6,Sunday,2,3
6568,2026-05-23,20:37,J0079,Estacion Orbital,Casual,Vex,32,6,5,4,Victoria,1200,2026,5,Saturday,1,1
8686,2026-06-26,01:46,J0017,Desierto Neon,Ranked,Koro,42,4,5,6,Victoria,1100,2026,6,Friday,1,1
9414,2026-07-07,18:00,J0031,Ciudadela,Casual,Lienzo,26,5,5,2,Victoria,1000,2026,7,Tuesday,1,1
2479,2026-03-13,11:06,J0069,Desierto Neon,Casual,Tesla;Umbra,28,2,7,1,Derrota,110,2026,3,Friday,0,2
9524,2026-07-09,13:00,J0094,Bosque Umbral,Ranked,Brisa;Umbra,44,4,5,6,Victoria,1100,2026,7,Thursday,1,2
1560,2026-02-21,02:11,J0068,Estacion Orbital,Ranked,Lienzo,25,7,6,3,Victoria,1230,2026,2,Saturday,1,1
4768,2026-04-25,18:48,J0112,Estacion Orbital,Casual,Koro,18,6,4,5,Derrota,770,2026,4,Saturday,2,1
8850,2026-06-28,04:11,J0114,Estacion Orbital,Ranked,,34,5,5,4,Derrota,600,2026,6,Sunday,1,0
3920,2026-04-09,18:52,J0082,Canales de Hielo,Ranked,Tesla,38,4,5,1,Victoria,850,2026,4,Thursday,1,1
3280,2026-03-28,19:10,J0164,Ciudadela,Ranked,Magnus;Vex,35,6,7,5,Victoria,1110,2026,3,Saturday,1,2
3911,2026-04-09,09:15,J0086,Ciudadela,Casual,Tesla;Vex,32,6,5,5,Victoria,1050,2026,4,Thursday,1,2
8449,2026-06-22,18:34,J0187,Ciudadela,Ranked,Umbra,45,6,6,7,Victoria,1330,2026,6,Monday,1,1
1355,2026-02-18,13:43,J0114,Canales de Hielo,Ranked,Umbra;Brisa,32,4,8,5,Derrota,490,2026,2,Wednesday,0,2
46,2026-01-17,22:24,J0200,Canales de Hielo,Casual,Vex,31,10,8,2,Victoria,1440,2026,1,Saturday,1,1
3539,2026-04-02,14:18,J0180,Desierto Neon,Torneo,Koro;Tesla,29,6,7,4,Victoria,1160,2026,4,Thursday,1,2
749,2026-02-03,21:12,J0200,Ciudadela,Casual,Magnus,27,3,9,4,Derrota,320,2026,2,Tuesday,0,1
5578,2026-05-09,17:36,J0023,Canales de Hielo,Casual,Umbra,9,15,10,2,Derrota,1400,2026,5,Saturday,2,1
9317,2026-07-05,17:52,J0060,Bosque Umbral,Casual,Magnus,11,4,4,5,Victoria,1070,2026,7,Sunday,1,1
7101,2026-06-01,15:24,J0104,Canales de Hielo,Ranked,Vex,25,5,5,4,Derrota,600,2026,6,Monday,1,1
4743,2026-04-24,21:48,J0018,Bosque Umbral,Ranked,Tesla;Lienzo,34,1,1,6,Victoria,880,2026,4,Friday,1,2
3016,2026-03-23,17:40,J0119,Bosque Umbral,Casual,Tesla;Magnus,28,6,5,7,Victoria,1350,2026,3,Monday,1,2
8984,2026-06-30,22:13,J0069,Estacion Orbital,Ranked,Koro,43,3,6,1,Derrota,230,2026,6,Tuesday,0,1
5269,2026-05-03,12:21,J0104,Ciudadela,Torneo,Nadia;Magnus,15,5,5,1,Victoria,950,2026,5,Sunday,1,2
6387,2026-05-21,06:45,J0030,Bosque Umbral,Ranked,Lienzo;Koro,39,3,8,3,Victoria,790,2026,5,Thursday,0,2
2252,2026-03-08,16:02,J0037,Bosque Umbral,Ranked,Koro;Lienzo,27,3,5,0,Victoria,700,2026,3,Sunday,1,2
2665,2026-03-16,05:26,J0200,Estacion Orbital,Casual,Magnus,28,6,5,5,Victoria,1250,2026,3,Monday,1,1
8869,2026-06-28,20:31,J0049,Puerto Escarlata,Casual,Umbra,26,2,4,2,Victoria,720,2026,6,Sunday,0,1
3258,2026-03-28,18:06,J0012,Ciudadela,Casual,Umbra,16,6,8,5,Derrota,690,2026,3,Saturday,1,1
2465,2026-03-13,21:47,J0063,Estacion Orbital,Casual,Brisa,29,9,4,6,Derrota,1120,2026,3,Friday,2,1
3579,2026-04-03,16:51,J0037,Desierto Neon,Ranked,Tesla;Magnus;Nadia,26,5,6,2,Victoria,980,2026,4,Friday,1,3
9263,2026-07-05,17:27,J0011,Bosque Umbral,Casual,Tesla,32,3,2,2,Derrota,360,2026,7,Sunday,2,1
4752,2026-04-25,01:36,J0041,Puerto Escarlata,Ranked,Lienzo,26,6,4,4,Derrota,820,2026,4,Saturday,2,1
5744,2026-05-11,11:50,J0096,Desierto Neon,Ranked,Tesla;Koro,24,8,6,7,Victoria,1530,2026,5,Monday,1,2
9712,2026-07-11,13:41,J0013,Bosque Umbral,Casual,Nadia;Tesla,20,10,3,6,Victoria,1740,2026,7,Saturday,3,2
8672,2026-06-26,16:52,J0020,Estacion Orbital,Ranked,Umbra;Nadia;Brisa,27,5,4,2,Derrota,520,2026,6,Friday,1,3
665,2026-02-01,20:30,J0009,Ciudadela,Ranked,Tesla;Koro,32,3,3,5,Derrota,490,2026,2,Sunday,1,2
6162,2026-05-17,08:05,J0012,Canales de Hielo,Ranked,,32,4,7,3,Derrota,410,2026,5,Sunday,1,0
3890,2026-04-09,18:28,J0192,Ciudadela,Ranked,Lienzo,24,6,2,5,Victoria,1310,2026,4,Thursday,3,1
6399,2026-05-21,21:30,J0019,Ciudadela,Ranked,Koro;Brisa,38,4,6,4,Victoria,980,2026,5,Thursday,1,2
9673,2026-07-11,11:41,J0002,Bosque Umbral,Casual,Brisa,29,7,5,2,Derrota,700,2026,7,Saturday,1,1
8576,2026-06-25,14:27,J0101,Bosque Umbral,Casual,Koro;Tesla;Brisa,15,10,7,4,Derrota,1060,2026,6,Thursday,1,3
676,2026-02-02,07:43,J0136,Bosque Umbral,Casual,Brisa,26,15,7,7,Victoria,22,2026,2,Monday,2,1
7638,2026-06-10,17:21,J0037,Bosque Umbral,Casual,Umbra;Tesla,17,4,8,3,Derrota,390,2026,6,Wednesday,0,2
2971,2026-03-22,20:09,J0018,Estacion Orbital,Casual,Vex,30,7,7,5,Victoria,1310,2026,3,Sunday,1,1
8582,2026-06-25,21:46,J0028,Estacion Orbital,Ranked,Vex,22,9,6,4,Derrota,980,2026,6,Thursday,2,1
1963,2026-03-02,18:57,J0013,Ciudadela,Ranked,Nadia,34,5,5,3,Victoria,1050,2026,3,Monday,1,1
1841,2026-02-28,17:40,J0182,Puerto Escarlata,Casual,Koro;Nadia;Lienzo,28,9,5,3,Victoria,1450,2026,2,Saturday,2,3
4300,2026-04-17,11:08,J0047,Desierto Neon,Casual,Nadia,24,12,5,3,Victoria,1750,2026,4,Friday,2,1
3236,2026-03-28,20:24,J0013,Bosque Umbral,Torneo,Koro,16,9,6,7,Victoria,1630,2026,3,Saturday,2,1
6411,2026-05-21,19:56,J0048,Estacion Orbital,Ranked,Lienzo;Brisa;Umbra,30,2,2,5,Derrota,410,2026,5,Thursday,1,3
5736,2026-05-11,23:23,J0150,Estacion Orbital,Casual,Nadia,32,10,5,1,Victoria,1450,2026,5,Monday,2,1
7021,2026-05-31,19:42,J0049,Puerto Escarlata,Casual,Lienzo,31,3,5,6,Derrota,500,2026,5,Sunday,1,1
8027,2026-06-16,21:06,J0034,Bosque Umbral,Casual,Magnus;Nadia,22,5,4,6,Victoria,1220,2026,6,Tuesday,1,2
3648,2026-04-04,07:24,J0080,Estacion Orbital,Ranked,Koro,33,3,5,3,Derrota,350,2026,4,Saturday,1,1
3743,2026-04-06,09:25,J0064,Bosque Umbral,Casual,Umbra;Nadia,32,8,7,7,Derrota,1010,2026,4,Monday,1,2
6323,2026-05-20,16:12,J0040,Ciudadela,Casual,Magnus,27,3,3,0,Derrota,240,2026,5,Wednesday,1,1
4853,2026-04-26,17:30,J0016,Desierto Neon,Casual,Vex;Nadia;Lienzo,9,11,3,3,Derrota,1190,2026,4,Sunday,4,3
412,2026-01-26,20:01,J0045,Ciudadela,Ranked,Lienzo,31,7,5,2,Victoria,1200,2026,1,Monday,1,1
614,2026-01-31,20:21,J0055,Desierto Neon,Torneo,Tesla;Lienzo,8,1,3,3,Derrota,190,2026,1,Saturday,0,2
2907,2026-03-21,19:44,J0025,Puerto Escarlata,Ranked,Brisa;Vex,34,9,1,4,Derrota,1080,2026,3,Saturday,9,2
5304,2026-05-04,12:41,J0041,Canales de Hielo,Ranked,Vex,24,8,5,2,Victoria,1300,2026,5,Monday,2,1
1431,2026-02-19,16:07,J0040,Canales de Hielo,Casual,Brisa;Nadia,32,4,3,9,Derrota,790,2026,2,Thursday,1,2
2517,2026-03-14,13:56,J0023,Puerto Escarlata,Ranked,,22,6,6,3,Derrota,730,2026,3,Saturday,1,0
7608,2026-06-09,20:55,J0013,Estacion Orbital,Ranked,Brisa,41,2,11,2,Derrota,80,2026,6,Tuesday,0,1
8538,2026-06-24,14:03,J0025,Desierto Neon,Casual,Nadia;Lienzo,30,4,4,6,Derrota,620,2026,6,Wednesday,1,2
9489,2026-07-08,13:06,J0200,Desierto Neon,Torneo,Nadia,22,8,3,3,Derrota,890,2026,7,Wednesday,3,1
3647,2026-04-04,07:48,J0022,Puerto Escarlata,Casual,Umbra;Brisa,22,6,6,6,Victoria,1280,2026,4,Saturday,1,2
1418,2026-02-19,18:13,J0094,Bosque Umbral,Ranked,Tesla,28,12,7,5,Victoria,1810,2026,2,Thursday,2,1
4216,2026-04-15,19:11,J0024,Desierto Neon,Casual,Umbra,18,4,5,5,Victoria,1050,2026,4,Wednesday,1,1
605,2026-01-31,20:31,J0059,Desierto Neon,Casual,Vex,25,12,4,3,Derrota,1270,2026,1,Saturday,3,1
1273,2026-02-15,01:20,J0028,Bosque Umbral,Casual,Koro;Brisa,25,3,6,4,,880,2026,2,Sunday,0,2
4111,2026-04-13,19:08,J0007,Canales de Hielo,Casual,Vex,17,6,4,4,Victoria,1820,2026,4,Monday,2,1
6481,2026-05-22,19:19,J0200,Desierto Neon,Torneo,Umbra,32,4,2,3,Victoria,1010,2026,5,Friday,2,1
9324,2026-07-06,19:58,J0141,Estacion Orbital,Ranked,Koro,34,13,4,1,Victoria,1770,2026,7,Monday,3,1
4408,2026-04-19,13:01,J0002,Puerto Escarlata,Casual,Magnus,8,3,5,5,Victoria,950,2026,4,Sunday,1,1
248,2026-01-22,00:39,J0064,Puerto Escarlata,Ranked,Tesla,39,5,4,4,Victoria,1120,2026,1,Thursday,1,1
7067,2026-05-31,17:00,J0188,Puerto Escarlata,Casual,Koro,11,6,1,0,Derrota,580,2026,5,Sunday,6,1
1983,2026-03-03,21:08,J0059,Desierto Neon,Ranked,Lienzo,32,2,5,5,Derrota,350,2026,3,Tuesday,0,1
2909,2026-03-21,19:30,J0090,Estacion Orbital,Torneo,Brisa;Vex;Koro,32,4,5,3,Victoria,950,2026,3,Saturday,1,3
5427,2026-05-06,21:46,J0025,Desierto Neon,Casual,Brisa,29,5,4,5,Victoria,1170,2026,5,Wednesday,1,1
200,2026-01-21,22:11,J0041,Desierto Neon,Ranked,Lienzo;Koro,36,3,2,0,Derrota,260,2026,1,Wednesday,2,2
486,2026-01-28,09:58,J0101,Puerto Escarlata,Ranked,Lienzo;Brisa,33,10,8,7,Victoria,1690,2026,1,Wednesday,1,2
6193,2026-05-18,19:04,J0005,Estacion Orbital,Casual,Nadia,9,6,2,1,Victoria,1110,2026,5,Monday,3,1
3464,2026-03-31,12:41,J0162,Ciudadela,Ranked,Lienzo,22,4,6,4,Victoria,980,2026,3,Tuesday,1,1
456,2026-01-27,22:22,J0006,Puerto Escarlata,Casual,Magnus;Lienzo,19,3,3,5,Victoria,990,2026,1,Tuesday,1,2
9872,2026-07-13,22:28,J0155,Bosque Umbral,Casual,Tesla,29,3,2,3,Victoria,910,2026,7,Monday,2,1
8896,2026-06-29,21:50,J0061,Desierto Neon,Ranked,Koro,42,11,6,3,Victoria,1630,2026,6,Monday,2,1
6632,2026-05-24,16:56,J0094,Canales de Hielo,Ranked,Nadia,38,10,6,7,Victoria,1730,2026,5,Sunday,2,1
1722,2026-02-25,20:39,J0068,Canales de Hielo,Ranked,Nadia;Umbra,41,10,5,3,Victoria,1550,2026,2,Wednesday,2,2
5247,2026-05-03,18:36,J0172,Bosque Umbral,Ranked,Vex,34,12,10,3,Derrota,1150,2026,5,Sunday,1,1
4030,2026-04-11,14:38,J0200,Bosque Umbral,Casual,Magnus,13,5,6,1,Victoria,930,2026,4,Saturday,1,1
8244,2026-06-19,18:01,J0081,Ciudadela,Casual,Vex;Tesla,19,8,4,3,Derrota,870,2026,6,Friday,2,2
6747,2026-05-26,20:31,J0081,Desierto Neon,Casual,Nadia;Brisa;Umbra,10,4,6,5,Derrota,530,2026,5,Tuesday,1,3
5912,2026-05-14,20:13,J0048,Bosque Umbral,Casual,Umbra,30,4,7,4,Victoria,960,2026,5,Thursday,1,1
3044,2026-03-23,21:21,J0029,Ciudadela,Torneo,Umbra,23,3,6,2,Victoria,780,2026,3,Monday,0,1
863,2026-02-06,13:24,J0114,Desierto Neon,Casual,Nadia,9,7,4,7,Victoria,1470,2026,2,Friday,2,1
2095,2026-03-05,14:39,J0009,Ciudadela,Ranked,,29,6,4,2,Victoria,1120,2026,3,Thursday,2,0
948,2026-02-08,15:00,J0015,Puerto Escarlata,Casual,Brisa;Lienzo,31,13,6,3,Victoria,1830,2026,2,Sunday,2,2
8819,2026-06-28,00:56,J0085,Desierto Neon,Casual,Vex,22,8,8,1,Victoria,1190,2026,6,Sunday,1,1
1445,2026-02-20,21:39,J0200,Bosque Umbral,Torneo,Magnus,28,6,4,2,Victoria,1120,2026,2,Friday,2,1
1281,2026-02-16,17:26,J0094,Puerto Escarlata,Casual,Lienzo;Umbra,20,10,2,7,Victoria,1810,2026,2,Monday,5,2
3575,2026-04-03,21:27,J0016,Estacion Orbital,Casual,Lienzo,24,10,2,6,Victoria,1760,2026,4,Friday,5,1
4295,2026-04-17,17:49,J0141,Desierto Neon,Casual,Brisa,15,7,3,6,,940,2026,4,Friday,2,1
4526,2026-04-21,20:08,J0020,Estacion Orbital,Torneo,Brisa,25,8,6,5,Derrota,930,2026,4,Tuesday,1,1
8739,2026-06-27,21:54,J0044,Bosque Umbral,Torneo,Tesla,12,10,6,3,Victoria,1530,2026,6,Saturday,2,1
3132,2026-03-25,18:14,J0034,Bosque Umbral,Casual,Lienzo,9,7,3,2,Derrota,740,2026,3,Wednesday,2,1
2303,2026-03-09,20:08,J0059,Estacion Orbital,Ranked,Brisa;Koro,24,2,3,3,Derrota,290,2026,3,Monday,1,2
2005,2026-03-03,22:35,J0085,Canales de Hielo,Casual,Nadia,9,6,4,9,Derrota,970,2026,3,Tuesday,2,1
7932,2026-06-14,14:16,J0061,Estacion Orbital,Ranked,Magnus,23,3,3,4,Victoria,940,2026,6,Sunday,1,1
8773,2026-06-27,14:08,J0011,Desierto Neon,Ranked,Nadia;Magnus;Brisa,23,8,6,7,Victoria,1530,2026,6,Saturday,1,3
1006,2026-02-09,12:54,J0004,Canales de Hielo,Casual,Koro;Tesla,21,2,1,3,Victoria,830,2026,2,Monday,2,2
6009,2026-05-16,16:20,J0069,Ciudadela,Ranked,Lienzo,37,3,7,5,Derrota,410,2026,5,Saturday,0,1
3774,2026-04-07,22:06,J0130,Ciudadela,Torneo,Brisa;Vex,14,7,4,9,Victoria,1570,2026,4,Tuesday,2,2
8650,2026-06-26,20:04,J0024,Puerto Escarlata,Ranked,Lienzo,39,5,9,3,Derrota,470,2026,6,Friday,1,1
3704,2026-04-05,00:57,J0082,Estacion Orbital,Ranked,Nadia;Tesla,31,9,8,4,Victoria,1440,2026,4,Sunday,1,2
2133,2026-03-06,09:52,J0004,Puerto Escarlata,Ranked,Brisa,39,3,3,2,Victoria,840,2026,3,Friday,1,1
4346,2026-04-18,10:07,J0200,Desierto Neon,Ranked,Koro,40,4,5,4,Derrota,500,2026,4,Saturday,1,1
2058,2026-03-04,11:41,J0200,Puerto Escarlata,Casual,Tesla,18,4,3,5,Victoria,1090,2026,3,Wednesday,1,1
2958,2026-03-22,20:44,J0021,Estacion Orbital,Torneo,Brisa,9,11,3,6,Victoria,1840,2026,3,Sunday,4,1
230,2026-01-22,15:54,J0058,Puerto Escarlata,Casual,Brisa,18,11,4,4,Derrota,1220,2026,1,Thursday,3,1
3919,2026-04-09,19:01,J0022,Canales de Hielo,Ranked,Lienzo;Vex,35,5,2,7,Victoria,1310,2026,4,Thursday,2,2
5636,2026-05-09,20:12,J0200,Bosque Umbral,Casual,Koro;Lienzo,24,10,6,2,Derrota,980,2026,5,Saturday,2,2
7903,2026-06-14,22:25,J0004,Ciudadela,Ranked,Nadia;Vex,29,7,5,6,Victoria,1400,2026,6,Sunday,1,2
2532,2026-03-14,12:42,J0015,Ciudadela,Casual,Lienzo,14,10,5,5,Victoria,1650,2026,3,Saturday,2,1
3544,2026-04-02,04:14,J0084,Puerto Escarlata,Casual,Umbra,22,3,7,2,Victoria,760,2026,4,Thursday,0,1
8447,2026-06-22,19:35,J0006,Puerto Escarlata,Ranked,Nadia,36,10,7,4,Derrota,1060,2026,6,Monday,1,1
210,2026-01-21,17:38,J0016,Bosque Umbral,Ranked,Umbra,39,15,2,4,Derrota,1660,2026,1,Wednesday,8,1
2863,2026-03-21,13:19,J0033,Ciudadela,Casual,Nadia,17,3,4,8,Victoria,1120,2026,3,Saturday,1,1
6216,2026-05-18,19:29,J0200,Ciudadela,Casual,Lienzo,9,7,3,2,Victoria,1240,2026,5,Monday,2,1
3062,2026-03-24,15:35,J0004,Estacion Orbital,Torneo,Brisa;Umbra;Lienzo,23,2,3,8,Victoria,1040,2026,3,Tuesday,1,3
7640,2026-06-10,17:24,J0028,Desierto Neon,Torneo,Brisa;Vex;Koro,25,3,4,3,Victoria,870,2026,6,Wednesday,1,3
3799,2026-04-07,17:49,J0046,Desierto Neon,Ranked,Koro,31,12,3,3,Derrota,1290,2026,4,Tuesday,4,1
1729,2026-02-25,19:04,J0116,Ciudadela,Casual,Nadia,8,8,4,5,Victoria,1470,2026,2,Wednesday,2,1
8274,2026-06-20,21:26,J0003,Desierto Neon,Casual,Tesla;Vex;Magnus,15,3,4,5,Derrota,470,2026,6,Saturday,1,3
338,2026-01-24,15:25,J0055,Ciudadela,Casual,Nadia,29,1,4,6,Victoria,820,2026,1,Saturday,0,1
9589,2026-07-10,12:00,J0099,Canales de Hielo,Ranked,Umbra;Tesla;Brisa,30,3,5,2,Derrota,300,2026,7,Friday,1,3
4534,2026-04-21,12:16,J0127,Bosque Umbral,Casual,Umbra,18,2,2,0,Victoria,660,2026,4,Tuesday,1,1
8207,2026-06-19,16:55,J0028,Puerto Escarlata,Ranked,Vex,28,8,4,2,Victoria,1320,2026,6,Friday,2,1
3860,2026-04-08,19:07,J0200,Canales de Hielo,Torneo,Nadia;Magnus,17,5,2,1,Victoria,1010,2026,4,Wednesday,2,2
1227,2026-02-15,19:54,J0013,Ciudadela,Ranked,Tesla,22,5,6,4,Victoria,1080,2026,2,Sunday,1,1
4383,2026-04-18,03:55,J0050,Estacion Orbital,Ranked,Brisa;Koro,38,6,5,2,Derrota,100,2026,4,Saturday,1,2
8370,2026-06-21,02:09,J0157,Ciudadela,Ranked,Lienzo;Tesla,26,12,3,1,Derrota,1190,2026,6,Sunday,4,2
3678,2026-04-05,21:56,J0011,Ciudadela,Ranked,Tesla,44,4,3,3,Victoria,990,2026,4,Sunday,1,1
8842,2026-06-28,06:04,J0200,Desierto Neon,Ranked,Vex,42,9,3,4,Victoria,1540,2026,6,Sunday,3,1
4253,2026-04-16,20:36,J0026,Estacion Orbital,Casual,Nadia,24,8,4,8,Victoria,1620,2026,4,Thursday,2,1
2112,2026-03-05,09:18,J0039,Desierto Neon,Ranked,Brisa,37,11,3,3,Victoria,1690,2026,3,Thursday,4,1
8771,2026-06-27,17:18,J0011,Estacion Orbital,Casual,Brisa;Nadia,14,4,6,1,Derrota,,2026,6,Saturday,1,2
4520,2026-04-20,20:40,J0042,Estacion Orbital,Ranked,Nadia;Vex,22,6,5,2,Derrota,600,2026,4,Monday,1,2
3853,2026-04-08,23:13,J0067,Desierto Neon,Ranked,Umbra,42,7,4,7,,1470,2026,4,Wednesday,2,1
1018,2026-02-10,17:23,J0015,Ciudadela,Casual,Nadia,24,7,5,6,,1400,2026,2,Tuesday,1,1
5197,2026-05-02,20:32,J0074,Ciudadela,Casual,Lienzo,24,5,7,3,Victoria,1010,2026,5,Saturday,1,1
8485,2026-06-23,19:47,J0162,Bosque Umbral,Casual,Magnus;Brisa;Koro,23,10,6,6,Derrota,,2026,6,Tuesday,2,3
9588,2026-07-10,23:26,J0009,Puerto Escarlata,Ranked,Vex;Koro,29,8,9,3,Derrota,770,2026,7,Friday,1,2
1929,2026-03-01,09:30,J0042,Desierto Neon,Casual,,18,4,6,4,Derrota,480,2026,3,Sunday,1,0
351,2026-01-25,15:23,J0045,Bosque Umbral,Ranked,Koro;Magnus;Brisa,42,6,7,2,Victoria,1060,2026,1,Sunday,1,3
8016,2026-06-16,19:38,J0004,Bosque Umbral,Ranked,Lienzo;Tesla,37,1,6,5,Derrota,230,2026,6,Tuesday,0,2
4272,2026-04-16,15:14,J0022,Estacion Orbital,Ranked,Brisa,23,3,2,4,Derrota,460,2026,4,Thursday,2,1
1935,2026-03-01,18:06,J0157,Desierto Neon,Casual,Brisa;Magnus,15,5,8,7,Victoria,1190,2026,3,Sunday,1,2
7024,2026-05-31,00:22,J0131,Bosque Umbral,Torneo,Koro,18,12,4,3,Victoria,1770,2026,5,Sunday,3,1
9808,2026-07-12,18:35,J0126,Bosque Umbral,Ranked,Magnus,25,4,5,2,,900,2026,7,Sunday,1,1
565,2026-01-30,09:28,J0040,Canales de Hielo,Casual,Nadia,8,3,5,5,Victoria,950,2026,1,Friday,1,1
1583,2026-02-22,13:55,J0008,Estacion Orbital,Ranked,Umbra;Nadia,24,1,5,8,Derrota,400,2026,2,Sunday,0,2
8991,2026-06-30,20:19,J0078,Bosque Umbral,Ranked,Brisa,29,2,3,3,Victoria,790,2026,6,Tuesday,1,1
2176,2026-03-07,19:51,J0078,Canales de Hielo,Casual,Brisa,31,4,2,3,Victoria,1010,2026,3,Saturday,2,1
7816,2026-06-13,02:39,J0200,Canales de Hielo,Ranked,Tesla;Koro;Lienzo,36,6,4,1,Victoria,1070,2026,6,Saturday,2,3
4130,2026-04-13,14:36,J0016,Bosque Umbral,Ranked,Koro;Brisa,39,13,6,2,Victoria,1780,2026,4,Monday,2,2
2229,2026-03-08,21:44,J0043,Puerto Escarlata,Casual,Vex;Magnus,22,5,9,3,Derrota,470,2026,3,Sunday,1,2
1116,2026-02-12,20:44,J0018,Ciudadela,Ranked,Magnus;Koro,27,7,4,6,Derrota,920,2026,2,Thursday,2,2
9471,2026-07-08,17:30,J0003,Desierto Neon,Casual,Brisa,22,7,4,3,Victoria,1270,2026,7,Wednesday,2,1
8938,2026-06-30,20:00,J0058,Puerto Escarlata,Torneo,Lienzo,13,10,5,9,Derrota,1350,2026,6,Tuesday,2,1
6756,2026-05-26,23:42,J0043,Ciudadela,Ranked,Lienzo;Koro,34,9,6,7,Derrota,1130,2026,5,Tuesday,2,2
7867,2026-06-13,01:37,J0008,Puerto Escarlata,Ranked,Nadia,38,4,6,1,Victoria,830,2026,6,Saturday,1,1
9010,2026-07-01,15:35,J0179,Estacion Orbital,Ranked,Lienzo,43,8,7,6,Victoria,1460,2026,7,Wednesday,1,1
822,2026-02-05,18:37,J0193,Puerto Escarlata,Casual,Magnus;Tesla,10,2,4,5,Derrota,370,2026,2,Thursday,0,2
3376,2026-03-30,21:10,J0095,Puerto Escarlata,Ranked,Magnus,29,5,10,4,Derrota,500,2026,3,Monday,0,1
2273,2026-03-08,05:59,J0043,Canales de Hielo,Ranked,Vex,34,9,3,3,Victoria,1490,2026,3,Sunday,3,1
7390,2026-06-06,18:55,J0069,Puerto Escarlata,Torneo,Koro,25,2,3,5,Derrota,390,2026,6,Saturday,1,1
82,2026-01-18,22:14,J0003,Canales de Hielo,Ranked,Koro;Magnus,40,3,4,5,Victoria,970,2026,1,Sunday,1,2
1324,2026-02-17,12:04,J0060,Estacion Orbital,Ranked,Lienzo,41,2,4,4,Victoria,820,2026,2,Tuesday,0,1
9653,2026-07-11,23:39,J0027,Puerto Escarlata,Torneo,Magnus,21,8,4,6,Derrota,1020,2026,7,Saturday,2,1
1615,2026-02-22,07:08,J0057,Ciudadela,Ranked,Magnus,29,1,4,1,Victoria,570,2026,2,Sunday,0,1
832,2026-02-06,00:07,J0006,Ciudadela,Ranked,Magnus;Nadia,30,5,3,5,Derrota,690,2026,2,Friday,2,2
7436,2026-06-06,19:58,J0155,Bosque Umbral,Casual,Umbra;Magnus,11,6,5,3,Derrota,650,2026,6,Saturday,1,2
9023,2026-07-01,10:52,J0047,Desierto Neon,Casual,Brisa,30,8,2,5,Derrota,1010,2026,7,Wednesday,4,1
2421,2026-03-12,13:41,J0050,Estacion Orbital,Ranked,Nadia,26,2,6,3,Victoria,730,2026,3,Thursday,0,1
9837,2026-07-12,17:58,J0183,Ciudadela,Ranked,Umbra;Koro,35,5,5,1,Victoria,950,2026,7,Sunday,1,2
5616,2026-05-09,00:39,J0008,Desierto Neon,Casual,Vex,17,10,6,5,Victoria,1630,2026,5,Saturday,2,1
2626,2026-03-15,08:31,J0008,Bosque Umbral,Ranked,Vex;Nadia,43,9,7,5,Victoria,1510,2026,3,Sunday,1,2
1650,2026-02-23,13:34,J0054,Ciudadela,Casual,Lienzo,9,8,7,2,Victoria,,2026,2,Monday,1,1
5984,2026-05-15,19:09,J0029,Canales de Hielo,Casual,Koro,11,3,6,4,Victoria,880,2026,5,Friday,0,1
6112,2026-05-17,19:58,J0014,Bosque Umbral,Ranked,Lienzo,38,2,2,1,Victoria,,2026,5,Sunday,1,1
8535,2026-06-24,07:25,J0055,Puerto Escarlata,Casual,Magnus,11,7,3,1,Victoria,1190,2026,6,Wednesday,2,1
8607,2026-06-25,19:13,J0200,Desierto Neon,Torneo,Umbra,20,5,9,6,Victoria,1120,2026,6,Thursday,1,1
6840,2026-05-28,21:01,J0142,Bosque Umbral,Ranked,Umbra,29,8,4,5,Victoria,1470,2026,5,Thursday,2,1
7269,2026-06-04,16:03,J0174,Ciudadela,Ranked,Vex,45,6,10,3,Victoria,1050,2026,6,Thursday,1,1
7012,2026-05-31,12:23,J0026,Bosque Umbral,Ranked,Umbra;Lienzo;Nadia,26,10,8,5,Derrota,1090,2026,5,Sunday,1,3
2649,2026-03-16,06:23,J0084,Puerto Escarlata,Casual,Vex,14,9,2,4,Derrota,1060,2026,3,Monday,4,1
5198,2026-05-02,03:36,J0162,Estacion Orbital,Casual,Lienzo,31,5,7,5,Derrota,610,2026,5,Saturday,1,1
9988,2026-07-14,20:27,J0061,Puerto Escarlata,Casual,Koro,22,3,6,7,Derrota,530,2026,7,Tuesday,0,1
750,2026-02-03,07:36,J0032,Bosque Umbral,Casual,Brisa,15,6,2,3,Derrota,710,2026,2,Tuesday,3,1
6251,2026-05-19,20:12,J0025,Bosque Umbral,Ranked,Lienzo,37,2,2,4,Victoria,860,2026,5,Tuesday,1,1
2374,2026-03-11,12:27,J0011,Desierto Neon,Ranked,Nadia,39,9,6,2,Victoria,1380,2026,3,Wednesday,2,1
8066,2026-06-16,22:12,J0008,Canales de Hielo,Casual,Koro,30,3,1,8,Derrota,680,2026,6,Tuesday,3,1
6696,2026-05-25,21:29,J0007,Puerto Escarlata,Casual,Magnus,24,8,3,5,Derrota,990,2026,5,Monday,3,1
9481,2026-07-08,19:44,J0040,Ciudadela,Casual,Tesla,8,3,3,4,Victoria,940,2026,7,Wednesday,1,1
5065,2026-04-30,21:34,J0014,Desierto Neon,Torneo,Nadia,10,3,7,4,Victoria,860,2026,4,Thursday,0,1
8436,2026-06-22,22:46,J0007,Bosque Umbral,Torneo,,25,7,4,6,Victoria,1420,2026,6,Monday,2,0
5925,2026-05-14,23:59,J0121,Desierto Neon,Casual,Koro,26,2,1,5,Victoria,930,2026,5,Thursday,2,1
4732,2026-04-24,19:30,J0123,Estacion Orbital,Ranked,Koro,24,6,4,4,Derrota,720,2026,4,Friday,2,1
7489,2026-06-07,17:39,J0152,Puerto Escarlata,Casual,Umbra,28,2,4,3,Derrota,270,2026,6,Sunday,0,1
8329,2026-06-21,23:13,J0044,Ciudadela,Ranked,Nadia,35,7,5,3,Victoria,1250,2026,6,Sunday,1,1
5805,2026-05-12,21:27,J0040,Estacion Orbital,Ranked,Magnus,32,8,3,6,Victoria,1540,2026,5,Tuesday,3,1
4784,2026-04-25,16:27,J0063,Canales de Hielo,Casual,Nadia;Magnus,16,13,6,7,Victoria,2030,2026,4,Saturday,2,2
4540,2026-04-21,17:37,J0106,Ciudadela,Ranked,Brisa;Nadia;Koro,29,9,7,0,Victoria,1260,2026,4,Tuesday,1,3
1140,2026-02-13,12:39,J0016,Bosque Umbral,Casual,Magnus;Lienzo;Tesla,17,7,8,5,Victoria,1290,2026,2,Friday,1,3
7761,2026-06-12,20:02,J0105,Estacion Orbital,Ranked,Koro;Lienzo,45,7,5,7,Victoria,1450,2026,6,Friday,1,2
2232,2026-03-08,06:33,J0006,Bosque Umbral,Ranked,Umbra,35,7,6,7,Derrota,930,2026,3,Sunday,1,1
2165,2026-03-06,18:26,J0080,Estacion Orbital,Casual,Umbra;Tesla,22,8,2,3,Victoria,1410,2026,3,Friday,4,2
8947,2026-06-30,16:48,J0066,Ciudadela,Ranked,Brisa,22,10,3,6,Derrota,1240,2026,6,Tuesday,3,1
6516,2026-05-23,11:00,J0191,Ciudadela,Casual,Umbra;Magnus,11,8,8,4,Derrota,840,2026,5,Saturday,1,2
8856,2026-06-28,18:47,J0005,Estacion Orbital,Casual,Umbra,20,9,6,1,Derrota,830,2026,6,Sunday,2,1
2575,2026-03-15,19:56,J0050,Ciudadela,Ranked,Lienzo,35,6,3,6,Victoria,1340,2026,3,Sunday,2,1
1571,2026-02-22,23:06,J0001,Ciudadela,Ranked,Umbra;Lienzo,34,3,5,3,Derrota,350,2026,2,Sunday,1,2
173,2026-01-20,21:48,J0005,Puerto Escarlata,Casual,Vex,10,11,2,6,Victoria,1860,2026,1,Tuesday,6,1
7289,2026-06-04,06:07,J0069,Canales de Hielo,Torneo,Magnus;Lienzo,22,6,8,1,Derrota,490,2026,6,Thursday,1,2
2088,2026-03-05,20:26,J0012,Ciudadela,Casual,Brisa,23,7,3,3,Derrota,790,2026,3,Thursday,2,1
8181,2026-06-18,19:19,J0200,Bosque Umbral,Ranked,Nadia;Vex,41,6,7,5,Victoria,1210,2026,6,Thursday,1,2
7077,2026-06-01,23:45,J0130,Puerto Escarlata,Torneo,Tesla,26,4,8,5,Derrota,490,2026,6,Monday,0,1
7214,2026-06-03,16:01,J0008,Ciudadela,Ranked,Nadia;Vex;Koro,23,7,3,6,Derrota,940,2026,6,Wednesday,2,3
6449,2026-05-22,05:47,J0006,Canales de Hielo,Ranked,Umbra,29,4,3,4,Derrota,540,2026,5,Friday,1,1
6588,2026-05-24,17:27,J0200,Puerto Escarlata,Ranked,,31,7,7,2,Victoria,1160,2026,5,Sunday,1,0
5118,2026-05-01,16:45,J0072,Bosque Umbral,Ranked,Vex,34,5,2,2,Victoria,1060,2026,5,Friday,2,1
1833,2026-02-28,23:13,J0105,Puerto Escarlata,Casual,Magnus,16,4,8,2,Derrota,340,2026,2,Saturday,0,1
8882,2026-06-29,17:05,J0005,Estacion Orbital,Casual,Magnus,19,6,3,6,Derrota,840,2026,6,Monday,2,1
5262,2026-05-03,23:33,J0080,Bosque Umbral,Ranked,Magnus;Tesla,32,1,4,5,Derrota,270,2026,5,Sunday,0,2
9201,2026-07-04,07:25,J0027,Bosque Umbral,Casual,Magnus;Lienzo,13,3,5,9,Victoria,1150,2026,7,Saturday,1,2
9191,2026-07-04,20:43,J0082,Puerto Escarlata,Casual,Koro;Magnus,32,8,4,2,Derrota,820,2026,7,Saturday,2,2
9924,2026-07-13,17:30,J0010,Puerto Escarlata,Casual,Brisa,15,8,6,3,Derrota,830,2026,7,Monday,1,1
9549,2026-07-09,23:58,J0039,Bosque Umbral,Casual,Magnus;Koro,17,5,4,2,Victoria,1020,2026,7,Thursday,1,2
6461,2026-05-22,12:02,J0046,Estacion Orbital,Casual,Umbra;Brisa,32,4,2,9,Victoria,1310,2026,5,Friday,2,2
835,2026-02-06,21:45,J0200,Ciudadela,Ranked,Vex,28,7,6,5,,1330,2026,2,Friday,1,1
2487,2026-03-13,20:10,J0048,Puerto Escarlata,Ranked,Magnus,31,10,4,3,Derrota,1070,2026,3,Friday,2,1
9185,2026-07-04,21:47,J0039,Puerto Escarlata,Casual,Nadia,8,8,4,7,Derrota,1070,2026,7,Saturday,2,1
3929,2026-04-10,02:21,J0042,Estacion Orbital,Ranked,Vex,39,3,2,4,Victoria,960,2026,4,Friday,2,1
3291,2026-03-28,19:03,J0010,Canales de Hielo,Ranked,Koro,44,5,1,1,Victoria,,2026,3,Saturday,5,1
3644,2026-04-04,21:26,J0149,Ciudadela,Casual,Lienzo;Magnus,26,6,1,3,Victoria,1230,2026,4,Saturday,6,2
8862,2026-06-28,19:54,J0014,Ciudadela,Casual,Tesla,32,1,2,2,Victoria,660,2026,6,Sunday,0,1
3556,2026-04-03,13:09,J0055,Puerto Escarlata,Casual,Nadia;Umbra;Brisa,27,4,4,2,Derrota,420,2026,4,Friday,1,3
66,2026-01-17,19:08,J0001,Ciudadela,Ranked,Brisa;Nadia;Lienzo,27,3,5,4,,400,2026,1,Saturday,1,3
3078,2026-03-24,18:28,J0091,Ciudadela,Casual,Nadia,24,7,5,4,Victoria,1300,2026,3,Tuesday,1,1
7372,2026-06-05,21:23,J0017,Bosque Umbral,Ranked,Tesla;Lienzo,45,1,1,5,Victoria,830,2026,6,Friday,1,2
5422,2026-05-06,13:02,J0027,Ciudadela,Casual,Umbra,11,3,2,4,Victoria,960,2026,5,Wednesday,2,1
355,2026-01-25,03:34,J0069,Estacion Orbital,Casual,Nadia;Umbra;Lienzo,8,4,1,3,Derrota,530,2026,1,Sunday,4,3
4098,2026-04-12,21:27,J0054,Canales de Hielo,Casual,Umbra;Brisa;Lienzo,14,6,6,1,Victoria,1030,2026,4,Sunday,1,3
5818,2026-05-12,21:48,J0051,Desierto Neon,Ranked,Nadia,33,1,7,3,Derrota,110,2026,5,Tuesday,0,1
2904,2026-03-21,21:34,J0076,Bosque Umbral,Ranked,Lienzo,43,3,6,7,Victoria,1030,2026,3,Saturday,0,1
7339,2026-06-05,20:24,J0024,Puerto Escarlata,Casual,Lienzo,8,5,1,4,Derrota,680,2026,6,Friday,5,1
6859,2026-05-28,13:16,J0011,Bosque Umbral,Ranked,Magnus,34,7,7,6,Victoria,1360,2026,5,Thursday,1,1
3425,2026-03-31,19:17,J0080,Desierto Neon,Casual,Lienzo;Koro,9,6,5,6,Victoria,1300,2026,3,Tuesday,1,2
9266,2026-07-05,20:39,J0030,Canales de Hielo,Torneo,Magnus,9,6,5,3,Victoria,1150,2026,7,Sunday,1,1
8179,2026-06-18,19:00,J0087,Estacion Orbital,Casual,Vex,26,10,2,4,Victoria,1660,2026,6,Thursday,5,1
4197,2026-04-15,01:10,J0026,Canales de Hielo,Ranked,Tesla;Magnus,27,4,1,4,Derrota,580,2026,4,Wednesday,4,2
7872,2026-06-13,16:05,J0028,Bosque Umbral,Ranked,Koro;Vex,29,10,7,5,Derrota,1110,2026,6,Saturday,1,2
473,2026-01-27,22:37,J0019,Puerto Escarlata,Ranked,Magnus,26,6,3,9,Derrota,990,2026,1,Tuesday,2,1
2610,2026-03-15,16:34,J0021,Canales de Hielo,Ranked,Umbra,35,12,3,2,Victoria,1740,2026,3,Sunday,4,1
6051,2026-05-16,18:49,J0006,Estacion Orbital,Ranked,,44,7,5,1,Victoria,1150,2026,5,Saturday,1,0
4044,2026-04-12,22:09,J0037,Estacion Orbital,Casual,,9,4,7,4,Derrota,460,2026,4,Sunday,1,0
2865,2026-03-21,18:21,J0108,Bosque Umbral,Casual,Nadia;Koro,17,6,3,7,Derrota,890,2026,3,Saturday,2,2
869,2026-02-07,16:22,J0010,Bosque Umbral,Casual,Tesla;Vex;Magnus,17,11,8,4,Victoria,1640,2026,2,Saturday,1,3
5962,2026-05-14,17:55,J0089,Estacion Orbital,Ranked,Nadia,37,4,4,5,Derrota,570,2026,5,Thursday,1,1
7415,2026-06-06,07:16,J0017,Estacion Orbital,Torneo,Brisa;Vex,15,12,6,3,Victoria,1730,2026,6,Saturday,2,2
1507,2026-02-21,01:34,J0005,Canales de Hielo,Casual,Vex,30,6,4,5,Derrota,770,2026,2,Saturday,2,1
5251,2026-05-03,20:04,J0011,Ciudadela,Casual,Tesla,31,6,4,4,Derrota,720,2026,5,Sunday,2,1
5708,2026-05-10,19:48,J0166,Bosque Umbral,Ranked,Vex,23,7,5,8,Victoria,1500,2026,5,Sunday,1,1
2759,2026-03-19,07:24,J0041,Estacion Orbital,Casual,Lienzo;Nadia;Brisa,25,3,6,4,Derrota,380,2026,3,Thursday,0,3
9401,2026-07-07,18:42,J0009,Canales de Hielo,Ranked,Tesla;Nadia,39,7,7,5,Victoria,1310,2026,7,Tuesday,1,2
5740,2026-05-11,08:12,J0006,Ciudadela,Casual,Lienzo;Umbra,28,3,6,4,Victoria,880,2026,5,Monday,0,2
9745,2026-07-11,17:56,J0117,Desierto Neon,Ranked,Koro,37,5,2,5,Victoria,1210,2026,7,Saturday,2,1
6975,2026-05-30,17:05,J0027,Estacion Orbital,Casual,Koro;Tesla,25,4,4,2,Victoria,920,2026,5,Saturday,1,2
1076,2026-02-11,18:18,J0028,Ciudadela,Ranked,Lienzo,34,3,5,4,Victoria,900,2026,2,Wednesday,1,1
7040,2026-05-31,21:26,J0024,Desierto Neon,Casual,Umbra;Koro;Lienzo,9,6,0,1,Derrota,650,2026,5,Sunday,,3
6872,2026-05-28,14:10,J0145,Puerto Escarlata,Torneo,Nadia,31,3,4,5,Derrota,470,2026,5,Thursday,1,1
4393,2026-04-18,07:32,J0103,Canales de Hielo,Torneo,Koro,31,7,4,3,Derrota,770,2026,4,Saturday,2,1
6097,2026-05-17,22:11,J0079,Estacion Orbital,Casual,Magnus,27,3,1,2,Victoria,880,2026,5,Sunday,3,1
4846,2026-04-26,19:25,J0005,Canales de Hielo,Casual,Magnus,22,7,8,7,Victoria,1390,2026,4,Sunday,1,1
3861,2026-04-08,21:20,J0002,Estacion Orbital,Ranked,Tesla,42,11,5,1,Derrota,1050,2026,4,Wednesday,2,1
7149,2026-06-02,21:27,J0039,Puerto Escarlata,Casual,Magnus;Brisa,32,10,2,5,Victoria,1710,2026,6,Tuesday,5,2
6007,2026-05-16,21:40,J0075,Bosque Umbral,Casual,Koro,32,7,5,8,Victoria,1500,2026,5,Saturday,1,1
7287,2026-06-04,18:08,J0014,Ciudadela,Ranked,Vex,22,12,4,5,Victoria,1870,2026,6,Thursday,3,1
74,2026-01-17,19:15,J0014,Estacion Orbital,Torneo,Magnus,25,5,5,4,,600,2026,1,Saturday,1,1
5147,2026-05-01,20:38,J0200,Puerto Escarlata,Ranked,Koro,45,5,7,3,Victoria,,2026,5,Friday,1,1
3460,2026-03-31,17:11,J0131,Ciudadela,Casual,Tesla,24,9,6,3,Victoria,1430,2026,3,Tuesday,2,1
5715,2026-05-10,17:31,J0014,Ciudadela,Ranked,Brisa;Vex,36,4,5,5,Victoria,1050,2026,5,Sunday,1,2
8570,2026-06-24,13:54,J0037,Estacion Orbital,Casual,Nadia;Lienzo,29,9,3,4,Derrota,1040,2026,6,Wednesday,3,2
4473,2026-04-20,18:10,J0056,Ciudadela,Ranked,Lienzo,36,7,7,7,Derrota,910,2026,4,Monday,1,1
1102,2026-02-12,02:27,J0159,Ciudadela,Casual,Magnus;Nadia,10,8,2,1,Derrota,810,2026,2,Thursday,4,2
9610,2026-07-10,21:27,J0002,Canales de Hielo,Ranked,,36,9,4,2,Derrota,920,2026,7,Friday,2,0
7785,2026-06-12,18:35,J0200,Ciudadela,Ranked,Nadia,44,7,4,7,Victoria,1470,2026,6,Friday,2,1
2834,2026-03-20,12:34,J0200,Estacion Orbital,Torneo,Nadia,15,7,6,5,Derrota,830,2026,3,Friday,1,1
5099,2026-04-30,19:35,J0200,Canales de Hielo,Casual,Nadia,19,8,2,11,Derrota,1310,2026,4,Thursday,4,1
119,2026-01-19,22:55,J0074,Bosque Umbral,Casual,Vex,18,3,7,3,Victoria,810,2026,1,Monday,0,1
2023,2026-03-04,18:11,J0059,Ciudadela,Ranked,Koro,35,8,0,3,Victoria,1450,2026,3,Wednesday,,1
9960,2026-07-14,17:23,J0023,Ciudadela,Ranked,Tesla;Umbra,36,9,4,4,Victoria,1520,2026,7,Tuesday,2,2
6394,2026-05-21,19:44,J0031,Puerto Escarlata,Casual,Tesla,12,6,3,3,Victoria,1190,2026,5,Thursday,2,1
2035,2026-03-04,17:30,J0157,Canales de Hielo,Casual,Lienzo,29,7,6,8,Derrota,,2026,3,Wednesday,1,1
6430,2026-05-21,10:48,J0029,Bosque Umbral,Casual,Magnus,9,2,4,3,Derrota,270,2026,5,Thursday,0,1
8734,2026-06-27,22:00,J0033,Puerto Escarlata,Ranked,Tesla;Lienzo,23,5,6,5,Derrota,630,2026,6,Saturday,1,2
3681,2026-04-05,17:34,J0040,Bosque Umbral,Casual,Vex,8,4,2,6,Derrota,660,2026,4,Sunday,2,1
1220,2026-02-14,20:44,J0105,Bosque Umbral,Casual,Lienzo,29,16,6,4,Victoria,22,2026,2,Saturday,3,1
6429,2026-05-21,14:06,J0002,Canales de Hielo,Casual,Brisa;Tesla,24,8,5,2,Victoria,1300,2026,5,Thursday,2,2
8992,2026-06-30,07:23,J0170,Canales de Hielo,Torneo,Koro,26,6,8,5,Victoria,1190,2026,6,Tuesday,1,1
3013,2026-03-23,12:22,J0200,Puerto Escarlata,Casual,Brisa,27,10,6,4,Victoria,1580,2026,3,Monday,2,1
6665,2026-05-25,14:57,J0095,Estacion Orbital,Casual,Koro;Tesla;Vex,11,5,5,1,Derrota,450,2026,5,Monday,1,3
2511,2026-03-14,15:15,J0091,Desierto Neon,Casual,Umbra;Vex;Koro,10,13,3,6,Victoria,2040,2026,3,Saturday,4,3
9101,2026-07-02,02:21,J0008,Canales de Hielo,Ranked,Tesla,41,4,2,4,Derrota,560,2026,7,Thursday,2,1
4470,2026-04-20,18:08,J0026,Ciudadela,Ranked,Lienzo,38,6,7,1,Victoria,1010,2026,4,Monday,1,1
4574,2026-04-22,00:24,J0039,Bosque Umbral,Casual,Tesla,23,12,5,3,Derrota,1250,2026,4,Wednesday,2,1
2860,2026-03-21,21:51,J0144,Puerto Escarlata,Casual,Brisa,18,5,8,3,Victoria,990,2026,3,Saturday,1,1
9865,2026-07-13,16:57,J0024,Canales de Hielo,Torneo,Nadia;Lienzo,32,3,6,2,Victoria,780,2026,7,Monday,0,2
178,2026-01-20,15:24,J0078,Canales de Hielo,Ranked,Lienzo;Vex,22,7,10,3,Derrota,650,2026,1,Tuesday,1,2
1644,2026-02-23,12:21,J0118,Ciudadela,Casual,Vex,20,12,2,2,Victoria,1760,2026,2,Monday,6,1
9363,2026-07-06,18:27,J0011,Ciudadela,Ranked,Magnus;Nadia,28,4,4,4,Derrota,520,2026,7,Monday,1,2
1375,2026-02-18,00:04,J0033,Canales de Hielo,Ranked,Tesla;Koro,28,4,7,3,Victoria,910,2026,2,Wednesday,1,2
1721,2026-02-25,03:22,J0051,Puerto Escarlata,Ranked,Vex;Umbra,25,6,8,5,Victoria,1390,2026,2,Wednesday,1,2
9233,2026-07-04,23:10,J0032,Desierto Neon,Ranked,Koro,29,7,5,4,Victoria,1300,2026,7,Saturday,1,1
7291,2026-06-04,15:55,J0005,Ciudadela,Ranked,Nadia,44,8,5,4,Victoria,1400,2026,6,Thursday,2,1
2265,2026-03-08,22:53,J0042,Canales de Hielo,Torneo,Lienzo;Umbra,16,2,3,0,Victoria,640,2026,3,Sunday,1,2
88,2026-01-18,19:14,J0137,Desierto Neon,Casual,Umbra,11,7,7,2,Victoria,1160,2026,1,Sunday,1,1
2956,2026-03-22,21:56,J0074,Estacion Orbital,Casual,Magnus,14,4,4,7,Victoria,1170,2026,3,Sunday,1,1
9945,2026-07-14,05:47,J0133,Puerto Escarlata,Ranked,Vex,22,8,6,2,Derrota,780,2026,7,Tuesday,1,1
404,2026-01-26,05:54,J0057,Desierto Neon,Ranked,Brisa;Lienzo,42,7,9,1,Derrota,570,2026,1,Monday,1,2
5289,2026-05-03,18:47,J0008,Desierto Neon,Ranked,Brisa;Umbra,38,1,7,4,Victoria,660,2026,5,Sunday,0,2
8934,2026-06-30,16:35,J0200,Puerto Escarlata,Ranked,Koro,41,5,6,6,Victoria,1180,2026,6,Tuesday,1,1
6956,2026-05-30,11:03,J0125,Canales de Hielo,Ranked,Tesla,45,4,5,6,Derrota,600,2026,5,Saturday,1,1
6654,2026-05-24,07:38,J0012,Desierto Neon,Ranked,Umbra,37,4,9,6,Derrota,,2026,5,Sunday,0,1
2457,2026-03-12,19:26,J0010,Puerto Escarlata,Casual,Brisa,16,3,4,5,Derrota,470,2026,3,Thursday,1,1
2856,2026-03-20,01:40,J0010,Canales de Hielo,Casual,Koro;Lienzo;Tesla,12,8,1,3,Victoria,1430,2026,3,Friday,8,3
2215,2026-03-07,20:33,J0022,Desierto Neon,Casual,Koro,20,3,5,1,Victoria,750,2026,3,Saturday,1,1
1028,2026-02-10,15:56,J0019,Bosque Umbral,Casual,Vex,20,6,3,2,Victoria,1140,2026,2,Tuesday,2,1
9777,2026-07-12,22:45,J0002,Ciudadela,Casual,Vex;Koro,27,10,1,5,Derrota,1230,2026,7,Sunday,10,2
1422,2026-02-19,15:42,J0007,Bosque Umbral,Torneo,Magnus,13,4,4,6,Victoria,1120,2026,2,Thursday,1,1
2437,2026-03-12,17:50,J0117,Ciudadela,Ranked,Vex;Umbra;Tesla,25,3,3,1,Derrota,290,2026,3,Thursday,1,3
5401,2026-05-05,03:28,J0075,Desierto Neon,Ranked,Koro,32,5,2,6,Derrota,760,2026,5,Tuesday,2,1
5649,2026-05-09,23:35,J0160,Estacion Orbital,Ranked,Nadia,37,3,3,4,Derrota,440,2026,5,Saturday,1,1
9158,2026-07-03,07:15,J0046,Puerto Escarlata,Torneo,Lienzo;Magnus,16,9,4,5,Victoria,1570,2026,7,Friday,2,2
1279,2026-02-15,09:31,J0071,Canales de Hielo,Torneo,Lienzo,27,7,7,4,Derrota,760,2026,2,Sunday,1,1
9879,2026-07-13,12:12,J0045,Desierto Neon,Casual,Lienzo;Magnus,23,3,9,7,Victoria,970,2026,7,Monday,0,2
9393,2026-07-07,21:04,J0117,Bosque Umbral,Ranked,Lienzo;Koro,38,10,6,4,Derrota,1080,2026,7,Tuesday,2,2
5156,2026-05-01,14:38,J0195,Bosque Umbral,Torneo,Lienzo,22,3,13,5,Victoria,790,2026,5,Friday,0,1
6716,2026-05-25,17:34,J0046,Desierto Neon,Ranked,Umbra,25,7,4,3,Victoria,1270,2026,5,Monday,2,1
1979,2026-03-02,12:42,J0002,Bosque Umbral,Casual,Umbra,23,15,1,4,Derrota,,2026,3,Monday,15,1
1062,2026-02-11,18:36,J0020,Estacion Orbital,Casual,Magnus;Koro,26,5,11,3,,430,2026,2,Wednesday,0,2
4061,2026-04-12,20:58,J0032,Desierto Neon,Ranked,Koro;Umbra,38,7,4,3,Victoria,1270,2026,4,Sunday,2,2
4620,2026-04-22,18:32,J0200,Canales de Hielo,Ranked,Koro,32,10,4,4,Victoria,1620,2026,4,Wednesday,2,1
7117,2026-06-01,16:09,J0005,Bosque Umbral,Ranked,Brisa,31,8,7,4,Derrota,860,2026,6,Monday,1,1
9520,2026-07-09,20:04,J0093,Desierto Neon,Ranked,Magnus;Nadia,34,3,7,5,Derrota,410,2026,7,Thursday,0,2
1503,2026-02-21,04:05,J0071,Estacion Orbital,Casual,Umbra,21,5,3,10,Victoria,1440,2026,2,Saturday,2,1
8637,2026-06-25,16:01,J0097,Ciudadela,Ranked,Magnus,41,6,4,9,Victoria,1470,2026,6,Thursday,2,1
3401,2026-03-30,19:47,J0079,Desierto Neon,Casual,Nadia,17,4,9,2,Derrota,320,2026,3,Monday,0,1
6910,2026-05-29,15:00,J0054,Desierto Neon,Casual,Tesla,31,4,9,6,Derrota,520,2026,5,Friday,0,1
6969,2026-05-30,16:23,J0005,Estacion Orbital,Ranked,Lienzo;Umbra,43,7,3,6,Derrota,940,2026,5,Saturday,2,2
5008,2026-04-29,03:35,J0011,Ciudadela,Ranked,Vex,40,7,3,1,Victoria,1190,2026,4,Wednesday,2,1
679,2026-02-02,13:40,J0022,Estacion Orbital,Casual,Umbra,26,3,5,5,Victoria,950,2026,2,Monday,1,1
4763,2026-04-25,16:19,J0063,Puerto Escarlata,Casual,Nadia,31,6,4,4,Victoria,1220,2026,4,Saturday,2,1
2944,2026-03-22,11:36,J0150,Puerto Escarlata,Ranked,Lienzo;Umbra,29,8,5,6,Victoria,1500,2026,3,Sunday,2,2
9596,2026-07-10,19:28,J0003,Puerto Escarlata,Casual,Koro,12,4,3,5,Derrota,590,2026,7,Friday,1,1
7878,2026-06-13,06:57,J0099,Canales de Hielo,Ranked,Magnus,26,6,7,3,Victoria,810,2026,6,Saturday,1,1
103,2026-01-18,20:48,J0013,Canales de Hielo,Ranked,Umbra;Magnus,30,5,7,2,,460,2026,1,Sunday,1,2
958,2026-02-08,21:32,J0120,Ciudadela,Ranked,Nadia;Umbra;Koro,39,6,2,2,Victoria,1160,2026,2,Sunday,3,3
4510,2026-04-20,18:46,J0074,Puerto Escarlata,Casual,Magnus;Brisa,11,5,5,3,Victoria,1050,2026,4,Monday,1,2
5425,2026-05-06,20:14,J0076,Ciudadela,Ranked,Magnus,41,5,6,4,Derrota,580,2026,5,Wednesday,1,1
8857,2026-06-28,20:39,J0056,Desierto Neon,Torneo,Brisa;Vex,15,8,2,7,Victoria,1610,2026,6,Sunday,4,2
3746,2026-04-06,11:58,J0044,Desierto Neon,Ranked,Umbra;Tesla,31,10,1,9,Derrota,1430,2026,4,Monday,10,2
4979,2026-04-28,12:11,J0149,Estacion Orbital,Ranked,Nadia;Brisa,26,5,4,5,Derrota,670,2026,4,Tuesday,1,2
7580,2026-06-09,13:32,J0079,Desierto Neon,Casual,Koro;Umbra,18,6,3,2,Derrota,640,2026,6,Tuesday,2,2
9413,2026-07-07,20:35,J0032,Desierto Neon,Ranked,Tesla,33,5,5,7,Victoria,1250,2026,7,Tuesday,1,1
2933,2026-03-22,23:26,J0029,Estacion Orbital,Ranked,Koro,29,7,6,4,Derrota,780,2026,3,Sunday,1,1
3934,2026-04-10,22:19,J0001,Bosque Umbral,Casual,Brisa;Magnus,8,1,2,5,Derrota,310,2026,4,Friday,0,2
419,2026-01-26,23:39,J0003,Puerto Escarlata,Casual,Koro,23,4,4,4,Victoria,1020,2026,1,Monday,1,1
5849,2026-05-12,19:37,J0114,Canales de Hielo,Casual,Koro,25,1,4,2,Victoria,620,2026,5,Tuesday,0,1
4217,2026-04-15,18:50,J0165,Bosque Umbral,Ranked,Vex,39,6,6,6,Derrota,780,2026,4,Wednesday,1,1
9836,2026-07-12,06:58,J0200,Canales de Hielo,Casual,Nadia;Tesla,20,6,6,5,Derrota,730,2026,7,Sunday,1,2
1948,2026-03-02,17:36,J0071,Canales de Hielo,Ranked,Lienzo;Koro,45,6,6,6,Victoria,1280,2026,3,Monday,1,2
2300,2026-03-09,07:46,J0078,Desierto Neon,Casual,Vex,22,4,3,6,Derrota,640,2026,3,Monday,1,1
7022,2026-05-31,03:13,J0066,Canales de Hielo,Ranked,Vex,38,4,6,2,Victoria,880,2026,5,Sunday,1,1
9690,2026-07-11,07:56,J0093,Estacion Orbital,Casual,Nadia,19,2,5,5,Derrota,350,2026,7,Saturday,0,1
6150,2026-05-17,06:31,J0041,Puerto Escarlata,Casual,Magnus,25,4,5,5,Victoria,1050,2026,5,Sunday,1,1
4605,2026-04-22,07:51,J0065,Bosque Umbral,Ranked,Magnus;Nadia,30,3,4,4,Victoria,920,2026,4,Wednesday,1,2
3397,2026-03-30,21:01,J0038,Desierto Neon,Casual,Vex;Koro,20,3,6,2,Victoria,780,2026,3,Monday,0,2
8347,2026-06-21,20:58,J0050,Puerto Escarlata,Torneo,Koro,18,4,5,2,Victoria,900,2026,6,Sunday,1,1
529,2026-01-29,03:12,J0065,Desierto Neon,Casual,Umbra,12,3,1,2,Derrota,380,2026,1,Thursday,3,1
1234,2026-02-15,20:13,J0046,Desierto Neon,Casual,Koro,16,8,5,2,Victoria,1300,2026,2,Sunday,2,1
780,2026-02-04,14:10,J0079,Canales de Hielo,Casual,Magnus;Koro,29,4,7,10,Victoria,1260,2026,2,Wednesday,1,2
4076,2026-04-12,21:52,J0100,Canales de Hielo,Ranked,Umbra,33,9,4,4,Derrota,1020,2026,4,Sunday,2,1
9909,2026-07-13,18:36,J0077,Puerto Escarlata,Ranked,Umbra,37,5,5,4,Victoria,1100,2026,7,Monday,1,1
4962,2026-04-28,17:20,J0124,Bosque Umbral,Ranked,Brisa;Tesla,37,9,7,2,Derrota,860,2026,4,Tuesday,1,2
1861,2026-02-28,14:39,J0104,Desierto Neon,Ranked,Nadia,42,6,2,9,Victoria,1510,2026,2,Saturday,3,1
8537,2026-06-24,20:05,J0153,Bosque Umbral,Torneo,Brisa;Tesla,26,10,4,4,Victoria,1620,2026,6,Wednesday,2,2
7620,2026-06-09,18:37,J0013,Bosque Umbral,Ranked,Nadia,26,6,5,7,Victoria,,2026,6,Tuesday,1,1
9859,2026-07-13,03:00,J0080,Desierto Neon,Ranked,Vex,26,8,1,3,Victoria,1430,2026,7,Monday,8,1
8608,2026-06-25,23:59,J0021,Puerto Escarlata,Casual,Koro;Nadia,13,8,6,1,Victoria,1230,2026,6,Thursday,1,2
1993,2026-03-03,17:45,J0018,Canales de Hielo,Ranked,Koro,39,4,10,3,Derrota,350,2026,3,Tuesday,0,1
3882,2026-04-09,21:02,J0019,Canales de Hielo,Casual,Koro;Nadia,13,2,6,6,Victoria,880,2026,4,Thursday,0,2
7365,2026-06-05,13:25,J0028,Desierto Neon,Ranked,Umbra,40,5,4,3,Derrota,570,2026,6,Friday,1,1
5400,2026-05-05,06:56,J0004,Canales de Hielo,Casual,Brisa,8,7,7,3,Derrota,710,2026,5,Tuesday,1,1
6934,2026-05-30,15:32,J0046,Bosque Umbral,Ranked,Koro;Umbra,34,6,7,8,Derrota,860,2026,5,Saturday,1,2
3915,2026-04-09,16:43,J0002,Ciudadela,Ranked,Tesla;Koro;Brisa,41,10,5,5,Derrota,1150,2026,4,Thursday,2,3
2472,2026-03-13,20:34,J0040,Ciudadela,Ranked,Vex,33,5,3,8,Derrota,840,2026,3,Friday,2,1
8355,2026-06-21,19:44,J0110,Canales de Hielo,Ranked,Brisa;Vex,27,5,7,4,Victoria,1060,2026,6,Sunday,1,2
6180,2026-05-18,12:52,J0032,Bosque Umbral,Ranked,Tesla,31,6,1,3,Derrota,730,2026,5,Monday,6,1
9422,2026-07-07,19:15,J0135,Puerto Escarlata,Ranked,Lienzo,32,7,4,3,Derrota,770,2026,7,Tuesday,2,1
1397,2026-02-18,19:40,J0022,Puerto Escarlata,Casual,Vex,30,8,9,0,Victoria,1120,2026,2,Wednesday,1,1
1490,2026-02-21,23:49,J0006,Bosque Umbral,Ranked,Brisa,45,5,7,2,Victoria,960,2026,2,Saturday,1,1
5961,2026-05-14,17:28,J0085,Bosque Umbral,Ranked,Tesla,23,5,4,3,Victoria,1070,2026,5,Thursday,1,1
5598,2026-05-09,15:53,J0001,Canales de Hielo,Ranked,Umbra,24,6,1,1,Victoria,1130,2026,5,Saturday,6,1
1043,2026-02-10,20:15,J0031,Bosque Umbral,Torneo,Nadia;Tesla,32,5,4,1,Victoria,,2026,2,Tuesday,1,2
4880,2026-04-26,17:00,J0022,Puerto Escarlata,Ranked,Umbra,45,5,10,1,Derrota,350,2026,4,Sunday,0,1
8950,2026-06-30,20:53,J0086,Desierto Neon,Casual,Tesla,25,1,4,3,Victoria,670,2026,6,Tuesday,0,1
7384,2026-06-06,00:59,J0061,Bosque Umbral,Ranked,Nadia,29,8,8,1,Derrota,690,2026,6,Saturday,1,1
258,2026-01-23,00:08,J0021,Estacion Orbital,Casual,Brisa;Koro,10,3,6,4,Derrota,380,2026,1,Friday,0,2
7414,2026-06-06,15:15,J0059,Canales de Hielo,Casual,Lienzo,18,1,5,8,Derrota,400,2026,6,Saturday,0,1
8820,2026-06-28,10:25,J0058,Bosque Umbral,Casual,Vex;Lienzo,9,8,7,1,Victoria,1210,2026,6,Sunday,1,2
7950,2026-06-14,05:41,J0145,Ciudadela,Casual,Nadia,27,0,3,4,Victoria,640,2026,6,Sunday,0,1
7226,2026-06-03,20:13,J0200,Ciudadela,Casual,Koro;Tesla,17,3,5,6,Derrota,500,2026,6,Wednesday,1,2
2090,2026-03-05,18:43,J0117,Canales de Hielo,Casual,,27,7,2,3,Victoria,1310,2026,3,Thursday,4,0
8794,2026-06-27,15:35,J0024,Canales de Hielo,Casual,Umbra,30,10,5,2,Victoria,1500,2026,6,Saturday,2,1
504,2026-01-28,19:39,J0141,Estacion Orbital,Casual,Umbra,9,7,4,4,Derrota,820,2026,1,Wednesday,2,1
3498,2026-04-01,15:46,J0080,Puerto Escarlata,Ranked,Brisa;Magnus,36,6,2,2,Derrota,760,2026,4,Wednesday,3,2
8884,2026-06-29,02:52,J0004,Canales de Hielo,Ranked,Magnus,39,4,4,3,Victoria,970,2026,6,Monday,1,1
1346,2026-02-17,19:19,J0052,Ciudadela,Ranked,Umbra;Tesla,23,7,8,6,Derrota,840,2026,2,Tuesday,1,2
5731,2026-05-10,16:22,J0104,Estacion Orbital,Ranked,Koro,24,3,4,1,Victoria,770,2026,5,Sunday,1,1
5138,2026-05-01,22:19,J0012,Desierto Neon,Casual,Brisa,31,8,8,4,Derrota,840,2026,5,Friday,1,1
2249,2026-03-08,02:42,J0028,Desierto Neon,Torneo,Nadia,29,3,6,3,Derrota,330,2026,3,Sunday,0,1
5071,2026-04-30,16:47,J0054,Estacion Orbital,Casual,Lienzo;Koro,30,13,7,6,Victoria,1960,2026,4,Thursday,2,2
373,2026-01-25,02:44,J0198,Estacion Orbital,Casual,Tesla,19,2,4,5,Victoria,870,2026,1,Sunday,0,1
9016,2026-07-01,00:48,J0062,Bosque Umbral,Torneo,Nadia,16,4,7,3,Derrota,410,2026,7,Wednesday,1,1
4626,2026-04-23,00:29,J0021,Estacion Orbital,Casual,Vex,14,13,5,4,Derrota,1400,2026,4,Thursday,3,1
2007,2026-03-03,18:51,J0020,Ciudadela,Ranked,Vex,42,9,6,4,Derrota,980,2026,3,Tuesday,2,1
3849,2026-04-08,21:28,J0084,Puerto Escarlata,Ranked,Magnus,42,8,2,2,Victoria,1360,2026,4,Wednesday,4,1
3858,2026-04-08,21:55,J0087,Canales de Hielo,Ranked,Nadia;Koro,33,4,7,4,Victoria,960,2026,4,Wednesday,1,2
5822,2026-05-12,09:15,J0050,Estacion Orbital,Ranked,Tesla;Lienzo,40,2,4,3,Derrota,270,2026,5,Tuesday,0,2
9968,2026-07-14,10:28,J0029,Canales de Hielo,Casual,Nadia;Vex;Magnus,20,4,2,6,Victoria,1160,2026,7,Tuesday,2,3
5432,2026-05-06,20:09,J0052,Canales de Hielo,Ranked,Magnus;Vex,42,9,5,6,Derrota,1100,2026,5,Wednesday,2,2
6182,2026-05-18,06:32,J0066,Puerto Escarlata,Ranked,Umbra,31,3,6,1,Derrota,230,2026,5,Monday,0,1
2103,2026-03-05,19:19,J0026,Canales de Hielo,Ranked,Umbra,25,5,6,5,Derrota,630,2026,3,Thursday,1,1
998,2026-02-09,14:27,J0022,Bosque Umbral,Casual,Tesla;Umbra,20,1,2,3,Victoria,710,2026,2,Monday,0,2
8251,2026-06-20,22:23,J0023,Bosque Umbral,Casual,Brisa,10,10,5,5,Victoria,1650,2026,6,Saturday,2,1
9096,2026-07-02,18:23,J0035,Estacion Orbital,Ranked,Brisa,35,11,4,0,Derrota,1020,2026,7,Thursday,3,1
1177,2026-02-14,22:45,J0185,Puerto Escarlata,Ranked,Magnus;Lienzo,26,6,3,2,Victoria,1140,2026,2,Saturday,2,2
552,2026-01-29,21:54,J0058,Estacion Orbital,Ranked,Brisa,41,5,5,1,Derrota,,2026,1,Thursday,1,1
745,2026-02-03,14:23,J0097,Canales de Hielo,Ranked,Umbra;Lienzo,45,6,5,6,Victoria,1300,2026,2,Tuesday,1,2
5668,2026-05-10,12:34,J0169,Bosque Umbral,Casual,Vex,23,8,3,5,Victoria,1490,2026,5,Sunday,3,1
3205,2026-03-27,23:20,J0078,Desierto Neon,Torneo,Brisa,14,3,5,4,Victoria,900,2026,3,Friday,1,1
9687,2026-07-11,18:16,J0062,Bosque Umbral,Torneo,Umbra,30,2,5,4,Victoria,800,2026,7,Saturday,0,1
6970,2026-05-30,14:25,J0031,Estacion Orbital,Casual,Brisa,8,4,6,5,Derrota,530,2026,5,Saturday,1,1
7720,2026-06-11,12:46,J0093,Puerto Escarlata,Ranked,Vex;Lienzo,33,2,9,0,Victoria,520,2026,6,Thursday,0,2
9561,2026-07-09,19:06,J0016,Puerto Escarlata,Casual,Tesla;Magnus,18,6,4,6,Victoria,1320,2026,7,Thursday,2,2
6968,2026-05-30,19:06,J0106,Puerto Escarlata,Ranked,Umbra;Vex,29,10,5,5,Victoria,1650,2026,5,Saturday,2,2
7745,2026-06-12,07:59,J0092,Bosque Umbral,Casual,Umbra,29,8,4,6,Victoria,1520,2026,6,Friday,2,1
7677,2026-06-10,21:32,J0112,Ciudadela,Ranked,Brisa,29,1,3,3,Derrota,190,2026,6,Wednesday,0,1
8223,2026-06-19,09:10,J0143,Estacion Orbital,Casual,Brisa,14,1,2,2,Victoria,660,2026,6,Friday,0,1
3027,2026-03-23,18:42,J0049,Ciudadela,Casual,Lienzo,29,2,2,4,Victoria,860,2026,3,Monday,1,1
5455,2026-05-06,18:35,J0200,Estacion Orbital,Ranked,Nadia;Koro;Tesla,24,6,5,3,,1150,2026,5,Wednesday,1,3
5551,2026-05-08,18:59,J0016,Puerto Escarlata,Ranked,Lienzo;Umbra,42,4,4,4,Derrota,520,2026,5,Friday,1,2
9704,2026-07-11,15:46,J0073,Bosque Umbral,Casual,Lienzo;Koro,10,3,4,3,Victoria,870,2026,7,Saturday,1,2
3083,2026-03-24,18:07,J0064,Desierto Neon,Casual,Koro,27,6,9,2,Derrota,520,2026,3,Tuesday,1,1
694,2026-02-02,11:40,J0066,Estacion Orbital,Casual,Koro;Vex,29,9,5,2,Derrota,900,2026,2,Monday,2,2
2534,2026-03-14,17:31,J0026,Estacion Orbital,Casual,Lienzo;Umbra,24,7,2,3,Derrota,810,2026,3,Saturday,4,2
4611,2026-04-22,17:47,J0040,Puerto Escarlata,Ranked,Nadia,39,6,4,4,Derrota,720,2026,4,Wednesday,2,1
983,2026-02-09,21:52,J0084,Estacion Orbital,Casual,Vex;Koro,12,10,5,2,Victoria,1500,2026,2,Monday,2,2
4769,2026-04-25,15:34,J0009,Bosque Umbral,Torneo,Nadia,32,5,4,1,Victoria,970,2026,4,Saturday,1,1
80,2026-01-18,20:46,J0023,Ciudadela,Torneo,Brisa;Umbra,32,9,3,4,Victoria,1540,2026,1,Sunday,3,2
7978,2026-06-15,00:19,J0115,Ciudadela,Casual,Nadia,31,7,6,3,Derrota,730,2026,6,Monday,1,1
6651,2026-05-24,17:34,J0200,Ciudadela,Ranked,,22,9,4,5,Derrota,1070,2026,5,Sunday,2,0
9405,2026-07-07,00:56,J0067,Estacion Orbital,Casual,Vex,11,5,1,8,Victoria,1380,2026,7,Tuesday,5,1
7357,2026-06-05,21:03,J0033,Puerto Escarlata,Ranked,Tesla,26,11,8,2,Derrota,1040,2026,6,Friday,1,1
3470,2026-03-31,21:58,J0043,Estacion Orbital,Torneo,Tesla,11,11,2,3,Victoria,1710,2026,3,Tuesday,6,1
3870,2026-04-08,18:55,J0016,Desierto Neon,Ranked,,32,7,9,4,Derrota,720,2026,4,Wednesday,1,0
5857,2026-05-13,17:14,J0052,Estacion Orbital,Casual,Nadia,30,4,6,3,Derrota,430,2026,5,Wednesday,1,1
262,2026-01-23,02:25,J0031,Canales de Hielo,Casual,Vex,32,4,4,6,Derrota,620,2026,1,Friday,1,1
2143,2026-03-06,17:06,J0083,Bosque Umbral,Casual,Koro,18,5,12,4,Victoria,960,2026,3,Friday,0,1
6422,2026-05-21,18:39,J0068,Desierto Neon,Ranked,Koro;Umbra;Tesla,26,8,5,5,Victoria,1450,2026,5,Thursday,2,3
2269,2026-03-08,22:35,J0061,Puerto Escarlata,Casual,Umbra;Nadia;Koro,15,3,5,4,Derrota,400,2026,3,Sunday,1,3
446,2026-01-27,00:37,J0047,Puerto Escarlata,Ranked,Vex,38,16,12,10,Derrota,1860,2026,1,Tuesday,1,1
9068,2026-07-02,17:59,J0083,Estacion Orbital,Casual,Koro,28,5,6,5,Victoria,1130,2026,7,Thursday,1,1
5380,2026-05-05,16:39,J0008,Ciudadela,Ranked,Umbra;Vex,31,7,7,3,Victoria,1210,2026,5,Tuesday,1,2
5203,2026-05-02,19:48,J0029,Canales de Hielo,Ranked,Magnus,31,6,5,1,Victoria,1050,2026,5,Saturday,1,1
6750,2026-05-26,17:54,J0116,Estacion Orbital,Torneo,Lienzo;Magnus,32,9,7,1,Victoria,1310,2026,5,Tuesday,1,2
9794,2026-07-12,17:50,J0024,Bosque Umbral,Ranked,Umbra,42,4,4,5,Derrota,570,2026,7,Sunday,1,1
1702,2026-02-24,04:52,J0085,Desierto Neon,Casual,Nadia,25,7,3,3,Victoria,1290,2026,2,Tuesday,2,1
2527,2026-03-14,20:28,J0089,Ciudadela,Casual,Tesla;Brisa,16,6,8,3,Derrota,590,2026,3,Saturday,1,2
3330,2026-03-29,07:04,J0097,Bosque Umbral,Casual,Umbra,20,8,5,5,Victoria,1450,2026,3,Sunday,2,1
69,2026-01-17,15:56,J0049,Estacion Orbital,Casual,Magnus;Brisa;Tesla,18,0,7,4,Derrota,60,2026,1,Saturday,0,3
1169,2026-02-14,18:34,J0060,Ciudadela,Casual,Nadia;Koro,16,2,3,3,Victoria,790,2026,2,Saturday,1,2
49,2026-01-17,20:31,J0020,Bosque Umbral,Casual,Koro;Umbra,20,10,3,5,Victoria,1690,2026,1,Saturday,3,2
1054,2026-02-11,16:36,J0008,Ciudadela,Casual,Koro;Tesla,15,2,1,7,Victoria,1030,2026,2,Wednesday,2,2
85,2026-01-18,18:30,J0053,Desierto Neon,Ranked,Nadia;Umbra;Vex,34,8,6,4,Victoria,1380,2026,1,Sunday,1,3
881,2026-02-07,16:06,J0028,Puerto Escarlata,Ranked,Brisa,29,4,9,1,Victoria,,2026,2,Saturday,0,1
2652,2026-03-16,17:32,J0049,Canales de Hielo,Ranked,Magnus,27,3,7,4,Derrota,360,2026,3,Monday,0,1
9000,2026-06-30,21:12,J0079,Ciudadela,Ranked,Tesla;Umbra;Brisa,26,8,5,2,Derrota,800,2026,6,Tuesday,2,3
2440,2026-03-12,19:57,J0192,Ciudadela,Casual,Brisa;Koro,19,9,6,6,Derrota,1080,2026,3,Thursday,2,2
6453,2026-05-22,14:34,J0200,Estacion Orbital,Casual,Koro,25,3,11,4,Derrota,280,2026,5,Friday,0,1
4795,2026-04-25,11:37,J0002,Ciudadela,Ranked,Brisa;Koro,34,3,6,2,Derrota,280,2026,4,Saturday,0,2
1468,2026-02-20,10:48,J0042,Ciudadela,Casual,Koro;Magnus;Vex,9,5,3,8,Victoria,1340,2026,2,Friday,2,3
9033,2026-07-01,23:55,J0073,Ciudadela,Casual,Vex;Magnus,14,5,1,4,Victoria,1180,2026,7,Wednesday,5,2
9660,2026-07-11,17:37,J0119,Canales de Hielo,Ranked,Vex,37,9,3,4,Victoria,1540,2026,7,Saturday,3,1
2442,2026-03-12,20:48,J0011,Bosque Umbral,Casual,Vex;Tesla,29,11,4,2,Victoria,1620,2026,3,Thursday,3,2
4760,2026-04-25,19:28,J0009,Estacion Orbital,Ranked,Tesla;Koro,45,4,4,5,Victoria,1070,2026,4,Saturday,1,2
231,2026-01-22,14:34,J0066,Desierto Neon,Torneo,Koro;Brisa,10,12,7,4,Victoria,1760,2026,1,Thursday,2,2
1321,2026-02-17,22:48,J0037,Desierto Neon,Ranked,Koro,30,7,7,1,,610,2026,2,Tuesday,1,1
42,2026-01-17,19:44,J0018,Desierto Neon,Casual,Lienzo;Koro,16,3,8,2,Derrota,240,2026,1,Saturday,0,2
778,2026-02-04,22:06,J0086,Canales de Hielo,Casual,Tesla;Vex,27,9,2,6,Victoria,,2026,2,Wednesday,4,2
9021,2026-07-01,18:30,J0040,Puerto Escarlata,Casual,Umbra,18,3,4,2,Derrota,320,2026,7,Wednesday,1,1
6933,2026-05-30,21:09,J0200,Bosque Umbral,Ranked,Tesla,37,6,6,3,Derrota,630,2026,5,Saturday,1,1
1730,2026-02-25,21:26,J0045,Canales de Hielo,Casual,Koro,26,6,7,3,Derrota,410,2026,2,Wednesday,1,1
8492,2026-06-23,19:15,J0032,Bosque Umbral,Ranked,Koro,33,14,4,2,Derrota,1420,2026,6,Tuesday,4,1
580,2026-01-30,20:28,J0001,Ciudadela,Casual,Koro;Tesla,28,5,5,6,Derrota,700,2026,1,Friday,1,2
8863,2026-06-28,20:16,J0029,Estacion Orbital,Ranked,Lienzo,28,2,7,5,Victoria,810,2026,6,Sunday,0,1
8929,2026-06-29,12:25,J0004,Bosque Umbral,Torneo,Magnus,12,3,4,5,Victoria,970,2026,6,Monday,1,1
6719,2026-05-25,00:20,J0109,Puerto Escarlata,Casual,Umbra;Tesla;Lienzo,27,5,5,2,Derrota,500,2026,5,Monday,1,3
6763,2026-05-26,15:58,J0013,Ciudadela,Casual,Tesla,13,7,7,5,Victoria,1310,2026,5,Tuesday,1,1
1492,2026-02-21,19:10,J0065,Ciudadela,Torneo,Koro,14,6,4,6,Victoria,1320,2026,2,Saturday,2,1
7707,2026-06-11,21:13,J0118,Canales de Hielo,Casual,Tesla,12,4,2,2,Victoria,960,2026,6,Thursday,2,1
5710,2026-05-10,15:16,J0007,Bosque Umbral,Casual,Tesla,20,6,5,1,Victoria,1350,2026,5,Sunday,1,1
62,2026-01-17,23:42,J0106,Desierto Neon,Ranked,Magnus,29,10,5,8,Victoria,1800,2026,1,Saturday,2,1
4484,2026-04-20,20:33,J0041,Ciudadela,Casual,Lienzo,19,2,2,7,Victoria,1010,2026,4,Monday,1,1
7294,2026-06-04,10:05,J0131,Desierto Neon,Ranked,Vex,24,9,2,6,Victoria,1660,2026,6,Thursday,4,1
6648,2026-05-24,04:34,J0103,Estacion Orbital,Ranked,Nadia,42,8,6,5,Victoria,1430,2026,5,Sunday,1,1
403,2026-01-26,14:32,J0012,Desierto Neon,Torneo,Vex,15,6,10,4,Victoria,1100,2026,1,Monday,1,1
333,2026-01-24,15:26,J0200,Estacion Orbital,Ranked,Umbra,28,7,8,2,Victoria,1140,2026,1,Saturday,1,1
2085,2026-03-05,23:58,J0071,Canales de Hielo,Ranked,Lienzo,37,2,3,5,Victoria,890,2026,3,Thursday,1,1
6954,2026-05-30,21:07,J0005,Ciudadela,Casual,Vex,16,4,10,1,Derrota,250,2026,5,Saturday,0,1
165,2026-01-20,16:53,J0085,Estacion Orbital,Ranked,Koro;Umbra;Vex,45,6,4,8,Derrota,920,2026,1,Tuesday,2,3
4334,2026-04-17,17:39,J0014,Ciudadela,Casual,Koro;Tesla,27,3,5,2,Derrota,300,2026,4,Friday,1,2
2716,2026-03-17,19:52,J0052,Bosque Umbral,Ranked,Tesla,24,8,5,5,Victoria,1450,2026,3,Tuesday,2,1
8993,2026-06-30,03:56,J0073,Desierto Neon,Casual,Vex,26,4,2,4,Victoria,1060,2026,6,Tuesday,2,1
8860,2026-06-28,19:41,J0197,Puerto Escarlata,Casual,Umbra,9,4,3,6,Victoria,1140,2026,6,Sunday,1,1
2756,2026-03-19,23:35,J0018,Ciudadela,Casual,Brisa,31,6,6,3,Victoria,1130,2026,3,Thursday,1,1
5550,2026-05-08,19:13,J0005,Bosque Umbral,Casual,Brisa,13,4,6,9,Victoria,1230,2026,5,Friday,1,1
7171,2026-06-02,18:28,J0082,Ciudadela,Casual,Vex;Umbra,15,5,8,1,Victoria,890,2026,6,Tuesday,1,2
1335,2026-02-17,19:34,J0027,Canales de Hielo,Ranked,Lienzo,24,4,4,5,Victoria,1070,2026,2,Tuesday,1,1
9779,2026-07-12,19:01,J0021,Canales de Hielo,Ranked,Tesla;Magnus,29,3,2,5,Victoria,1010,2026,7,Sunday,2,2
1660,2026-02-23,18:32,J0006,Desierto Neon,Ranked,Umbra;Lienzo;Koro,25,9,6,6,Derrota,1080,2026,2,Monday,2,3
7984,2026-06-15,20:17,J0036,Canales de Hielo,Casual,Nadia;Vex,19,2,4,1,Victoria,670,2026,6,Monday,0,2
754,2026-02-04,21:44,J0071,Puerto Escarlata,Ranked,Magnus,29,9,7,4,Derrota,960,2026,2,Wednesday,1,1
6701,2026-05-25,08:03,J0069,Estacion Orbital,Ranked,Nadia;Brisa,30,5,8,4,Derrota,540,2026,5,Monday,1,2
707,2026-02-02,19:22,J0155,Estacion Orbital,Casual,Lienzo;Magnus;Koro,20,1,1,3,Derrota,230,2026,2,Monday,1,3
6292,2026-05-20,13:03,J0002,Estacion Orbital,Casual,Magnus;Tesla,26,5,3,3,Victoria,1090,2026,5,Wednesday,2,2
8627,2026-06-25,18:53,J0033,Estacion Orbital,Casual,Brisa,14,4,4,1,Derrota,370,2026,6,Thursday,1,1
9950,2026-07-14,20:06,J0030,Desierto Neon,Casual,Tesla,21,6,5,1,Victoria,1050,2026,7,Tuesday,1,1
9655,2026-07-11,05:59,J0064,Bosque Umbral,Casual,Brisa,25,6,3,2,Derrota,540,2026,7,Saturday,2,1
7703,2026-06-11,00:50,J0045,Desierto Neon,Ranked,Lienzo;Nadia,43,2,6,3,Derrota,230,2026,6,Thursday,0,2
9629,2026-07-10,16:35,J0058,Ciudadela,Ranked,Umbra,25,6,5,4,Derrota,800,2026,7,Friday,1,1
9054,2026-07-01,18:12,J0024,Bosque Umbral,Torneo,Koro;Brisa,22,4,4,7,Derrota,670,2026,7,Wednesday,1,2
1835,2026-02-28,07:35,J0133,Canales de Hielo,Ranked,Brisa,27,6,4,5,Victoria,1270,2026,2,Saturday,2,1
3111,2026-03-25,18:08,J0117,Puerto Escarlata,Casual,Nadia,26,2,5,3,Victoria,750,2026,3,Wednesday,0,1
8029,2026-06-16,01:26,J0076,Puerto Escarlata,Ranked,Koro,29,1,3,2,Victoria,640,2026,6,Tuesday,0,1
4031,2026-04-11,20:26,J0056,Ciudadela,Ranked,Umbra,26,4,4,5,Derrota,570,2026,4,Saturday,1,1
4583,2026-04-22,19:20,J0200,Canales de Hielo,Ranked,Magnus,37,5,8,2,Derrota,440,2026,4,Wednesday,1,1
6600,2026-05-24,21:55,J0080,Bosque Umbral,Casual,Umbra;Magnus,16,4,3,6,Victoria,1140,2026,5,Sunday,1,2
7064,2026-05-31,16:55,J0056,Canales de Hielo,Casual,Nadia;Tesla,8,10,7,7,Derrota,1210,2026,5,Sunday,1,2
7370,2026-06-05,12:51,J0007,Ciudadela,Casual,Tesla,24,8,9,5,Victoria,1370,2026,6,Friday,1,1
7221,2026-06-03,22:35,J0048,Desierto Neon,Ranked,Lienzo,37,4,5,2,Victoria,900,2026,6,Wednesday,1,1
5492,2026-05-07,16:55,J0114,Canales de Hielo,Ranked,Koro,23,3,7,9,Derrota,610,2026,5,Thursday,0,1
3884,2026-04-09,20:20,J0007,Puerto Escarlata,Ranked,Nadia,30,10,4,7,Victoria,1770,2026,4,Thursday,2,1
2247,2026-03-08,18:49,J0012,Bosque Umbral,Ranked,Magnus;Nadia,38,5,5,5,Victoria,1150,2026,3,Sunday,1,2
836,2026-02-06,22:22,J0200,Desierto Neon,Ranked,Nadia,30,7,6,7,Victoria,1430,2026,2,Friday,1,1
8460,2026-06-22,17:04,J0031,Bosque Umbral,Casual,Lienzo,22,3,1,7,Derrota,630,2026,6,Monday,3,1
3669,2026-04-05,14:19,J0029,Desierto Neon,Casual,Tesla,22,2,5,8,Victoria,1000,2026,4,Sunday,0,1
433,2026-01-26,15:17,J0051,Puerto Escarlata,Casual,Tesla,16,4,4,3,Derrota,470,2026,1,Monday,1,1
9083,2026-07-02,21:20,J0057,Puerto Escarlata,Ranked,Koro,45,6,6,6,Victoria,1280,2026,7,Thursday,1,1
9409,2026-07-07,17:17,J0057,Puerto Escarlata,Casual,Vex,24,7,2,2,Victoria,1260,2026,7,Tuesday,4,1
4924,2026-04-27,15:03,J0026,Bosque Umbral,Casual,Koro,18,6,5,2,Victoria,1100,2026,4,Monday,1,1
5936,2026-05-14,11:44,J0008,Estacion Orbital,Ranked,Lienzo;Nadia,32,2,4,7,Derrota,,2026,5,Thursday,0,2
5991,2026-05-15,10:12,J0010,Canales de Hielo,Casual,Umbra,9,4,4,5,Victoria,1070,2026,5,Friday,1,1
1194,2026-02-14,14:27,J0059,Canales de Hielo,Casual,Lienzo,17,3,6,4,Victoria,880,2026,2,Saturday,0,1
9534,2026-07-09,15:26,J0019,Canales de Hielo,Casual,Nadia;Lienzo,22,4,6,2,Derrota,380,2026,7,Thursday,1,2
5559,2026-05-08,20:53,J0016,Ciudadela,Ranked,Koro,43,11,6,4,Victoria,1680,2026,5,Friday,2,1
6370,2026-05-21,15:45,J0005,Desierto Neon,Ranked,Tesla;Lienzo,27,4,7,5,Victoria,1010,2026,5,Thursday,1,2
4278,2026-04-16,08:10,J0085,Puerto Escarlata,Ranked,Koro,40,9,8,2,Victoria,1340,2026,4,Thursday,1,1
3161,2026-03-26,19:16,J0126,Ciudadela,Casual,Brisa,20,5,4,4,Derrota,620,2026,3,Thursday,1,1
3326,2026-03-29,22:35,J0023,Bosque Umbral,Ranked,Nadia,28,11,13,3,Derrota,990,2026,3,Sunday,1,1
2730,2026-03-18,16:49,J0081,Ciudadela,Casual,Lienzo;Umbra;Koro,32,3,8,5,Derrota,390,2026,3,Wednesday,0,3
4701,2026-04-24,18:46,J0023,Desierto Neon,Casual,Vex;Tesla,8,6,3,7,Victoria,1390,2026,4,Friday,2,2
434,2026-01-26,18:42,J0006,Bosque Umbral,Ranked,Nadia;Brisa;Vex,37,12,3,1,Victoria,1690,2026,1,Monday,4,3
3398,2026-03-30,21:27,J0023,Bosque Umbral,Torneo,Nadia;Koro,11,4,5,10,Derrota,800,2026,3,Monday,1,2
8855,2026-06-28,18:23,J0041,Canales de Hielo,Torneo,Lienzo;Brisa,12,4,3,6,Victoria,1140,2026,6,Sunday,1,2
9721,2026-07-11,20:02,J0035,Bosque Umbral,Ranked,Koro;Nadia;Tesla,25,12,4,3,Victoria,1770,2026,7,Saturday,3,3
105,2026-01-18,14:33,J0040,Puerto Escarlata,Casual,Magnus,31,7,7,3,,1210,2026,1,Sunday,1,1
6075,2026-05-16,15:33,J0024,Ciudadela,Casual,Tesla,22,2,4,5,Derrota,370,2026,5,Saturday,0,1
1657,2026-02-23,17:13,J0072,Bosque Umbral,Casual,Magnus,25,1,0,5,Victoria,850,2026,2,Monday,,1
1534,2026-02-21,19:30,J0075,Puerto Escarlata,Casual,Vex,30,15,7,3,Victoria,2010,2026,2,Saturday,2,1
4931,2026-04-27,13:16,J0113,Ciudadela,Casual,Umbra,13,3,2,6,Derrota,560,2026,4,Monday,2,1
1333,2026-02-17,18:30,J0200,Ciudadela,Ranked,,22,6,4,6,Victoria,1320,2026,2,Tuesday,2,0
5339,2026-05-04,16:43,J0025,Bosque Umbral,Casual,Magnus;Nadia,26,5,3,4,Victoria,1140,2026,5,Monday,2,2
7037,2026-05-31,08:36,J0007,Ciudadela,Casual,Tesla;Vex;Lienzo,12,7,1,5,Derrota,930,2026,5,Sunday,7,3
1444,2026-02-20,14:54,J0077,Estacion Orbital,Ranked,Tesla;Brisa;Magnus,26,8,4,5,Derrota,970,2026,2,Friday,2,3
215,2026-01-21,22:56,J0187,Desierto Neon,Ranked,Magnus;Nadia;Koro,44,4,4,4,Derrota,520,2026,1,Wednesday,1,3
5453,2026-05-06,19:36,J0195,Bosque Umbral,Casual,Brisa;Koro,26,7,4,4,Victoria,1320,2026,5,Wednesday,2,2
3474,2026-04-01,21:57,J0145,Ciudadela,Torneo,Magnus;Lienzo,8,4,5,2,Derrota,400,2026,4,Wednesday,1,2
9971,2026-07-14,21:06,J0048,Ciudadela,Casual,Tesla;Nadia,16,2,2,7,Victoria,1010,2026,7,Tuesday,1,2
9996,2026-07-14,18:12,J0014,Desierto Neon,Casual,Umbra,22,9,3,4,Victoria,1540,2026,7,Tuesday,3,1
1420,2026-02-19,11:48,J0004,Puerto Escarlata,Casual,Brisa;Lienzo,15,9,3,2,Victoria,1440,2026,2,Thursday,3,2
9967,2026-07-14,22:24,J0174,Bosque Umbral,Casual,Brisa,23,4,4,0,Derrota,320,2026,7,Tuesday,1,1
8543,2026-06-24,23:13,J0054,Canales de Hielo,Casual,Vex,17,12,4,2,Victoria,1720,2026,6,Wednesday,3,1
182,2026-01-21,23:35,J0041,Estacion Orbital,Ranked,Umbra,29,4,6,3,Victoria,930,2026,1,Wednesday,1,1
4465,2026-04-19,16:22,J0152,Estacion Orbital,Casual,Nadia,22,6,3,5,Derrota,790,2026,4,Sunday,2,1
8769,2026-06-27,05:02,J0007,Canales de Hielo,Ranked,Tesla,33,3,3,1,Victoria,790,2026,6,Saturday,1,1
2447,2026-03-12,18:58,J0023,Ciudadela,Casual,Lienzo;Koro,13,6,7,5,Victoria,1210,2026,3,Thursday,1,2
5418,2026-05-06,21:34,J0188,Bosque Umbral,Casual,Brisa;Nadia,25,4,9,3,Victoria,870,2026,5,Wednesday,0,2
4129,2026-04-13,17:41,J0048,Puerto Escarlata,Ranked,Umbra,35,5,6,5,Derrota,630,2026,4,Monday,1,1
8759,2026-06-27,18:45,J0061,Desierto Neon,Ranked,Nadia,24,5,4,1,Victoria,970,2026,6,Saturday,1,1
7524,2026-06-08,01:01,J0113,Ciudadela,Ranked,Lienzo,42,4,13,4,Victoria,840,2026,6,Monday,0,1
7897,2026-06-14,20:52,J0077,Ciudadela,Casual,Koro;Lienzo,26,2,6,4,Derrota,280,2026,6,Sunday,0,2
8112,2026-06-17,17:10,J0169,Desierto Neon,Ranked,Koro;Vex,22,10,5,2,Victoria,1500,2026,6,Wednesday,2,2
4012,2026-04-11,16:58,J0108,Puerto Escarlata,Ranked,Koro;Umbra;Tesla,27,3,3,4,Victoria,940,2026,4,Saturday,1,3
71,2026-01-17,00:52,J0083,Ciudadela,Casual,Magnus,9,2,4,4,Victoria,,2026,1,Saturday,0,1
545,2026-01-29,15:02,J0200,Ciudadela,Ranked,Umbra,41,6,3,4,Victoria,1240,2026,1,Thursday,2,1
1205,2026-02-14,20:35,J0065,Canales de Hielo,Casual,Umbra;Vex,17,7,3,4,Victoria,1340,2026,2,Saturday,2,2
3383,2026-03-30,20:26,J0024,Desierto Neon,Ranked,Umbra,26,2,6,5,Victoria,830,2026,3,Monday,0,1
8540,2026-06-24,10:25,J0100,Puerto Escarlata,Casual,Brisa,22,10,9,7,Derrota,1170,2026,6,Wednesday,1,1
9177,2026-07-04,10:20,J0073,Desierto Neon,Casual,Tesla,18,8,4,4,Derrota,920,2026,7,Saturday,2,1
3521,2026-04-02,15:16,J0009,Bosque Umbral,Casual,Brisa;Lienzo,15,4,8,8,Derrota,640,2026,4,Thursday,0,2
9754,2026-07-12,16:43,J0148,Estacion Orbital,Ranked,Umbra,38,5,3,8,Derrota,840,2026,7,Sunday,2,1
3379,2026-03-30,13:44,J0047,Canales de Hielo,Torneo,Koro,24,12,7,2,Derrota,1160,2026,3,Monday,2,1
8395,2026-06-21,20:24,J0118,Estacion Orbital,Casual,Lienzo,23,8,4,6,Derrota,,2026,6,Sunday,2,1
7378,2026-06-05,20:02,J0145,Desierto Neon,Ranked,Koro,43,7,4,3,Victoria,1270,2026,6,Friday,2,1
7362,2026-06-05,18:38,J0031,Estacion Orbital,Ranked,Vex;Magnus,43,9,10,6,Derrota,1000,2026,6,Friday,1,2
8782,2026-06-27,11:34,J0022,Desierto Neon,Casual,Umbra,27,3,8,2,Derrota,,2026,6,Saturday,0,1
878,2026-02-07,06:25,J0064,Estacion Orbital,Ranked,Brisa;Koro,45,6,3,9,Derrota,990,2026,2,Saturday,2,2
8760,2026-06-27,08:13,J0069,Estacion Orbital,Ranked,Nadia;Koro,31,4,8,3,Victoria,890,2026,6,Saturday,0,2
197,2026-01-21,17:44,J0020,Desierto Neon,Casual,Vex,9,8,1,5,Derrota,1030,2026,1,Wednesday,8,1
9820,2026-07-12,22:43,J0011,Bosque Umbral,Casual,Koro,29,2,6,4,Derrota,280,2026,7,Sunday,0,1
6245,2026-05-19,19:00,J0002,Desierto Neon,Ranked,Umbra;Brisa;Magnus,40,3,11,2,Derrota,180,2026,5,Tuesday,0,3
4182,2026-04-14,02:35,J0013,Desierto Neon,Ranked,Brisa,27,13,3,5,Victoria,1990,2026,4,Tuesday,4,1
2572,2026-03-15,08:56,J0005,Canales de Hielo,Ranked,,22,5,3,6,Derrota,740,2026,3,Sunday,2,0
5027,2026-04-29,19:30,J0200,Bosque Umbral,Ranked,Koro;Nadia,37,9,7,1,Victoria,1310,2026,4,Wednesday,1,2
7366,2026-06-05,20:02,J0101,Desierto Neon,Casual,Brisa,9,6,7,4,Victoria,1160,2026,6,Friday,1,1
8697,2026-06-26,07:10,J0085,Puerto Escarlata,Casual,Magnus;Koro,20,7,4,4,Derrota,820,2026,6,Friday,2,2
9439,2026-07-07,20:05,J0002,Canales de Hielo,Ranked,Koro;Lienzo,45,4,7,8,Derrota,660,2026,7,Tuesday,1,2
9546,2026-07-09,20:37,J0002,Canales de Hielo,Ranked,Magnus,34,5,10,4,Victoria,1000,2026,7,Thursday,0,1
8145,2026-06-18,17:17,J0044,Bosque Umbral,Ranked,Lienzo;Magnus,38,9,2,3,Derrota,1010,2026,6,Thursday,4,2
5567,2026-05-09,16:10,J0108,Puerto Escarlata,Ranked,Brisa;Lienzo,28,1,3,9,Derrota,490,2026,5,Saturday,0,2
4923,2026-04-27,16:08,J0122,Bosque Umbral,Ranked,Umbra,24,6,2,2,Victoria,1160,2026,4,Monday,3,1
2869,2026-03-21,22:10,J0098,Desierto Neon,Ranked,,37,4,1,3,Victoria,1030,2026,3,Saturday,4,0
2719,2026-03-17,15:49,J0013,Ciudadela,Casual,Brisa;Lienzo;Magnus,19,7,3,1,Victoria,1190,2026,3,Tuesday,2,3
8724,2026-06-27,15:34,J0090,Canales de Hielo,Ranked,Brisa;Lienzo,35,6,5,6,Derrota,800,2026,6,Saturday,1,2
3834,2026-04-08,11:29,J0034,Ciudadela,Ranked,Brisa,36,8,3,3,Derrota,890,2026,4,Wednesday,3,1
4329,2026-04-17,21:29,J0080,Ciudadela,Casual,Umbra;Tesla;Lienzo,25,6,6,7,Victoria,,2026,4,Friday,1,3
8324,2026-06-21,18:42,J0061,Puerto Escarlata,Torneo,Vex;Brisa,27,9,6,4,Derrota,980,2026,6,Sunday,2,2
5716,2026-05-10,08:26,J0130,Bosque Umbral,Casual,Magnus,26,3,8,6,Derrota,440,2026,5,Sunday,0,1
3995,2026-04-11,18:05,J0045,Estacion Orbital,Casual,Umbra,32,4,7,5,Derrota,510,2026,4,Saturday,1,1
2683,2026-03-17,18:00,J0109,Estacion Orbital,Ranked,Nadia;Magnus,39,5,6,4,Victoria,1080,2026,3,Tuesday,1,2
4505,2026-04-20,09:41,J0069,Bosque Umbral,Casual,Tesla;Koro,31,4,2,6,Derrota,660,2026,4,Monday,2,2
5800,2026-05-12,20:13,J0068,Canales de Hielo,Casual,Magnus;Umbra,31,7,4,1,Victoria,1170,2026,5,Tuesday,2,2
9328,2026-07-06,17:43,J0008,Bosque Umbral,Casual,Magnus,18,6,2,7,Victoria,1110,2026,7,Monday,3,1
9032,2026-07-01,16:38,J0109,Canales de Hielo,Casual,Magnus,31,5,3,3,Victoria,1090,2026,7,Wednesday,2,1
219,2026-01-22,22:45,J0113,Puerto Escarlata,Ranked,Vex,39,14,4,0,,1820,2026,1,Thursday,4,1
5763,2026-05-11,18:36,J0060,Bosque Umbral,Casual,Brisa,10,1,4,3,Victoria,,2026,5,Monday,0,1
3835,2026-04-08,09:10,J0003,Canales de Hielo,Ranked,Magnus,22,3,7,2,Victoria,760,2026,4,Wednesday,0,1
8698,2026-06-26,21:24,J0015,Puerto Escarlata,Torneo,Brisa,12,12,3,3,Derrota,1290,2026,6,Friday,4,1
2544,2026-03-14,18:07,J0017,Canales de Hielo,Ranked,Vex,39,12,4,5,Derrota,1370,2026,3,Saturday,3,1
4066,2026-04-12,08:00,J0025,Estacion Orbital,Casual,,22,4,4,3,Derrota,470,2026,4,Sunday,1,0
1245,2026-02-15,03:18,J0063,Ciudadela,Ranked,Nadia,43,5,11,3,Victoria,930,2026,2,Sunday,0,1
421,2026-01-26,12:26,J0046,Estacion Orbital,Ranked,Umbra,36,2,6,1,Derrota,130,2026,1,Monday,0,1
6339,2026-05-20,22:41,J0053,Estacion Orbital,Casual,Vex;Nadia;Tesla,31,9,10,2,Victoria,1300,2026,5,Wednesday,1,3
2059,2026-03-04,21:15,J0102,Ciudadela,Ranked,Tesla;Vex;Brisa,23,4,4,3,Derrota,470,2026,3,Wednesday,1,3
8560,2026-06-24,00:33,J0056,Bosque Umbral,Ranked,Umbra;Brisa,35,7,6,6,Derrota,880,2026,6,Wednesday,1,2
6548,2026-05-23,07:32,J0097,Ciudadela,Torneo,Vex;Brisa,19,6,4,8,Victoria,1420,2026,5,Saturday,2,2
4925,2026-04-27,22:12,J0159,Estacion Orbital,Ranked,Brisa;Vex,35,12,4,2,Victoria,,2026,4,Monday,3,2
5609,2026-05-09,18:40,J0055,Canales de Hielo,Ranked,Magnus;Nadia,33,2,7,6,Victoria,860,2026,5,Saturday,0,2
1167,2026-02-14,19:05,J0042,Bosque Umbral,Casual,Nadia,8,5,1,3,Victoria,1130,2026,2,Saturday,5,1
255,2026-01-22,17:57,J0064,Canales de Hielo,Ranked,Magnus,28,6,9,4,,320,2026,1,Thursday,1,1
416,2026-01-26,22:59,J0005,Canales de Hielo,Ranked,Brisa,24,11,8,4,Derrota,1140,2026,1,Monday,1,1
4005,2026-04-11,00:33,J0105,Canales de Hielo,Ranked,Nadia,37,10,3,4,Derrota,1140,2026,4,Saturday,3,1
9246,2026-07-05,03:01,J0062,Canales de Hielo,Casual,Tesla;Brisa,15,0,6,5,Derrota,130,2026,7,Sunday,0,2
3316,2026-03-29,18:20,J0008,Estacion Orbital,Ranked,Tesla,23,6,3,2,Victoria,740,2026,3,Sunday,2,1
3007,2026-03-23,20:30,J0012,Estacion Orbital,Ranked,Umbra,39,4,4,11,Victoria,1370,2026,3,Monday,1,1
760,2026-02-04,15:07,J0118,Puerto Escarlata,Ranked,Vex;Koro;Lienzo,40,8,4,6,Victoria,1520,2026,2,Wednesday,2,3
1386,2026-02-18,18:51,J0049,Desierto Neon,Torneo,Koro;Umbra,10,4,2,5,Victoria,,2026,2,Wednesday,2,2
655,2026-02-01,16:52,J0014,Canales de Hielo,Torneo,Lienzo;Koro;Brisa,15,4,4,5,Derrota,570,2026,2,Sunday,1,3
1202,2026-02-14,15:24,J0034,Estacion Orbital,Casual,Magnus,13,5,5,4,Victoria,1100,2026,2,Saturday,1,1
2414,2026-03-12,00:14,J0013,Canales de Hielo,Casual,Koro,25,4,8,3,,,2026,3,Thursday,0,1
3207,2026-03-27,14:55,J0048,Canales de Hielo,Ranked,Brisa;Lienzo;Tesla,44,6,3,6,Victoria,1340,2026,3,Friday,2,3
8495,2026-06-23,14:05,J0093,Ciudadela,Ranked,Tesla,35,6,7,4,Victoria,1160,2026,6,Tuesday,1,1
9156,2026-07-03,19:00,J0036,Estacion Orbital,Ranked,Brisa,45,1,6,8,Victoria,880,2026,7,Friday,0,1
8641,2026-06-26,13:45,J0126,Desierto Neon,Torneo,Magnus;Lienzo;Nadia,23,3,5,3,Derrota,,2026,6,Friday,1,3
3173,2026-03-26,21:33,J0033,Estacion Orbital,Torneo,Brisa;Magnus,30,5,4,4,Victoria,1120,2026,3,Thursday,1,2
2831,2026-03-20,15:45,J0024,Desierto Neon,Ranked,,41,4,4,3,Derrota,470,2026,3,Friday,1,0
4576,2026-04-22,21:40,J0091,Ciudadela,Casual,Vex,27,13,3,2,Victoria,1840,2026,4,Wednesday,4,1
329,2026-01-24,14:58,J0104,Ciudadela,Casual,Lienzo;Koro,8,10,6,6,Derrota,1180,2026,1,Saturday,2,2
4351,2026-04-18,01:23,J0084,Estacion Orbital,Casual,Magnus,21,8,4,1,Derrota,770,2026,4,Saturday,2,1
6101,2026-05-17,21:40,J0048,Canales de Hielo,Torneo,Umbra;Magnus,19,5,5,4,Derrota,600,2026,5,Sunday,1,2
4476,2026-04-20,19:35,J0069,Ciudadela,Ranked,Tesla;Koro,42,4,2,1,Victoria,910,2026,4,Monday,2,2
2064,2026-03-04,22:59,J0020,Canales de Hielo,Casual,Tesla;Lienzo,11,9,7,6,Victoria,1560,2026,3,Wednesday,1,2
6687,2026-05-25,19:40,J0037,Bosque Umbral,Casual,Lienzo;Brisa,28,14,5,2,Derrota,1400,2026,5,Monday,3,2
8459,2026-06-22,19:57,J0026,Desierto Neon,Casual,Nadia,8,5,6,7,Victoria,1230,2026,6,Monday,1,1
5602,2026-05-09,17:24,J0011,Canales de Hielo,Casual,Nadia,8,3,2,4,Victoria,960,2026,5,Saturday,2,1
9289,2026-07-05,10:49,J0059,Ciudadela,Casual,Nadia,18,4,3,3,Derrota,490,2026,7,Sunday,1,1
5047,2026-04-30,11:59,J0069,Desierto Neon,Casual,Umbra;Brisa,19,4,5,3,Victoria,950,2026,4,Thursday,1,2
1282,2026-02-16,13:06,J0200,Ciudadela,Ranked,Umbra,23,10,4,4,Victoria,1620,2026,2,Monday,2,1
5580,2026-05-09,20:30,J0042,Ciudadela,Ranked,Umbra,30,3,3,2,Victoria,840,2026,5,Saturday,1,1
2637,2026-03-16,13:02,J0016,Puerto Escarlata,Casual,Vex;Brisa,25,8,1,7,Derrota,1130,2026,3,Monday,8,2
3456,2026-03-31,20:27,J0019,Desierto Neon,Ranked,Lienzo,31,5,2,5,Derrota,710,2026,3,Tuesday,2,1
8242,2026-06-19,09:53,J0200,Puerto Escarlata,Ranked,Brisa,24,5,1,2,Victoria,1080,2026,6,Friday,5,1
6551,2026-05-23,15:08,J0195,Estacion Orbital,Ranked,Nadia;Lienzo,29,6,7,5,Victoria,1210,2026,5,Saturday,1,2
2946,2026-03-22,17:47,J0087,Ciudadela,Casual,Lienzo,28,6,7,3,,610,2026,3,Sunday,1,1
4958,2026-04-28,20:18,J0019,Canales de Hielo,Ranked,Tesla;Vex,34,5,9,4,Victoria,1020,2026,4,Tuesday,1,2
3943,2026-04-10,19:26,J0025,Canales de Hielo,Ranked,Magnus;Lienzo,24,7,3,4,Derrota,840,2026,4,Friday,2,2
9426,2026-07-07,13:35,J0037,Bosque Umbral,Ranked,Umbra;Tesla,22,7,4,6,Derrota,,2026,7,Tuesday,2,2
2664,2026-03-16,13:14,J0055,Desierto Neon,Ranked,Koro,29,9,5,7,Victoria,1650,2026,3,Monday,2,1
8348,2026-06-21,16:29,J0007,Desierto Neon,Ranked,Umbra,38,3,4,4,Derrota,420,2026,6,Sunday,1,1
1283,2026-02-16,22:59,J0083,Estacion Orbital,Ranked,Nadia,33,2,1,1,,230,2026,2,Monday,2,1
3615,2026-04-04,17:30,J0058,Puerto Escarlata,Ranked,Lienzo;Magnus,44,3,3,4,Victoria,940,2026,4,Saturday,1,2
1363,2026-02-18,13:51,J0121,Desierto Neon,Ranked,Magnus,31,7,3,3,Victoria,1290,2026,2,Wednesday,2,1
1438,2026-02-20,16:06,J0199,Estacion Orbital,Ranked,Nadia,33,3,6,9,Derrota,630,2026,2,Friday,0,1
9702,2026-07-11,23:12,J0155,Puerto Escarlata,Ranked,Magnus,25,2,3,7,Victoria,990,2026,7,Saturday,1,1
3786,2026-04-07,22:47,J0120,Estacion Orbital,Torneo,Koro,22,6,8,3,Victoria,1090,2026,4,Tuesday,1,1
57,2026-01-17,04:04,J0006,Ciudadela,Casual,Nadia;Lienzo;Tesla,21,10,3,4,Victoria,1640,2026,1,Saturday,3,3
4683,2026-04-24,14:51,J0071,Canales de Hielo,Casual,Vex;Umbra,30,6,5,7,Victoria,1350,2026,4,Friday,1,2
8546,2026-06-24,14:03,J0049,Ciudadela,Ranked,Lienzo,43,3,5,4,Victoria,900,2026,6,Wednesday,1,1
3922,2026-04-09,07:08,J0058,Desierto Neon,Ranked,Tesla,38,6,5,8,Victoria,1400,2026,4,Thursday,1,1
1845,2026-02-28,16:55,J0052,Desierto Neon,Ranked,Koro,38,3,1,1,,830,2026,2,Saturday,3,1
3185,2026-03-26,19:30,J0045,Puerto Escarlata,Ranked,Magnus;Lienzo,26,2,9,4,Derrota,,2026,3,Thursday,0,2
8642,2026-06-26,21:11,J0016,Bosque Umbral,Casual,Magnus,32,9,4,10,Victoria,1820,2026,6,Friday,2,1
6818,2026-05-27,12:18,J0044,Canales de Hielo,Torneo,Koro,18,4,6,3,Victoria,930,2026,5,Wednesday,1,1
2881,2026-03-21,17:35,J0014,Puerto Escarlata,Torneo,Vex;Tesla,25,5,4,2,Derrota,520,2026,3,Saturday,1,2
1744,2026-02-25,20:56,J0055,Bosque Umbral,Ranked,Nadia;Umbra;Koro,22,2,11,2,Derrota,80,2026,2,Wednesday,0,3
8464,2026-06-22,15:51,J0039,Canales de Hielo,Casual,Magnus,27,2,8,3,Victoria,690,2026,6,Monday,0,1
8861,2026-06-28,20:56,J0034,Desierto Neon,Casual,Koro;Lienzo,18,6,4,4,Victoria,1220,2026,6,Sunday,2,2
4268,2026-04-16,23:03,J0015,Estacion Orbital,Ranked,Koro;Brisa;Magnus,41,7,5,6,Derrota,900,2026,4,Thursday,1,3
6389,2026-05-21,16:56,J0083,Desierto Neon,Ranked,Nadia;Lienzo;Vex,38,7,10,1,Derrota,550,2026,5,Thursday,1,3
741,2026-02-03,18:06,J0200,Bosque Umbral,Ranked,Magnus;Tesla;Brisa,37,14,4,5,Derrota,1570,2026,2,Tuesday,4,3
9649,2026-07-11,13:40,J0032,Puerto Escarlata,Ranked,Koro,32,7,1,0,Victoria,1180,2026,7,Saturday,7,1
4640,2026-04-23,22:50,J0114,Bosque Umbral,Casual,Vex,14,11,3,1,Victoria,1590,2026,4,Thursday,4,1
1625,2026-02-23,19:34,J0032,Ciudadela,Ranked,Brisa;Koro,31,7,5,4,Victoria,1300,2026,2,Monday,1,2
525,2026-01-29,21:38,J0015,Bosque Umbral,Casual,Umbra,32,12,7,5,Derrota,1310,2026,1,Thursday,2,1
8279,2026-06-20,18:15,J0039,Ciudadela,Casual,Lienzo;Brisa,14,9,8,4,Victoria,1440,2026,6,Saturday,1,2
8240,2026-06-19,00:14,J0017,Canales de Hielo,Ranked,Nadia,42,5,2,6,Victoria,1260,2026,6,Friday,2,1
5523,2026-05-08,19:27,J0096,Canales de Hielo,Ranked,Tesla,44,9,2,3,Derrota,,2026,5,Friday,4,1
9586,2026-07-10,10:27,J0035,Estacion Orbital,Ranked,Koro;Tesla,33,7,6,1,Victoria,1130,2026,7,Friday,1,2
6522,2026-05-23,22:38,J0137,Puerto Escarlata,Ranked,,28,8,7,3,Victoria,1310,2026,5,Saturday,1,0
436,2026-01-26,19:01,J0200,Puerto Escarlata,Ranked,Tesla;Magnus,33,9,4,1,Victoria,1370,2026,1,Monday,2,2
7666,2026-06-10,22:14,J0006,Estacion Orbital,Casual,Nadia;Koro,9,5,3,5,Victoria,1190,2026,6,Wednesday,2,2
8077,2026-06-17,15:47,J0054,Desierto Neon,Casual,Lienzo;Brisa,9,6,7,7,,810,2026,6,Wednesday,1,2
309,2026-01-24,21:27,J0022,Canales de Hielo,Torneo,Lienzo,29,5,4,3,Derrota,570,2026,1,Saturday,1,1
1566,2026-02-22,16:51,J0020,Puerto Escarlata,Ranked,Koro,26,3,7,6,Derrota,460,2026,2,Sunday,0,1
2632,2026-03-16,17:55,J0018,Estacion Orbital,Ranked,Lienzo;Nadia,30,3,8,4,Derrota,340,2026,3,Monday,0,2
5696,2026-05-10,15:05,J0200,Estacion Orbital,Torneo,Lienzo,28,6,4,1,Victoria,1070,2026,5,Sunday,2,1
5875,2026-05-13,22:49,J0050,Ciudadela,Torneo,Tesla,9,3,5,4,Victoria,900,2026,5,Wednesday,1,1
402,2026-01-26,17:52,J0200,Canales de Hielo,Ranked,Nadia,40,4,8,5,Derrota,490,2026,1,Monday,0,1
6865,2026-05-28,12:46,J0073,Canales de Hielo,Casual,Vex;Nadia,20,5,6,1,Victoria,930,2026,5,Thursday,1,2
882,2026-02-07,13:12,J0020,Ciudadela,Casual,Lienzo;Tesla,31,2,6,3,Derrota,230,2026,2,Saturday,0,2
435,2026-01-26,21:03,J0084,Puerto Escarlata,Ranked,Lienzo;Umbra;Nadia,33,8,6,5,Derrota,930,2026,1,Monday,1,3
7244,2026-06-03,16:47,J0072,Bosque Umbral,Ranked,Magnus,24,2,3,2,Derrota,240,2026,6,Wednesday,1,1
5666,2026-05-10,15:44,J0023,Bosque Umbral,Casual,Umbra;Koro,8,9,1,4,Derrota,1080,2026,5,Sunday,9,2
9946,2026-07-14,17:13,J0047,Estacion Orbital,Casual,Tesla,9,11,7,4,Derrota,1160,2026,7,Tuesday,2,1
8472,2026-06-23,21:54,J0043,Estacion Orbital,Ranked,Nadia,34,3,6,6,Derrota,480,2026,6,Tuesday,0,1
4909,2026-04-27,19:30,J0053,Puerto Escarlata,Casual,,15,6,1,4,Derrota,180,2026,4,Monday,6,0
5837,2026-05-12,21:01,J0009,Canales de Hielo,Ranked,Umbra,23,6,3,9,Derrota,790,2026,5,Tuesday,2,1
5653,2026-05-10,23:47,J0091,Ciudadela,Ranked,Magnus;Umbra,32,4,4,4,Derrota,520,2026,5,Sunday,1,2
289,2026-01-23,15:19,J0004,Ciudadela,Ranked,Vex,43,8,7,3,Derrota,810,2026,1,Friday,1,1
8286,2026-06-20,03:14,J0024,Puerto Escarlata,Ranked,Brisa,32,4,5,2,Victoria,900,2026,6,Saturday,1,1
9160,2026-07-03,14:34,J0028,Puerto Escarlata,Ranked,Nadia,39,2,5,1,Victoria,650,2026,7,Friday,0,1
2624,2026-03-15,18:40,J0118,Bosque Umbral,Ranked,Tesla,44,12,6,1,Victoria,1630,2026,3,Sunday,2,1
8046,2026-06-16,20:32,J0021,Puerto Escarlata,Casual,Magnus,25,8,12,3,Victoria,1210,2026,6,Tuesday,1,1
477,2026-01-27,20:08,J0031,Estacion Orbital,Torneo,Umbra;Brisa,23,3,5,2,Derrota,300,2026,1,Tuesday,1,2
7151,2026-06-02,19:32,J0053,Estacion Orbital,Casual,,20,8,3,3,Victoria,1390,2026,6,Tuesday,3,0
9222,2026-07-04,22:44,J0028,Desierto Neon,Casual,Nadia;Tesla,27,6,3,2,Derrota,640,2026,7,Saturday,2,2
3904,2026-04-09,15:53,J0200,Ciudadela,Torneo,Vex;Umbra;Nadia,30,3,8,4,Victoria,840,2026,4,Thursday,0,3
8404,2026-06-22,09:42,J0054,Puerto Escarlata,Casual,Nadia;Vex;Umbra,20,11,4,6,Derrota,1320,2026,6,Monday,3,3
7860,2026-06-13,07:40,J0123,Puerto Escarlata,Casual,Tesla,19,3,5,5,Derrota,450,2026,6,Saturday,1,1
738,2026-02-03,17:16,J0022,Puerto Escarlata,Torneo,Brisa;Magnus,19,3,4,5,Victoria,970,2026,2,Tuesday,1,2
6106,2026-05-17,21:11,J0075,Ciudadela,Casual,Nadia,14,11,4,3,Victoria,1670,2026,5,Sunday,3,1
8426,2026-06-22,18:17,J0050,Desierto Neon,Ranked,Lienzo,29,8,2,5,Derrota,1010,2026,6,Monday,4,1
8885,2026-06-29,16:23,J0044,Ciudadela,Ranked,Magnus;Tesla;Brisa,33,10,3,2,Victoria,1540,2026,6,Monday,3,3
5504,2026-05-07,18:45,J0010,Ciudadela,Ranked,Magnus;Brisa,44,7,11,3,,1130,2026,5,Thursday,1,2
8137,2026-06-17,21:29,J0027,Estacion Orbital,Casual,Magnus,8,2,2,1,Victoria,710,2026,6,Wednesday,1,1
4975,2026-04-28,09:38,J0001,Ciudadela,Ranked,Umbra,34,4,6,4,Victoria,980,2026,4,Tuesday,1,1
4234,2026-04-15,21:29,J0099,Desierto Neon,Ranked,Magnus,41,6,2,2,Victoria,1160,2026,4,Wednesday,3,1
7569,2026-06-08,19:14,J0200,Canales de Hielo,Ranked,Brisa,44,5,7,7,Victoria,1210,2026,6,Monday,1,1
4705,2026-04-24,21:48,J0123,Ciudadela,Casual,Umbra,8,5,5,6,Derrota,700,2026,4,Friday,1,1
7333,2026-06-05,12:33,J0126,Ciudadela,Ranked,Nadia,28,5,3,4,Derrota,640,2026,6,Friday,2,1
4318,2026-04-17,18:45,J0014,Bosque Umbral,Ranked,Tesla;Brisa,40,2,3,5,Derrota,390,2026,4,Friday,1,2
1840,2026-02-28,20:00,J0124,Desierto Neon,Ranked,Magnus,35,0,5,3,Derrota,50,2026,2,Saturday,0,1
1996,2026-03-03,23:02,J0018,Ciudadela,Ranked,Koro,29,6,6,3,Victoria,1130,2026,3,Tuesday,1,1
2400,2026-03-11,12:16,J0031,Ciudadela,Ranked,Vex,34,10,1,6,Victoria,1780,2026,3,Wednesday,10,1
4338,2026-04-18,01:49,J0087,Estacion Orbital,Ranked,Brisa,24,6,1,0,Victoria,1080,2026,4,Saturday,6,1
5664,2026-05-10,18:35,J0010,Desierto Neon,Casual,Umbra,15,9,6,4,Victoria,1480,2026,5,Sunday,2,1
4773,2026-04-25,21:40,J0093,Estacion Orbital,Ranked,Brisa,26,4,6,4,Victoria,980,2026,4,Saturday,1,1
7516,2026-06-07,21:59,J0038,Estacion Orbital,Ranked,Lienzo,22,2,7,2,Derrota,160,2026,6,Sunday,0,1
801,2026-02-05,08:52,J0179,Bosque Umbral,Casual,Nadia,26,10,8,3,Victoria,1490,2026,2,Thursday,1,1
9070,2026-07-02,18:18,J0021,Desierto Neon,Casual,Vex;Tesla;Nadia,16,8,7,3,Victoria,1310,2026,7,Thursday,1,3
7967,2026-06-15,13:01,J0118,Desierto Neon,Ranked,Magnus,39,3,5,2,Victoria,800,2026,6,Monday,1,1
1406,2026-02-19,09:21,J0037,Desierto Neon,Casual,Koro;Magnus;Lienzo,19,5,2,10,Derrota,960,2026,2,Thursday,2,3
5528,2026-05-08,23:28,J0200,Desierto Neon,Casual,Magnus;Tesla,11,9,4,4,Derrota,1020,2026,5,Friday,2,2
70,2026-01-17,18:35,J0035,Bosque Umbral,Ranked,Umbra,23,5,6,6,Victoria,,2026,1,Saturday,1,1
5827,2026-05-12,17:21,J0106,Ciudadela,Casual,Nadia;Koro,8,12,2,3,Derrota,1310,2026,5,Tuesday,6,2
2760,2026-03-19,20:08,J0094,Puerto Escarlata,Casual,Nadia,29,3,4,3,Derrota,370,2026,3,Thursday,1,1
9780,2026-07-12,21:28,J0113,Puerto Escarlata,Casual,Vex,15,7,7,5,Victoria,1310,2026,7,Sunday,1,1
1587,2026-02-22,18:36,J0077,Bosque Umbral,Ranked,Lienzo;Tesla,33,6,12,5,Victoria,1110,2026,2,Sunday,0,2
6477,2026-05-22,17:21,J0001,Canales de Hielo,Casual,Vex;Nadia;Lienzo,9,10,2,6,Derrota,1260,2026,5,Friday,5,3
5681,2026-05-10,17:20,J0077,Canales de Hielo,Torneo,Vex,23,10,5,3,Victoria,1550,2026,5,Sunday,2,1
1075,2026-02-11,13:49,J0022,Canales de Hielo,Torneo,Lienzo,28,4,4,4,Victoria,1020,2026,2,Wednesday,1,1
6136,2026-05-17,19:40,J0137,Ciudadela,Casual,Umbra;Nadia;Lienzo,22,8,5,4,Derrota,900,2026,5,Sunday,2,3
3210,2026-03-27,15:21,J0041,Bosque Umbral,Ranked,Koro;Magnus,37,4,10,4,Derrota,400,2026,3,Friday,0,2
8564,2026-06-24,18:20,J0010,Canales de Hielo,Casual,,20,7,5,4,Victoria,,2026,6,Wednesday,1,0
9140,2026-07-03,15:30,J0144,Desierto Neon,Casual,Tesla;Brisa,31,3,6,4,,380,2026,7,Friday,0,2
2604,2026-03-15,18:27,J0036,Bosque Umbral,Casual,Magnus;Tesla,23,2,5,5,Derrota,350,2026,3,Sunday,0,2
6235,2026-05-19,11:04,J0016,Puerto Escarlata,Casual,Koro;Brisa;Umbra,9,6,4,7,Derrota,970,2026,5,Tuesday,2,3
1580,2026-02-22,19:09,J0086,Desierto Neon,Casual,Brisa;Nadia,13,9,4,2,Victoria,1420,2026,2,Sunday,2,2
3300,2026-03-28,10:12,J0028,Desierto Neon,Casual,Lienzo,32,6,1,8,Derrota,1080,2026,3,Saturday,6,1
4897,2026-04-27,00:45,J0052,Ciudadela,Casual,Tesla,21,4,9,5,Derrota,470,2026,4,Monday,0,1
3686,2026-04-05,20:37,J0093,Puerto Escarlata,Ranked,,40,6,6,3,Victoria,1130,2026,4,Sunday,1,0
410,2026-01-26,17:25,J0032,Puerto Escarlata,Casual,Lienzo,26,2,3,2,Derrota,240,2026,1,Monday,1,1
5493,2026-05-07,16:21,J0200,Canales de Hielo,Ranked,Magnus,39,9,4,3,Victoria,1470,2026,5,Thursday,2,1
8770,2026-06-27,17:09,J0013,Puerto Escarlata,Casual,Koro,25,8,6,5,Victoria,1430,2026,6,Saturday,1,1
6158,2026-05-17,19:57,J0040,Bosque Umbral,Casual,Brisa,18,2,4,3,Derrota,270,2026,5,Sunday,0,1
5326,2026-05-04,20:12,J0085,Desierto Neon,Casual,Lienzo;Koro,26,9,3,2,Victoria,1440,2026,5,Monday,3,2
7800,2026-06-12,17:25,J0074,Estacion Orbital,Ranked,Tesla,36,8,10,5,Derrota,850,2026,6,Friday,1,1
3092,2026-03-24,22:54,J0099,Desierto Neon,Torneo,Tesla;Vex,10,6,5,5,Derrota,750,2026,3,Tuesday,1,2
2727,2026-03-17,17:01,J0093,Canales de Hielo,Casual,Vex,9,6,4,2,Derrota,620,2026,3,Tuesday,2,1
478,2026-01-27,04:15,J0004,Canales de Hielo,Casual,Koro,11,4,6,8,,680,2026,1,Tuesday,1,1
1330,2026-02-17,21:30,J0130,Puerto Escarlata,Ranked,Umbra;Tesla;Nadia,44,1,3,5,Derrota,290,2026,2,Tuesday,0,3
2284,2026-03-09,05:47,J0047,Estacion Orbital,Ranked,Nadia,23,6,6,4,Victoria,1180,2026,3,Monday,1,1
9716,2026-07-11,22:27,J0103,Puerto Escarlata,Torneo,Magnus;Nadia,15,3,5,6,Derrota,500,2026,7,Saturday,1,2
6482,2026-05-22,19:54,J0036,Estacion Orbital,Casual,Lienzo;Tesla,18,6,5,4,Victoria,1000,2026,5,Friday,1,2
1778,2026-02-26,22:03,J0081,Puerto Escarlata,Casual,Umbra,27,3,3,8,Derrota,640,2026,2,Thursday,1,1
6206,2026-05-18,20:07,J0016,Canales de Hielo,Ranked,Nadia,27,8,5,6,Victoria,1500,2026,5,Monday,2,1
752,2026-02-04,16:04,J0131,Puerto Escarlata,Casual,Nadia,12,4,3,4,,540,2026,2,Wednesday,1,1
5895,2026-05-13,18:58,J0001,Ciudadela,Casual,Nadia,15,6,5,0,Derrota,600,2026,5,Wednesday,1,1
4158,2026-04-14,14:56,J0093,Puerto Escarlata,Torneo,Lienzo;Tesla,31,7,2,5,Victoria,1410,2026,4,Tuesday,4,2
7273,2026-06-04,23:11,J0024,Bosque Umbral,Ranked,Magnus,37,8,3,4,Derrota,940,2026,6,Thursday,3,1
7734,2026-06-11,09:44,J0048,Ciudadela,Casual,Tesla,30,5,5,5,Victoria,1150,2026,6,Thursday,1,1
6001,2026-05-15,19:26,J0003,Estacion Orbital,Casual,Tesla;Lienzo,29,4,8,4,Derrota,440,2026,5,Friday,0,2
3777,2026-04-07,17:01,J0022,Puerto Escarlata,Casual,Magnus;Nadia;Brisa,19,7,6,6,Derrota,880,2026,4,Tuesday,1,3
4002,2026-04-11,08:55,J0054,Ciudadela,Casual,Magnus,16,7,7,2,Victoria,1160,2026,4,Saturday,1,1
5285,2026-05-03,19:11,J0155,Canales de Hielo,Casual,Magnus,20,7,1,3,Victoria,1330,2026,5,Sunday,7,1
6633,2026-05-24,12:28,J0101,Canales de Hielo,Ranked,Umbra,45,11,7,2,Victoria,1560,2026,5,Sunday,2,1
469,2026-01-27,18:10,J0051,Ciudadela,Ranked,Tesla,38,4,3,6,Victoria,1140,2026,1,Tuesday,1,1
1546,2026-02-21,12:22,J0003,Estacion Orbital,Torneo,Nadia,11,4,8,8,Derrota,640,2026,2,Saturday,0,1
6423,2026-05-21,02:08,J0062,Bosque Umbral,Ranked,Koro;Vex,34,4,2,4,,1060,2026,5,Thursday,2,2
2684,2026-03-17,15:29,J0080,Ciudadela,Ranked,Lienzo;Tesla,41,5,4,4,Derrota,620,2026,3,Tuesday,1,2
8352,2026-06-21,19:57,J0043,Estacion Orbital,Casual,Nadia;Lienzo,17,6,5,3,Derrota,650,2026,6,Sunday,1,2
6293,2026-05-20,17:57,J0070,Ciudadela,Casual,Brisa;Tesla,20,1,8,6,Victoria,740,2026,5,Wednesday,0,2
1026,2026-02-10,15:05,J0008,Bosque Umbral,Ranked,Magnus,44,9,8,1,Derrota,790,2026,2,Tuesday,1,1
9665,2026-07-11,16:50,J0008,Desierto Neon,Ranked,Vex,32,6,10,4,Victoria,1100,2026,7,Saturday,1,1
3510,2026-04-02,22:35,J0048,Desierto Neon,Torneo,Nadia,21,7,6,2,Derrota,680,2026,4,Thursday,1,1
5465,2026-05-07,19:04,J0020,Puerto Escarlata,Ranked,Umbra,22,8,2,6,Derrota,1060,2026,5,Thursday,4,1
2355,2026-03-10,13:37,J0025,Puerto Escarlata,Ranked,Magnus,35,3,5,3,Derrota,350,2026,3,Tuesday,1,1
7558,2026-06-08,15:22,J0042,Desierto Neon,Ranked,Vex,30,13,2,2,Victoria,1860,2026,6,Monday,6,1
7018,2026-05-31,12:15,J0177,Puerto Escarlata,Casual,Vex;Umbra,17,8,5,3,Victoria,1350,2026,5,Sunday,2,2
774,2026-02-04,21:44,J0044,Estacion Orbital,Ranked,Vex,44,7,5,7,Derrota,950,2026,2,Wednesday,1,1
5980,2026-05-15,17:05,J0043,Estacion Orbital,Casual,Koro,21,2,5,4,Victoria,800,2026,5,Friday,0,1
8879,2026-06-29,10:26,J0111,Canales de Hielo,Casual,Umbra;Tesla,11,6,4,3,Victoria,1170,2026,6,Monday,2,2
6221,2026-05-18,22:24,J0002,Desierto Neon,Casual,Umbra,18,5,3,2,Derrota,540,2026,5,Monday,2,1
7783,2026-06-12,19:59,J0091,Canales de Hielo,Ranked,Umbra,35,11,4,3,Derrota,1170,2026,6,Friday,3,1
642,2026-02-01,19:02,J0135,Desierto Neon,Ranked,Brisa,28,6,8,2,Derrota,1140,2026,2,Sunday,1,1
4314,2026-04-17,18:40,J0062,Canales de Hielo,Ranked,Brisa,25,0,3,4,Derrota,140,2026,4,Friday,0,1
5497,2026-05-07,14:51,J0052,Canales de Hielo,Ranked,Umbra,33,8,4,4,Derrota,920,2026,5,Thursday,2,1
8212,2026-06-19,00:33,J0060,Puerto Escarlata,Torneo,Magnus;Koro,16,4,7,3,Victoria,910,2026,6,Friday,1,2
8597,2026-06-25,20:46,J0029,Ciudadela,Ranked,Lienzo;Magnus,35,6,5,5,Derrota,750,2026,6,Thursday,1,2
1109,2026-02-12,20:56,J0024,Puerto Escarlata,Ranked,Koro,29,7,4,7,Victoria,1470,2026,2,Thursday,2,1
6005,2026-05-15,23:01,J0026,Bosque Umbral,Ranked,Umbra,40,5,4,2,Victoria,1020,2026,5,Friday,1,1
8030,2026-06-16,19:27,J0001,Estacion Orbital,Ranked,Nadia,35,4,5,3,Victoria,950,2026,6,Tuesday,1,1
1421,2026-02-19,19:24,J0169,Puerto Escarlata,Casual,Brisa,23,3,7,1,Victoria,710,2026,2,Thursday,0,1
6795,2026-05-27,20:22,J0054,Canales de Hielo,Casual,Vex,12,7,7,5,Victoria,1310,2026,5,Wednesday,1,1
4033,2026-04-11,18:26,J0046,Canales de Hielo,Torneo,Nadia;Koro,31,7,5,3,Victoria,1250,2026,4,Saturday,1,2
7606,2026-06-09,17:31,J0052,Desierto Neon,Ranked,Umbra,45,5,4,4,Derrota,620,2026,6,Tuesday,1,1
5318,2026-05-04,00:52,J0047,Desierto Neon,Casual,Nadia;Umbra,8,6,6,3,Victoria,930,2026,5,Monday,1,2
5028,2026-04-29,10:45,J0107,Estacion Orbital,Ranked,Nadia;Koro;Brisa,34,6,2,3,Victoria,1210,2026,4,Wednesday,3,3
9737,2026-07-11,11:46,J0099,Estacion Orbital,Casual,Brisa,25,3,3,6,Victoria,1040,2026,7,Saturday,1,1
7946,2026-06-14,15:56,J0200,Bosque Umbral,Ranked,Brisa,37,5,5,4,Derrota,600,2026,6,Sunday,1,1
1681,2026-02-24,15:22,J0107,Canales de Hielo,Ranked,Magnus,27,7,6,3,Derrota,730,2026,2,Tuesday,1,1
6833,2026-05-28,21:16,J0012,Desierto Neon,Torneo,Brisa,17,3,5,3,Victoria,850,2026,5,Thursday,1,1
634,2026-01-31,08:30,J0046,Bosque Umbral,Casual,Lienzo,18,6,2,3,Derrota,710,2026,1,Saturday,3,1
2570,2026-03-15,00:39,J0098,Ciudadela,Ranked,Nadia,35,9,6,6,Derrota,1080,2026,3,Sunday,2,1
3465,2026-03-31,15:35,J0200,Canales de Hielo,Casual,Lienzo;Vex;Nadia,8,11,5,10,Victoria,2000,2026,3,Tuesday,2,3
2167,2026-03-06,06:20,J0039,Ciudadela,Casual,Lienzo;Tesla,28,5,4,5,Victoria,1170,2026,3,Friday,1,2
364,2026-01-25,18:56,J0023,Ciudadela,Casual,Umbra,22,4,5,7,Victoria,1150,2026,1,Sunday,1,1
6886,2026-05-29,10:20,J0095,Canales de Hielo,Ranked,Vex;Tesla,35,15,4,3,Victoria,2070,2026,5,Friday,4,2
2826,2026-03-20,17:46,J0043,Bosque Umbral,Ranked,Brisa,36,7,1,1,Victoria,1230,2026,3,Friday,7,1
5314,2026-05-04,18:31,J0187,Estacion Orbital,Ranked,Umbra;Lienzo,31,6,9,2,Victoria,1020,2026,5,Monday,1,2
9343,2026-07-06,13:51,J0024,Ciudadela,Casual,Koro,31,3,4,4,Victoria,920,2026,7,Monday,1,1
9369,2026-07-06,23:14,J0057,Puerto Escarlata,Ranked,Magnus;Umbra,30,2,8,6,Victoria,840,2026,7,Monday,0,2
8024,2026-06-16,12:56,J0012,Bosque Umbral,Casual,Nadia,16,3,3,8,Victoria,1140,2026,6,Tuesday,1,1
3661,2026-04-05,13:31,J0020,Estacion Orbital,Torneo,Umbra,18,5,2,3,Victoria,1110,2026,4,Sunday,2,1
3626,2026-04-04,02:37,J0015,Puerto Escarlata,Torneo,Koro,12,10,2,4,,1160,2026,4,Saturday,5,1
9731,2026-07-11,12:24,J0020,Canales de Hielo,Ranked,Magnus,34,2,6,4,Victoria,780,2026,7,Saturday,0,1
5964,2026-05-14,19:26,J0097,Canales de Hielo,Ranked,Tesla,40,4,2,2,Derrota,460,2026,5,Thursday,2,1
1173,2026-02-14,22:29,J0004,Bosque Umbral,Ranked,,43,4,2,3,Victoria,1010,2026,2,Saturday,2,0
8360,2026-06-21,23:48,J0067,Puerto Escarlata,Casual,Magnus;Koro,22,7,8,8,Victoria,1440,2026,6,Sunday,1,2
4303,2026-04-17,18:27,J0042,Canales de Hielo,Casual,Vex,26,3,4,2,Victoria,820,2026,4,Friday,1,1
3339,2026-03-29,17:33,J0066,Canales de Hielo,Casual,Vex,25,12,7,5,Victoria,1810,2026,3,Sunday,2,1
2577,2026-03-15,10:54,J0080,Desierto Neon,Casual,Umbra;Koro;Tesla,14,2,1,4,Victoria,880,2026,3,Sunday,2,3
1990,2026-03-03,11:20,J0019,Canales de Hielo,Ranked,Brisa,45,3,5,2,Victoria,800,2026,3,Tuesday,1,1
7319,2026-06-05,08:04,J0153,Puerto Escarlata,Casual,Brisa,17,16,4,6,Victoria,23,2026,6,Friday,4,1
3211,2026-03-27,08:10,J0058,Puerto Escarlata,Casual,Magnus;Nadia,30,6,9,2,Victoria,1020,2026,3,Friday,1,2
8327,2026-06-21,21:11,J0003,Ciudadela,Casual,Tesla,32,4,4,6,Victoria,,2026,6,Sunday,1,1
3334,2026-03-29,19:11,J0042,Puerto Escarlata,Ranked,Vex;Umbra,45,2,6,1,Derrota,130,2026,3,Sunday,0,2
9113,2026-07-03,21:52,J0022,Desierto Neon,Torneo,Vex,26,10,10,2,Victoria,1400,2026,7,Friday,1,1
2629,2026-03-15,21:49,J0055,Puerto Escarlata,Casual,Magnus,14,2,4,3,Victoria,770,2026,3,Sunday,0,1
7937,2026-06-14,13:26,J0200,Ciudadela,Ranked,Brisa,22,8,7,4,Victoria,1360,2026,6,Sunday,1,1
1411,2026-02-19,17:56,J0017,Puerto Escarlata,Ranked,Umbra;Lienzo,42,5,4,2,Derrota,520,2026,2,Thursday,1,2
4903,2026-04-27,18:42,J0100,Bosque Umbral,Ranked,Nadia,42,5,4,6,Victoria,1220,2026,4,Monday,1,1
4023,2026-04-11,22:24,J0016,Canales de Hielo,Ranked,Koro;Tesla,39,7,3,2,Derrota,740,2026,4,Saturday,2,2
5313,2026-05-04,00:15,J0094,Bosque Umbral,Torneo,Umbra;Tesla,29,6,4,0,Victoria,1020,2026,5,Monday,2,2
5095,2026-04-30,10:53,J0057,Bosque Umbral,Casual,Tesla,8,3,4,5,Derrota,470,2026,4,Thursday,1,1
8015,2026-06-16,19:39,J0018,Puerto Escarlata,Casual,Nadia;Brisa,31,2,4,4,Derrota,320,2026,6,Tuesday,0,2
6672,2026-05-25,20:31,J0092,Ciudadela,Torneo,Tesla;Vex;Nadia,18,8,4,4,Victoria,1420,2026,5,Monday,2,3
816,2026-02-05,17:34,J0033,Puerto Escarlata,Casual,Lienzo;Tesla,13,4,8,3,Derrota,390,2026,2,Thursday,0,2
2405,2026-03-11,13:10,J0004,Ciudadela,Casual,Umbra;Vex;Nadia,30,7,8,2,Derrota,640,2026,3,Wednesday,1,3
5494,2026-05-07,21:35,J0045,Desierto Neon,Casual,Brisa,28,3,4,9,Victoria,1170,2026,5,Thursday,1,1
2132,2026-03-06,17:32,J0050,Puerto Escarlata,Ranked,Brisa;Magnus;Tesla,35,7,3,4,Victoria,1340,2026,3,Friday,2,3
1798,2026-02-27,18:03,J0059,Bosque Umbral,Casual,Tesla;Vex,18,5,8,7,Victoria,1190,2026,2,Friday,1,2
3091,2026-03-24,19:37,J0051,Ciudadela,Casual,Nadia;Magnus;Koro,30,5,1,2,Derrota,580,2026,3,Tuesday,5,3
8940,2026-06-30,19:28,J0016,Estacion Orbital,Ranked,Magnus,41,2,7,5,Victoria,810,2026,6,Tuesday,0,1
4650,2026-04-23,19:12,J0024,Ciudadela,Casual,Umbra;Koro;Nadia,29,5,6,5,Victoria,1130,2026,4,Thursday,1,3
3123,2026-03-25,19:20,J0009,Canales de Hielo,Torneo,Koro,32,3,4,2,Victoria,820,2026,3,Wednesday,1,1
5770,2026-05-11,21:46,J0013,Estacion Orbital,Ranked,Tesla,35,6,3,4,Derrota,1440,2026,5,Monday,2,1
4304,2026-04-17,11:45,J0037,Bosque Umbral,Casual,Vex,19,8,3,7,Derrota,1090,2026,4,Friday,3,1
123,2026-01-19,07:09,J0059,Desierto Neon,Casual,Koro,14,4,8,4,Derrota,440,2026,1,Monday,0,1
180,2026-01-20,10:49,J0002,Canales de Hielo,Ranked,Umbra;Nadia;Koro,45,7,6,5,Derrota,830,2026,1,Tuesday,1,3
9321,2026-07-06,04:21,J0024,Bosque Umbral,Torneo,Lienzo,10,6,4,5,Victoria,1270,2026,7,Monday,2,1
9253,2026-07-05,20:23,J0072,Puerto Escarlata,Casual,Nadia,25,4,8,3,,890,2026,7,Sunday,0,1
4608,2026-04-22,15:09,J0023,Estacion Orbital,Casual,Lienzo;Nadia;Vex,12,7,3,6,Victoria,1440,2026,4,Wednesday,2,3
3937,2026-04-10,23:12,J0014,Bosque Umbral,Casual,Lienzo,17,1,7,4,Victoria,660,2026,4,Friday,0,1
5082,2026-04-30,18:46,J0125,Puerto Escarlata,Ranked,Brisa,32,3,5,5,Derrota,450,2026,4,Thursday,1,1
1158,2026-02-13,14:04,J0034,Puerto Escarlata,Casual,Lienzo;Umbra;Vex,27,9,9,2,Victoria,1320,2026,2,Friday,1,3
238,2026-01-22,10:12,J0200,Ciudadela,Casual,Magnus;Brisa;Umbra,26,3,2,2,Derrota,360,2026,1,Thursday,2,3
1533,2026-02-21,15:21,J0136,Puerto Escarlata,Ranked,Umbra,43,10,4,3,Victoria,1570,2026,2,Saturday,2,1
3689,2026-04-05,16:21,J0200,Desierto Neon,Casual,Lienzo,14,7,3,4,Victoria,1340,2026,4,Sunday,2,1
6415,2026-05-21,13:00,J0126,Ciudadela,Casual,Koro,30,6,8,5,Derrota,690,2026,5,Thursday,1,1
9181,2026-07-04,09:15,J0012,Ciudadela,Casual,Lienzo;Koro,30,9,4,4,Victoria,1520,2026,7,Saturday,2,2
1536,2026-02-21,18:40,J0014,Canales de Hielo,Ranked,Magnus,30,2,5,6,Victoria,900,2026,2,Saturday,0,1
7700,2026-06-11,21:50,J0111,Bosque Umbral,Casual,Umbra,21,1,9,3,Victoria,570,2026,6,Thursday,0,1
4555,2026-04-21,20:22,J0150,Desierto Neon,Ranked,Nadia,27,11,6,6,Victoria,1780,2026,4,Tuesday,2,1
2606,2026-03-15,17:05,J0019,Puerto Escarlata,Ranked,Umbra,41,3,6,3,Victoria,830,2026,3,Sunday,0,1
3814,2026-04-08,15:24,J0049,Bosque Umbral,Casual,Lienzo;Brisa,13,5,8,2,Derrota,440,2026,4,Wednesday,1,2
7875,2026-06-13,16:28,J0027,Ciudadela,Ranked,Tesla;Lienzo,39,6,1,4,Victoria,1280,2026,6,Saturday,6,2
7587,2026-06-09,11:43,J0011,Estacion Orbital,Ranked,Tesla,38,5,10,5,Victoria,1050,2026,6,Tuesday,0,1
2178,2026-03-07,21:51,J0023,Ciudadela,Ranked,Koro,31,12,5,4,Derrota,1300,2026,3,Saturday,2,1
9428,2026-07-07,18:00,J0045,Ciudadela,Torneo,Tesla;Umbra,20,4,2,14,Derrota,1060,2026,7,Tuesday,2,2
2352,2026-03-10,06:38,J0023,Bosque Umbral,Ranked,Umbra,34,5,3,1,Derrota,490,2026,3,Tuesday,2,1
8102,2026-06-17,21:49,J0014,Puerto Escarlata,Ranked,Umbra,30,4,5,1,,850,2026,6,Wednesday,1,1
6868,2026-05-28,20:59,J0016,Desierto Neon,Casual,Koro,16,7,6,3,Victoria,1230,2026,5,Thursday,1,1
2135,2026-03-06,17:37,J0018,Bosque Umbral,Ranked,Brisa,44,4,3,5,Victoria,1090,2026,3,Friday,1,1
1481,2026-02-20,20:29,J0030,Desierto Neon,Casual,Umbra;Lienzo,20,10,3,4,Derrota,1140,2026,2,Friday,3,2
2794,2026-03-19,19:26,J0198,Ciudadela,Ranked,Vex,35,5,2,7,Victoria,1310,2026,3,Thursday,2,1
6805,2026-05-27,21:05,J0130,Canales de Hielo,Ranked,Tesla,31,4,4,4,Victoria,1020,2026,5,Wednesday,1,1
9854,2026-07-13,18:44,J0008,Estacion Orbital,Ranked,Umbra,26,6,9,6,Victoria,1220,2026,7,Monday,1,1
5014,2026-04-29,12:04,J0067,Bosque Umbral,Ranked,Lienzo,24,7,2,4,Victoria,,2026,4,Wednesday,4,1
9440,2026-07-07,10:32,J0200,Canales de Hielo,Ranked,Umbra;Nadia,35,7,7,5,Derrota,810,2026,7,Tuesday,1,2
8713,2026-06-27,19:48,J0011,Estacion Orbital,Torneo,Tesla,31,2,5,2,Victoria,700,2026,6,Saturday,0,1
7518,2026-06-07,19:47,J0031,Desierto Neon,Casual,Magnus,32,5,6,3,,530,2026,6,Sunday,1,1
3622,2026-04-04,13:06,J0010,Estacion Orbital,Ranked,Lienzo;Vex,33,12,4,4,Derrota,1320,2026,4,Saturday,3,2
3871,2026-04-08,21:14,J0200,Puerto Escarlata,Casual,Umbra,9,6,5,6,Victoria,1300,2026,4,Wednesday,1,1
4170,2026-04-14,16:55,J0093,Ciudadela,Ranked,Tesla,26,3,5,3,Victoria,850,2026,4,Tuesday,1,1
6171,2026-05-18,00:16,J0029,Puerto Escarlata,Torneo,Brisa,21,3,3,1,Victoria,790,2026,5,Monday,1,1
1953,2026-03-02,19:05,J0002,Canales de Hielo,Torneo,Lienzo;Nadia,16,6,2,5,Victoria,,2026,3,Monday,3,2
556,2026-01-29,15:34,J0023,Ciudadela,Ranked,Nadia;Brisa,35,6,3,3,Derrota,490,2026,1,Thursday,2,2
4345,2026-04-18,20:03,J0038,Ciudadela,Ranked,Tesla;Lienzo,45,5,4,4,Victoria,1120,2026,4,Saturday,1,2
1164,2026-02-13,19:21,J0118,Canales de Hielo,Ranked,Koro;Tesla;Lienzo,33,6,3,8,Victoria,1540,2026,2,Friday,2,3
1585,2026-02-22,21:39,J0041,Bosque Umbral,Ranked,Vex,42,5,5,1,Victoria,950,2026,2,Sunday,1,1
6262,2026-05-19,02:33,J0042,Estacion Orbital,Ranked,Lienzo;Brisa,45,1,7,4,Derrota,160,2026,5,Tuesday,0,2
8470,2026-06-23,00:06,J0081,Estacion Orbital,Ranked,Lienzo,39,8,6,3,Victoria,1330,2026,6,Tuesday,1,1
9231,2026-07-04,23:44,J0052,Bosque Umbral,Casual,Tesla;Lienzo,9,7,5,6,Victoria,1400,2026,7,Saturday,1,2
5357,2026-05-05,14:05,J0116,Bosque Umbral,Ranked,Umbra;Nadia,42,4,7,3,Victoria,910,2026,5,Tuesday,1,2
5334,2026-05-04,21:15,J0018,Estacion Orbital,Casual,Tesla;Umbra;Koro,27,2,4,3,Victoria,770,2026,5,Monday,0,3
8047,2026-06-16,04:58,J0039,Bosque Umbral,Torneo,Koro;Lienzo,16,10,7,2,Derrota,960,2026,6,Tuesday,1,2
8893,2026-06-29,21:57,J0051,Bosque Umbral,Casual,Tesla,17,4,8,5,Victoria,990,2026,6,Monday,0,1
1599,2026-02-22,17:55,J0002,Bosque Umbral,Ranked,Koro,37,6,10,3,Derrota,,2026,2,Sunday,1,1
7308,2026-06-04,17:19,J0048,Desierto Neon,Ranked,Tesla;Nadia;Umbra,34,4,7,3,Derrota,410,2026,6,Thursday,1,3
301,2026-01-24,21:51,J0079,Puerto Escarlata,Ranked,Magnus;Nadia,30,8,3,8,Derrota,1140,2026,1,Saturday,3,2
8475,2026-06-23,22:15,J0079,Estacion Orbital,Casual,Lienzo,20,6,1,2,Victoria,1180,2026,6,Tuesday,6,1
9734,2026-07-11,08:34,J0002,Desierto Neon,Ranked,Koro;Nadia,45,5,7,2,Derrota,460,2026,7,Saturday,1,2
9842,2026-07-12,10:12,J0150,Canales de Hielo,Ranked,Tesla,44,7,10,2,Victoria,1100,2026,7,Sunday,1,1
4658,2026-04-23,12:39,J0035,Desierto Neon,Casual,Koro;Umbra,30,10,8,4,Derrota,1040,2026,4,Thursday,1,2
4418,2026-04-19,17:42,J0003,Canales de Hielo,Torneo,Koro,12,2,7,2,Derrota,160,2026,4,Sunday,0,1
2859,2026-03-21,17:53,J0059,Desierto Neon,Casual,Umbra;Koro,18,3,6,7,Victoria,1030,2026,3,Saturday,0,2
3471,2026-03-31,18:26,J0166,Estacion Orbital,Casual,Lienzo,29,7,7,4,Victoria,1260,2026,3,Tuesday,1,1
3143,2026-03-25,14:13,J0038,Estacion Orbital,Ranked,Umbra;Tesla;Lienzo,37,6,6,4,Derrota,680,2026,3,Wednesday,1,3
1360,2026-02-18,20:42,J0027,Ciudadela,Casual,Magnus,26,6,3,6,Victoria,1340,2026,2,Wednesday,2,1
4618,2026-04-22,19:11,J0091,Desierto Neon,Casual,Tesla,31,4,7,7,Derrota,610,2026,4,Wednesday,1,1
4081,2026-04-12,11:59,J0018,Bosque Umbral,Casual,,17,3,4,3,Victoria,870,2026,4,Sunday,1,0
3206,2026-03-27,22:16,J0007,Bosque Umbral,Ranked,Nadia,40,7,3,2,Victoria,1240,2026,3,Friday,2,1
9045,2026-07-01,00:30,J0034,Puerto Escarlata,Ranked,Brisa,25,9,3,0,Victoria,1340,2026,7,Wednesday,3,1
487,2026-01-28,18:36,J0055,Canales de Hielo,Ranked,Lienzo;Brisa,34,4,11,4,Derrota,380,2026,1,Wednesday,0,2
9134,2026-07-03,22:45,J0003,Ciudadela,Casual,Koro;Magnus;Nadia,24,6,8,1,Derrota,490,2026,7,Friday,1,3
8852,2026-06-28,18:07,J0063,Desierto Neon,Ranked,Umbra,26,6,5,3,Victoria,1150,2026,6,Sunday,1,1
7970,2026-06-15,17:26,J0048,Estacion Orbital,Ranked,Nadia,24,8,5,3,Derrota,850,2026,6,Monday,2,1
8010,2026-06-16,22:05,J0043,Desierto Neon,Torneo,Nadia,31,8,7,2,Derrota,760,2026,6,Tuesday,1,1
9958,2026-07-14,20:46,J0200,Canales de Hielo,Ranked,Nadia;Brisa;Vex,26,6,6,4,Victoria,1180,2026,7,Tuesday,1,3
9509,2026-07-08,23:51,J0170,Bosque Umbral,Torneo,Koro,13,7,7,2,Victoria,,2026,7,Wednesday,1,1
9241,2026-07-04,18:19,J0017,Bosque Umbral,Casual,,8,2,1,5,Derrota,430,2026,7,Saturday,2,0
1153,2026-02-13,10:03,J0017,Canales de Hielo,Ranked,,30,7,4,1,Victoria,1170,2026,2,Friday,2,0
5479,2026-05-07,21:25,J0007,Ciudadela,Ranked,Brisa,39,5,8,4,Derrota,540,2026,5,Thursday,1,1
9815,2026-07-12,21:44,J0003,Puerto Escarlata,Torneo,Vex;Lienzo,20,7,3,5,Victoria,,2026,7,Sunday,2,2
7364,2026-06-05,15:21,J0169,Ciudadela,Torneo,Brisa;Vex,15,11,7,5,Victoria,1710,2026,6,Friday,2,2
7991,2026-06-15,08:18,J0200,Desierto Neon,Casual,Lienzo,23,9,1,3,Victoria,1530,2026,6,Monday,9,1
4964,2026-04-28,18:46,J0034,Ciudadela,Ranked,Vex,24,6,7,5,,710,2026,4,Tuesday,1,1
3317,2026-03-29,23:51,J0025,Bosque Umbral,Casual,Nadia,31,6,7,2,Victoria,1060,2026,3,Sunday,1,1
6301,2026-05-20,18:47,J0036,Ciudadela,Ranked,Magnus,43,2,3,4,Derrota,340,2026,5,Wednesday,1,1
9776,2026-07-12,21:24,J0065,Ciudadela,Casual,Koro,11,3,4,4,Victoria,920,2026,7,Sunday,1,1
8335,2026-06-21,17:31,J0106,Puerto Escarlata,Casual,Magnus,25,6,4,7,Victoria,1370,2026,6,Sunday,2,1
8117,2026-06-17,19:19,J0183,Bosque Umbral,Casual,Tesla,28,11,2,4,Derrota,1260,2026,6,Wednesday,6,1
5995,2026-05-15,12:06,J0200,Puerto Escarlata,Ranked,Umbra,28,11,3,5,Derrota,1290,2026,5,Friday,4,1
666,2026-02-01,20:20,J0143,Ciudadela,Ranked,Koro;Lienzo,25,3,2,1,Victoria,810,2026,2,Sunday,2,2
3482,2026-04-01,20:21,J0055,Ciudadela,Ranked,Vex,32,8,5,5,Derrota,950,2026,4,Wednesday,2,1
9286,2026-07-05,17:38,J0101,Ciudadela,Casual,Tesla;Nadia,21,5,7,5,Victoria,1110,2026,7,Sunday,1,2
7412,2026-06-06,14:30,J0200,Desierto Neon,Casual,Umbra,30,6,5,2,Victoria,1100,2026,6,Saturday,1,1
643,2026-02-01,14:27,J0143,Canales de Hielo,Ranked,Brisa,33,2,4,3,Victoria,770,2026,2,Sunday,0,1
9313,2026-07-05,21:43,J0019,Canales de Hielo,Ranked,Lienzo,22,6,2,2,Derrota,660,2026,7,Sunday,3,1
177,2026-01-20,21:01,J0041,Desierto Neon,Casual,Vex,19,3,3,2,Victoria,840,2026,1,Tuesday,1,1
6152,2026-05-17,23:50,J0070,Canales de Hielo,Casual,Nadia,10,2,1,7,Victoria,1030,2026,5,Sunday,2,1
9985,2026-07-14,19:04,J0010,Puerto Escarlata,Casual,Brisa;Umbra,17,4,4,4,Derrota,520,2026,7,Tuesday,1,2
3571,2026-04-03,12:14,J0028,Desierto Neon,Ranked,Koro;Tesla,27,6,4,1,Victoria,1070,2026,4,Friday,2,2
787,2026-02-04,11:34,J0121,Puerto Escarlata,Casual,Brisa,30,5,4,7,Derrota,770,2026,2,Wednesday,1,1
6505,2026-05-23,21:18,J0002,Puerto Escarlata,Casual,Nadia;Brisa,26,2,6,10,Victoria,1080,2026,5,Saturday,0,2
6473,2026-05-22,20:56,J0026,Canales de Hielo,Casual,Magnus,29,7,7,4,Victoria,1260,2026,5,Friday,1,1
6985,2026-05-30,19:04,J0036,Ciudadela,Ranked,Nadia,42,4,7,2,Derrota,360,2026,5,Saturday,1,1
3203,2026-03-27,17:27,J0011,Desierto Neon,Casual,Vex;Koro,28,6,6,6,Victoria,1180,2026,3,Friday,1,2
4891,2026-04-26,21:21,J0110,Canales de Hielo,Casual,Umbra;Nadia,9,2,4,1,Victoria,670,2026,4,Sunday,0,2
6953,2026-05-30,18:33,J0079,Desierto Neon,Ranked,Lienzo,33,4,5,3,Derrota,450,2026,5,Saturday,1,1
8075,2026-06-17,15:37,J0024,Desierto Neon,Casual,Koro;Lienzo,11,2,3,3,Victoria,790,2026,6,Wednesday,1,2
92,2026-01-18,21:28,J0014,Bosque Umbral,Casual,Umbra,12,2,3,4,Victoria,840,2026,1,Sunday,1,1
5863,2026-05-13,21:30,J0058,Bosque Umbral,Casual,Nadia,28,5,10,4,Victoria,1000,2026,5,Wednesday,0,1
8050,2026-06-16,22:01,J0062,Estacion Orbital,Torneo,Brisa,15,2,4,3,Victoria,770,2026,6,Tuesday,0,1
9577,2026-07-09,00:30,J0054,Desierto Neon,Casual,Koro,26,5,9,9,Derrota,770,2026,7,Thursday,1,1
5315,2026-05-04,13:24,J0131,Desierto Neon,Torneo,Magnus,30,6,7,6,Derrota,760,2026,5,Monday,1,1
1972,2026-03-02,17:51,J0022,Bosque Umbral,Ranked,Vex,41,6,9,1,Victoria,970,2026,3,Monday,1,1
2906,2026-03-21,07:39,J0087,Puerto Escarlata,Casual,,15,3,4,7,Victoria,1070,2026,3,Saturday,1,0
531,2026-01-29,13:39,J0039,Canales de Hielo,Ranked,Brisa,42,16,6,3,Victoria,2130,2026,1,Thursday,3,1
9453,2026-07-08,18:43,J0008,Bosque Umbral,Casual,Vex,28,7,2,7,Victoria,1510,2026,7,Wednesday,4,1
997,2026-02-09,00:04,J0062,Estacion Orbital,Ranked,Nadia;Umbra,22,4,8,3,,390,2026,2,Monday,0,2
7855,2026-06-13,19:42,J0018,Estacion Orbital,Casual,Magnus,31,4,4,2,Derrota,420,2026,6,Saturday,1,1
9828,2026-07-12,21:20,J0200,Estacion Orbital,Casual,Magnus;Lienzo;Koro,12,8,2,6,Victoria,1560,2026,7,Sunday,4,3
3782,2026-04-07,05:14,J0044,Ciudadela,Ranked,Umbra,27,5,4,6,Victoria,1220,2026,4,Tuesday,1,1
7263,2026-06-03,21:09,J0044,Puerto Escarlata,Ranked,Koro,30,6,5,2,Victoria,1100,2026,6,Wednesday,1,1
2313,2026-03-09,16:51,J0047,Puerto Escarlata,Ranked,Brisa,43,8,3,4,Derrota,940,2026,3,Monday,3,1
2155,2026-03-06,18:41,J0115,Canales de Hielo,Ranked,Magnus;Koro,30,7,3,5,Derrota,890,2026,3,Friday,2,2
1428,2026-02-19,19:29,J0069,Ciudadela,Casual,Umbra,21,5,5,7,Derrota,750,2026,2,Thursday,1,1
4686,2026-04-24,09:49,J0062,Desierto Neon,Ranked,Umbra;Vex;Lienzo,42,4,3,4,Victoria,1040,2026,4,Friday,1,3
6142,2026-05-17,01:04,J0026,Estacion Orbital,Casual,Nadia,9,7,9,5,Victoria,1270,2026,5,Sunday,1,1
7443,2026-06-06,18:09,J0008,Puerto Escarlata,Ranked,Lienzo,24,2,5,2,Derrota,200,2026,6,Saturday,0,1
3687,2026-04-05,00:34,J0006,Canales de Hielo,Casual,Tesla,18,10,3,2,Derrota,1040,2026,4,Sunday,3,1
3086,2026-03-24,22:03,J0002,Desierto Neon,Casual,Brisa,11,4,5,4,Victoria,1000,2026,3,Tuesday,1,1
7504,2026-06-07,14:32,J0200,Desierto Neon,Casual,Nadia,30,10,2,8,Victoria,1860,2026,6,Sunday,5,1
6841,2026-05-28,21:31,J0010,Ciudadela,Casual,Magnus,15,4,4,1,Derrota,370,2026,5,Thursday,1,1
3750,2026-04-06,22:47,J0092,Ciudadela,Ranked,Lienzo,27,3,6,6,Victoria,980,2026,4,Monday,0,1
6361,2026-05-21,15:04,J0010,Canales de Hielo,Casual,Umbra,10,9,8,5,Derrota,,2026,5,Thursday,1,1
5199,2026-05-02,18:23,J0159,Ciudadela,Casual,Vex;Umbra,10,11,1,1,Derrota,1130,2026,5,Saturday,11,2
496,2026-01-28,07:37,J0073,Canales de Hielo,Ranked,Vex,27,3,7,4,Victoria,860,2026,1,Wednesday,0,1
9607,2026-07-10,17:16,J0031,Puerto Escarlata,Ranked,Koro;Vex;Nadia,28,3,6,3,Derrota,330,2026,7,Friday,0,3
2322,2026-03-09,21:18,J0053,Desierto Neon,Casual,Vex,11,9,3,3,Victoria,1490,2026,3,Monday,3,1
4348,2026-04-18,07:17,J0176,Desierto Neon,Ranked,Vex,35,6,4,3,Victoria,1170,2026,4,Saturday,2,1
3536,2026-04-02,17:39,J0086,Bosque Umbral,Casual,Magnus;Koro;Brisa,13,1,1,3,Victoria,730,2026,4,Thursday,1,3
152,2026-01-20,19:04,J0051,Puerto Escarlata,Ranked,Brisa,45,4,1,7,Victoria,1230,2026,1,Tuesday,4,1
7686,2026-06-10,21:48,J0024,Bosque Umbral,Casual,Umbra;Koro,21,6,5,3,Derrota,650,2026,6,Wednesday,1,2
695,2026-02-02,20:26,J0014,Bosque Umbral,Casual,Vex,28,5,7,5,Derrota,610,2026,2,Monday,1,1
7747,2026-06-12,15:43,J0145,Bosque Umbral,Casual,Magnus,12,5,9,6,Victoria,1120,2026,6,Friday,1,1
9694,2026-07-11,13:24,J0198,Bosque Umbral,Casual,Umbra,32,8,5,4,Derrota,900,2026,7,Saturday,2,1
1739,2026-02-25,19:19,J0031,Puerto Escarlata,Ranked,Tesla;Lienzo,35,4,3,4,Derrota,540,2026,2,Wednesday,1,2
3002,2026-03-23,23:45,J0013,Desierto Neon,Ranked,Koro;Umbra,38,6,12,4,Victoria,1060,2026,3,Monday,0,2
168,2026-01-20,01:31,J0038,Bosque Umbral,Casual,Lienzo;Nadia,25,1,6,5,Derrota,230,2026,1,Tuesday,0,2
9965,2026-07-14,10:03,J0016,Canales de Hielo,Ranked,Nadia,34,12,5,5,Victoria,,2026,7,Tuesday,2,1
4708,2026-04-24,20:02,J0116,Estacion Orbital,Casual,Lienzo;Brisa,28,6,2,3,Victoria,1210,2026,4,Friday,3,2
2866,2026-03-21,22:54,J0034,Ciudadela,Casual,Tesla,13,8,6,4,Victoria,1380,2026,3,Saturday,1,1
8613,2026-06-25,17:44,J0069,Puerto Escarlata,Casual,Brisa,17,4,4,3,Derrota,470,2026,6,Thursday,1,1
3895,2026-04-09,11:35,J0021,Ciudadela,Ranked,,28,9,6,3,Victoria,1430,2026,4,Thursday,2,0
2884,2026-03-21,13:43,J0046,Bosque Umbral,Casual,Vex;Nadia,32,8,11,3,Victoria,1230,2026,3,Saturday,1,2
3032,2026-03-23,20:26,J0200,Puerto Escarlata,Casual,Nadia,15,10,5,3,,1050,2026,3,Monday,2,1
7461,2026-06-07,16:48,J0005,Desierto Neon,Ranked,,44,9,3,4,,1540,2026,6,Sunday,3,0
8601,2026-06-25,05:39,J0070,Desierto Neon,Casual,Brisa,9,7,3,4,Victoria,1340,2026,6,Thursday,2,1
9974,2026-07-14,16:32,J0045,Puerto Escarlata,Casual,Brisa;Koro,10,5,5,3,Derrota,550,2026,7,Tuesday,1,2
7325,2026-06-05,23:18,J0050,Ciudadela,Ranked,Magnus;Brisa;Tesla,25,1,7,4,Derrota,160,2026,6,Friday,0,3
9097,2026-07-02,19:46,J0148,Canales de Hielo,Torneo,Nadia,21,6,6,5,Victoria,1230,2026,7,Thursday,1,1
9464,2026-07-08,17:26,J0122,Bosque Umbral,Casual,Vex,32,7,3,4,Victoria,1340,2026,7,Wednesday,2,1
2277,2026-03-08,21:03,J0159,Ciudadela,Ranked,Koro;Tesla;Nadia,36,10,5,3,Victoria,1550,2026,3,Sunday,2,3
9194,2026-07-04,11:51,J0112,Canales de Hielo,Casual,Umbra,23,2,9,2,Victoria,620,2026,7,Saturday,0,1
5806,2026-05-12,09:14,J0032,Bosque Umbral,Casual,Brisa,21,11,3,1,Derrota,1090,2026,5,Tuesday,4,1
8411,2026-06-22,19:46,J0101,Bosque Umbral,Ranked,Magnus,23,10,7,6,Derrota,1160,2026,6,Monday,1,1
5571,2026-05-09,19:19,J0029,Estacion Orbital,Ranked,Magnus,25,4,6,3,Victoria,930,2026,5,Saturday,1,1
9630,2026-07-10,18:35,J0041,Ciudadela,Ranked,Nadia,37,4,1,4,Victoria,1080,2026,7,Friday,4,1
7498,2026-06-07,18:43,J0031,Ciudadela,Casual,Koro;Vex,32,9,9,7,Victoria,1570,2026,6,Sunday,1,2
429,2026-01-26,19:55,J0168,Estacion Orbital,Casual,Magnus,27,3,9,3,Derrota,270,2026,1,Monday,0,1
9558,2026-07-09,20:09,J0016,Estacion Orbital,Torneo,Nadia;Umbra,11,6,7,3,Derrota,610,2026,7,Thursday,1,2
8511,2026-06-23,19:23,J0096,Canales de Hielo,Ranked,Nadia,25,5,4,5,Derrota,670,2026,6,Tuesday,1,1
4296,2026-04-17,18:54,J0017,Estacion Orbital,Torneo,Umbra;Tesla,25,9,4,2,Derrota,920,2026,4,Friday,2,2
427,2026-01-26,22:23,J0045,Bosque Umbral,Casual,Lienzo,24,6,4,5,Victoria,1270,2026,1,Monday,2,1
2224,2026-03-07,14:28,J0200,Canales de Hielo,Ranked,Koro,33,7,5,3,Victoria,1250,2026,3,Saturday,1,1
101,2026-01-18,01:05,J0141,Puerto Escarlata,Ranked,Koro,35,9,7,4,Victoria,1460,2026,1,Sunday,1,1
9544,2026-07-09,18:59,J0058,Ciudadela,Ranked,Tesla,31,9,4,7,Victoria,1670,2026,7,Thursday,2,1
3435,2026-03-31,20:55,J0036,Estacion Orbital,Casual,Vex;Koro,18,2,7,3,Victoria,710,2026,3,Tuesday,0,2
2763,2026-03-19,22:48,J0098,Desierto Neon,Casual,Tesla,16,6,7,3,Victoria,1110,2026,3,Thursday,1,1
9109,2026-07-02,19:48,J0058,Canales de Hielo,Ranked,Koro;Tesla;Umbra,27,6,3,4,Victoria,1240,2026,7,Thursday,2,3
4824,2026-04-26,18:24,J0030,Desierto Neon,Casual,Lienzo,32,11,4,3,Derrota,1170,2026,4,Sunday,3,1
5698,2026-05-10,20:10,J0009,Ciudadela,Torneo,Umbra,24,4,4,6,Victoria,1120,2026,5,Sunday,1,1
9706,2026-07-11,18:04,J0060,Canales de Hielo,Ranked,Umbra,37,6,5,7,Victoria,1350,2026,7,Saturday,1,1
3287,2026-03-28,04:20,J0019,Ciudadela,Ranked,Lienzo;Magnus;Brisa,28,4,2,4,Derrota,560,2026,3,Saturday,2,3
5795,2026-05-12,19:10,J0006,Estacion Orbital,Casual,Vex,28,5,3,5,Victoria,1190,2026,5,Tuesday,2,1
7614,2026-06-09,17:02,J0024,Ciudadela,Torneo,Umbra,25,4,10,4,Victoria,900,2026,6,Tuesday,0,1
6342,2026-05-20,21:56,J0200,Ciudadela,Ranked,Magnus,39,4,7,2,Derrota,360,2026,5,Wednesday,1,1
6177,2026-05-18,02:50,J0068,Bosque Umbral,Ranked,Tesla,40,7,12,6,Victoria,1260,2026,5,Monday,1,1
9934,2026-07-14,13:37,J0024,Puerto Escarlata,Ranked,Tesla,27,6,2,7,,310,2026,7,Tuesday,3,1
9306,2026-07-05,21:18,J0068,Bosque Umbral,Ranked,Vex,40,13,3,4,Victoria,1940,2026,7,Sunday,4,1
8518,2026-06-23,09:19,J0177,Canales de Hielo,Ranked,Tesla;Koro;Vex,30,15,1,3,Derrota,1630,2026,6,Tuesday,15,3
1466,2026-02-20,18:07,J0023,Ciudadela,Torneo,Magnus,15,6,5,7,Derrota,850,2026,2,Friday,1,1
5059,2026-04-30,20:55,J0038,Canales de Hielo,Casual,Koro;Umbra,22,6,6,4,Derrota,680,2026,4,Thursday,1,2
2235,2026-03-08,06:12,J0142,Estacion Orbital,Ranked,Magnus;Lienzo,23,5,5,1,Victoria,950,2026,3,Sunday,1,2
1745,2026-02-25,12:43,J0024,Canales de Hielo,Casual,Tesla,24,5,3,3,Victoria,1090,2026,2,Wednesday,2,1
5821,2026-05-12,18:22,J0030,Desierto Neon,Casual,Vex;Nadia,24,6,4,3,Derrota,670,2026,5,Tuesday,2,2
6204,2026-05-18,18:10,J0019,Bosque Umbral,Casual,Nadia;Brisa,11,2,9,3,Victoria,,2026,5,Monday,0,2
7713,2026-06-11,07:52,J0063,Canales de Hielo,Ranked,Nadia,43,9,5,2,Victoria,1400,2026,6,Thursday,2,1
3458,2026-03-31,05:57,J0027,Canales de Hielo,Ranked,Vex,32,6,6,3,Victoria,1130,2026,3,Tuesday,1,1
5858,2026-05-13,20:07,J0042,Puerto Escarlata,Casual,Vex,20,6,5,2,Victoria,1100,2026,5,Wednesday,1,1
9944,2026-07-14,04:43,J0020,Canales de Hielo,Casual,Nadia,32,4,5,4,Derrota,500,2026,7,Tuesday,1,1
9305,2026-07-05,04:06,J0058,Bosque Umbral,Ranked,Lienzo,43,8,4,5,Victoria,1470,2026,7,Sunday,2,1
1984,2026-03-03,20:36,J0022,Ciudadela,Ranked,Lienzo,44,5,4,3,Derrota,570,2026,3,Tuesday,1,1
6984,2026-05-30,20:45,J0010,Canales de Hielo,Ranked,Koro;Umbra,35,8,8,4,Victoria,1340,2026,5,Saturday,1,2
5447,2026-05-06,01:36,J0013,Puerto Escarlata,Casual,Lienzo;Nadia,8,8,5,6,Derrota,1000,2026,5,Wednesday,2,2
9494,2026-07-08,19:15,J0106,Desierto Neon,Ranked,Brisa,34,5,5,2,Victoria,1000,2026,7,Wednesday,1,1
2122,2026-03-06,07:30,J0081,Puerto Escarlata,Ranked,Lienzo,38,3,4,6,Victoria,1020,2026,3,Friday,1,1
3486,2026-04-01,00:49,J0044,Estacion Orbital,Ranked,Lienzo,24,3,4,4,Derrota,420,2026,4,Wednesday,1,1
7567,2026-06-08,19:17,J0068,Ciudadela,Casual,Brisa,24,5,2,5,Victoria,1210,2026,6,Monday,2,1
3932,2026-04-10,16:20,J0053,Estacion Orbital,Casual,Umbra,10,10,6,4,Derrota,1080,2026,4,Friday,2,1
3583,2026-04-03,19:46,J0155,Canales de Hielo,Casual,Lienzo,11,3,2,5,Derrota,510,2026,4,Friday,2,1
917,2026-02-07,10:05,J0031,Bosque Umbral,Casual,Magnus;Lienzo,15,9,7,6,Victoria,1560,2026,2,Saturday,1,2
8618,2026-06-25,01:43,J0022,Puerto Escarlata,Casual,Umbra;Lienzo;Nadia,20,3,5,7,,,2026,6,Thursday,1,3
7768,2026-06-12,18:03,J0017,Ciudadela,Ranked,Tesla,37,5,6,3,Victoria,1030,2026,6,Friday,1,1
5170,2026-05-02,22:22,J0110,Bosque Umbral,Casual,Tesla;Koro,25,2,3,8,Victoria,1040,2026,5,Saturday,1,2
3162,2026-03-26,13:56,J0095,Ciudadela,Casual,Lienzo;Tesla,15,7,10,8,Victoria,1400,2026,3,Thursday,1,2
3461,2026-03-31,16:55,J0069,Canales de Hielo,Casual,Nadia,20,2,4,4,Derrota,320,2026,3,Tuesday,0,1
5573,2026-05-09,20:03,J0115,Bosque Umbral,Casual,Lienzo,11,5,4,1,Victoria,970,2026,5,Saturday,1,1
8583,2026-06-25,18:32,J0012,Bosque Umbral,Torneo,Koro,18,5,6,5,Derrota,630,2026,6,Thursday,1,1
5519,2026-05-08,21:25,J0080,Bosque Umbral,Ranked,Vex,41,8,7,4,Victoria,1360,2026,5,Friday,1,1
7865,2026-06-13,16:04,J0129,Estacion Orbital,Ranked,Koro;Umbra,25,3,2,6,Derrota,560,2026,6,Saturday,2,2
1204,2026-02-14,19:27,J0044,Estacion Orbital,Ranked,Koro,35,1,4,4,Derrota,220,2026,2,Saturday,0,1
8710,2026-06-27,21:21,J0026,Canales de Hielo,Ranked,Lienzo,38,5,4,5,Derrota,670,2026,6,Saturday,1,1
6154,2026-05-17,19:01,J0004,Puerto Escarlata,Ranked,Tesla,32,6,6,2,Victoria,1080,2026,5,Sunday,1,1
4003,2026-04-11,21:20,J0004,Desierto Neon,Casual,Magnus,28,4,5,3,Victoria,950,2026,4,Saturday,1,1
1927,2026-03-01,00:43,J0054,Desierto Neon,Ranked,Vex,25,14,10,1,Victoria,1750,2026,3,Sunday,1,1
3115,2026-03-25,23:43,J0056,Desierto Neon,Casual,Tesla;Nadia,30,3,5,1,Derrota,250,2026,3,Wednesday,1,2
2642,2026-03-16,22:38,J0081,Puerto Escarlata,Ranked,Nadia;Koro,28,5,3,2,Victoria,1040,2026,3,Monday,2,2
4047,2026-04-12,18:23,J0014,Ciudadela,Casual,Tesla,19,3,5,5,Derrota,450,2026,4,Sunday,1,1
7488,2026-06-07,18:48,J0016,Puerto Escarlata,Ranked,Koro;Magnus,40,7,7,7,Victoria,1410,2026,6,Sunday,1,2
8951,2026-06-30,16:00,J0016,Canales de Hielo,Ranked,Magnus;Tesla;Nadia,23,11,5,2,Victoria,1600,2026,6,Tuesday,2,3
2563,2026-03-15,04:53,J0200,Bosque Umbral,Ranked,Nadia;Umbra,31,6,7,4,,660,2026,3,Sunday,1,2
7740,2026-06-11,20:39,J0100,Ciudadela,Casual,Umbra,17,11,4,3,Victoria,1670,2026,6,Thursday,3,1
2729,2026-03-18,20:54,J0075,Bosque Umbral,Ranked,Tesla;Umbra;Brisa,42,6,4,2,Derrota,620,2026,3,Wednesday,2,3
7939,2026-06-14,17:35,J0003,Bosque Umbral,Casual,Vex;Brisa,24,5,8,1,Victoria,890,2026,6,Sunday,1,2
9090,2026-07-02,13:26,J0011,Puerto Escarlata,Torneo,Magnus,32,5,7,5,Victoria,1110,2026,7,Thursday,1,1
8148,2026-06-18,16:58,J0055,Puerto Escarlata,Casual,Tesla;Brisa,28,1,8,0,Derrota,0,2026,6,Thursday,0,2
7829,2026-06-13,19:09,J0033,Ciudadela,Casual,Vex,25,13,8,5,Derrota,1390,2026,6,Saturday,2,1
4610,2026-04-22,17:21,J0147,Canales de Hielo,Ranked,Lienzo,26,4,5,3,Derrota,450,2026,4,Wednesday,1,1
2627,2026-03-15,17:12,J0026,Canales de Hielo,Casual,Nadia,27,4,3,7,Victoria,1190,2026,3,Sunday,1,1
9748,2026-07-12,15:30,J0038,Canales de Hielo,Casual,Lienzo,30,6,3,1,Victoria,1090,2026,7,Sunday,2,1
8432,2026-06-22,10:21,J0014,Ciudadela,Casual,Brisa,15,3,1,2,Derrota,380,2026,6,Monday,3,1
4697,2026-04-24,15:33,J0150,Puerto Escarlata,Ranked,Lienzo;Brisa,32,10,3,4,Derrota,1140,2026,4,Friday,3,2
806,2026-02-05,13:42,J0020,Estacion Orbital,Ranked,Magnus;Brisa,23,4,10,7,Victoria,1050,2026,2,Thursday,0,2
9473,2026-07-08,19:48,J0006,Puerto Escarlata,Casual,Lienzo;Tesla,24,3,6,1,Derrota,230,2026,7,Wednesday,0,2
4056,2026-04-12,15:16,J0038,Puerto Escarlata,Casual,Lienzo,15,1,6,5,Victoria,730,2026,4,Sunday,0,1
5665,2026-05-10,18:27,J0068,Ciudadela,Torneo,Koro,15,6,7,3,Victoria,1110,2026,5,Sunday,1,1
4276,2026-04-16,18:54,J0033,Canales de Hielo,Ranked,Nadia;Lienzo,45,7,5,3,Derrota,750,2026,4,Thursday,1,2
3953,2026-04-10,19:02,J0128,Canales de Hielo,Ranked,Lienzo,33,6,5,3,Victoria,1150,2026,4,Friday,1,1
3705,2026-04-05,02:36,J0009,Ciudadela,Casual,Brisa,32,4,5,3,Derrota,450,2026,4,Sunday,1,1
4739,2026-04-24,13:19,J0040,Ciudadela,Casual,Umbra,18,5,2,5,Victoria,1210,2026,4,Friday,2,1
1243,2026-02-15,05:54,J0042,Estacion Orbital,Ranked,Magnus,45,5,6,7,Derrota,730,2026,2,Sunday,1,1
7068,2026-05-31,19:00,J0155,Desierto Neon,Ranked,Magnus,43,4,7,5,Derrota,510,2026,5,Sunday,1,1
5661,2026-05-10,19:14,J0119,Desierto Neon,Ranked,,27,15,10,3,Derrota,1450,2026,5,Sunday,2,0
4029,2026-04-11,21:36,J0024,Puerto Escarlata,Casual,Magnus;Lienzo;Umbra,20,5,1,4,Derrota,680,2026,4,Saturday,5,3
548,2026-01-29,21:53,J0005,Puerto Escarlata,Casual,Umbra;Lienzo,29,9,5,6,Derrota,1100,2026,1,Thursday,2,2
3023,2026-03-23,17:29,J0055,Desierto Neon,Casual,Vex,31,6,5,4,Victoria,1200,2026,3,Monday,1,1
9817,2026-07-12,03:27,J0024,Estacion Orbital,Ranked,Umbra,32,2,6,5,Victoria,830,2026,7,Sunday,0,1
9695,2026-07-11,11:55,J0135,Bosque Umbral,Ranked,Koro;Brisa,22,9,9,5,Victoria,1470,2026,7,Saturday,1,2
27,2026-01-16,12:48,J0107,Desierto Neon,Ranked,Vex,30,7,6,5,Derrota,830,2026,1,Friday,1,1
9853,2026-07-13,22:00,J0039,Bosque Umbral,Casual,Vex;Koro,17,11,0,2,Victoria,1700,2026,7,Monday,,2
4355,2026-04-18,13:52,J0021,Puerto Escarlata,Casual,,25,4,2,4,Victoria,1060,2026,4,Saturday,2,0
2509,2026-03-14,19:15,J0001,Puerto Escarlata,Casual,Koro;Magnus,12,7,5,3,Derrota,750,2026,3,Saturday,1,2
1434,2026-02-19,21:15,J0200,Desierto Neon,Casual,Magnus,22,7,4,1,Derrota,670,2026,2,Thursday,2,1
2583,2026-03-15,20:51,J0035,Bosque Umbral,Ranked,Koro,36,11,3,3,Derrota,1190,2026,3,Sunday,4,1
1303,2026-02-16,23:20,J0042,Puerto Escarlata,Ranked,Nadia;Brisa;Lienzo,37,4,7,5,Derrota,510,2026,2,Monday,1,3
5915,2026-05-14,08:42,J0105,Estacion Orbital,Casual,Magnus,23,9,5,3,Derrota,950,2026,5,Thursday,2,1
8640,2026-06-26,22:49,J0014,Desierto Neon,Casual,Tesla,14,3,1,6,Derrota,580,2026,6,Friday,3,1
4105,2026-04-13,21:53,J0002,Bosque Umbral,Ranked,Magnus,35,8,7,2,Victoria,1260,2026,4,Monday,1,1
7779,2026-06-12,20:21,J0186,Puerto Escarlata,Ranked,Vex,24,20,4,3,Derrota,2070,2026,6,Friday,5,1
1222,2026-02-14,18:19,J0003,Estacion Orbital,Casual,Vex,20,5,15,1,Victoria,,2026,2,Saturday,0,1
7616,2026-06-09,19:41,J0200,Bosque Umbral,Ranked,Nadia;Brisa,33,6,1,3,Derrota,730,2026,6,Tuesday,6,2
2549,2026-03-14,12:00,J0009,Ciudadela,Torneo,Magnus;Koro,22,2,2,3,Victoria,810,2026,3,Saturday,1,2
751,2026-02-03,18:42,J0110,Ciudadela,Casual,Brisa,29,10,6,7,Victoria,1730,2026,2,Tuesday,2,1
438,2026-01-26,05:35,J0147,Puerto Escarlata,Ranked,Lienzo;Magnus,35,2,3,5,Victoria,890,2026,1,Monday,1,2
4455,2026-04-19,23:50,J0128,Bosque Umbral,Ranked,Brisa,36,6,7,8,Victoria,1360,2026,4,Sunday,1,1
3412,2026-03-30,01:15,J0184,Puerto Escarlata,Ranked,Nadia;Koro,26,4,9,4,Derrota,420,2026,3,Monday,0,2
4340,2026-04-18,19:37,J0030,Estacion Orbital,Ranked,Lienzo,24,6,7,5,Derrota,1110,2026,4,Saturday,1,1
2848,2026-03-20,19:38,J0015,Bosque Umbral,Casual,Brisa,19,6,4,3,Victoria,1170,2026,3,Friday,2,1
1174,2026-02-14,22:22,J0010,Ciudadela,Ranked,Brisa,35,11,5,6,Victoria,1800,2026,2,Saturday,2,1
7625,2026-06-09,20:14,J0025,Ciudadela,Ranked,Tesla;Magnus,34,4,3,2,Victoria,940,2026,6,Tuesday,1,2
2700,2026-03-17,21:28,J0004,Estacion Orbital,Casual,Lienzo,29,6,5,4,Derrota,500,2026,3,Tuesday,1,1
6070,2026-05-16,17:52,J0090,Canales de Hielo,Ranked,Koro,43,5,9,4,Derrota,520,2026,5,Saturday,1,1
7810,2026-06-13,21:09,J0086,Canales de Hielo,Casual,Koro,32,2,3,4,Derrota,340,2026,6,Saturday,1,1
5873,2026-05-13,18:58,J0180,Desierto Neon,Ranked,Umbra;Nadia,26,7,8,2,Derrota,640,2026,5,Wednesday,1,2
2482,2026-03-13,11:19,J0005,Estacion Orbital,Casual,Koro,27,4,3,5,Victoria,1090,2026,3,Friday,1,1
6640,2026-05-24,18:19,J0019,Estacion Orbital,Casual,,28,3,5,2,Victoria,800,2026,5,Sunday,1,0
8510,2026-06-23,14:57,J0178,Ciudadela,Ranked,Tesla;Umbra,34,9,6,4,,1480,2026,6,Tuesday,2,2
2707,2026-03-17,18:15,J0110,Puerto Escarlata,Ranked,Umbra,31,3,6,4,Derrota,380,2026,3,Tuesday,0,1
6388,2026-05-21,20:05,J0063,Puerto Escarlata,Torneo,Nadia;Lienzo,12,9,7,3,Victoria,1410,2026,5,Thursday,1,2
327,2026-01-24,19:27,J0098,Bosque Umbral,Ranked,Magnus,24,12,4,1,Victoria,1670,2026,1,Saturday,3,1
1040,2026-02-10,08:36,J0019,Bosque Umbral,Torneo,Nadia,13,3,8,3,Victoria,790,2026,2,Tuesday,0,1
2638,2026-03-16,18:44,J0032,Bosque Umbral,Casual,Vex;Nadia,23,8,5,2,Victoria,1300,2026,3,Monday,2,2
5112,2026-05-01,13:35,J0035,Bosque Umbral,Casual,Umbra;Nadia,24,13,6,3,Victoria,1830,2026,5,Friday,2,2
2500,2026-03-13,13:27,J0145,Bosque Umbral,Ranked,Tesla;Umbra,34,2,9,4,Victoria,720,2026,3,Friday,0,2
1005,2026-02-09,17:32,J0200,Estacion Orbital,Casual,Vex;Brisa,27,9,4,6,Derrota,1120,2026,2,Monday,2,2
2862,2026-03-21,00:30,J0049,Ciudadela,Torneo,Vex,25,5,6,4,Victoria,1080,2026,3,Saturday,1,1
3234,2026-03-28,20:53,J0036,Desierto Neon,Casual,Lienzo;Umbra,21,2,8,4,Victoria,740,2026,3,Saturday,0,2
1871,2026-02-28,22:20,J0124,Canales de Hielo,Ranked,Nadia;Lienzo;Koro,44,2,3,6,Derrota,440,2026,2,Saturday,1,3
5377,2026-05-05,09:57,J0146,Desierto Neon,Torneo,,8,6,5,1,Victoria,1050,2026,5,Tuesday,1,0
8691,2026-06-26,14:33,J0043,Estacion Orbital,Ranked,Magnus;Nadia,29,10,4,3,Victoria,1570,2026,6,Friday,2,2
8451,2026-06-22,08:38,J0084,Bosque Umbral,Casual,Umbra,17,6,4,4,Derrota,720,2026,6,Monday,2,1
6400,2026-05-21,05:16,J0068,Ciudadela,Ranked,Vex;Tesla,42,6,4,5,Derrota,1070,2026,5,Thursday,2,2
535,2026-01-29,21:16,J0199,Puerto Escarlata,Ranked,Koro,43,4,5,2,Derrota,,2026,1,Thursday,1,1
6383,2026-05-21,17:28,J0069,Estacion Orbital,Ranked,,24,3,5,3,Victoria,850,2026,5,Thursday,1,0
6225,2026-05-19,18:00,J0017,Bosque Umbral,Ranked,Magnus;Lienzo,22,9,2,5,Derrota,1110,2026,5,Tuesday,4,2
7493,2026-06-07,05:10,J0032,Canales de Hielo,Ranked,Magnus,44,8,4,3,Derrota,870,2026,6,Sunday,2,1
586,2026-01-30,19:02,J0031,Canales de Hielo,Torneo,Vex;Lienzo;Umbra,16,9,2,2,Victoria,1460,2026,1,Friday,4,3
9989,2026-07-14,17:31,J0140,Desierto Neon,Casual,Koro,26,4,4,1,Victoria,870,2026,7,Tuesday,1,1
3036,2026-03-23,12:00,J0016,Estacion Orbital,Torneo,Umbra;Nadia,9,5,7,3,Victoria,1010,2026,3,Monday,1,2
4512,2026-04-20,23:57,J0041,Puerto Escarlata,Casual,Lienzo;Tesla,18,6,2,10,Derrota,,2026,4,Monday,3,2
2586,2026-03-15,08:36,J0021,Ciudadela,Ranked,Umbra,27,3,6,3,Derrota,330,2026,3,Sunday,0,1
1704,2026-02-24,14:58,J0001,Canales de Hielo,Casual,,17,8,8,3,Victoria,1290,2026,2,Tuesday,1,0
4376,2026-04-18,21:01,J0001,Puerto Escarlata,Torneo,Nadia;Umbra;Tesla,29,5,4,5,Victoria,1170,2026,4,Saturday,1,3
5667,2026-05-10,17:02,J0078,Desierto Neon,Ranked,Koro,27,6,6,4,Victoria,1180,2026,5,Sunday,1,1
492,2026-01-28,19:54,J0048,Puerto Escarlata,Ranked,Magnus;Umbra,37,3,4,7,Derrota,570,2026,1,Wednesday,1,2
6576,2026-05-23,17:26,J0178,Estacion Orbital,Ranked,Nadia;Umbra,26,5,6,4,Victoria,1080,2026,5,Saturday,1,2
8803,2026-06-28,16:34,J0118,Desierto Neon,Casual,Brisa;Koro;Vex,13,9,8,5,Victoria,1490,2026,6,Sunday,1,3
2837,2026-03-20,18:46,J0047,Desierto Neon,Ranked,Umbra,34,10,6,2,Derrota,980,2026,3,Friday,2,1
2267,2026-03-08,04:41,J0075,Desierto Neon,Casual,Umbra,15,4,8,4,Derrota,440,2026,3,Sunday,0,1
7854,2026-06-13,19:20,J0144,Puerto Escarlata,Torneo,Tesla,16,3,6,1,Victoria,730,2026,6,Saturday,0,1
3964,2026-04-10,16:34,J0200,Canales de Hielo,Casual,Magnus;Nadia;Koro,20,11,4,3,Derrota,1170,2026,4,Friday,3,3
6605,2026-05-24,01:04,J0006,Bosque Umbral,Casual,Lienzo,8,6,7,2,Derrota,460,2026,5,Sunday,1,1
4793,2026-04-25,12:43,J0200,Estacion Orbital,Ranked,Koro;Nadia,43,8,8,3,,1290,2026,4,Saturday,1,2
7656,2026-06-10,21:27,J0013,Desierto Neon,Casual,Tesla,10,10,3,5,Derrota,1190,2026,6,Wednesday,3,1
3549,2026-04-03,19:29,J0094,Bosque Umbral,Ranked,Lienzo,31,7,5,5,Victoria,1350,2026,4,Friday,1,1
2901,2026-03-21,12:26,J0001,Ciudadela,Torneo,Koro,8,6,12,4,Derrota,260,2026,3,Saturday,0,1
8123,2026-06-17,20:54,J0025,Bosque Umbral,Ranked,Magnus;Koro,41,8,4,3,Derrota,870,2026,6,Wednesday,2,2
2945,2026-03-22,00:26,J0016,Canales de Hielo,Torneo,Brisa;Tesla,11,8,4,4,Victoria,1420,2026,3,Sunday,2,2
1917,2026-03-01,18:54,J0084,Ciudadela,Ranked,Nadia;Brisa,24,5,7,3,Derrota,510,2026,3,Sunday,1,2
3186,2026-03-26,18:51,J0087,Bosque Umbral,Ranked,Koro;Lienzo,26,7,4,3,Derrota,770,2026,3,Thursday,2,2
3711,2026-04-06,20:32,J0104,Canales de Hielo,Ranked,Vex;Koro,45,4,5,3,Victoria,950,2026,4,Monday,1,2
5913,2026-05-14,22:23,J0017,Ciudadela,Casual,Vex;Umbra,27,8,4,2,Derrota,820,2026,5,Thursday,2,2
7382,2026-06-06,16:01,J0055,Canales de Hielo,Ranked,Brisa;Tesla;Umbra,43,3,4,2,Derrota,320,2026,6,Saturday,1,3
4327,2026-04-17,22:35,J0086,Estacion Orbital,Ranked,Vex;Magnus;Brisa,31,8,7,4,Victoria,,2026,4,Friday,1,3
3650,2026-04-05,18:38,J0052,Ciudadela,Casual,Tesla;Koro,12,9,6,3,Derrota,930,2026,4,Sunday,2,2
1134,2026-02-12,18:07,J0014,Canales de Hielo,Casual,Nadia,24,4,3,7,Victoria,1190,2026,2,Thursday,1,1
9339,2026-07-06,00:18,J0062,Puerto Escarlata,Casual,Tesla,23,3,7,2,Victoria,760,2026,7,Monday,0,1
8954,2026-06-30,12:21,J0126,Canales de Hielo,Ranked,Koro,41,4,8,3,Derrota,390,2026,6,Tuesday,0,1
2519,2026-03-14,18:19,J0140,Puerto Escarlata,Torneo,Koro,31,4,6,3,Victoria,930,2026,3,Saturday,1,1
398,2026-01-25,16:41,J0067,Estacion Orbital,Casual,Koro,31,4,9,3,Victoria,870,2026,1,Sunday,0,1
1318,2026-02-17,20:21,J0033,Desierto Neon,Torneo,Tesla,27,7,4,2,Victoria,1220,2026,2,Tuesday,2,1
6875,2026-05-28,09:55,J0070,Desierto Neon,Ranked,Vex;Tesla,31,8,3,2,Victoria,1340,2026,5,Thursday,3,2
122,2026-01-19,08:41,J0028,Ciudadela,Casual,Nadia;Koro;Brisa,25,1,2,4,Derrota,,2026,1,Monday,0,3
2450,2026-03-12,23:36,J0076,Puerto Escarlata,Casual,Umbra,13,8,4,3,Victoria,1370,2026,3,Thursday,2,1
6523,2026-05-23,17:46,J0192,Estacion Orbital,Casual,Umbra,23,7,2,4,Derrota,860,2026,5,Saturday,4,1
3230,2026-03-27,20:43,J0200,Canales de Hielo,Casual,Lienzo;Koro,15,6,3,5,Derrota,790,2026,3,Friday,2,2
1567,2026-02-22,11:05,J0113,Bosque Umbral,Ranked,Brisa,28,4,4,2,Victoria,920,2026,2,Sunday,1,1
1985,2026-03-03,20:42,J0091,Desierto Neon,Ranked,Tesla;Brisa;Magnus,38,4,8,9,Victoria,1190,2026,3,Tuesday,0,3
4416,2026-04-19,21:46,J0012,Canales de Hielo,Casual,Brisa,21,3,4,5,Victoria,970,2026,4,Sunday,1,1
8044,2026-06-16,19:19,J0044,Estacion Orbital,Casual,Nadia,12,9,8,3,Victoria,,2026,6,Tuesday,1,1
5546,2026-05-08,22:12,J0046,Canales de Hielo,Ranked,Vex;Nadia,32,5,2,3,Victoria,1110,2026,5,Friday,2,2
4072,2026-04-12,17:36,J0048,Ciudadela,Ranked,Koro,41,10,5,5,Derrota,1150,2026,4,Sunday,2,1
5539,2026-05-08,19:11,J0010,Ciudadela,Ranked,Koro;Vex,40,9,6,2,Victoria,1380,2026,5,Friday,2,2
2174,2026-03-07,06:43,J0021,Bosque Umbral,Ranked,Koro;Magnus,40,6,5,2,Derrota,600,2026,3,Saturday,1,2
3284,2026-03-28,20:18,J0123,Canales de Hielo,Ranked,Umbra,36,6,3,5,Victoria,1290,2026,3,Saturday,2,1
8562,2026-06-24,22:19,J0004,Puerto Escarlata,Torneo,Vex;Koro,21,7,5,4,Derrota,800,2026,6,Wednesday,1,2
8653,2026-06-26,21:10,J0076,Bosque Umbral,Ranked,Tesla,36,5,5,3,,1050,2026,6,Friday,1,1
2334,2026-03-10,11:35,J0110,Puerto Escarlata,Casual,Magnus,22,4,0,3,Derrota,550,2026,3,Tuesday,,1
574,2026-01-30,09:52,J0020,Puerto Escarlata,Casual,Koro,25,6,3,4,Derrota,740,2026,1,Friday,2,1
8778,2026-06-27,17:50,J0030,Bosque Umbral,Casual,Nadia,32,7,9,5,Victoria,1270,2026,6,Saturday,1,1
9146,2026-07-03,18:46,J0072,Desierto Neon,Torneo,,20,3,6,2,Victoria,780,2026,7,Friday,0,0
982,2026-02-08,19:43,J0123,Canales de Hielo,Ranked,Koro,41,5,5,5,Victoria,1150,2026,2,Sunday,1,1
5814,2026-05-12,18:13,J0023,Puerto Escarlata,Casual,Magnus,19,11,6,6,Victoria,1780,2026,5,Tuesday,2,1
3503,2026-04-01,06:12,J0049,Estacion Orbital,Torneo,,31,4,3,3,Derrota,490,2026,4,Wednesday,1,0
1408,2026-02-19,13:25,J0106,Desierto Neon,Ranked,Magnus;Tesla;Lienzo,44,11,1,5,Victoria,1830,2026,2,Thursday,11,3
536,2026-01-29,00:49,J0059,Ciudadela,Casual,Nadia;Vex,25,8,9,2,Derrota,720,2026,1,Thursday,1,2
4221,2026-04-15,19:23,J0036,Estacion Orbital,Ranked,Lienzo,36,3,4,2,Derrota,320,2026,4,Wednesday,1,1
7499,2026-06-07,19:50,J0058,Bosque Umbral,Torneo,Koro;Lienzo,17,7,4,4,Derrota,820,2026,6,Sunday,2,2
9303,2026-07-05,22:09,J0069,Estacion Orbital,Ranked,Brisa,36,2,7,2,,660,2026,7,Sunday,0,1
7252,2026-06-03,20:03,J0051,Puerto Escarlata,Ranked,Lienzo,41,2,5,3,Victoria,750,2026,6,Wednesday,0,1
1435,2026-02-19,14:21,J0066,Estacion Orbital,Ranked,Vex,25,7,7,2,Derrota,660,2026,2,Thursday,1,1
8918,2026-06-29,08:25,J0080,Bosque Umbral,Ranked,Lienzo,43,1,3,5,Derrota,290,2026,6,Monday,0,1
2580,2026-03-15,12:31,J0067,Ciudadela,Torneo,Lienzo,14,8,7,8,Victoria,1560,2026,3,Sunday,1,1
3722,2026-04-06,19:52,J0030,Ciudadela,Torneo,Umbra,17,5,7,1,Derrota,410,2026,4,Monday,1,1
3270,2026-03-28,14:25,J0086,Estacion Orbital,Ranked,Nadia,24,1,5,3,Victoria,650,2026,3,Saturday,0,1
9626,2026-07-10,21:24,J0135,Ciudadela,Ranked,Koro;Vex;Magnus,38,12,4,5,Derrota,1370,2026,7,Friday,3,3
7992,2026-06-15,20:58,J0015,Bosque Umbral,Torneo,Vex;Tesla,29,16,8,3,Victoria,2090,2026,6,Monday,2,2
5413,2026-05-06,17:43,J0012,Puerto Escarlata,Ranked,Nadia,29,4,7,2,Victoria,860,2026,5,Wednesday,1,1
1868,2026-02-28,21:50,J0104,Ciudadela,Casual,Koro;Magnus,17,6,6,3,Victoria,1130,2026,2,Saturday,1,2
1455,2026-02-20,10:41,J0056,Canales de Hielo,Casual,Tesla;Umbra,29,4,5,4,Victoria,1000,2026,2,Friday,1,2
1787,2026-02-27,18:57,J0073,Estacion Orbital,Casual,Brisa,30,4,0,4,Derrota,600,2026,2,Friday,,1
9987,2026-07-14,12:41,J0095,Puerto Escarlata,Casual,Nadia,20,5,4,3,Victoria,1070,2026,7,Tuesday,1,1
4206,2026-04-15,22:14,J0159,Bosque Umbral,Ranked,Tesla,23,6,5,2,Derrota,600,2026,4,Wednesday,1,1
2522,2026-03-14,12:40,J0027,Estacion Orbital,Torneo,Umbra,9,5,3,8,Victoria,1340,2026,3,Saturday,2,1
4523,2026-04-21,20:17,J0008,Ciudadela,Casual,Brisa;Nadia,31,6,3,8,Victoria,1440,2026,4,Tuesday,2,2
1821,2026-02-27,16:43,J0075,Desierto Neon,Ranked,Lienzo;Magnus,37,8,5,5,Derrota,950,2026,2,Friday,2,2
4542,2026-04-21,18:15,J0030,Estacion Orbital,Ranked,Lienzo,26,5,3,1,Victoria,990,2026,4,Tuesday,2,1
2930,2026-03-22,18:51,J0013,Estacion Orbital,Ranked,Umbra,30,7,3,5,Victoria,1390,2026,3,Sunday,2,1
52,2026-01-17,03:40,J0124,Canales de Hielo,Casual,Koro,19,4,4,6,Victoria,1120,2026,1,Saturday,1,1
4756,2026-04-25,03:58,J0032,Desierto Neon,Casual,Tesla;Umbra,24,6,7,5,Derrota,710,2026,4,Saturday,1,2
5817,2026-05-12,19:03,J0036,Desierto Neon,Ranked,Umbra;Brisa,32,6,6,2,Victoria,1080,2026,5,Tuesday,1,2
5841,2026-05-12,14:32,J0172,Desierto Neon,Ranked,Lienzo;Nadia;Tesla,34,8,8,5,Victoria,1390,2026,5,Tuesday,1,3
3578,2026-04-03,10:25,J0063,Canales de Hielo,Ranked,Lienzo,28,8,5,2,Victoria,1300,2026,4,Friday,2,1
470,2026-01-27,18:24,J0070,Canales de Hielo,Ranked,Magnus,39,5,3,3,Derrota,590,2026,1,Tuesday,2,1
2630,2026-03-15,20:33,J0114,Bosque Umbral,Ranked,Umbra;Tesla,42,3,4,6,Victoria,1020,2026,3,Sunday,1,2
5279,2026-05-03,19:46,J0195,Canales de Hielo,Ranked,Vex,38,3,6,5,Derrota,430,2026,5,Sunday,0,1
8440,2026-06-22,18:38,J0028,Bosque Umbral,Ranked,Lienzo,33,3,7,3,Derrota,310,2026,6,Monday,0,1
9686,2026-07-11,18:26,J0146,Estacion Orbital,Ranked,Nadia;Vex,38,10,1,7,Victoria,1830,2026,7,Saturday,10,2
6316,2026-05-20,09:20,J0033,Ciudadela,Ranked,Lienzo,22,7,4,7,Victoria,1470,2026,5,Wednesday,2,1
4343,2026-04-18,10:03,J0016,Estacion Orbital,Casual,Tesla,25,3,2,4,Derrota,460,2026,4,Saturday,2,1
1859,2026-02-28,14:26,J0030,Ciudadela,Ranked,Tesla;Koro,42,6,6,3,Victoria,1130,2026,2,Saturday,1,2
9605,2026-07-10,14:18,J0009,Desierto Neon,Casual,Koro,9,6,6,10,Derrota,980,2026,7,Friday,1,1
866,2026-02-06,09:35,J0065,Puerto Escarlata,Ranked,Brisa,39,4,2,4,Victoria,1060,2026,2,Friday,2,1
8383,2026-06-21,09:58,J0069,Puerto Escarlata,Casual,Tesla;Koro,30,2,2,3,Victoria,810,2026,6,Sunday,1,2
7338,2026-06-05,19:13,J0028,Desierto Neon,Casual,Umbra,32,7,2,1,Victoria,1210,2026,6,Friday,4,1
8311,2026-06-20,20:42,J0013,Ciudadela,Casual,Lienzo,32,6,10,4,Victoria,1100,2026,6,Saturday,1,1
6487,2026-05-22,18:03,J0039,Ciudadela,Ranked,Nadia;Tesla,40,4,9,0,Victoria,720,2026,5,Friday,0,2
9295,2026-07-05,12:25,J0192,Ciudadela,Casual,Umbra;Magnus;Vex,31,12,4,2,Victoria,1720,2026,7,Sunday,3,3
8890,2026-06-29,18:04,J0198,Bosque Umbral,Ranked,Brisa,28,0,5,4,Derrota,100,2026,6,Monday,0,1
7417,2026-06-06,17:43,J0059,Estacion Orbital,Ranked,Magnus,28,4,4,3,Victoria,970,2026,6,Saturday,1,1
6040,2026-05-16,20:11,J0022,Desierto Neon,Casual,Koro,30,6,3,5,Derrota,790,2026,5,Saturday,2,1
426,2026-01-26,20:55,J0025,Estacion Orbital,Ranked,,25,8,7,4,Derrota,860,2026,1,Monday,1,0
189,2026-01-21,22:47,J0158,Canales de Hielo,Ranked,Magnus,32,12,5,5,Derrota,1350,2026,1,Wednesday,2,1
5729,2026-05-10,12:41,J0006,Canales de Hielo,Casual,Umbra;Koro,19,6,5,3,Derrota,650,2026,5,Sunday,1,2
4442,2026-04-19,19:56,J0036,Bosque Umbral,Ranked,Brisa,42,4,3,4,Victoria,1040,2026,4,Sunday,1,1
229,2026-01-22,18:17,J0044,Puerto Escarlata,Ranked,Nadia,29,6,3,3,Victoria,1190,2026,1,Thursday,2,1
7891,2026-06-14,20:54,J0026,Puerto Escarlata,Ranked,Magnus;Umbra;Lienzo,31,6,5,3,Victoria,1150,2026,6,Sunday,1,3
5271,2026-05-03,20:06,J0009,Puerto Escarlata,Torneo,Nadia,9,4,4,4,Victoria,1020,2026,5,Sunday,1,1
2742,2026-03-18,18:34,J0012,Ciudadela,Torneo,Tesla,23,5,7,3,Victoria,1010,2026,3,Wednesday,1,1
1042,2026-02-10,21:34,J0020,Ciudadela,Ranked,Brisa;Magnus,41,6,4,5,Victoria,1270,2026,2,Tuesday,2,2
8810,2026-06-28,00:11,J0038,Canales de Hielo,Casual,Tesla;Magnus;Koro,19,1,6,6,Derrota,280,2026,6,Sunday,0,3
9211,2026-07-04,21:06,J0013,Puerto Escarlata,Casual,Lienzo;Tesla,16,11,4,1,Derrota,1070,2026,7,Saturday,3,2
3721,2026-04-06,23:12,J0045,Estacion Orbital,Casual,Tesla,15,3,7,2,Derrota,260,2026,4,Monday,0,1
7431,2026-06-06,13:07,J0027,Desierto Neon,Casual,Vex;Lienzo,25,8,8,1,Victoria,1190,2026,6,Saturday,1,2
472,2026-01-27,22:43,J0036,Bosque Umbral,Ranked,Koro;Nadia,27,5,9,2,Derrota,420,2026,1,Tuesday,1,2
2922,2026-03-21,03:04,J0030,Desierto Neon,Casual,Lienzo,16,6,4,8,,920,2026,3,Saturday,2,1
1906,2026-03-01,21:56,J0076,Puerto Escarlata,Casual,Koro;Nadia,26,6,6,10,Victoria,1480,2026,3,Sunday,1,2
9614,2026-07-10,21:34,J0039,Desierto Neon,Casual,Magnus;Lienzo,26,8,10,6,Victoria,1400,2026,7,Friday,1,2
802,2026-02-05,19:22,J0064,Ciudadela,Ranked,Umbra,40,4,6,5,Derrota,530,2026,2,Thursday,1,1
1488,2026-02-21,17:45,J0110,Canales de Hielo,Ranked,Umbra,38,3,5,7,Victoria,1050,2026,2,Saturday,1,1
8507,2026-06-23,17:30,J0030,Canales de Hielo,Casual,Umbra,11,9,2,3,Derrota,1010,2026,6,Tuesday,4,1
3654,2026-04-05,05:06,J0057,Desierto Neon,Ranked,Brisa,44,10,5,4,Derrota,1100,2026,4,Sunday,2,1
228,2026-01-22,17:24,J0004,Estacion Orbital,Casual,,9,6,2,3,Victoria,1210,2026,1,Thursday,3,0
4175,2026-04-14,19:20,J0021,Canales de Hielo,Ranked,Nadia,38,5,4,5,Victoria,1170,2026,4,Tuesday,1,1
1129,2026-02-12,01:04,J0098,Ciudadela,Casual,Nadia,11,9,6,3,Derrota,930,2026,2,Thursday,2,1
9550,2026-07-09,12:07,J0010,Ciudadela,Ranked,Magnus;Umbra;Tesla,34,4,8,1,Derrota,290,2026,7,Thursday,0,3
7227,2026-06-03,23:14,J0033,Puerto Escarlata,Ranked,Lienzo,22,8,8,5,Victoria,1390,2026,6,Wednesday,1,1
2209,2026-03-07,17:33,J0014,Desierto Neon,Ranked,Brisa,41,1,7,5,Victoria,710,2026,3,Saturday,0,1
7406,2026-06-06,13:34,J0200,Estacion Orbital,Casual,Tesla;Brisa;Magnus,24,10,2,3,Victoria,1610,2026,6,Saturday,5,3
8971,2026-06-30,21:25,J0056,Canales de Hielo,Casual,Tesla,13,9,4,3,Victoria,1470,2026,6,Tuesday,2,1
4289,2026-04-17,16:31,J0093,Ciudadela,Ranked,Lienzo;Nadia;Vex,23,4,10,5,Victoria,950,2026,4,Friday,0,3
4948,2026-04-28,15:50,J0068,Puerto Escarlata,Ranked,Brisa,27,7,4,2,Derrota,720,2026,4,Tuesday,2,1
3154,2026-03-26,13:50,J0167,Puerto Escarlata,Ranked,Umbra,43,7,3,4,Derrota,840,2026,3,Thursday,2,1
4788,2026-04-25,17:10,J0079,Desierto Neon,Casual,Magnus,13,5,7,8,Victoria,1260,2026,4,Saturday,1,1
8161,2026-06-18,18:37,J0017,Desierto Neon,Casual,Tesla;Koro,29,5,3,4,Victoria,1140,2026,6,Thursday,2,2
7770,2026-06-12,20:58,J0016,Estacion Orbital,Casual,Magnus;Umbra,21,10,3,3,Derrota,1090,2026,6,Friday,3,2
6327,2026-05-20,20:05,J0028,Desierto Neon,Casual,Tesla,29,6,10,4,Derrota,600,2026,5,Wednesday,1,1
9672,2026-07-11,05:49,J0009,Bosque Umbral,Casual,Nadia,11,5,5,2,Victoria,1000,2026,7,Saturday,1,1
2145,2026-03-06,19:10,J0039,Ciudadela,Casual,Magnus,19,6,4,4,Victoria,1220,2026,3,Friday,2,1
7540,2026-06-08,05:28,J0036,Estacion Orbital,Ranked,Tesla,42,2,9,3,Victoria,670,2026,6,Monday,0,1
6178,2026-05-18,15:20,J0109,Desierto Neon,Ranked,Lienzo,23,5,4,1,Victoria,970,2026,5,Monday,1,1
2375,2026-03-11,15:04,J0089,Estacion Orbital,Ranked,Lienzo;Tesla;Umbra,22,5,4,4,Victoria,1120,2026,3,Wednesday,1,3
2578,2026-03-15,12:43,J0138,Bosque Umbral,Casual,Magnus;Lienzo;Vex,20,7,4,3,Derrota,770,2026,3,Sunday,2,3
1633,2026-02-23,18:45,J0005,Ciudadela,Ranked,Nadia;Magnus,27,7,2,5,Derrota,910,2026,2,Monday,4,2
5172,2026-05-02,10:19,J0027,Bosque Umbral,Ranked,Lienzo;Brisa;Nadia,30,6,5,5,Victoria,1250,2026,5,Saturday,1,3
2299,2026-03-09,22:40,J0189,Canales de Hielo,Ranked,Tesla;Brisa,37,1,6,6,Derrota,280,2026,3,Monday,0,2
9297,2026-07-05,09:14,J0023,Puerto Escarlata,Torneo,Umbra,12,9,0,3,Victoria,1550,2026,7,Sunday,,1
157,2026-01-20,22:15,J0073,Ciudadela,Ranked,Nadia,34,4,4,3,Derrota,470,2026,1,Tuesday,1,1
9786,2026-07-12,16:14,J0036,Desierto Neon,Casual,,28,3,5,7,Derrota,550,2026,7,Sunday,1,0
7468,2026-06-07,20:42,J0034,Estacion Orbital,Casual,Umbra,12,9,3,2,Derrota,940,2026,6,Sunday,3,1
3350,2026-03-29,06:51,J0200,Bosque Umbral,Ranked,Vex,37,11,4,3,Victoria,1670,2026,3,Sunday,3,1
2880,2026-03-21,00:44,J0200,Canales de Hielo,Ranked,Umbra,28,7,2,5,Victoria,1410,2026,3,Saturday,4,1
3414,2026-03-30,19:47,J0122,Bosque Umbral,Casual,Koro,20,8,8,2,Victoria,1240,2026,3,Monday,1,1
9656,2026-07-11,17:40,J0004,Ciudadela,Casual,Koro,23,4,6,5,Victoria,1030,2026,7,Saturday,1,1
8073,2026-06-16,20:50,J0042,Desierto Neon,Casual,,21,3,9,2,Victoria,720,2026,6,Tuesday,0,0
5270,2026-05-03,23:29,J0074,Bosque Umbral,Ranked,Magnus,26,5,3,7,Victoria,1290,2026,5,Sunday,2,1
4280,2026-04-16,11:03,J0141,Bosque Umbral,Casual,Nadia;Tesla;Brisa,31,9,4,5,Victoria,1570,2026,4,Thursday,2,3
4448,2026-04-19,09:17,J0189,Puerto Escarlata,Casual,Vex,24,14,4,4,Victoria,2020,2026,4,Sunday,4,1
5610,2026-05-09,09:35,J0034,Puerto Escarlata,Casual,Magnus;Tesla,11,7,5,2,Derrota,700,2026,5,Saturday,1,2
3768,2026-04-07,13:46,J0152,Puerto Escarlata,Torneo,Umbra;Tesla;Koro,21,8,3,4,Victoria,1440,2026,4,Tuesday,3,3
6827,2026-05-28,15:36,J0034,Puerto Escarlata,Ranked,Umbra,41,3,2,6,Victoria,,2026,5,Thursday,2,1
9400,2026-07-07,20:17,J0016,Puerto Escarlata,Torneo,Magnus;Vex,32,11,7,4,Victoria,1660,2026,7,Tuesday,2,2
4882,2026-04-26,18:16,J0048,Estacion Orbital,Casual,Nadia,16,3,6,4,Victoria,,2026,4,Sunday,0,1
5754,2026-05-11,18:04,J0028,Puerto Escarlata,Torneo,Magnus;Tesla,32,6,4,3,Derrota,670,2026,5,Monday,2,2
2496,2026-03-13,20:52,J0014,Canales de Hielo,Ranked,Brisa,23,1,3,4,Derrota,240,2026,3,Friday,0,1
6828,2026-05-28,07:21,J0087,Canales de Hielo,Ranked,Nadia,45,16,5,3,Victoria,22,2026,5,Thursday,3,1
2373,2026-03-10,21:36,J0001,Desierto Neon,Casual,Lienzo;Tesla,14,4,7,4,Derrota,460,2026,3,Tuesday,1,2
6441,2026-05-22,16:13,J0084,Ciudadela,Casual,Magnus,12,9,5,1,Victoria,1350,2026,5,Friday,2,1
5663,2026-05-10,15:40,J0011,Bosque Umbral,Torneo,Koro;Umbra;Tesla,32,4,6,2,Derrota,380,2026,5,Sunday,1,3
3462,2026-03-31,16:02,J0179,Estacion Orbital,Casual,Lienzo;Umbra,24,5,7,4,Derrota,560,2026,3,Tuesday,1,2
6086,2026-05-17,23:46,J0183,Bosque Umbral,Casual,Lienzo;Koro;Nadia,28,5,2,5,Victoria,1210,2026,5,Sunday,2,3
5488,2026-05-07,18:20,J0100,Desierto Neon,Ranked,Umbra;Nadia,40,8,8,4,Derrota,840,2026,5,Thursday,1,2
8032,2026-06-16,14:19,J0046,Ciudadela,Casual,Lienzo;Vex;Magnus,28,14,3,8,Derrota,1740,2026,6,Tuesday,5,3
7245,2026-06-03,05:42,J0056,Desierto Neon,Casual,Tesla,12,2,6,5,Derrota,330,2026,6,Wednesday,0,1
5129,2026-05-01,12:25,J0002,Canales de Hielo,Ranked,Vex,26,9,4,0,Derrota,820,2026,5,Friday,2,1
4588,2026-04-22,18:06,J0200,Desierto Neon,Casual,Tesla,19,5,3,4,Derrota,640,2026,4,Wednesday,2,1
2551,2026-03-14,22:41,J0011,Estacion Orbital,Ranked,Koro,34,6,5,6,Victoria,1300,2026,3,Saturday,1,1
6378,2026-05-21,22:00,J0078,Bosque Umbral,Torneo,Umbra,13,7,4,2,Victoria,1220,2026,5,Thursday,2,1
848,2026-02-06,16:53,J0024,Canales de Hielo,Casual,Tesla,10,5,3,5,Derrota,690,2026,2,Friday,2,1
3345,2026-03-29,12:24,J0063,Ciudadela,Ranked,Lienzo,39,7,4,3,Derrota,770,2026,3,Sunday,2,1
939,2026-02-08,19:06,J0047,Canales de Hielo,Casual,Lienzo,26,12,8,5,Derrota,1290,2026,2,Sunday,2,1
4914,2026-04-27,20:50,J0084,Canales de Hielo,Casual,Brisa,10,6,3,0,Derrota,540,2026,4,Monday,2,1
8167,2026-06-18,18:59,J0200,Ciudadela,Casual,Nadia,28,7,4,1,Victoria,1170,2026,6,Thursday,2,1
9682,2026-07-11,22:00,J0037,Canales de Hielo,Ranked,Magnus,34,6,7,2,Victoria,1060,2026,7,Saturday,1,1
8679,2026-06-26,18:20,J0013,Canales de Hielo,Casual,Tesla,16,8,4,4,Derrota,920,2026,6,Friday,2,1
9084,2026-07-02,15:14,J0004,Bosque Umbral,Torneo,Nadia;Lienzo;Tesla,15,2,5,4,Derrota,300,2026,7,Thursday,0,3
9797,2026-07-12,22:01,J0059,Desierto Neon,Torneo,Brisa;Umbra,26,8,5,2,Derrota,800,2026,7,Sunday,2,2
757,2026-02-04,17:03,J0160,Canales de Hielo,Ranked,Nadia;Brisa,32,4,4,4,Derrota,520,2026,2,Wednesday,1,2
4837,2026-04-26,18:53,J0143,Desierto Neon,Casual,Nadia;Brisa,13,5,5,3,Victoria,1050,2026,4,Sunday,1,2
2645,2026-03-16,16:34,J0016,Estacion Orbital,Ranked,Nadia;Umbra,32,11,4,4,Victoria,1720,2026,3,Monday,3,2
4242,2026-04-16,17:53,J0031,Puerto Escarlata,Ranked,Koro;Umbra;Lienzo,28,8,3,6,Derrota,1040,2026,4,Thursday,3,3
4367,2026-04-18,20:42,J0072,Puerto Escarlata,Casual,Vex,30,7,6,2,Victoria,1180,2026,4,Saturday,1,1
3166,2026-03-26,16:17,J0001,Desierto Neon,Torneo,Nadia,22,2,2,1,Victoria,710,2026,3,Thursday,1,1
3640,2026-04-04,19:58,J0030,Desierto Neon,Casual,Koro;Tesla,28,10,6,6,Derrota,1180,2026,4,Saturday,2,2
7958,2026-06-15,15:53,J0035,Estacion Orbital,Ranked,Vex,33,8,4,6,Victoria,1520,2026,6,Monday,2,1
6614,2026-05-24,13:34,J0012,Estacion Orbital,Casual,Umbra,19,2,4,3,Victoria,770,2026,5,Sunday,0,1
6493,2026-05-22,22:39,J0076,Canales de Hielo,Ranked,,37,5,5,6,Victoria,1200,2026,5,Friday,1,0
4025,2026-04-11,10:29,J0200,Canales de Hielo,Torneo,Nadia;Vex,21,9,4,5,Victoria,1570,2026,4,Saturday,2,2
5910,2026-05-14,09:04,J0012,Estacion Orbital,Torneo,Nadia,12,7,7,2,Victoria,1160,2026,5,Thursday,1,1
2358,2026-03-10,04:01,J0035,Bosque Umbral,Casual,Brisa,16,6,4,8,Victoria,1420,2026,3,Tuesday,2,1
3419,2026-03-30,18:24,J0060,Ciudadela,Ranked,Brisa;Koro,36,4,2,1,Victoria,910,2026,3,Monday,2,2
9979,2026-07-14,20:10,J0018,Bosque Umbral,Casual,Magnus;Koro,21,3,4,5,Derrota,470,2026,7,Tuesday,1,2
2062,2026-03-04,20:24,J0002,Estacion Orbital,Ranked,Nadia;Tesla,23,5,4,4,Victoria,1120,2026,3,Wednesday,1,2
550,2026-01-29,08:04,J0062,Canales de Hielo,Casual,,15,1,4,3,Victoria,670,2026,1,Thursday,0,0
4377,2026-04-18,03:06,J0049,Canales de Hielo,Torneo,Koro,31,2,4,5,Derrota,370,2026,4,Saturday,0,1
2813,2026-03-20,20:37,J0042,Bosque Umbral,Ranked,Nadia,22,4,4,5,Derrota,570,2026,3,Friday,1,1
8846,2026-06-28,20:43,J0004,Ciudadela,Casual,Brisa,28,8,6,6,Victoria,1480,2026,6,Sunday,1,1
9066,2026-07-02,14:03,J0146,Ciudadela,Casual,Lienzo,15,3,4,0,Victoria,720,2026,7,Thursday,1,1
2550,2026-03-14,20:43,J0104,Estacion Orbital,Torneo,Vex,20,6,3,6,Derrota,840,2026,3,Saturday,2,1
6179,2026-05-18,16:45,J0061,Desierto Neon,Casual,Umbra,29,6,3,5,Derrota,,2026,5,Monday,2,1
3170,2026-03-26,14:07,J0046,Estacion Orbital,Ranked,Umbra,38,3,6,2,Derrota,280,2026,3,Thursday,0,1
8937,2026-06-30,01:07,J0097,Estacion Orbital,Ranked,Umbra;Nadia;Koro,26,6,1,5,Victoria,1330,2026,6,Tuesday,6,3
5832,2026-05-12,05:19,J0012,Desierto Neon,Ranked,Koro,32,2,8,2,Victoria,640,2026,5,Tuesday,0,1
4374,2026-04-18,11:05,J0003,Ciudadela,Casual,Nadia,25,5,6,3,Victoria,1030,2026,4,Saturday,1,1
1260,2026-02-15,21:11,J0143,Desierto Neon,Ranked,Tesla,27,4,5,6,Derrota,600,2026,2,Sunday,1,1
8012,2026-06-16,10:55,J0011,Ciudadela,Ranked,Magnus;Brisa,45,3,5,3,Derrota,350,2026,6,Tuesday,1,2
5154,2026-05-01,13:13,J0028,Ciudadela,Casual,Lienzo,8,1,2,4,Derrota,260,2026,5,Friday,0,1
8056,2026-06-16,12:28,J0014,Ciudadela,Casual,Brisa,13,3,2,4,Victoria,960,2026,6,Tuesday,2,1
1025,2026-02-10,16:19,J0042,Ciudadela,Torneo,Nadia,29,5,6,5,Derrota,630,2026,2,Tuesday,1,1
9220,2026-07-04,17:59,J0012,Ciudadela,Casual,Brisa;Koro,23,7,5,3,Victoria,1250,2026,7,Saturday,1,2
753,2026-02-04,23:25,J0200,Estacion Orbital,Ranked,Lienzo;Vex,31,9,1,4,Victoria,1580,2026,2,Wednesday,9,2
7041,2026-05-31,15:19,J0080,Bosque Umbral,Casual,Magnus,11,8,5,5,Victoria,,2026,5,Sunday,2,1
3856,2026-04-08,00:58,J0010,Estacion Orbital,Ranked,Magnus,32,8,4,2,Derrota,820,2026,4,Wednesday,2,1
5490,2026-05-07,21:23,J0090,Desierto Neon,Ranked,Umbra,42,5,10,2,Victoria,900,2026,5,Thursday,0,1
1952,2026-03-02,09:06,J0047,Estacion Orbital,Casual,Umbra,15,10,8,4,Victoria,1540,2026,3,Monday,1,1
7662,2026-06-10,19:47,J0073,Estacion Orbital,Ranked,Magnus,34,3,7,5,Victoria,910,2026,6,Wednesday,0,1
352,2026-01-25,19:39,J0200,Estacion Orbital,Casual,Umbra,24,5,6,3,Victoria,1030,2026,1,Sunday,1,1
1512,2026-02-21,15:25,J0133,Ciudadela,Casual,Lienzo;Tesla,13,8,5,6,Derrota,1000,2026,2,Saturday,2,2
5010,2026-04-29,06:55,J0200,Canales de Hielo,Ranked,Lienzo;Vex,25,13,3,6,,1540,2026,4,Wednesday,4,2
4550,2026-04-21,20:04,J0011,Estacion Orbital,Casual,Vex;Umbra,16,6,5,7,Victoria,1250,2026,4,Tuesday,1,2
7083,2026-06-01,19:07,J0037,Canales de Hielo,Ranked,Nadia;Brisa;Koro,40,7,5,5,Derrota,850,2026,6,Monday,1,3
8202,2026-06-18,11:16,J0024,Puerto Escarlata,Ranked,Koro;Tesla,44,7,3,0,Victoria,1140,2026,6,Thursday,2,2
702,2026-02-02,18:12,J0109,Canales de Hielo,Casual,Vex;Nadia,16,7,7,4,Victoria,1260,2026,2,Monday,1,2
4342,2026-04-18,16:23,J0032,Canales de Hielo,Ranked,Magnus,40,5,8,5,Derrota,590,2026,4,Saturday,1,1
3663,2026-04-05,19:21,J0040,Desierto Neon,Casual,Magnus,26,9,10,8,Victoria,1600,2026,4,Sunday,1,1
5782,2026-05-11,10:46,J0076,Bosque Umbral,Casual,Vex,11,7,5,3,Victoria,1250,2026,5,Monday,1,1
4657,2026-04-23,23:58,J0081,Bosque Umbral,Ranked,Umbra,32,2,6,2,Victoria,680,2026,4,Thursday,0,1
562,2026-01-30,10:33,J0141,Bosque Umbral,Torneo,Lienzo,25,7,3,0,Derrota,640,2026,1,Friday,2,1
2319,2026-03-09,15:47,J0186,Bosque Umbral,Ranked,Magnus,26,6,7,5,Victoria,1210,2026,3,Monday,1,1
3099,2026-03-25,12:37,J0029,Desierto Neon,Ranked,Vex,33,4,4,2,Victoria,920,2026,3,Wednesday,1,1
3945,2026-04-10,12:23,J0119,Bosque Umbral,Casual,Lienzo,31,12,5,5,Victoria,1850,2026,4,Friday,2,1
3151,2026-03-25,17:50,J0023,Canales de Hielo,Torneo,Koro,10,6,3,6,Derrota,,2026,3,Wednesday,2,1
5707,2026-05-10,20:07,J0038,Bosque Umbral,Casual,Vex;Umbra,24,6,4,3,Derrota,670,2026,5,Sunday,2,2
4380,2026-04-18,14:58,J0057,Estacion Orbital,Casual,Lienzo,29,3,4,4,Derrota,420,2026,4,Saturday,1,1
8523,2026-06-23,03:17,J0189,Bosque Umbral,Torneo,Koro,27,9,4,1,Victoria,1370,2026,6,Tuesday,2,1
3574,2026-04-03,14:46,J0056,Bosque Umbral,Casual,,21,1,6,2,Victoria,580,2026,4,Friday,0,0
4711,2026-04-24,20:51,J0038,Ciudadela,Casual,Vex;Nadia,8,11,4,3,Derrota,1170,2026,4,Friday,3,2
5677,2026-05-10,20:14,J0128,Desierto Neon,Casual,,29,10,2,3,Derrota,1110,2026,5,Sunday,5,0
6396,2026-05-21,11:40,J0075,Puerto Escarlata,Ranked,Lienzo,35,7,4,4,Victoria,1320,2026,5,Thursday,2,1
7529,2026-06-08,14:25,J0064,Bosque Umbral,Ranked,Magnus;Lienzo,41,1,7,1,Victoria,510,2026,6,Monday,0,2
1048,2026-02-11,20:53,J0052,Desierto Neon,Casual,Lienzo;Vex,27,5,6,7,,1230,2026,2,Wednesday,1,2
2940,2026-03-22,12:34,J0101,Bosque Umbral,Ranked,Tesla;Umbra;Magnus,34,6,4,5,Victoria,1270,2026,3,Sunday,2,3
1809,2026-02-27,17:19,J0167,Puerto Escarlata,Casual,Magnus,20,6,4,6,Derrota,820,2026,2,Friday,2,1
3167,2026-03-26,19:09,J0085,Desierto Neon,Ranked,Magnus;Nadia,39,7,2,5,Derrota,910,2026,3,Thursday,4,2
415,2026-01-26,19:19,J0069,Puerto Escarlata,Casual,Nadia,25,3,4,0,Victoria,720,2026,1,Monday,1,1
1341,2026-02-17,01:54,J0046,Ciudadela,Torneo,Magnus;Tesla,24,5,5,1,Derrota,450,2026,2,Tuesday,1,2
9442,2026-07-07,20:25,J0007,Canales de Hielo,Casual,Brisa;Lienzo,14,5,5,5,Derrota,650,2026,7,Tuesday,1,2
7033,2026-05-31,20:03,J0033,Canales de Hielo,Casual,Umbra,28,13,4,4,,1920,2026,5,Sunday,3,1
5152,2026-05-01,21:41,J0039,Puerto Escarlata,Casual,Tesla,24,11,4,2,Derrota,,2026,5,Friday,3,1
4719,2026-04-24,20:55,J0124,Canales de Hielo,Torneo,Lienzo;Tesla,31,4,2,5,,,2026,4,Friday,2,2
4695,2026-04-24,19:18,J0200,Canales de Hielo,Ranked,Magnus;Vex,37,15,4,3,Victoria,2070,2026,4,Friday,4,2
7494,2026-06-07,18:58,J0036,Desierto Neon,Ranked,Umbra;Vex,29,5,3,8,Victoria,1340,2026,6,Sunday,2,2
1470,2026-02-20,21:07,J0028,Canales de Hielo,Casual,Brisa;Nadia;Vex,27,11,5,5,Derrota,1250,2026,2,Friday,2,3
1711,2026-02-25,12:24,J0100,Estacion Orbital,Ranked,Lienzo,28,4,5,3,Victoria,950,2026,2,Wednesday,1,1
9634,2026-07-10,13:17,J0003,Bosque Umbral,Casual,Brisa,13,6,9,4,Victoria,1120,2026,7,Friday,1,1
9870,2026-07-13,04:39,J0033,Ciudadela,Casual,Brisa;Umbra,15,9,3,4,Derrota,1040,2026,7,Monday,3,2
2272,2026-03-08,17:30,J0028,Ciudadela,Ranked,Umbra,45,9,3,3,Derrota,990,2026,3,Sunday,3,1
1584,2026-02-22,17:51,J0042,Canales de Hielo,Ranked,Lienzo;Koro;Nadia,24,8,5,6,Victoria,1500,2026,2,Sunday,2,3
1413,2026-02-19,21:57,J0006,Canales de Hielo,Casual,Tesla;Lienzo,21,16,7,3,Derrota,1610,2026,2,Thursday,2,2
4191,2026-04-14,13:50,J0200,Desierto Neon,Casual,Vex,28,14,4,4,Victoria,2020,2026,4,Tuesday,4,1
8815,2026-06-28,18:39,J0122,Bosque Umbral,Casual,Nadia;Brisa,19,4,7,4,Victoria,960,2026,6,Sunday,1,2
7782,2026-06-12,00:34,J0073,Puerto Escarlata,Casual,Nadia,15,2,5,6,Victoria,900,2026,6,Friday,0,1
6811,2026-05-27,23:57,J0016,Puerto Escarlata,Ranked,Magnus;Nadia,25,5,4,1,Derrota,470,2026,5,Wednesday,1,2
1723,2026-02-25,03:08,J0005,Ciudadela,Ranked,Koro;Lienzo;Brisa,45,3,4,4,Victoria,920,2026,2,Wednesday,1,3
2025,2026-03-04,11:19,J0016,Bosque Umbral,Casual,Tesla,16,3,2,2,Derrota,360,2026,3,Wednesday,2,1
2213,2026-03-07,18:06,J0031,Bosque Umbral,Ranked,Nadia;Vex;Brisa,27,11,7,4,Victoria,1660,2026,3,Saturday,2,3
1508,2026-02-21,21:42,J0006,Canales de Hielo,Casual,Lienzo,10,7,7,1,Victoria,1110,2026,2,Saturday,1,1
2623,2026-03-15,23:16,J0032,Canales de Hielo,Torneo,Vex;Tesla,26,10,9,6,Derrota,1120,2026,3,Sunday,1,2
5387,2026-05-05,22:12,J0105,Puerto Escarlata,Ranked,Nadia,22,6,4,6,Victoria,1720,2026,5,Tuesday,2,1
9199,2026-07-04,12:18,J0123,Estacion Orbital,Casual,Vex;Umbra,32,9,4,6,Victoria,1620,2026,7,Saturday,2,2
1322,2026-02-17,22:15,J0113,Canales de Hielo,Casual,Umbra,11,6,7,1,Derrota,510,2026,2,Tuesday,1,1
843,2026-02-06,09:36,J0035,Puerto Escarlata,Ranked,Tesla;Vex,42,6,6,2,Victoria,1480,2026,2,Friday,1,2
1147,2026-02-13,21:15,J0004,Estacion Orbital,Casual,Lienzo,18,7,5,2,Victoria,1200,2026,2,Friday,1,1
3625,2026-04-04,20:04,J0088,Bosque Umbral,Ranked,Koro;Lienzo;Tesla,32,9,8,3,Victoria,1390,2026,4,Saturday,1,3
9568,2026-07-09,22:41,J0005,Bosque Umbral,Ranked,Tesla;Nadia,22,6,5,4,Derrota,700,2026,7,Thursday,1,2
4293,2026-04-17,21:18,J0007,Bosque Umbral,Torneo,Brisa,29,8,4,4,Derrota,920,2026,4,Friday,2,1
9057,2026-07-01,00:44,J0135,Puerto Escarlata,Ranked,Magnus,30,14,7,1,Derrota,1310,2026,7,Wednesday,2,1
4767,2026-04-25,05:33,J0003,Canales de Hielo,Ranked,Magnus,44,7,7,5,Derrota,810,2026,4,Saturday,1,1
464,2026-01-27,17:28,J0038,Ciudadela,Casual,Brisa,16,1,5,1,Victoria,550,2026,1,Tuesday,0,1
1755,2026-02-26,23:41,J0106,Bosque Umbral,Casual,Vex,14,15,7,2,Victoria,1960,2026,2,Thursday,2,1
8883,2026-06-29,22:28,J0200,Puerto Escarlata,Ranked,Magnus,35,4,2,3,Derrota,510,2026,6,Monday,2,1
4672,2026-04-23,18:47,J0049,Canales de Hielo,Casual,Koro,31,2,5,10,Victoria,1100,2026,4,Thursday,0,1
9533,2026-07-09,17:15,J0200,Puerto Escarlata,Casual,Magnus,14,8,3,6,Derrota,1040,2026,7,Thursday,3,1
4485,2026-04-20,21:52,J0140,Desierto Neon,Casual,Nadia,22,8,3,3,Derrota,890,2026,4,Monday,3,1
7526,2026-06-08,22:55,J0019,Ciudadela,Ranked,Umbra,31,5,5,4,Victoria,1100,2026,6,Monday,1,1
4116,2026-04-13,07:15,J0117,Desierto Neon,Torneo,Nadia;Brisa,32,9,4,3,Derrota,970,2026,4,Monday,2,2
6432,2026-05-21,20:58,J0074,Puerto Escarlata,Casual,Vex,32,4,5,4,Victoria,1000,2026,5,Thursday,1,1
379,2026-01-25,20:18,J0084,Canales de Hielo,Casual,Lienzo,24,4,11,3,Victoria,830,2026,1,Sunday,0,1
3107,2026-03-25,20:05,J0121,Canales de Hielo,Casual,Umbra,9,3,7,5,Victoria,910,2026,3,Wednesday,0,1
8281,2026-06-20,13:01,J0104,Puerto Escarlata,Casual,Magnus,24,7,0,1,Derrota,750,2026,6,Saturday,,1
1336,2026-02-17,20:09,J0028,Estacion Orbital,Ranked,Nadia;Koro,34,7,6,3,,1230,2026,2,Tuesday,1,2
1224,2026-02-15,19:08,J0003,Puerto Escarlata,Ranked,Lienzo;Brisa,37,5,3,4,Derrota,640,2026,2,Sunday,2,2
8705,2026-06-27,16:05,J0025,Ciudadela,Casual,Koro,23,3,2,6,Derrota,560,2026,6,Saturday,2,1
2717,2026-03-17,07:58,J0030,Ciudadela,Casual,Koro;Umbra;Lienzo,12,6,6,4,Victoria,1180,2026,3,Tuesday,1,3
5363,2026-05-05,21:10,J0015,Bosque Umbral,Ranked,Nadia;Brisa,42,11,3,5,Victoria,1790,2026,5,Tuesday,4,2
2953,2026-03-22,06:59,J0060,Desierto Neon,Casual,Magnus,14,4,5,2,Derrota,400,2026,3,Sunday,1,1
1351,2026-02-18,20:42,J0022,Estacion Orbital,Ranked,Magnus,43,6,2,3,Victoria,1210,2026,2,Wednesday,3,1
1083,2026-02-11,07:03,J0003,Estacion Orbital,Ranked,,42,3,2,2,Derrota,360,2026,2,Wednesday,2,0
9029,2026-07-01,00:04,J0200,Ciudadela,Casual,Lienzo,14,10,6,5,Victoria,1630,2026,7,Wednesday,2,1
5522,2026-05-08,19:13,J0200,Estacion Orbital,Ranked,Vex,26,8,6,4,Victoria,1380,2026,5,Friday,1,1
9684,2026-07-11,00:29,J0112,Desierto Neon,Ranked,Magnus,33,4,1,3,Victoria,1030,2026,7,Saturday,4,1
1812,2026-02-27,10:30,J0039,Desierto Neon,Casual,Vex,20,12,8,3,Derrota,1190,2026,2,Friday,2,1
4943,2026-04-28,20:11,J0095,Canales de Hielo,Ranked,Koro;Vex,31,14,8,6,Victoria,2040,2026,4,Tuesday,2,2
1352,2026-02-18,18:21,J0114,Estacion Orbital,Ranked,Nadia,33,3,2,9,Victoria,1210,2026,2,Wednesday,2,1
7631,2026-06-09,11:30,J0104,Puerto Escarlata,Casual,Lienzo,19,8,7,3,Victoria,1310,2026,6,Tuesday,1,1
8921,2026-06-29,16:45,J0200,Desierto Neon,Ranked,Lienzo;Nadia,26,4,6,8,Derrota,680,2026,6,Monday,1,2
1895,2026-03-01,15:18,J0158,Desierto Neon,Ranked,Magnus;Nadia;Tesla,22,10,4,4,Derrota,1120,2026,3,Sunday,2,3
6757,2026-05-26,07:15,J0032,Canales de Hielo,Ranked,Brisa;Umbra;Nadia,44,6,5,3,Victoria,1250,2026,5,Tuesday,1,3
566,2026-01-30,17:41,J0049,Canales de Hielo,Casual,Koro,17,3,4,7,Victoria,1070,2026,1,Friday,1,1
4477,2026-04-20,23:09,J0008,Desierto Neon,Ranked,Tesla,31,6,4,3,Derrota,270,2026,4,Monday,2,1
5771,2026-05-11,01:50,J0030,Canales de Hielo,Casual,Umbra,28,8,3,4,Victoria,1440,2026,5,Monday,3,1
3674,2026-04-05,03:39,J0063,Puerto Escarlata,Casual,Tesla;Umbra,16,10,6,3,Victoria,1530,2026,4,Sunday,2,2
6572,2026-05-23,18:05,J0063,Ciudadela,Ranked,Magnus;Vex;Brisa,44,8,2,8,Derrota,1160,2026,5,Saturday,4,3
9281,2026-07-05,13:52,J0025,Desierto Neon,Ranked,Vex;Koro,32,9,4,2,Victoria,1420,2026,7,Sunday,2,2
1213,2026-02-14,12:49,J0025,Canales de Hielo,Casual,Brisa;Koro;Magnus,14,5,3,5,Derrota,690,2026,2,Saturday,2,3
1190,2026-02-14,09:29,J0195,Estacion Orbital,Ranked,Umbra,39,9,4,1,Victoria,1370,2026,2,Saturday,2,1
9111,2026-07-03,20:39,J0018,Canales de Hielo,Ranked,Koro;Vex,32,6,5,3,Victoria,1150,2026,7,Friday,1,2
899,2026-02-07,18:42,J0012,Ciudadela,Casual,Tesla;Brisa;Koro,17,4,6,2,Derrota,380,2026,2,Saturday,1,3
4787,2026-04-25,21:44,J0195,Canales de Hielo,Ranked,Tesla,43,6,4,4,Derrota,720,2026,4,Saturday,2,1
7496,2026-06-07,12:48,J0016,Puerto Escarlata,Ranked,Lienzo,44,6,6,2,Victoria,980,2026,6,Sunday,1,1
4688,2026-04-24,13:57,J0111,Ciudadela,Ranked,,27,2,3,4,Derrota,340,2026,4,Friday,1,0
8966,2026-06-30,19:50,J0045,Bosque Umbral,Ranked,Umbra,43,4,2,3,Derrota,510,2026,6,Tuesday,2,1
3455,2026-03-31,19:13,J0021,Puerto Escarlata,Casual,Vex,16,12,4,1,Victoria,1670,2026,3,Tuesday,3,1
3610,2026-04-04,18:30,J0032,Ciudadela,Ranked,Tesla;Vex,39,8,4,4,,1420,2026,4,Saturday,2,2
5376,2026-05-05,07:10,J0057,Ciudadela,Ranked,Lienzo,26,7,3,5,Derrota,890,2026,5,Tuesday,2,1
8834,2026-06-28,21:19,J0037,Canales de Hielo,Torneo,Umbra,14,3,3,7,Derrota,590,2026,6,Sunday,1,1
9751,2026-07-12,19:42,J0088,Canales de Hielo,Casual,,10,7,7,2,Victoria,1160,2026,7,Sunday,1,0
8295,2026-06-20,14:50,J0027,Ciudadela,Torneo,Magnus,20,7,2,4,Victoria,1360,2026,6,Saturday,4,1
5903,2026-05-13,20:15,J0048,Estacion Orbital,Ranked,Nadia,42,6,2,7,Derrota,510,2026,5,Wednesday,3,1
5820,2026-05-12,16:14,J0039,Ciudadela,Ranked,Vex,30,10,7,3,,1510,2026,5,Tuesday,1,1
4085,2026-04-12,17:24,J0038,Ciudadela,Casual,Koro,31,3,10,8,,500,2026,4,Sunday,0,1
2333,2026-03-10,19:21,J0017,Puerto Escarlata,Torneo,Umbra;Tesla,29,6,6,1,Derrota,530,2026,3,Tuesday,1,2
6129,2026-05-17,03:04,J0027,Ciudadela,Ranked,Vex,24,11,6,5,Derrota,1230,2026,5,Sunday,2,1
2263,2026-03-08,17:38,J0200,Puerto Escarlata,Casual,Koro,13,9,11,3,Victoria,1330,2026,3,Sunday,1,1
6897,2026-05-29,07:39,J0008,Desierto Neon,Casual,Umbra;Nadia,21,3,6,6,Derrota,480,2026,5,Friday,0,2
5883,2026-05-13,21:11,J0027,Ciudadela,Casual,Brisa,24,2,7,3,Victoria,710,2026,5,Wednesday,0,1
2596,2026-03-15,12:08,J0133,Ciudadela,Ranked,Magnus,43,3,3,6,Derrota,540,2026,3,Sunday,1,1
7326,2026-06-05,18:31,J0046,Estacion Orbital,Torneo,Tesla,11,2,6,5,Derrota,330,2026,6,Friday,0,1
3594,2026-04-04,22:43,J0087,Estacion Orbital,Casual,Koro,14,6,6,5,Victoria,1230,2026,4,Saturday,1,1
5310,2026-05-04,20:32,J0200,Desierto Neon,Ranked,Magnus,45,7,8,1,Derrota,590,2026,5,Monday,1,1
1031,2026-02-10,19:54,J0055,Bosque Umbral,Ranked,Koro;Nadia,27,1,4,3,Victoria,670,2026,2,Tuesday,0,2
4723,2026-04-24,18:54,J0177,Canales de Hielo,Ranked,Magnus;Vex,34,10,4,2,Victoria,1520,2026,4,Friday,2,2
7225,2026-06-03,16:13,J0029,Estacion Orbital,Casual,Magnus,22,1,9,5,Victoria,670,2026,6,Wednesday,0,1
3775,2026-04-07,17:36,J0200,Estacion Orbital,Casual,Magnus;Umbra,25,8,8,4,Victoria,1340,2026,4,Tuesday,1,2
7701,2026-06-11,18:55,J0014,Canales de Hielo,Torneo,Brisa;Lienzo,26,4,7,2,Derrota,360,2026,6,Thursday,1,2
7455,2026-06-06,09:39,J0026,Canales de Hielo,Casual,Vex,26,4,7,4,Victoria,960,2026,6,Saturday,1,1
5834,2026-05-12,21:17,J0052,Estacion Orbital,Casual,Vex;Koro,9,9,4,7,Derrota,1170,2026,5,Tuesday,2,2
5475,2026-05-07,17:45,J0200,Desierto Neon,Ranked,Umbra,33,6,5,6,Derrota,800,2026,5,Thursday,1,1
6858,2026-05-28,23:23,J0066,Ciudadela,Casual,Vex;Brisa,26,8,2,4,Derrota,960,2026,5,Thursday,4,2
1756,2026-02-26,19:44,J0030,Bosque Umbral,Casual,Brisa,30,4,5,4,Victoria,1000,2026,2,Thursday,1,1
6174,2026-05-18,17:08,J0079,Canales de Hielo,Ranked,Nadia,45,5,8,5,Victoria,1090,2026,5,Monday,1,1
8586,2026-06-25,07:02,J0200,Desierto Neon,Ranked,Brisa;Vex,36,12,6,4,Derrota,1280,2026,6,Thursday,2,2
4801,2026-04-25,16:13,J0077,Ciudadela,Ranked,Tesla,25,5,5,5,Derrota,650,2026,4,Saturday,1,1
232,2026-01-22,22:59,J0027,Bosque Umbral,Casual,Nadia,16,4,4,2,Victoria,920,2026,1,Thursday,1,1
8091,2026-06-17,07:04,J0001,Estacion Orbital,Casual,Nadia,30,4,4,6,,1120,2026,6,Wednesday,1,1
111,2026-01-18,01:08,J0034,Ciudadela,Torneo,Umbra,16,9,5,3,Derrota,950,2026,1,Sunday,2,1
7353,2026-06-05,18:34,J0054,Bosque Umbral,Casual,Tesla,8,6,4,5,Victoria,1270,2026,6,Friday,2,1
6826,2026-05-28,04:25,J0200,Estacion Orbital,Casual,Lienzo;Umbra;Brisa,32,11,6,3,Victoria,1630,2026,5,Thursday,2,3
2515,2026-03-14,21:42,J0200,Ciudadela,Ranked,Umbra;Brisa;Koro,25,3,8,5,Victoria,890,2026,3,Saturday,0,3
6066,2026-05-16,20:03,J0008,Canales de Hielo,Casual,Umbra,31,5,3,5,Victoria,1190,2026,5,Saturday,2,1
4360,2026-04-18,14:32,J0200,Bosque Umbral,Ranked,Magnus;Umbra,34,8,3,6,Victoria,1540,2026,4,Saturday,3,2
8786,2026-06-27,15:20,J0129,Bosque Umbral,Ranked,Lienzo,41,8,4,6,Victoria,1520,2026,6,Saturday,2,1
2918,2026-03-21,18:29,J0038,Bosque Umbral,Casual,Koro,28,5,6,4,Derrota,580,2026,3,Saturday,1,1
8728,2026-06-27,01:41,J0010,Canales de Hielo,Ranked,Umbra,26,7,6,5,Victoria,1330,2026,6,Saturday,1,1
2993,2026-03-22,12:19,J0085,Desierto Neon,Casual,Nadia,20,7,5,1,Derrota,650,2026,3,Sunday,1,1
2318,2026-03-09,18:38,J0077,Canales de Hielo,Casual,,24,3,6,2,,280,2026,3,Monday,0,0
6081,2026-05-16,08:57,J0041,Bosque Umbral,Casual,Vex;Nadia;Brisa,30,3,10,6,Victoria,900,2026,5,Saturday,0,3
4373,2026-04-18,08:20,J0036,Estacion Orbital,Ranked,Magnus;Umbra;Tesla,26,5,4,3,Victoria,1070,2026,4,Saturday,1,3
8402,2026-06-22,14:35,J0055,Estacion Orbital,Casual,Tesla;Vex,27,3,5,3,Victoria,850,2026,6,Monday,1,2
1516,2026-02-21,19:34,J0084,Puerto Escarlata,Ranked,,29,12,3,2,Victoria,1740,2026,2,Saturday,4,0
217,2026-01-21,20:40,J0131,Puerto Escarlata,Casual,Koro;Magnus,29,7,4,4,Derrota,820,2026,1,Wednesday,2,2
9284,2026-07-05,14:02,J0081,Bosque Umbral,Casual,Tesla,27,4,7,3,Derrota,410,2026,7,Sunday,1,1
9132,2026-07-03,23:01,J0001,Ciudadela,Casual,Vex,25,11,3,3,Victoria,1690,2026,7,Friday,4,1
8483,2026-06-23,07:03,J0114,Ciudadela,Casual,Umbra;Brisa,31,2,3,2,Derrota,240,2026,6,Tuesday,1,2
2264,2026-03-08,12:14,J0022,Desierto Neon,Ranked,Tesla;Vex,30,7,7,4,Derrota,760,2026,3,Sunday,1,2
5423,2026-05-06,01:20,J0001,Ciudadela,Casual,Umbra;Magnus,27,4,1,1,Victoria,930,2026,5,Wednesday,4,2
8452,2026-06-22,18:48,J0048,Estacion Orbital,Casual,,24,5,8,4,Derrota,540,2026,6,Monday,1,0
8565,2026-06-24,13:01,J0200,Ciudadela,Ranked,Vex,31,10,4,4,Derrota,1120,2026,6,Wednesday,2,1
6119,2026-05-17,09:30,J0001,Puerto Escarlata,Casual,Brisa,12,8,2,5,Victoria,1510,2026,5,Sunday,4,1
894,2026-02-07,18:46,J0038,Estacion Orbital,Ranked,Tesla,23,3,0,3,Derrota,450,2026,2,Saturday,,1
1491,2026-02-21,16:29,J0089,Desierto Neon,Ranked,Lienzo,41,6,2,3,Derrota,710,2026,2,Saturday,3,1
3004,2026-03-23,18:00,J0034,Estacion Orbital,Ranked,Lienzo,25,11,1,7,Victoria,1930,2026,3,Monday,11,1
1851,2026-02-28,23:42,J0030,Puerto Escarlata,Ranked,Magnus,22,6,3,5,Derrota,790,2026,2,Saturday,2,1
5293,2026-05-03,20:55,J0053,Desierto Neon,Casual,Umbra;Tesla,15,3,2,2,Derrota,360,2026,5,Sunday,2,2
7502,2026-06-07,20:08,J0050,Ciudadela,Ranked,Umbra,29,2,8,2,Derrota,140,2026,6,Sunday,0,1
325,2026-01-24,23:39,J0017,Bosque Umbral,Torneo,Vex,16,9,4,6,Victoria,1620,2026,1,Saturday,2,1
1216,2026-02-14,22:33,J0004,Ciudadela,Casual,Tesla,23,4,0,5,Victoria,1150,2026,2,Saturday,,1
2900,2026-03-21,20:36,J0020,Bosque Umbral,Ranked,Magnus,27,8,4,5,Victoria,1470,2026,3,Saturday,2,1
2934,2026-03-22,12:10,J0039,Desierto Neon,Ranked,Koro;Brisa;Umbra,28,10,1,7,Derrota,1330,2026,3,Sunday,10,3
3659,2026-04-05,18:31,J0026,Ciudadela,Ranked,Umbra,41,2,2,2,Victoria,760,2026,4,Sunday,1,1
8210,2026-06-19,05:50,J0021,Ciudadela,Ranked,Vex,26,4,3,3,Derrota,490,2026,6,Friday,1,1
6791,2026-05-27,23:50,J0010,Bosque Umbral,Casual,Koro,26,4,5,4,Derrota,500,2026,5,Wednesday,1,1
6410,2026-05-21,19:07,J0016,Estacion Orbital,Ranked,Tesla,40,4,6,3,Victoria,930,2026,5,Thursday,1,1
8655,2026-06-26,12:24,J0076,Desierto Neon,Ranked,Lienzo;Umbra;Nadia,36,7,5,4,Derrota,800,2026,6,Friday,1,3
7820,2026-06-13,13:17,J0003,Ciudadela,Casual,Vex;Magnus,15,1,5,7,Derrota,350,2026,6,Saturday,0,2
9798,2026-07-12,17:25,J0155,Ciudadela,Casual,Nadia,23,3,4,1,Derrota,270,2026,7,Sunday,1,1
1130,2026-02-12,19:58,J0055,Canales de Hielo,Ranked,Nadia,35,1,6,3,Derrota,130,2026,2,Thursday,0,1
5280,2026-05-03,12:45,J0041,Desierto Neon,Casual,Lienzo,24,2,8,6,Victoria,840,2026,5,Sunday,0,1
2919,2026-03-21,15:54,J0016,Puerto Escarlata,Casual,,11,4,7,3,Victoria,910,2026,3,Saturday,1,0
4054,2026-04-12,00:58,J0011,Bosque Umbral,Casual,Tesla,12,7,4,7,Derrota,970,2026,4,Sunday,2,1
8082,2026-06-17,17:04,J0200,Puerto Escarlata,Ranked,Nadia,29,7,2,6,Derrota,960,2026,6,Wednesday,4,1
6626,2026-05-24,17:45,J0034,Desierto Neon,Casual,Umbra,26,4,2,1,Derrota,410,2026,5,Sunday,2,1
5013,2026-04-29,20:54,J0011,Ciudadela,Casual,Vex;Nadia,26,8,6,4,,1380,2026,4,Wednesday,1,2
209,2026-01-21,16:26,J0052,Puerto Escarlata,Casual,Vex,31,5,8,5,Victoria,1090,2026,1,Wednesday,1,1
3255,2026-03-28,23:47,J0005,Canales de Hielo,Ranked,Tesla,24,11,3,2,Derrota,1140,2026,3,Saturday,4,1
2796,2026-03-19,07:21,J0118,Estacion Orbital,Casual,Brisa;Magnus,10,8,4,6,Derrota,1020,2026,3,Thursday,2,2
5584,2026-05-09,17:04,J0055,Canales de Hielo,Casual,Koro;Lienzo;Tesla,18,4,8,4,Derrota,440,2026,5,Saturday,0,3
5959,2026-05-14,17:08,J0007,Ciudadela,Casual,Magnus,17,2,7,2,Victoria,660,2026,5,Thursday,0,1
799,2026-02-05,17:29,J0028,Estacion Orbital,Casual,Magnus;Nadia;Umbra,22,3,4,5,Derrota,470,2026,2,Thursday,1,3
9176,2026-07-04,18:00,J0014,Estacion Orbital,Torneo,Vex,16,10,9,3,Victoria,1470,2026,7,Saturday,1,1
735,2026-02-03,19:50,J0043,Estacion Orbital,Casual,Brisa,11,5,4,7,Victoria,1270,2026,2,Tuesday,1,1
2245,2026-03-08,09:52,J0009,Desierto Neon,Ranked,Nadia;Brisa;Magnus,39,2,5,7,Victoria,950,2026,3,Sunday,0,3
179,2026-01-20,22:08,J0053,Estacion Orbital,Casual,Tesla,27,4,4,3,Victoria,970,2026,1,Tuesday,1,1
7591,2026-06-09,19:12,J0051,Puerto Escarlata,Casual,Koro;Umbra,12,6,5,3,Victoria,1150,2026,6,Tuesday,1,2
7132,2026-06-01,19:56,J0048,Bosque Umbral,Casual,Lienzo,17,6,2,8,Derrota,960,2026,6,Monday,3,1
1175,2026-02-14,20:40,J0113,Bosque Umbral,Casual,Brisa;Magnus,9,2,7,4,Derrota,260,2026,2,Saturday,0,2
5020,2026-04-29,22:22,J0010,Puerto Escarlata,Ranked,Brisa,39,9,5,2,Derrota,,2026,4,Wednesday,2,1
6760,2026-05-26,19:42,J0066,Bosque Umbral,Ranked,Koro;Brisa,32,12,6,6,Derrota,1380,2026,5,Tuesday,2,2
5951,2026-05-14,19:07,J0056,Desierto Neon,Casual,Nadia;Magnus,21,6,3,6,Victoria,1340,2026,5,Thursday,2,2
1832,2026-02-28,06:27,J0154,Puerto Escarlata,Ranked,Koro;Vex,42,6,5,5,Victoria,850,2026,2,Saturday,1,2
9661,2026-07-11,20:11,J0067,Desierto Neon,Ranked,Umbra,35,2,5,5,Derrota,350,2026,7,Saturday,0,1
9061,2026-07-01,20:03,J0069,Bosque Umbral,Ranked,Umbra,25,3,2,2,Derrota,360,2026,7,Wednesday,2,1
8031,2026-06-16,20:10,J0121,Puerto Escarlata,Ranked,Umbra,24,3,4,2,Victoria,820,2026,6,Tuesday,1,1
7769,2026-06-12,09:19,J0044,Desierto Neon,Torneo,Vex,31,11,5,2,Victoria,1600,2026,6,Friday,2,1
7394,2026-06-06,20:00,J0037,Estacion Orbital,Ranked,Tesla;Umbra,29,4,3,3,Victoria,990,2026,6,Saturday,1,2
8168,2026-06-18,08:54,J0092,Canales de Hielo,Casual,Vex;Magnus,30,10,5,7,Victoria,1750,2026,6,Thursday,2,2
199,2026-01-21,20:30,J0019,Estacion Orbital,Ranked,Magnus;Nadia,34,2,4,1,Derrota,170,2026,1,Wednesday,0,2
8063,2026-06-16,18:05,J0135,Canales de Hielo,Ranked,Magnus,34,8,4,1,Derrota,770,2026,6,Tuesday,2,1
5791,2026-05-11,20:17,J0018,Bosque Umbral,Casual,Vex,15,10,5,5,Victoria,1650,2026,5,Monday,2,1
9355,2026-07-06,05:15,J0010,Ciudadela,Ranked,Nadia,40,7,5,2,,1200,2026,7,Monday,1,1
1098,2026-02-11,21:31,J0027,Puerto Escarlata,Ranked,Vex;Umbra,36,9,5,7,Victoria,1650,2026,2,Wednesday,2,2
549,2026-01-29,20:00,J0079,Estacion Orbital,Casual,Brisa,14,7,3,5,Victoria,1390,2026,1,Thursday,2,1
7031,2026-05-31,17:25,J0042,Ciudadela,Casual,Vex,24,8,6,10,Victoria,1680,2026,5,Sunday,1,1
4899,2026-04-27,22:12,J0080,Estacion Orbital,Ranked,Tesla,42,7,3,3,Victoria,1290,2026,4,Monday,2,1
5130,2026-05-01,12:21,J0045,Desierto Neon,Casual,Koro,12,6,8,4,Derrota,640,2026,5,Friday,1,1
6425,2026-05-21,21:33,J0076,Desierto Neon,Torneo,Magnus,24,5,5,7,Derrota,750,2026,5,Thursday,1,1
4475,2026-04-20,22:22,J0162,Estacion Orbital,Casual,Vex,24,10,5,1,Derrota,950,2026,4,Monday,2,1
3370,2026-03-30,15:29,J0106,Ciudadela,Ranked,Koro;Umbra,30,5,3,2,Derrota,540,2026,3,Monday,2,2
4906,2026-04-27,06:02,J0070,Desierto Neon,Casual,Nadia,15,1,6,7,Derrota,330,2026,4,Monday,0,1
2533,2026-03-14,19:22,J0129,Desierto Neon,Ranked,Vex,44,9,10,7,Victoria,1550,2026,3,Saturday,1,1
1635,2026-02-23,18:34,J0003,Bosque Umbral,Ranked,Vex;Koro,44,7,5,4,Victoria,1300,2026,2,Monday,1,2
2315,2026-03-09,20:50,J0064,Canales de Hielo,Ranked,Magnus;Umbra,26,3,2,8,Victoria,1160,2026,3,Monday,2,2
8248,2026-06-20,22:06,J0001,Desierto Neon,Ranked,Vex,34,9,2,5,Victoria,1610,2026,6,Saturday,4,1
7007,2026-05-31,19:33,J0014,Puerto Escarlata,Ranked,Tesla,36,6,6,5,Victoria,1230,2026,5,Sunday,1,1
7284,2026-06-04,18:30,J0073,Ciudadela,Casual,Magnus;Nadia;Koro,19,4,5,2,Derrota,400,2026,6,Thursday,1,3
2816,2026-03-20,21:13,J0006,Ciudadela,Casual,Magnus,29,6,4,5,Derrota,770,2026,3,Friday,2,1
3438,2026-03-31,19:54,J0001,Canales de Hielo,Ranked,Nadia;Umbra,23,5,1,7,Derrota,830,2026,3,Tuesday,5,2
4032,2026-04-11,21:51,J0042,Desierto Neon,Casual,Brisa;Lienzo,24,5,2,4,Derrota,660,2026,4,Saturday,2,2
5876,2026-05-13,16:25,J0086,Desierto Neon,Ranked,Magnus;Nadia;Umbra,45,3,4,4,Derrota,420,2026,5,Wednesday,1,3
67,2026-01-17,21:47,J0186,Puerto Escarlata,Ranked,Umbra;Magnus,36,7,10,6,Victoria,1300,2026,1,Saturday,1,2
8000,2026-06-15,02:59,J0149,Bosque Umbral,Ranked,Koro,45,5,4,3,Derrota,570,2026,6,Monday,1,1
617,2026-01-31,18:46,J0091,Puerto Escarlata,Casual,Lienzo;Tesla,16,9,5,3,Derrota,950,2026,1,Saturday,2,2
1119,2026-02-12,20:31,J0069,Desierto Neon,Casual,Brisa,24,2,8,1,Derrota,90,2026,2,Thursday,0,1
3261,2026-03-28,21:31,J0031,Bosque Umbral,Casual,Lienzo,15,5,5,8,Derrota,800,2026,3,Saturday,1,1
3402,2026-03-30,16:41,J0200,Canales de Hielo,Casual,Magnus;Lienzo,25,6,5,6,Derrota,800,2026,3,Monday,1,2
3693,2026-04-05,10:00,J0001,Ciudadela,Ranked,Koro;Magnus;Vex,37,7,3,6,Victoria,1440,2026,4,Sunday,2,3
938,2026-02-08,14:44,J0172,Canales de Hielo,Casual,Vex;Brisa;Nadia,10,10,2,3,Victoria,,2026,2,Sunday,5,3
6721,2026-05-25,11:59,J0006,Desierto Neon,Ranked,Magnus,40,7,3,4,Derrota,840,2026,5,Monday,2,1
2573,2026-03-15,17:04,J0120,Estacion Orbital,Ranked,Nadia;Brisa,22,4,5,6,,600,2026,3,Sunday,1,2
5793,2026-05-11,22:04,J0009,Bosque Umbral,Casual,Magnus;Koro,27,3,4,3,Victoria,870,2026,5,Monday,1,2
6436,2026-05-22,11:40,J0005,Puerto Escarlata,Ranked,Tesla;Vex,32,6,4,1,Derrota,570,2026,5,Friday,2,2
623,2026-01-31,21:22,J0019,Canales de Hielo,Casual,Koro,10,6,5,4,Derrota,400,2026,1,Saturday,1,1
1682,2026-02-24,22:46,J0003,Canales de Hielo,Ranked,Lienzo;Brisa;Tesla,30,6,10,6,Derrota,700,2026,2,Tuesday,1,3
2127,2026-03-06,18:01,J0105,Bosque Umbral,Ranked,,30,4,5,9,Victoria,1250,2026,3,Friday,1,0
788,2026-02-04,07:12,J0012,Estacion Orbital,Casual,Umbra,13,4,2,4,Derrota,560,2026,2,Wednesday,2,1
3333,2026-03-29,20:29,J0050,Ciudadela,Ranked,Umbra,29,2,6,3,Derrota,230,2026,3,Sunday,0,1
5115,2026-05-01,10:28,J0017,Puerto Escarlata,Torneo,Koro,21,4,7,3,Derrota,410,2026,5,Friday,1,1
1093,2026-02-11,18:24,J0013,Bosque Umbral,Ranked,Koro,42,6,7,9,Victoria,1410,2026,2,Wednesday,1,1
3892,2026-04-09,00:11,J0019,Estacion Orbital,Casual,Brisa,24,7,6,5,Victoria,1330,2026,4,Thursday,1,1
4394,2026-04-18,20:14,J0055,Ciudadela,Casual,Lienzo,22,5,6,0,Derrota,380,2026,4,Saturday,1,1
8615,2026-06-25,21:41,J0032,Estacion Orbital,Casual,Lienzo;Vex,24,7,5,2,Derrota,700,2026,6,Thursday,1,2
8277,2026-06-20,19:34,J0030,Ciudadela,Casual,Lienzo,27,7,4,4,Victoria,1320,2026,6,Saturday,2,1
8591,2026-06-25,10:34,J0009,Canales de Hielo,Ranked,Tesla;Koro,38,4,7,2,Victoria,860,2026,6,Thursday,1,2
3281,2026-03-28,23:46,J0145,Ciudadela,Casual,Koro;Lienzo,17,4,5,5,Derrota,550,2026,3,Saturday,1,2
4819,2026-04-25,21:33,J0154,Estacion Orbital,Casual,Brisa,29,9,5,2,Victoria,1400,2026,4,Saturday,2,1
2202,2026-03-07,13:30,J0049,Bosque Umbral,Ranked,Nadia,43,2,6,4,Derrota,280,2026,3,Saturday,0,1
1161,2026-02-13,10:32,J0011,Canales de Hielo,Ranked,Tesla,35,2,6,4,Derrota,280,2026,2,Friday,0,1
6965,2026-05-30,20:52,J0174,Puerto Escarlata,Torneo,Magnus;Brisa,17,6,2,4,Derrota,760,2026,5,Saturday,3,2
3593,2026-04-04,17:31,J0200,Canales de Hielo,Ranked,Koro;Vex,29,13,5,6,Victoria,2000,2026,4,Saturday,3,2
6837,2026-05-28,15:22,J0027,Canales de Hielo,Casual,Tesla;Koro,25,6,4,2,Derrota,420,2026,5,Thursday,2,2
9765,2026-07-12,15:54,J0086,Bosque Umbral,Ranked,Tesla,35,1,6,4,Derrota,180,2026,7,Sunday,0,1
6359,2026-05-21,14:27,J0012,Ciudadela,Ranked,Magnus;Vex;Nadia,44,8,3,3,Derrota,890,2026,5,Thursday,3,3
4424,2026-04-19,18:32,J0112,Canales de Hielo,Ranked,Tesla;Magnus;Vex,25,8,2,1,Victoria,1310,2026,4,Sunday,4,3
479,2026-01-27,19:57,J0020,Bosque Umbral,Casual,Magnus,27,4,5,6,Derrota,,2026,1,Tuesday,1,1
1353,2026-02-18,16:58,J0038,Ciudadela,Casual,Umbra,28,2,3,7,Derrota,490,2026,2,Wednesday,1,1
6488,2026-05-22,12:33,J0059,Estacion Orbital,Casual,Brisa;Koro,17,2,5,2,Victoria,700,2026,5,Friday,0,2
5799,2026-05-12,19:07,J0074,Desierto Neon,Ranked,Umbra,35,6,4,4,Derrota,720,2026,5,Tuesday,2,1
2648,2026-03-16,20:18,J0048,Puerto Escarlata,Casual,Vex,23,5,6,7,Derrota,730,2026,3,Monday,1,1
8526,2026-06-23,14:30,J0012,Estacion Orbital,Ranked,Brisa,31,7,6,3,Victoria,1230,2026,6,Tuesday,1,1
4292,2026-04-17,20:13,J0010,Canales de Hielo,Casual,Brisa,8,5,4,4,Derrota,620,2026,4,Friday,1,1
6391,2026-05-21,19:50,J0080,Ciudadela,Casual,Brisa,13,8,2,3,Derrota,910,2026,5,Thursday,4,1
5216,2026-05-02,18:31,J0125,Desierto Neon,Casual,Lienzo,26,4,5,2,Derrota,400,2026,5,Saturday,1,1
2590,2026-03-15,21:58,J0011,Desierto Neon,Torneo,Vex;Nadia,20,5,6,4,Victoria,1080,2026,3,Sunday,1,2
1034,2026-02-10,20:40,J0068,Canales de Hielo,Casual,Umbra;Nadia;Tesla,10,7,1,3,Derrota,830,2026,2,Tuesday,7,3
4772,2026-04-25,08:36,J0124,Estacion Orbital,Ranked,Brisa;Tesla,41,4,4,4,Derrota,520,2026,4,Saturday,1,2
5101,2026-04-30,17:52,J0018,Bosque Umbral,Ranked,Koro,42,1,3,3,Victoria,690,2026,4,Thursday,0,1
2599,2026-03-15,02:02,J0001,Desierto Neon,Ranked,,41,6,4,3,Victoria,1170,2026,3,Sunday,2,0
4225,2026-04-15,20:19,J0200,Bosque Umbral,Ranked,Koro,22,6,5,7,Derrota,850,2026,4,Wednesday,1,1
4694,2026-04-24,19:28,J0058,Ciudadela,Torneo,Magnus,21,11,8,8,Derrota,1340,2026,4,Friday,1,1
8536,2026-06-24,17:50,J0079,Bosque Umbral,Ranked,Umbra,41,5,7,3,Victoria,1010,2026,6,Wednesday,1,1
4535,2026-04-21,19:29,J0050,Puerto Escarlata,Ranked,Magnus,39,2,4,9,Victoria,1070,2026,4,Tuesday,0,1
7579,2026-06-09,23:49,J0036,Estacion Orbital,Ranked,Tesla;Vex,26,6,7,1,Derrota,510,2026,6,Tuesday,1,2
4908,2026-04-27,04:49,J0037,Puerto Escarlata,Ranked,Koro;Magnus,34,4,3,2,Victoria,940,2026,4,Monday,1,2
5682,2026-05-10,17:58,J0102,Puerto Escarlata,Casual,Umbra,17,4,4,1,Victoria,870,2026,5,Sunday,1,1
3718,2026-04-06,19:33,J0035,Desierto Neon,Ranked,Umbra;Lienzo,22,5,1,8,Derrota,880,2026,4,Monday,5,2
4630,2026-04-23,23:51,J0072,Puerto Escarlata,Torneo,Magnus;Lienzo,11,4,2,3,Derrota,510,2026,4,Thursday,2,2
3965,2026-04-10,11:05,J0200,Bosque Umbral,Ranked,Umbra,32,8,8,4,Victoria,1340,2026,4,Friday,1,1
4082,2026-04-12,08:20,J0064,Desierto Neon,Ranked,Koro;Brisa,42,3,6,7,Victoria,1030,2026,4,Sunday,0,2
3618,2026-04-04,20:12,J0054,Canales de Hielo,Casual,Koro;Brisa;Magnus,15,5,6,7,Victoria,1230,2026,4,Saturday,1,3
1426,2026-02-19,22:35,J0128,Puerto Escarlata,Casual,Koro,23,6,1,5,Derrota,830,2026,2,Thursday,6,1
5565,2026-05-08,21:21,J0017,Desierto Neon,Ranked,Koro,40,6,5,4,Derrota,700,2026,5,Friday,1,1
2920,2026-03-21,16:12,J0032,Ciudadela,Casual,Umbra,30,8,5,4,Derrota,900,2026,3,Saturday,2,1
3820,2026-04-08,13:52,J0102,Estacion Orbital,Ranked,Vex,23,4,5,5,Victoria,1050,2026,4,Wednesday,1,1
1872,2026-02-28,18:44,J0064,Puerto Escarlata,Casual,Magnus,15,5,5,6,Victoria,1200,2026,2,Saturday,1,1
6578,2026-05-23,01:40,J0028,Bosque Umbral,Ranked,Lienzo,28,5,4,2,Victoria,1020,2026,5,Saturday,1,1
481,2026-01-27,06:12,J0028,Ciudadela,Ranked,Tesla,33,3,1,2,Derrota,380,2026,1,Tuesday,3,1
5029,2026-04-29,09:13,J0048,Canales de Hielo,Ranked,Umbra;Magnus,27,7,5,4,Derrota,800,2026,4,Wednesday,1,2
9674,2026-07-11,11:27,J0027,Desierto Neon,Ranked,Nadia,38,6,2,6,Victoria,1160,2026,7,Saturday,3,1
2889,2026-03-21,14:50,J0078,Desierto Neon,Casual,Magnus;Brisa,26,7,5,3,Victoria,1250,2026,3,Saturday,1,2
6804,2026-05-27,11:29,J0123,Canales de Hielo,Casual,Koro,26,6,2,2,Derrota,660,2026,5,Wednesday,3,1
6427,2026-05-21,13:48,J0013,Canales de Hielo,Ranked,Magnus;Koro,23,5,6,4,Victoria,1080,2026,5,Thursday,1,2
528,2026-01-29,16:29,J0044,Desierto Neon,Casual,Brisa,22,10,9,8,Derrota,,2026,1,Thursday,1,1
8527,2026-06-23,21:04,J0008,Puerto Escarlata,Casual,Vex,17,8,11,4,Derrota,780,2026,6,Tuesday,1,1
723,2026-02-03,22:37,J0040,Canales de Hielo,Ranked,Umbra,38,3,3,5,Derrota,490,2026,2,Tuesday,1,1
5212,2026-05-02,16:43,J0052,Canales de Hielo,Ranked,Lienzo;Brisa;Koro,36,2,3,5,Derrota,390,2026,5,Saturday,1,3
4808,2026-04-25,10:45,J0054,Bosque Umbral,Casual,Brisa,13,7,4,7,Victoria,1470,2026,4,Saturday,2,1
221,2026-01-22,20:15,J0043,Canales de Hielo,Ranked,Umbra,36,4,4,8,Victoria,1220,2026,1,Thursday,1,1
9259,2026-07-05,20:45,J0027,Bosque Umbral,Ranked,Brisa,40,10,3,1,Victoria,1490,2026,7,Sunday,3,1
1936,2026-03-01,08:13,J0152,Puerto Escarlata,Casual,Tesla,24,2,4,0,Derrota,120,2026,3,Sunday,0,1
345,2026-01-25,21:30,J0023,Desierto Neon,Ranked,Tesla;Vex,37,10,6,1,,1430,2026,1,Sunday,2,2
8398,2026-06-21,18:28,J0005,Estacion Orbital,Ranked,Magnus;Brisa,45,9,4,4,Derrota,1020,2026,6,Sunday,2,2
5899,2026-05-13,05:28,J0111,Desierto Neon,Casual,Nadia;Koro,24,4,4,4,Derrota,520,2026,5,Wednesday,1,2
4157,2026-04-14,16:03,J0122,Puerto Escarlata,Torneo,Vex,25,11,3,3,Derrota,1190,2026,4,Tuesday,4,1
4336,2026-04-18,00:26,J0085,Estacion Orbital,Ranked,Koro,41,4,4,3,Victoria,970,2026,4,Saturday,1,1
4017,2026-04-11,22:19,J0073,Ciudadela,Ranked,Magnus;Lienzo;Tesla,44,2,10,2,,100,2026,4,Saturday,0,3
5291,2026-05-03,20:21,J0078,Ciudadela,Torneo,Koro,30,4,3,1,Victoria,890,2026,5,Sunday,1,1
6030,2026-05-16,17:57,J0035,Ciudadela,Torneo,Brisa,10,17,3,7,Derrota,1990,2026,5,Saturday,6,1
6244,2026-05-19,17:50,J0200,Ciudadela,Ranked,Vex;Koro;Lienzo,35,9,5,2,Victoria,1400,2026,5,Tuesday,2,3
9225,2026-07-04,22:28,J0004,Ciudadela,Casual,,31,2,7,4,Derrota,260,2026,7,Saturday,0,0
6065,2026-05-16,22:04,J0042,Bosque Umbral,Casual,Tesla,15,3,8,4,Derrota,340,2026,5,Saturday,0,1
7158,2026-06-02,20:53,J0100,Canales de Hielo,Casual,Vex;Brisa,17,12,6,3,Victoria,1730,2026,6,Tuesday,2,2
6161,2026-05-17,14:18,J0014,Bosque Umbral,Casual,Umbra,17,4,6,4,Derrota,480,2026,5,Sunday,1,1
2392,2026-03-11,20:14,J0033,Bosque Umbral,Ranked,Brisa,43,4,10,7,Victoria,1050,2026,3,Wednesday,0,1
7307,2026-06-04,07:37,J0161,Puerto Escarlata,Ranked,Tesla,27,10,3,3,,1590,2026,6,Thursday,3,1
6170,2026-05-18,22:57,J0096,Canales de Hielo,Casual,Vex;Lienzo,31,5,7,5,,1110,2026,5,Monday,1,2
7525,2026-06-08,20:40,J0049,Desierto Neon,Casual,Lienzo,27,2,3,6,Derrota,440,2026,6,Monday,1,1
4316,2026-04-17,09:52,J0064,Canales de Hielo,Ranked,Umbra;Nadia,35,6,3,1,Derrota,590,2026,4,Friday,2,2
9166,2026-07-03,20:08,J0165,Ciudadela,Ranked,Umbra,28,3,6,5,Derrota,430,2026,7,Friday,0,1
6712,2026-05-25,20:54,J0066,Canales de Hielo,Casual,Koro;Tesla,16,8,5,4,Victoria,1400,2026,5,Monday,2,2
2882,2026-03-21,15:47,J0117,Ciudadela,Casual,Tesla,32,6,6,5,Victoria,1230,2026,3,Saturday,1,1
1678,2026-02-24,14:04,J0018,Estacion Orbital,Torneo,Vex,17,3,3,2,Victoria,840,2026,2,Tuesday,1,1
4386,2026-04-18,11:13,J0028,Desierto Neon,Ranked,Magnus;Lienzo,36,4,5,4,Victoria,1000,2026,4,Saturday,1,2
902,2026-02-07,01:09,J0200,Ciudadela,Casual,Vex,12,13,4,3,Victoria,1870,2026,2,Saturday,3,1
7256,2026-06-03,11:30,J0072,Bosque Umbral,Ranked,Brisa;Magnus,45,6,4,2,Victoria,820,2026,6,Wednesday,2,2
2297,2026-03-09,19:26,J0045,Canales de Hielo,Casual,Koro;Tesla,13,2,9,4,,720,2026,3,Monday,0,2
6349,2026-05-21,10:10,J0011,Canales de Hielo,Casual,Magnus,30,4,4,3,Derrota,470,2026,5,Thursday,1,1
4281,2026-04-16,20:57,J0200,Canales de Hielo,Ranked,Umbra;Koro;Brisa,30,8,4,7,Derrota,1070,2026,4,Thursday,2,3
297,2026-01-24,07:54,J0026,Puerto Escarlata,Ranked,Magnus;Umbra,27,6,4,7,Victoria,1370,2026,1,Saturday,2,2
8847,2026-06-28,14:33,J0052,Canales de Hielo,Casual,Umbra,30,8,6,5,Derrota,930,2026,6,Sunday,1,1
9462,2026-07-08,14:54,J0038,Bosque Umbral,Casual,Umbra;Lienzo;Tesla,9,7,8,2,Derrota,640,2026,7,Wednesday,1,3
28,2026-01-16,17:18,J0043,Bosque Umbral,Casual,Lienzo;Brisa,30,5,7,7,Victoria,1210,2026,1,Friday,1,2
8709,2026-06-27,15:19,J0080,Desierto Neon,Ranked,Brisa;Magnus,36,5,6,3,,530,2026,6,Saturday,1,2
9540,2026-07-09,02:06,J0025,Canales de Hielo,Ranked,Magnus;Brisa,30,3,5,7,Derrota,550,2026,7,Thursday,1,2
7066,2026-05-31,15:07,J0043,Ciudadela,Casual,Tesla,18,4,1,7,Victoria,1230,2026,5,Sunday,4,1
7087,2026-06-01,19:24,J0020,Puerto Escarlata,Casual,Lienzo;Magnus;Brisa,31,9,5,6,Derrota,1100,2026,6,Monday,2,3
3249,2026-03-28,19:04,J0006,Estacion Orbital,Casual,Koro;Magnus;Umbra,28,4,3,4,Victoria,1040,2026,3,Saturday,1,3
7793,2026-06-12,17:02,J0002,Canales de Hielo,Ranked,Vex,36,5,11,7,Victoria,1130,2026,6,Friday,0,1
2581,2026-03-15,20:17,J0200,Ciudadela,Ranked,Tesla,24,3,1,5,Victoria,1030,2026,3,Sunday,3,1
5398,2026-05-05,08:31,J0200,Ciudadela,Casual,Vex;Lienzo,25,7,6,6,Derrota,880,2026,5,Tuesday,1,2
1371,2026-02-18,19:39,J0095,Bosque Umbral,Ranked,Umbra;Magnus,23,6,7,3,Victoria,,2026,2,Wednesday,1,2
9929,2026-07-13,00:30,J0096,Desierto Neon,Casual,Magnus;Nadia;Brisa,11,7,2,4,Derrota,860,2026,7,Monday,4,3
8480,2026-06-23,17:14,J0056,Estacion Orbital,Ranked,Koro,39,5,6,4,Derrota,580,2026,6,Tuesday,1,1
9196,2026-07-04,15:00,J0032,Estacion Orbital,Ranked,Umbra;Lienzo;Brisa,41,1,9,3,Victoria,570,2026,7,Saturday,0,3
8065,2026-06-16,23:22,J0004,Bosque Umbral,Ranked,Vex,22,6,4,3,Victoria,1170,2026,6,Tuesday,2,1
682,2026-02-02,12:18,J0158,Ciudadela,Casual,Nadia,24,9,6,2,Victoria,1380,2026,2,Monday,2,1
3160,2026-03-26,17:56,J0044,Desierto Neon,Ranked,Umbra,41,7,6,8,Derrota,980,2026,3,Thursday,1,1
2988,2026-03-22,12:01,J0015,Puerto Escarlata,Casual,Brisa,15,6,4,4,Derrota,720,2026,3,Sunday,2,1
1883,2026-03-01,19:03,J0082,Canales de Hielo,Ranked,Koro;Umbra;Tesla,32,6,5,6,,800,2026,3,Sunday,1,3
1941,2026-03-02,10:31,J0036,Puerto Escarlata,Casual,Tesla,19,3,7,5,Victoria,910,2026,3,Monday,0,1
3297,2026-03-28,18:00,J0071,Desierto Neon,Ranked,Brisa,36,6,6,5,Derrota,730,2026,3,Saturday,1,1
3535,2026-04-02,17:58,J0029,Canales de Hielo,Casual,Umbra,30,1,10,7,Derrota,250,2026,4,Thursday,0,1
3730,2026-04-06,17:55,J0029,Puerto Escarlata,Ranked,Koro,38,4,5,4,Victoria,1000,2026,4,Monday,1,1
6330,2026-05-20,21:55,J0162,Bosque Umbral,Ranked,Umbra;Tesla,41,3,2,2,Derrota,360,2026,5,Wednesday,2,2
1182,2026-02-14,18:17,J0032,Estacion Orbital,Casual,Magnus,10,4,4,4,Victoria,1020,2026,2,Saturday,1,1
1376,2026-02-18,07:16,J0013,Estacion Orbital,Ranked,Lienzo,31,9,3,8,Victoria,1740,2026,2,Wednesday,3,1
5305,2026-05-04,18:39,J0035,Puerto Escarlata,Casual,Magnus,18,9,4,2,Victoria,1420,2026,5,Monday,2,1
627,2026-01-31,12:42,J0041,Bosque Umbral,Casual,Tesla,29,6,4,7,Victoria,1070,2026,1,Saturday,2,1
2113,2026-03-05,13:33,J0016,Bosque Umbral,Ranked,Koro;Nadia,35,13,4,5,Derrota,1470,2026,3,Thursday,3,2
9126,2026-07-03,15:24,J0058,Bosque Umbral,Casual,Nadia;Koro,13,13,4,2,Victoria,1820,2026,7,Friday,3,2
6662,2026-05-25,14:39,J0066,Ciudadela,Ranked,Tesla;Vex,37,11,6,4,Victoria,1680,2026,5,Monday,2,2
6320,2026-05-20,19:37,J0200,Desierto Neon,Torneo,Koro;Nadia;Umbra,11,6,7,6,Derrota,760,2026,5,Wednesday,1,3
7110,2026-06-01,15:50,J0011,Ciudadela,Torneo,Koro;Umbra;Nadia,11,6,7,3,Derrota,610,2026,6,Monday,1,3
4507,2026-04-20,12:18,J0062,Estacion Orbital,Casual,Umbra,12,6,5,2,Derrota,200,2026,4,Monday,1,1
1463,2026-02-20,05:15,J0019,Ciudadela,Casual,Lienzo,26,3,5,3,Victoria,850,2026,2,Friday,1,1
2888,2026-03-21,02:42,J0040,Estacion Orbital,Casual,Brisa,8,6,4,7,Derrota,870,2026,3,Saturday,2,1
8980,2026-06-30,21:09,J0107,Bosque Umbral,Casual,Brisa,11,3,6,6,Derrota,480,2026,6,Tuesday,0,1
685,2026-02-02,21:22,J0182,Puerto Escarlata,Ranked,Umbra,27,14,1,6,Victoria,22,2026,2,Monday,14,1
7336,2026-06-05,16:10,J0074,Puerto Escarlata,Ranked,Nadia,31,5,4,4,Derrota,620,2026,6,Friday,1,1
7689,2026-06-10,13:04,J0068,Puerto Escarlata,Casual,Brisa;Koro,13,4,7,7,Derrota,610,2026,6,Wednesday,1,2
1367,2026-02-18,19:27,J0085,Puerto Escarlata,Casual,Magnus,15,7,6,4,Victoria,1280,2026,2,Wednesday,1,1
3917,2026-04-09,21:25,J0093,Estacion Orbital,Ranked,Magnus;Lienzo;Umbra,45,1,6,2,Derrota,,2026,4,Thursday,0,3
2640,2026-03-16,18:28,J0074,Estacion Orbital,Casual,Umbra,32,2,5,2,Victoria,700,2026,3,Monday,0,1
9531,2026-07-09,07:40,J0089,Puerto Escarlata,Torneo,Tesla,31,6,6,8,Derrota,880,2026,7,Thursday,1,1
9108,2026-07-02,22:59,J0007,Canales de Hielo,Ranked,Umbra,26,4,2,0,Derrota,360,2026,7,Thursday,2,1
5921,2026-05-14,23:55,J0121,Desierto Neon,Torneo,Tesla,15,4,6,2,Derrota,380,2026,5,Thursday,1,1
2301,2026-03-09,21:22,J0010,Puerto Escarlata,Ranked,Vex;Nadia;Umbra,36,11,6,3,Victoria,1630,2026,3,Monday,2,3
2939,2026-03-22,05:57,J0019,Desierto Neon,Ranked,Vex,26,4,4,7,Derrota,670,2026,3,Sunday,1,1
6604,2026-05-24,17:51,J0050,Ciudadela,Casual,Magnus,12,3,2,0,Derrota,260,2026,5,Sunday,2,1
8727,2026-06-27,16:50,J0011,Desierto Neon,Casual,Nadia,14,4,7,4,Victoria,960,2026,6,Saturday,1,1
5107,2026-05-01,20:18,J0013,Puerto Escarlata,Casual,Vex;Magnus;Brisa,27,10,3,2,Derrota,1040,2026,5,Friday,3,3
1980,2026-03-02,17:56,J0119,Estacion Orbital,Ranked,Lienzo;Magnus;Nadia,33,7,4,5,Victoria,1370,2026,3,Monday,2,3
3804,2026-04-08,19:07,J0034,Puerto Escarlata,Torneo,Tesla;Nadia,23,7,4,5,Victoria,1370,2026,4,Wednesday,2,2
8962,2026-06-30,12:02,J0016,Estacion Orbital,Ranked,Lienzo;Nadia;Umbra,45,8,2,8,Victoria,1660,2026,6,Tuesday,4,3
4415,2026-04-19,13:28,J0003,Desierto Neon,Ranked,Nadia,36,7,4,3,Derrota,770,2026,4,Sunday,2,1
5767,2026-05-11,09:20,J0062,Canales de Hielo,Torneo,Tesla,8,4,7,3,Victoria,910,2026,5,Monday,1,1
4814,2026-04-25,04:28,J0075,Canales de Hielo,Casual,Brisa,17,6,7,3,Derrota,610,2026,4,Saturday,1,1
2281,2026-03-09,17:33,J0010,Desierto Neon,Torneo,Nadia;Umbra,24,7,3,3,Victoria,1290,2026,3,Monday,2,2
4519,2026-04-20,15:17,J0200,Puerto Escarlata,Torneo,Nadia,18,3,5,1,Derrota,250,2026,4,Monday,1,1
4227,2026-04-15,20:42,J0015,Desierto Neon,Casual,Nadia;Koro,27,12,6,4,Derrota,1280,2026,4,Wednesday,2,2
9180,2026-07-04,21:29,J0183,Puerto Escarlata,Casual,Umbra,23,1,4,4,Derrota,220,2026,7,Saturday,0,1
4131,2026-04-13,01:35,J0066,Canales de Hielo,Casual,Brisa,32,5,6,3,Derrota,530,2026,4,Monday,1,1
9271,2026-07-05,14:35,J0117,Desierto Neon,Ranked,Nadia,31,3,7,4,Derrota,360,2026,7,Sunday,0,1
9883,2026-07-13,04:19,J0056,Canales de Hielo,Ranked,Umbra;Magnus,37,8,4,5,Derrota,970,2026,7,Monday,2,2
1785,2026-02-27,18:36,J0049,Desierto Neon,Ranked,Lienzo,41,2,6,4,,280,2026,2,Friday,0,1
3183,2026-03-26,14:50,J0005,Puerto Escarlata,Casual,Magnus;Lienzo,28,10,2,5,Derrota,1210,2026,3,Thursday,5,2
495,2026-01-28,21:49,J0004,Ciudadela,Ranked,Tesla,40,6,4,2,Derrota,620,2026,1,Wednesday,2,1
8750,2026-06-27,15:07,J0022,Estacion Orbital,Casual,Tesla,17,5,7,4,Victoria,1060,2026,6,Saturday,1,1
2861,2026-03-21,17:44,J0088,Estacion Orbital,Torneo,Vex;Tesla,18,8,5,7,Derrota,,2026,3,Saturday,2,2
6146,2026-05-17,17:07,J0135,Canales de Hielo,Torneo,Lienzo,27,10,10,2,Victoria,1400,2026,5,Sunday,1,1
4042,2026-04-12,11:13,J0109,Canales de Hielo,Ranked,Tesla,31,6,3,0,Victoria,1040,2026,4,Sunday,2,1
7304,2026-06-04,21:44,J0056,Desierto Neon,Casual,Umbra;Lienzo,10,1,1,2,Victoria,680,2026,6,Thursday,1,2
2898,2026-03-21,11:41,J0011,Ciudadela,Ranked,Vex,37,9,4,3,Victoria,1470,2026,3,Saturday,2,1
367,2026-01-25,13:56,J0054,Canales de Hielo,Ranked,Vex;Nadia,40,15,5,6,Derrota,1700,2026,1,Sunday,3,2
850,2026-02-06,16:28,J0035,Canales de Hielo,Casual,Nadia,13,8,4,8,Victoria,1620,2026,2,Friday,2,1
5278,2026-05-03,21:54,J0060,Bosque Umbral,Ranked,Nadia;Lienzo,27,2,3,5,Victoria,890,2026,5,Sunday,1,2
9646,2026-07-10,14:07,J0063,Desierto Neon,Casual,Brisa,26,9,6,6,Victoria,1580,2026,7,Friday,2,1
4382,2026-04-18,22:19,J0178,Puerto Escarlata,Casual,Vex,26,4,1,4,Victoria,1080,2026,4,Saturday,4,1
2654,2026-03-16,20:48,J0119,Ciudadela,Casual,Magnus;Vex,22,14,4,7,Victoria,22,2026,3,Monday,4,2
3504,2026-04-01,18:03,J0026,Bosque Umbral,Torneo,Tesla,11,4,5,3,,450,2026,4,Wednesday,1,1
1542,2026-02-21,19:50,J0098,Puerto Escarlata,Casual,Nadia,25,11,3,6,,1340,2026,2,Saturday,4,1
5297,2026-05-03,19:56,J0028,Puerto Escarlata,Casual,Koro;Nadia,32,3,3,9,Derrota,690,2026,5,Sunday,1,2
8936,2026-06-30,20:23,J0004,Canales de Hielo,Casual,Umbra,14,6,5,1,Derrota,550,2026,6,Tuesday,1,1
323,2026-01-24,19:50,J0121,Ciudadela,Casual,Umbra;Vex;Nadia,31,10,5,5,Victoria,1650,2026,1,Saturday,2,3
2032,2026-03-04,12:56,J0009,Puerto Escarlata,Ranked,Umbra;Vex,29,5,7,2,Derrota,460,2026,3,Wednesday,1,2
814,2026-02-05,13:53,J0140,Desierto Neon,Ranked,Umbra;Brisa,38,6,5,4,Derrota,700,2026,2,Thursday,1,2
7699,2026-06-11,11:11,J0130,Canales de Hielo,Casual,Lienzo,20,2,4,4,,320,2026,6,Thursday,0,1
9446,2026-07-08,12:42,J0062,Canales de Hielo,Ranked,Umbra;Vex;Brisa,26,6,5,4,Victoria,1200,2026,7,Wednesday,1,3
1080,2026-02-11,17:34,J0074,Puerto Escarlata,Ranked,Magnus,23,6,3,4,Victoria,1240,2026,2,Wednesday,2,1
2227,2026-03-07,09:44,J0010,Ciudadela,Casual,Koro,21,4,6,5,Derrota,530,2026,3,Saturday,1,1
9207,2026-07-04,13:44,J0121,Desierto Neon,Ranked,Nadia,39,6,4,6,Victoria,820,2026,7,Saturday,2,1
6498,2026-05-22,16:19,J0059,Bosque Umbral,Ranked,Vex;Nadia,29,6,3,8,Victoria,1440,2026,5,Friday,2,2
2706,2026-03-17,16:03,J0030,Ciudadela,Casual,Nadia,23,4,1,2,Victoria,980,2026,3,Tuesday,4,1
9811,2026-07-12,21:32,J0009,Estacion Orbital,Ranked,Koro;Umbra,27,3,1,7,Derrota,630,2026,7,Sunday,3,2
4337,2026-04-18,10:24,J0043,Bosque Umbral,Ranked,Tesla,44,4,6,5,Derrota,530,2026,4,Saturday,1,1
1165,2026-02-13,18:32,J0099,Puerto Escarlata,Casual,Umbra;Koro;Vex,32,3,3,7,Victoria,1090,2026,2,Friday,1,3
3262,2026-03-28,21:14,J0002,Desierto Neon,Ranked,Umbra,37,6,7,2,Derrota,560,2026,3,Saturday,1,1
7702,2026-06-11,18:49,J0080,Ciudadela,Casual,Magnus;Umbra,31,6,7,2,Derrota,560,2026,6,Thursday,1,2
1451,2026-02-20,22:02,J0063,Puerto Escarlata,Ranked,Nadia;Vex,26,10,3,3,Victoria,1590,2026,2,Friday,3,2
3863,2026-04-08,16:09,J0124,Canales de Hielo,Casual,Nadia,15,6,6,6,Victoria,1280,2026,4,Wednesday,1,1
8912,2026-06-29,02:51,J0053,Desierto Neon,Ranked,Lienzo,22,7,4,5,Victoria,1370,2026,6,Monday,2,1
7857,2026-06-13,17:37,J0069,Bosque Umbral,Ranked,Koro;Umbra,28,3,3,4,Derrota,440,2026,6,Saturday,1,2
9406,2026-07-07,20:21,J0093,Ciudadela,Casual,Tesla,20,2,5,3,Victoria,750,2026,7,Tuesday,0,1
4978,2026-04-28,10:16,J0200,Canales de Hielo,Torneo,Magnus,11,6,6,5,Derrota,730,2026,4,Tuesday,1,1
8225,2026-06-19,14:16,J0024,Desierto Neon,Casual,Brisa,18,3,6,6,Victoria,980,2026,6,Friday,0,1
6326,2026-05-20,12:43,J0011,Ciudadela,Casual,Koro,17,4,4,3,Derrota,470,2026,5,Wednesday,1,1
6731,2026-05-26,23:37,J0040,Ciudadela,Ranked,Umbra;Brisa;Tesla,31,2,7,4,Victoria,760,2026,5,Tuesday,0,3
4575,2026-04-22,16:43,J0009,Ciudadela,Ranked,Tesla,34,2,5,4,Derrota,300,2026,4,Wednesday,0,1
4057,2026-04-12,10:34,J0200,Ciudadela,Casual,Nadia;Umbra,11,2,2,5,Derrota,410,2026,4,Sunday,1,2
9584,2026-07-10,22:19,J0060,Desierto Neon,Casual,Brisa,11,5,5,3,Victoria,1050,2026,7,Friday,1,1
3000,2026-03-23,18:41,J0132,Bosque Umbral,Ranked,Magnus,42,10,6,2,Victoria,1480,2026,3,Monday,2,1
9095,2026-07-02,22:56,J0034,Ciudadela,Casual,Brisa,21,8,3,6,Derrota,1040,2026,7,Thursday,3,1
1232,2026-02-15,21:59,J0021,Bosque Umbral,Casual,Brisa;Vex;Lienzo,8,8,11,5,Derrota,830,2026,2,Sunday,1,3
1515,2026-02-21,04:12,J0090,Canales de Hielo,Casual,Lienzo,18,6,7,3,Victoria,1110,2026,2,Saturday,1,1
2314,2026-03-09,18:38,J0003,Desierto Neon,Torneo,Lienzo,8,5,3,1,Derrota,490,2026,3,Monday,2,1
1452,2026-02-20,19:56,J0051,Canales de Hielo,Torneo,Magnus,29,4,2,5,Derrota,610,2026,2,Friday,2,1
6078,2026-05-16,22:18,J0041,Desierto Neon,Ranked,Tesla;Umbra,32,5,6,1,Derrota,430,2026,5,Saturday,1,2
5826,2026-05-12,17:41,J0014,Bosque Umbral,Ranked,Magnus,38,0,6,7,Derrota,230,2026,5,Tuesday,0,1
8599,2026-06-25,20:34,J0106,Estacion Orbital,Ranked,Umbra;Lienzo,41,13,7,5,,1410,2026,6,Thursday,2,2
5689,2026-05-10,15:48,J0008,Ciudadela,Ranked,Lienzo,44,4,3,2,Victoria,940,2026,5,Sunday,1,1
839,2026-02-06,16:54,J0052,Desierto Neon,Casual,Lienzo,9,4,6,3,Derrota,430,2026,2,Friday,1,1
9990,2026-07-14,18:25,J0077,Canales de Hielo,Casual,Magnus,15,6,11,1,Victoria,930,2026,7,Tuesday,1,1
5869,2026-05-13,09:50,J0200,Ciudadela,Casual,Magnus;Vex,14,8,5,6,Victoria,1500,2026,5,Wednesday,2,2
8438,2026-06-22,13:53,J0047,Estacion Orbital,Casual,Brisa,19,10,7,6,Victoria,1660,2026,6,Monday,1,1
8571,2026-06-24,21:07,J0013,Puerto Escarlata,Casual,Tesla,17,5,1,5,Victoria,1230,2026,6,Wednesday,5,1
3568,2026-04-03,19:54,J0088,Puerto Escarlata,Casual,Umbra;Nadia,9,6,7,6,Victoria,1260,2026,4,Friday,1,2
9335,2026-07-06,22:33,J0045,Canales de Hielo,Ranked,Magnus,31,3,5,3,Derrota,350,2026,7,Monday,1,1
3088,2026-03-24,13:22,J0046,Estacion Orbital,Casual,Tesla,30,10,6,5,Derrota,1130,2026,3,Tuesday,2,1
8712,2026-06-27,18:26,J0193,Puerto Escarlata,Casual,Brisa,20,2,6,8,Derrota,480,2026,6,Saturday,0,1
1715,2026-02-25,16:12,J0163,Desierto Neon,Casual,Koro,27,14,3,3,Derrota,1490,2026,2,Wednesday,5,1
340,2026-01-24,14:00,J0006,Canales de Hielo,Ranked,Nadia,35,3,8,5,Victoria,,2026,1,Saturday,0,1
6851,2026-05-28,15:32,J0014,Ciudadela,Ranked,Brisa,31,3,3,4,Victoria,940,2026,5,Thursday,1,1
6046,2026-05-16,14:02,J0158,Canales de Hielo,Torneo,Lienzo,17,13,2,2,Victoria,1860,2026,5,Saturday,6,1
6120,2026-05-17,21:43,J0049,Canales de Hielo,Ranked,Koro,38,4,7,3,Victoria,910,2026,5,Sunday,1,1
8682,2026-06-26,23:12,J0200,Canales de Hielo,Casual,Koro,19,12,6,3,Derrota,1230,2026,6,Friday,2,1
4994,2026-04-29,20:51,J0122,Canales de Hielo,Casual,Magnus;Tesla,16,7,7,7,Derrota,910,2026,4,Wednesday,1,2
589,2026-01-30,01:42,J0003,Canales de Hielo,Ranked,Nadia;Koro,27,5,2,5,Derrota,710,2026,1,Friday,2,2
3366,2026-03-30,20:18,J0068,Canales de Hielo,Ranked,Vex;Tesla;Koro,25,13,4,3,Victoria,1870,2026,3,Monday,3,3
2671,2026-03-16,15:22,J0081,Ciudadela,Casual,Umbra,29,9,5,7,Derrota,1150,2026,3,Monday,2,1
3590,2026-04-03,12:28,J0052,Bosque Umbral,Ranked,Lienzo,43,4,4,3,Derrota,470,2026,4,Friday,1,1
35,2026-01-17,16:31,J0001,Bosque Umbral,Ranked,Brisa,24,2,3,1,Victoria,690,2026,1,Saturday,1,1
29,2026-01-17,00:43,J0023,Ciudadela,Ranked,Koro;Brisa,22,6,6,3,Derrota,630,2026,1,Saturday,1,2
8827,2026-06-28,15:58,J0001,Ciudadela,Casual,Koro,18,7,6,3,Victoria,1230,2026,6,Sunday,1,1
8674,2026-06-26,18:57,J0006,Bosque Umbral,Casual,Tesla,31,9,2,4,Derrota,1060,2026,6,Friday,4,1
2171,2026-03-07,21:43,J0102,Bosque Umbral,Torneo,Lienzo,27,1,4,5,Victoria,770,2026,3,Saturday,0,1
6031,2026-05-16,21:39,J0200,Bosque Umbral,Ranked,Lienzo;Nadia,22,11,5,3,Derrota,1150,2026,5,Saturday,2,2
9505,2026-07-08,18:28,J0004,Puerto Escarlata,Casual,Koro,8,2,7,2,Victoria,660,2026,7,Wednesday,0,1
890,2026-02-07,22:14,J0058,Estacion Orbital,Casual,Umbra,22,8,3,2,Derrota,840,2026,2,Saturday,3,1
6606,2026-05-24,18:47,J0083,Puerto Escarlata,Casual,Lienzo,11,3,2,7,Derrota,610,2026,5,Sunday,2,1
3323,2026-03-29,16:59,J0035,Ciudadela,Ranked,Koro;Brisa,44,7,4,1,Victoria,1170,2026,3,Sunday,2,2
9467,2026-07-08,13:27,J0066,Ciudadela,Ranked,Vex;Brisa;Umbra,33,7,2,2,Victoria,1260,2026,7,Wednesday,4,3
3515,2026-04-02,19:27,J0200,Desierto Neon,Ranked,Magnus;Tesla,43,8,5,3,Derrota,850,2026,4,Thursday,2,2
4504,2026-04-20,17:53,J0011,Estacion Orbital,Ranked,Magnus,29,5,5,5,Victoria,1150,2026,4,Monday,1,1
8417,2026-06-22,19:28,J0016,Bosque Umbral,Ranked,Vex;Lienzo;Nadia,39,9,3,6,Victoria,1640,2026,6,Monday,3,3
5458,2026-05-06,21:00,J0078,Bosque Umbral,Casual,Lienzo;Tesla,25,3,2,3,Derrota,410,2026,5,Wednesday,2,2
3734,2026-04-06,20:29,J0072,Ciudadela,Casual,Lienzo;Tesla,20,3,6,6,Derrota,480,2026,4,Monday,0,2
9536,2026-07-09,02:39,J0016,Canales de Hielo,Casual,Brisa,32,7,6,2,,680,2026,7,Thursday,1,1
7206,2026-06-03,09:23,J0023,Puerto Escarlata,Casual,Vex,23,4,4,6,Victoria,1120,2026,6,Wednesday,1,1
1655,2026-02-23,19:29,J0020,Puerto Escarlata,Ranked,Brisa,33,5,6,7,Derrota,730,2026,2,Monday,1,1
5122,2026-05-01,15:27,J0200,Bosque Umbral,Ranked,,24,2,7,8,Derrota,460,2026,5,Friday,0,0
224,2026-01-22,05:28,J0042,Desierto Neon,Ranked,Nadia;Vex,25,6,6,7,Victoria,1330,2026,1,Thursday,1,2
8694,2026-06-26,03:29,J0050,Canales de Hielo,Ranked,Nadia,33,5,10,2,Victoria,900,2026,6,Friday,0,1
8120,2026-06-17,21:14,J0010,Puerto Escarlata,Ranked,Brisa;Koro;Vex,22,5,5,2,Victoria,1000,2026,6,Wednesday,1,3
4240,2026-04-16,15:39,J0048,Ciudadela,Ranked,Umbra;Nadia,30,7,2,0,Victoria,1160,2026,4,Thursday,4,2
1591,2026-02-22,14:51,J0153,Bosque Umbral,Ranked,Brisa;Umbra,31,11,7,7,Victoria,1810,2026,2,Sunday,2,2
6088,2026-05-17,22:03,J0047,Estacion Orbital,Ranked,Lienzo,29,14,5,3,Derrota,1450,2026,5,Sunday,3,1
3257,2026-03-28,12:11,J0057,Puerto Escarlata,Ranked,Brisa,28,6,6,5,Victoria,1230,2026,3,Saturday,1,1
4706,2026-04-24,22:04,J0079,Bosque Umbral,Casual,,11,14,4,7,Derrota,1670,2026,4,Friday,4,0
9806,2026-07-12,15:40,J0037,Ciudadela,Casual,Vex,13,6,4,7,Victoria,1370,2026,7,Sunday,2,1
2182,2026-03-07,20:40,J0156,Bosque Umbral,Casual,Magnus,28,4,5,4,Victoria,1000,2026,3,Saturday,1,1
6924,2026-05-29,21:47,J0096,Puerto Escarlata,Ranked,Tesla,23,6,5,1,Victoria,1050,2026,5,Friday,1,1
8198,2026-06-18,20:56,J0053,Desierto Neon,Ranked,Vex,23,8,6,2,Victoria,1280,2026,6,Thursday,1,1
9642,2026-07-10,17:46,J0031,Desierto Neon,Ranked,Tesla;Magnus,27,3,4,4,Derrota,420,2026,7,Friday,1,2
5072,2026-04-30,03:02,J0010,Bosque Umbral,Ranked,Koro;Brisa,28,11,10,2,Victoria,1500,2026,4,Thursday,1,2
1210,2026-02-14,16:21,J0066,Desierto Neon,Casual,Umbra;Vex,28,6,7,5,Victoria,1110,2026,2,Saturday,1,2
422,2026-01-26,00:35,J0118,Ciudadela,Ranked,Vex;Lienzo,35,9,8,3,,1390,2026,1,Monday,1,2
9608,2026-07-10,15:34,J0148,Estacion Orbital,Torneo,Vex,20,3,5,1,Victoria,750,2026,7,Friday,1,1
1707,2026-02-24,17:11,J0149,Estacion Orbital,Ranked,Vex,25,8,2,3,Victoria,1410,2026,2,Tuesday,4,1
1159,2026-02-13,17:06,J0072,Puerto Escarlata,Ranked,Koro,25,2,3,1,Victoria,690,2026,2,Friday,1,1
2307,2026-03-09,17:51,J0005,Ciudadela,Torneo,Koro,8,8,5,5,Derrota,950,2026,3,Monday,2,1
274,2026-01-23,11:27,J0200,Estacion Orbital,Ranked,Koro,29,8,3,1,Victoria,1290,2026,1,Friday,3,1
172,2026-01-20,16:15,J0012,Bosque Umbral,Ranked,Umbra,44,3,4,2,Victoria,,2026,1,Tuesday,1,1
3957,2026-04-10,20:34,J0034,Canales de Hielo,Ranked,Tesla,28,6,5,4,Derrota,700,2026,4,Friday,1,1
6573,2026-05-23,12:09,J0032,Ciudadela,Ranked,Koro,28,8,4,2,Victoria,1320,2026,5,Saturday,2,1
3189,2026-03-26,21:36,J0130,Canales de Hielo,Torneo,Tesla,10,2,7,5,Victoria,810,2026,3,Thursday,0,1
1726,2026-02-25,15:11,J0018,Bosque Umbral,Casual,Nadia;Lienzo,15,3,4,0,Derrota,220,2026,2,Wednesday,1,2
8907,2026-06-29,21:58,J0046,Desierto Neon,Ranked,Umbra,24,5,5,2,Derrota,500,2026,6,Monday,1,1
5866,2026-05-13,19:51,J0029,Canales de Hielo,Ranked,Umbra;Nadia,28,3,6,8,Derrota,580,2026,5,Wednesday,0,2
1565,2026-02-22,12:30,J0003,Canales de Hielo,Casual,Lienzo,14,4,2,0,Victoria,860,2026,2,Sunday,2,1
1783,2026-02-27,19:09,J0059,Estacion Orbital,Torneo,Koro,27,2,19,6,Victoria,620,2026,2,Friday,0,1
844,2026-02-06,18:37,J0043,Bosque Umbral,Casual,Tesla;Vex;Magnus,11,8,6,3,Derrota,830,2026,2,Friday,1,3
9416,2026-07-07,22:40,J0061,Canales de Hielo,Ranked,Nadia;Koro,27,4,6,7,Victoria,1130,2026,7,Tuesday,1,2
9398,2026-07-07,18:16,J0090,Canales de Hielo,Casual,Lienzo,19,2,3,8,Derrota,540,2026,7,Tuesday,1,1
905,2026-02-07,18:18,J0087,Bosque Umbral,Torneo,Vex,29,12,7,8,Victoria,1960,2026,2,Saturday,2,1
6014,2026-05-16,10:23,J0095,Desierto Neon,Casual,Nadia,19,9,4,7,Derrota,1170,2026,5,Saturday,2,1
9744,2026-07-11,11:42,J0012,Puerto Escarlata,Casual,Koro,21,5,6,5,Derrota,630,2026,7,Saturday,1,1
5207,2026-05-02,21:22,J0024,Bosque Umbral,Casual,Umbra,22,6,4,4,Derrota,720,2026,5,Saturday,2,1
1548,2026-02-21,22:12,J0025,Canales de Hielo,Ranked,Umbra,41,9,6,3,Victoria,1430,2026,2,Saturday,2,1
2081,2026-03-05,12:34,J0057,Canales de Hielo,Ranked,,39,4,1,7,Victoria,1230,2026,3,Thursday,4,0
4573,2026-04-22,22:24,J0051,Estacion Orbital,Casual,Koro,29,2,8,3,Victoria,690,2026,4,Wednesday,0,1
3986,2026-04-11,19:54,J0009,Puerto Escarlata,Casual,Umbra;Nadia,18,3,4,2,Derrota,320,2026,4,Saturday,1,2
6503,2026-05-23,16:46,J0019,Canales de Hielo,Ranked,Vex,38,6,7,4,Victoria,1160,2026,5,Saturday,1,1
5472,2026-05-07,19:39,J0020,Puerto Escarlata,Casual,Lienzo,27,6,2,4,Victoria,1360,2026,5,Thursday,3,1
6302,2026-05-20,16:11,J0044,Ciudadela,Torneo,Lienzo,17,6,4,5,Victoria,1270,2026,5,Wednesday,2,1
9873,2026-07-13,11:16,J0008,Canales de Hielo,Casual,Lienzo,10,6,4,4,Derrota,720,2026,7,Monday,2,1
8272,2026-06-20,10:57,J0041,Estacion Orbital,Casual,Umbra,9,6,7,5,Derrota,710,2026,6,Saturday,1,1
3821,2026-04-08,16:01,J0044,Ciudadela,Casual,Tesla,23,9,2,3,Victoria,1510,2026,4,Wednesday,4,1
2647,2026-03-16,20:47,J0005,Puerto Escarlata,Ranked,Brisa;Nadia;Koro,37,6,3,5,Victoria,1290,2026,3,Monday,2,3
4538,2026-04-21,11:45,J0200,Desierto Neon,Casual,Vex,29,6,6,3,,,2026,4,Tuesday,1,1
7285,2026-06-04,19:03,J0016,Bosque Umbral,Ranked,,37,15,4,0,Victoria,1920,2026,6,Thursday,4,0
5245,2026-05-03,17:39,J0047,Estacion Orbital,Casual,Koro,8,7,5,4,Victoria,1300,2026,5,Sunday,1,1
8479,2026-06-23,20:15,J0048,Bosque Umbral,Ranked,Tesla,40,4,3,3,Victoria,990,2026,6,Tuesday,1,1
7553,2026-06-08,20:57,J0177,Canales de Hielo,Casual,Magnus;Nadia,29,8,11,2,,680,2026,6,Monday,1,2
6181,2026-05-18,19:29,J0093,Ciudadela,Casual,Magnus,17,0,2,2,Victoria,560,2026,5,Monday,0,1
2156,2026-03-06,11:08,J0130,Bosque Umbral,Ranked,Tesla;Magnus,25,4,2,3,Victoria,1010,2026,3,Friday,2,2
6830,2026-05-28,19:29,J0071,Canales de Hielo,Casual,Magnus;Nadia,27,4,5,2,Victoria,900,2026,5,Thursday,1,2
3716,2026-04-06,19:14,J0066,Bosque Umbral,Casual,Lienzo,10,10,3,2,Victoria,1540,2026,4,Monday,3,1
4058,2026-04-12,21:27,J0049,Canales de Hielo,Casual,Koro;Nadia,17,1,5,3,Victoria,650,2026,4,Sunday,0,2
6056,2026-05-16,16:15,J0056,Ciudadela,Casual,Tesla,25,6,4,5,Derrota,770,2026,5,Saturday,2,1
3103,2026-03-25,19:02,J0024,Ciudadela,Casual,Brisa;Vex;Nadia,12,5,3,2,Derrota,540,2026,3,Wednesday,2,3
559,2026-01-30,20:33,J0043,Puerto Escarlata,Ranked,Umbra;Vex,26,15,1,2,Derrota,1580,2026,1,Friday,15,2
4696,2026-04-24,17:44,J0056,Bosque Umbral,Ranked,Vex,36,3,6,4,Victoria,880,2026,4,Friday,0,1
4462,2026-04-19,21:20,J0121,Desierto Neon,Ranked,Brisa;Lienzo,23,7,2,4,,1360,2026,4,Sunday,4,2
1437,2026-02-19,10:16,J0090,Ciudadela,Ranked,Umbra,28,9,2,5,Derrota,1110,2026,2,Thursday,4,1
508,2026-01-28,23:35,J0125,Canales de Hielo,Ranked,Tesla,41,7,1,0,Derrota,680,2026,1,Wednesday,7,1
1870,2026-02-28,21:18,J0007,Puerto Escarlata,Ranked,Tesla,31,14,3,5,Victoria,2090,2026,2,Saturday,5,1
756,2026-02-04,10:59,J0059,Bosque Umbral,Casual,Brisa,32,3,3,4,Derrota,440,2026,2,Wednesday,1,1
5516,2026-05-08,19:52,J0002,Estacion Orbital,Casual,,8,11,6,2,Victoria,1580,2026,5,Friday,2,0
4051,2026-04-12,00:58,J0042,Estacion Orbital,Ranked,Magnus,43,1,6,5,Victoria,730,2026,4,Sunday,0,1
8673,2026-06-26,20:19,J0089,Ciudadela,Casual,Brisa,22,10,10,3,Derrota,950,2026,6,Friday,1,1
3837,2026-04-08,17:53,J0021,Puerto Escarlata,Ranked,,37,5,1,4,Victoria,1180,2026,4,Wednesday,5,0
2119,2026-03-06,17:44,J0147,Ciudadela,Ranked,Magnus;Vex,27,3,4,1,Victoria,,2026,3,Friday,1,2
8458,2026-06-22,21:05,J0026,Estacion Orbital,Casual,Magnus,32,5,6,3,Victoria,1030,2026,6,Monday,1,1
8342,2026-06-21,22:29,J0171,Desierto Neon,Casual,Koro,20,6,6,8,Victoria,1380,2026,6,Sunday,1,1
502,2026-01-28,22:51,J0015,Canales de Hielo,Casual,Tesla,19,9,3,2,Derrota,940,2026,1,Wednesday,3,1
6450,2026-05-22,21:05,J0200,Canales de Hielo,Casual,Tesla;Brisa;Vex,20,9,8,4,Derrota,940,2026,5,Friday,1,3
5063,2026-04-30,17:39,J0053,Puerto Escarlata,Ranked,Brisa,44,9,7,5,Victoria,1510,2026,4,Thursday,1,1
1540,2026-02-21,22:10,J0001,Puerto Escarlata,Casual,Lienzo,26,5,7,5,Derrota,610,2026,2,Saturday,1,1
7826,2026-06-13,15:34,J0128,Puerto Escarlata,Casual,Tesla;Lienzo;Koro,26,6,4,6,Derrota,820,2026,6,Saturday,2,3
1212,2026-02-14,16:06,J0018,Puerto Escarlata,Ranked,Umbra,38,5,8,6,Victoria,1140,2026,2,Saturday,1,1
9193,2026-07-04,20:11,J0021,Puerto Escarlata,Ranked,Brisa;Koro,32,8,5,6,Victoria,1500,2026,7,Saturday,2,2
673,2026-02-01,15:28,J0017,Canales de Hielo,Torneo,Brisa;Tesla;Nadia,22,7,5,3,Victoria,1250,2026,2,Sunday,1,3
3378,2026-03-30,18:37,J0040,Ciudadela,Casual,Brisa;Tesla;Umbra,24,9,1,3,Victoria,1530,2026,3,Monday,9,3
8853,2026-06-28,18:51,J0093,Canales de Hielo,Ranked,Umbra,28,6,6,6,Derrota,780,2026,6,Sunday,1,1
1465,2026-02-20,16:09,J0029,Puerto Escarlata,Ranked,Tesla;Lienzo,24,4,5,3,Derrota,450,2026,2,Friday,1,2
1193,2026-02-14,20:22,J0106,Canales de Hielo,Casual,Umbra;Vex,21,10,4,5,Victoria,1670,2026,2,Saturday,2,2
7108,2026-06-01,20:36,J0139,Puerto Escarlata,Ranked,Umbra;Lienzo,43,4,7,8,Victoria,1160,2026,6,Monday,1,2
1873,2026-02-28,14:48,J0001,Puerto Escarlata,Casual,Koro;Vex,10,7,4,2,Victoria,,2026,2,Saturday,2,2
3591,2026-04-04,19:25,J0002,Bosque Umbral,Ranked,Magnus,24,6,3,4,Derrota,740,2026,4,Saturday,2,1
7251,2026-06-03,07:25,J0013,Canales de Hielo,Torneo,Umbra,9,6,3,6,Derrota,440,2026,6,Wednesday,2,1
506,2026-01-28,15:05,J0004,Estacion Orbital,Ranked,Magnus;Lienzo,41,8,2,5,Victoria,1510,2026,1,Wednesday,4,2
244,2026-01-22,17:54,J0052,Desierto Neon,Ranked,Nadia;Vex,22,6,3,6,Victoria,1340,2026,1,Thursday,2,2
507,2026-01-28,23:57,J0080,Desierto Neon,Torneo,Nadia;Koro,29,6,8,3,Derrota,590,2026,1,Wednesday,1,2
8271,2026-06-20,23:36,J0013,Desierto Neon,Casual,Vex,29,10,5,3,Derrota,1050,2026,6,Saturday,2,1
6819,2026-05-27,19:44,J0200,Bosque Umbral,Casual,Umbra,26,6,3,2,Victoria,1140,2026,5,Wednesday,2,1
6501,2026-05-22,17:16,J0010,Ciudadela,Casual,Brisa;Nadia,26,6,4,2,Victoria,1120,2026,5,Friday,2,2
5324,2026-05-04,20:18,J0068,Ciudadela,Casual,Umbra,13,8,4,2,Derrota,820,2026,5,Monday,2,1
1774,2026-02-26,18:03,J0092,Desierto Neon,Casual,Magnus;Vex,18,9,6,1,Victoria,1330,2026,2,Thursday,2,2
5759,2026-05-11,20:54,J0018,Estacion Orbital,Ranked,Nadia,28,8,1,5,Derrota,1030,2026,5,Monday,8,1
4996,2026-04-29,15:08,J0039,Ciudadela,Casual,Nadia,10,5,5,1,Victoria,950,2026,4,Wednesday,1,1
798,2026-02-05,20:47,J0068,Puerto Escarlata,Torneo,Tesla,16,7,4,0,Victoria,1120,2026,2,Thursday,2,1
7250,2026-06-03,07:53,J0103,Ciudadela,Ranked,Koro,26,12,5,6,Derrota,1400,2026,6,Wednesday,2,1
7195,2026-06-02,18:27,J0039,Puerto Escarlata,Casual,Koro;Vex,8,13,3,4,Victoria,1940,2026,6,Tuesday,4,2
2830,2026-03-20,23:09,J0115,Puerto Escarlata,Ranked,Magnus,28,2,8,3,Derrota,190,2026,3,Friday,0,1
9390,2026-07-07,21:05,J0027,Puerto Escarlata,Casual,Vex,14,11,4,5,Victoria,1770,2026,7,Tuesday,3,1
8806,2026-06-28,21:39,J0162,Estacion Orbital,Casual,Brisa;Nadia,9,6,5,4,Victoria,1200,2026,6,Sunday,1,2
313,2026-01-24,11:38,J0123,Bosque Umbral,Ranked,Umbra,41,2,3,1,Derrota,190,2026,1,Saturday,1,1
747,2026-02-03,00:19,J0012,Bosque Umbral,Ranked,Koro;Lienzo,24,9,3,6,Victoria,1640,2026,2,Tuesday,3,2
3570,2026-04-03,13:34,J0051,Estacion Orbital,Casual,Tesla;Brisa;Magnus,19,2,4,6,Victoria,920,2026,4,Friday,0,3
791,2026-02-04,17:42,J0012,Ciudadela,Ranked,Lienzo,25,4,3,3,Derrota,490,2026,2,Wednesday,1,1
2477,2026-03-13,20:36,J0112,Canales de Hielo,Casual,Nadia,10,3,5,3,,350,2026,3,Friday,1,1
9396,2026-07-07,14:06,J0094,Desierto Neon,Ranked,Vex,22,10,3,6,Victoria,1740,2026,7,Tuesday,3,1
2571,2026-03-15,15:08,J0038,Estacion Orbital,Ranked,Koro,37,7,6,4,Victoria,1280,2026,3,Sunday,1,1
5382,2026-05-05,19:33,J0049,Puerto Escarlata,Torneo,Brisa;Lienzo;Tesla,24,4,4,4,Derrota,520,2026,5,Tuesday,1,3
5309,2026-05-04,19:48,J0135,Canales de Hielo,Ranked,Magnus;Koro;Nadia,43,8,4,1,Victoria,1270,2026,5,Monday,2,3
4356,2026-04-18,19:43,J0118,Canales de Hielo,Ranked,Koro;Umbra,23,9,5,2,Derrota,900,2026,4,Saturday,2,2
2164,2026-03-06,23:56,J0005,Ciudadela,Casual,Brisa;Umbra,14,6,4,3,Victoria,1170,2026,3,Friday,2,2
6694,2026-05-25,19:42,J0060,Desierto Neon,Casual,Lienzo;Tesla,27,7,6,5,Victoria,1330,2026,5,Monday,1,2
8651,2026-06-26,19:38,J0090,Ciudadela,Casual,Brisa,32,4,2,6,Victoria,1160,2026,6,Friday,2,1
381,2026-01-25,17:05,J0044,Canales de Hielo,Ranked,Umbra,43,13,4,3,Derrota,1370,2026,1,Sunday,3,1
6200,2026-05-18,12:05,J0119,Canales de Hielo,Ranked,Koro,26,8,7,7,Victoria,1510,2026,5,Monday,1,1
1293,2026-02-16,09:27,J0015,Canales de Hielo,Ranked,Lienzo,28,6,3,4,Victoria,1240,2026,2,Monday,2,1
1913,2026-03-01,18:17,J0078,Estacion Orbital,Casual,Lienzo,24,10,3,5,Victoria,1690,2026,3,Sunday,3,1
600,2026-01-31,14:04,J0045,Estacion Orbital,Casual,Brisa,22,8,4,2,Derrota,820,2026,1,Saturday,2,1
3893,2026-04-09,14:00,J0015,Puerto Escarlata,Casual,Koro,20,9,5,4,Victoria,1500,2026,4,Thursday,2,1
4142,2026-04-13,17:15,J0067,Bosque Umbral,Ranked,Lienzo,34,6,1,3,Derrota,,2026,4,Monday,6,1
1653,2026-02-23,21:06,J0086,Bosque Umbral,Casual,Magnus;Lienzo,19,9,5,5,Derrota,1050,2026,2,Monday,2,2
6401,2026-05-21,07:10,J0028,Ciudadela,Torneo,Nadia,32,3,9,4,Derrota,320,2026,5,Thursday,0,1
1894,2026-03-01,03:44,J0007,Desierto Neon,Casual,Magnus,23,3,6,4,Victoria,880,2026,3,Sunday,0,1
1945,2026-03-02,20:19,J0049,Estacion Orbital,Casual,Tesla,17,3,2,5,Victoria,1010,2026,3,Monday,2,1
3396,2026-03-30,17:22,J0016,Puerto Escarlata,Ranked,Brisa,42,6,7,3,Derrota,610,2026,3,Monday,1,1
5577,2026-05-09,23:12,J0073,Estacion Orbital,Torneo,Vex,24,2,10,1,Victoria,550,2026,5,Saturday,0,1
4363,2026-04-18,16:58,J0058,Desierto Neon,Ranked,Vex;Nadia,37,9,7,7,Victoria,1610,2026,4,Saturday,1,2
9843,2026-07-12,19:57,J0083,Ciudadela,Casual,Umbra;Magnus,21,3,7,7,Derrota,510,2026,7,Sunday,0,2
376,2026-01-25,18:18,J0121,Estacion Orbital,Ranked,Tesla;Umbra;Nadia,39,4,6,8,Derrota,680,2026,1,Sunday,1,3
1967,2026-03-02,00:46,J0056,Canales de Hielo,Casual,Tesla;Vex,23,12,4,3,Derrota,1270,2026,3,Monday,3,2
3958,2026-04-10,23:10,J0020,Puerto Escarlata,Casual,Brisa,24,10,5,6,Derrota,1200,2026,4,Friday,2,1
7261,2026-06-03,18:40,J0001,Canales de Hielo,Torneo,Koro,25,3,5,3,,850,2026,6,Wednesday,1,1
7607,2026-06-09,00:11,J0004,Ciudadela,Casual,Lienzo,27,3,4,2,Victoria,820,2026,6,Tuesday,1,1
5230,2026-05-03,17:55,J0036,Puerto Escarlata,Casual,Brisa,16,4,4,1,Victoria,870,2026,5,Sunday,1,1
5255,2026-05-03,19:16,J0007,Desierto Neon,Ranked,Lienzo,45,6,5,7,Victoria,1350,2026,5,Sunday,1,1
5385,2026-05-05,10:37,J0004,Ciudadela,Ranked,Umbra;Vex,37,7,6,5,Victoria,1330,2026,5,Tuesday,1,2
1472,2026-02-20,14:35,J0120,Canales de Hielo,Casual,Umbra,26,4,6,2,Victoria,880,2026,2,Friday,1,1
3347,2026-03-29,22:44,J0171,Puerto Escarlata,Ranked,Vex,43,10,6,8,Derrota,1280,2026,3,Sunday,2,1
6365,2026-05-21,18:12,J0033,Estacion Orbital,Ranked,Brisa,39,7,3,4,Derrota,,2026,5,Thursday,2,1
2854,2026-03-20,23:02,J0038,Bosque Umbral,Casual,Koro,21,3,3,5,Derrota,490,2026,3,Friday,1,1
9059,2026-07-01,00:35,J0011,Estacion Orbital,Ranked,Koro;Umbra;Vex,23,6,6,1,,1030,2026,7,Wednesday,1,3
9849,2026-07-13,20:51,J0029,Estacion Orbital,Ranked,Nadia,31,4,5,3,,950,2026,7,Monday,1,1
8635,2026-06-25,09:22,J0022,Canales de Hielo,Casual,Tesla,11,8,6,10,,1680,2026,6,Thursday,1,1
4063,2026-04-12,10:35,J0023,Canales de Hielo,Casual,Koro,26,8,4,3,Victoria,1370,2026,4,Sunday,2,1
4884,2026-04-26,15:23,J0026,Puerto Escarlata,Ranked,Vex;Lienzo,35,8,6,1,Victoria,1230,2026,4,Sunday,1,2
4307,2026-04-17,17:08,J0002,Puerto Escarlata,Ranked,Magnus;Brisa,35,6,8,1,Victoria,990,2026,4,Friday,1,2
4966,2026-04-28,09:06,J0035,Puerto Escarlata,Casual,Brisa,13,7,7,4,Victoria,1260,2026,4,Tuesday,1,1
7375,2026-06-05,12:02,J0073,Puerto Escarlata,Ranked,Umbra;Magnus;Brisa,27,6,5,7,Derrota,850,2026,6,Friday,1,3
5369,2026-05-05,10:20,J0004,Puerto Escarlata,Ranked,Vex,23,9,6,5,Victoria,1530,2026,5,Tuesday,2,1
3991,2026-04-11,05:43,J0004,Estacion Orbital,Casual,Magnus;Vex,18,10,6,3,Derrota,1030,2026,4,Saturday,2,2
1050,2026-02-11,11:18,J0032,Estacion Orbital,Casual,Nadia,21,7,5,2,Victoria,1200,2026,2,Wednesday,1,1
9899,2026-07-13,21:26,J0111,Estacion Orbital,Casual,Umbra,14,5,4,3,Victoria,1070,2026,7,Monday,1,1
5426,2026-05-06,18:43,J0044,Estacion Orbital,Casual,Brisa;Lienzo,19,10,5,2,Victoria,1500,2026,5,Wednesday,2,2
7998,2026-06-15,16:32,J0031,Bosque Umbral,Torneo,Brisa;Magnus;Koro,11,4,6,0,Derrota,280,2026,6,Monday,1,3
2036,2026-03-04,12:51,J0103,Estacion Orbital,Ranked,Nadia;Koro;Lienzo,40,5,10,5,Victoria,1050,2026,3,Wednesday,0,3
4040,2026-04-12,22:44,J0035,Puerto Escarlata,Ranked,Vex,38,11,8,4,Victoria,1640,2026,4,Sunday,1,1
5327,2026-05-04,07:03,J0015,Canales de Hielo,Casual,Magnus,21,6,7,4,Derrota,660,2026,5,Monday,1,1
9425,2026-07-07,05:29,J0069,Ciudadela,Ranked,Nadia,35,2,6,3,Victoria,730,2026,7,Tuesday,0,1
1973,2026-03-02,17:33,J0053,Estacion Orbital,Casual,Umbra;Nadia;Brisa,20,3,8,2,Victoria,740,2026,3,Monday,0,3
8955,2026-06-30,19:14,J0032,Canales de Hielo,Casual,Nadia,23,7,4,6,Derrota,920,2026,6,Tuesday,2,1
2100,2026-03-05,03:31,J0038,Puerto Escarlata,Casual,Brisa,24,6,6,5,Derrota,730,2026,3,Thursday,1,1
1500,2026-02-21,21:28,J0057,Ciudadela,Casual,Brisa;Koro,16,6,5,3,Victoria,1150,2026,2,Saturday,1,2
7583,2026-06-09,20:51,J0125,Puerto Escarlata,Ranked,Brisa;Umbra,24,3,7,5,Derrota,410,2026,6,Tuesday,0,2
653,2026-02-01,22:59,J0066,Bosque Umbral,Casual,Vex;Tesla;Lienzo,22,16,4,5,Victoria,,2026,2,Sunday,4,3
171,2026-01-20,16:48,J0028,Estacion Orbital,Ranked,Vex,24,9,4,4,Victoria,1520,2026,1,Tuesday,2,1
4086,2026-04-12,03:50,J0019,Ciudadela,Casual,,23,4,12,3,,810,2026,4,Sunday,0,0
243,2026-01-22,19:50,J0140,Bosque Umbral,Casual,Lienzo;Koro,19,6,7,4,Derrota,660,2026,1,Thursday,1,2
8574,2026-06-25,14:22,J0077,Canales de Hielo,Ranked,Vex;Tesla,35,6,7,1,Victoria,1010,2026,6,Thursday,1,2
4372,2026-04-18,21:33,J0001,Estacion Orbital,Ranked,Nadia,22,7,8,5,Derrota,790,2026,4,Saturday,1,1
7096,2026-06-01,03:13,J0060,Canales de Hielo,Torneo,Brisa,20,5,3,3,Derrota,590,2026,6,Monday,2,1
2757,2026-03-19,22:51,J0071,Desierto Neon,Casual,Koro,31,3,2,2,Victoria,860,2026,3,Thursday,2,1
8532,2026-06-24,18:12,J0054,Canales de Hielo,Casual,Umbra;Nadia,14,7,4,2,Derrota,720,2026,6,Wednesday,2,2
8085,2026-06-17,17:10,J0015,Canales de Hielo,Casual,Lienzo,28,11,3,5,Derrota,1290,2026,6,Wednesday,4,1
2077,2026-03-05,20:32,J0087,Estacion Orbital,Ranked,Lienzo;Nadia,27,11,6,4,Derrota,1180,2026,3,Thursday,2,2
4104,2026-04-12,18:58,J0131,Puerto Escarlata,Ranked,Lienzo;Umbra,33,13,5,6,Victoria,2000,2026,4,Sunday,3,2
9632,2026-07-10,23:22,J0025,Ciudadela,Casual,Tesla;Koro;Lienzo,26,2,7,7,Derrota,410,2026,7,Friday,0,3
6368,2026-05-21,00:19,J0034,Puerto Escarlata,Ranked,Koro;Tesla,24,5,2,2,Derrota,560,2026,5,Thursday,2,2
4935,2026-04-27,13:28,J0063,Ciudadela,Casual,Nadia,17,6,4,4,Victoria,1220,2026,4,Monday,2,1
4984,2026-04-28,20:15,J0008,Canales de Hielo,Torneo,Magnus,32,1,4,2,Victoria,620,2026,4,Tuesday,0,1
5191,2026-05-02,18:14,J0200,Desierto Neon,Casual,Magnus,19,7,7,1,Victoria,1110,2026,5,Saturday,1,1
5957,2026-05-14,18:10,J0058,Desierto Neon,Torneo,Nadia,27,5,5,7,Victoria,1250,2026,5,Thursday,1,1
4902,2026-04-27,12:01,J0012,Desierto Neon,Torneo,Brisa,30,6,3,8,Victoria,1440,2026,4,Monday,2,1
9444,2026-07-08,04:43,J0200,Bosque Umbral,Casual,Tesla,22,7,5,3,Victoria,1250,2026,7,Wednesday,1,1
4823,2026-04-26,19:05,J0048,Bosque Umbral,Ranked,Umbra,35,2,10,5,Victoria,750,2026,4,Sunday,0,1
6708,2026-05-25,18:44,J0010,Estacion Orbital,Casual,Magnus;Lienzo,18,3,8,7,Victoria,990,2026,5,Monday,0,2
4565,2026-04-21,22:48,J0089,Estacion Orbital,Casual,Lienzo,31,5,3,2,Victoria,1040,2026,4,Tuesday,2,1
8392,2026-06-21,20:05,J0041,Puerto Escarlata,Casual,Nadia;Magnus;Umbra,26,6,5,5,Derrota,550,2026,6,Sunday,1,3
4079,2026-04-12,20:52,J0003,Puerto Escarlata,Casual,Koro,26,4,7,7,Victoria,1110,2026,4,Sunday,1,1
641,2026-02-01,15:07,J0072,Estacion Orbital,Ranked,Tesla;Brisa,38,3,5,3,Victoria,850,2026,2,Sunday,1,2
1271,2026-02-15,00:18,J0022,Ciudadela,Casual,Lienzo,24,4,4,4,Victoria,1020,2026,2,Sunday,1,1
2779,2026-03-19,19:36,J0024,Puerto Escarlata,Ranked,Magnus,45,3,4,4,Victoria,920,2026,3,Thursday,1,1
1986,2026-03-03,19:32,J0113,Canales de Hielo,Casual,Tesla,19,1,7,2,Derrota,60,2026,3,Tuesday,0,1
3862,2026-04-08,19:34,J0057,Estacion Orbital,Ranked,Nadia,33,9,1,1,Derrota,930,2026,4,Wednesday,9,1
3481,2026-04-01,17:59,J0029,Bosque Umbral,Casual,Tesla;Vex;Magnus,25,4,7,3,Victoria,910,2026,4,Wednesday,1,3
1535,2026-02-21,22:59,J0078,Canales de Hielo,Casual,Lienzo;Magnus,14,2,5,7,Derrota,450,2026,2,Saturday,0,2
326,2026-01-24,22:32,J0006,Estacion Orbital,Casual,Koro,11,3,8,6,Victoria,940,2026,1,Saturday,0,1
2339,2026-03-10,12:25,J0025,Estacion Orbital,Ranked,Tesla;Brisa,23,3,3,4,Victoria,940,2026,3,Tuesday,1,2
3981,2026-04-11,19:02,J0003,Canales de Hielo,Ranked,Koro;Nadia,40,0,3,4,Derrota,140,2026,4,Saturday,0,2
6999,2026-05-30,11:36,J0060,Puerto Escarlata,Casual,Brisa;Tesla;Lienzo,20,7,10,2,,600,2026,5,Saturday,1,3
4055,2026-04-12,21:49,J0003,Bosque Umbral,Casual,Koro;Tesla,30,6,5,8,Victoria,1400,2026,4,Sunday,1,2
2238,2026-03-08,20:14,J0078,Bosque Umbral,Ranked,Brisa;Nadia;Vex,29,4,9,4,Victoria,920,2026,3,Sunday,0,3
7232,2026-06-03,18:34,J0200,Bosque Umbral,Ranked,Koro,39,3,1,3,Victoria,930,2026,6,Wednesday,3,1
9742,2026-07-11,22:44,J0011,Ciudadela,Ranked,,40,8,4,2,Derrota,,2026,7,Saturday,2,0
4831,2026-04-26,10:44,J0049,Desierto Neon,Ranked,Umbra;Koro,32,6,6,3,Victoria,930,2026,4,Sunday,1,2
865,2026-02-06,18:59,J0013,Canales de Hielo,Casual,Lienzo,24,6,6,2,,980,2026,2,Friday,1,1
5786,2026-05-11,18:19,J0001,Ciudadela,Ranked,Tesla,30,8,6,4,Derrota,880,2026,5,Monday,1,1
5607,2026-05-09,20:14,J0091,Desierto Neon,Casual,Lienzo;Nadia,17,8,7,2,Victoria,1260,2026,5,Saturday,1,2
5295,2026-05-03,19:14,J0037,Estacion Orbital,Casual,Umbra,31,3,8,1,Derrota,190,2026,5,Sunday,0,1
372,2026-01-25,17:02,J0036,Estacion Orbital,Casual,Nadia;Tesla,25,4,10,4,Victoria,900,2026,1,Sunday,0,2
6408,2026-05-21,20:54,J0200,Ciudadela,Casual,Magnus,28,8,6,3,Victoria,1330,2026,5,Thursday,1,1
5650,2026-05-09,11:38,J0189,Ciudadela,Ranked,Koro;Magnus;Lienzo,25,13,4,5,Derrota,1470,2026,5,Saturday,3,3
7049,2026-05-31,20:40,J0064,Puerto Escarlata,Casual,Magnus,9,5,4,2,Derrota,520,2026,5,Sunday,1,1
6002,2026-05-15,20:44,J0018,Ciudadela,Ranked,Koro,35,2,1,6,Derrota,480,2026,5,Friday,2,1
9358,2026-07-06,22:01,J0003,Bosque Umbral,Casual,Brisa,27,5,4,9,Victoria,1370,2026,7,Monday,1,1
5867,2026-05-13,07:01,J0059,Ciudadela,Casual,Brisa,19,7,2,6,Derrota,960,2026,5,Wednesday,4,1
2365,2026-03-10,12:20,J0076,Canales de Hielo,Casual,Nadia,25,6,8,3,Victoria,1090,2026,3,Tuesday,1,1
3214,2026-03-27,20:51,J0083,Ciudadela,Casual,Magnus;Nadia,9,4,5,4,Victoria,1000,2026,3,Friday,1,2
912,2026-02-07,15:41,J0011,Ciudadela,Torneo,Tesla,31,3,9,2,Derrota,220,2026,2,Saturday,0,1
9118,2026-07-03,20:08,J0054,Bosque Umbral,Ranked,Vex,24,5,4,5,Derrota,670,2026,7,Friday,1,1
7224,2026-06-03,14:00,J0029,Puerto Escarlata,Casual,Koro;Brisa,22,5,7,6,Derrota,660,2026,6,Wednesday,1,2
6647,2026-05-24,07:10,J0016,Bosque Umbral,Casual,Vex;Brisa;Tesla,8,11,3,4,Derrota,1240,2026,5,Sunday,4,3
8499,2026-06-23,08:23,J0075,Canales de Hielo,Ranked,Nadia;Lienzo,31,7,4,7,Victoria,1470,2026,6,Tuesday,2,2
6793,2026-05-27,23:17,J0019,Bosque Umbral,Torneo,Vex,29,8,7,7,,1510,2026,5,Wednesday,1,1
7305,2026-06-04,17:35,J0018,Puerto Escarlata,Ranked,Tesla;Nadia,33,2,6,3,Derrota,230,2026,6,Thursday,0,2
1424,2026-02-19,09:08,J0001,Canales de Hielo,Ranked,Koro,38,12,5,2,,1200,2026,2,Thursday,2,1
9881,2026-07-13,08:46,J0017,Ciudadela,Ranked,,27,9,5,3,Derrota,950,2026,7,Monday,2,0
480,2026-01-27,19:46,J0006,Estacion Orbital,Ranked,Nadia;Tesla,45,7,6,6,Victoria,1380,2026,1,Tuesday,1,2
663,2026-02-01,23:14,J0200,Desierto Neon,Casual,Magnus,32,9,4,3,Victoria,1470,2026,2,Sunday,2,1
4561,2026-04-21,19:29,J0018,Canales de Hielo,Ranked,Lienzo,24,5,7,4,Derrota,,2026,4,Tuesday,1,1
9053,2026-07-01,19:56,J0101,Desierto Neon,Casual,Vex,28,9,5,7,Victoria,1650,2026,7,Wednesday,2,1
8783,2026-06-27,17:37,J0093,Puerto Escarlata,Ranked,Brisa,36,4,3,2,Victoria,940,2026,6,Saturday,1,1
2989,2026-03-22,21:28,J0002,Puerto Escarlata,Ranked,Tesla;Koro,29,7,5,5,Victoria,1350,2026,3,Sunday,1,2
1120,2026-02-12,22:08,J0051,Puerto Escarlata,Torneo,Umbra,15,3,3,6,Derrota,540,2026,2,Thursday,1,1
2777,2026-03-19,20:34,J0061,Puerto Escarlata,Casual,Koro,24,6,5,3,Derrota,650,2026,3,Thursday,1,1
5654,2026-05-10,07:03,J0074,Puerto Escarlata,Ranked,Umbra;Nadia;Vex,40,9,6,7,Victoria,1630,2026,5,Sunday,2,3
5093,2026-04-30,15:05,J0073,Canales de Hielo,Casual,Brisa;Vex,9,1,2,7,Derrota,410,2026,4,Thursday,0,2
9043,2026-07-01,22:01,J0191,Puerto Escarlata,Ranked,Vex,26,11,1,7,Victoria,1930,2026,7,Wednesday,11,1
5200,2026-05-02,19:06,J0047,Puerto Escarlata,Ranked,Brisa,36,5,6,4,Derrota,580,2026,5,Saturday,1,1
4428,2026-04-19,10:08,J0037,Ciudadela,Ranked,Lienzo,36,3,3,4,Victoria,940,2026,4,Sunday,1,1
7560,2026-06-08,23:42,J0142,Estacion Orbital,Casual,Umbra,17,4,7,2,Victoria,860,2026,6,Monday,1,1
3982,2026-04-11,18:58,J0047,Bosque Umbral,Torneo,Umbra;Nadia,15,14,5,4,Victoria,2000,2026,4,Saturday,3,2
6465,2026-05-22,11:37,J0002,Ciudadela,Ranked,Lienzo,25,6,4,5,Victoria,1470,2026,5,Friday,2,1
2894,2026-03-21,10:26,J0108,Estacion Orbital,Ranked,Vex;Lienzo,27,4,8,5,Derrota,490,2026,3,Saturday,0,2
2670,2026-03-16,11:30,J0057,Ciudadela,Casual,Koro;Magnus,24,3,4,3,Derrota,370,2026,3,Monday,1,2
3978,2026-04-11,16:39,J0030,Canales de Hielo,Casual,Koro,14,2,6,7,Victoria,930,2026,4,Saturday,0,1
5355,2026-05-05,20:47,J0120,Canales de Hielo,Casual,Koro;Magnus;Lienzo,31,6,2,2,Victoria,1160,2026,5,Tuesday,3,3
280,2026-01-23,19:24,J0024,Puerto Escarlata,Casual,Vex,32,8,6,2,Victoria,1280,2026,1,Friday,1,1
6850,2026-05-28,12:50,J0103,Estacion Orbital,Ranked,Magnus;Nadia,38,13,6,4,Victoria,1880,2026,5,Thursday,2,2
6214,2026-05-18,13:03,J0005,Puerto Escarlata,Ranked,Magnus,38,7,4,7,Derrota,970,2026,5,Monday,2,1
7144,2026-06-02,06:09,J0200,Puerto Escarlata,Ranked,Lienzo;Tesla,43,5,2,4,Derrota,660,2026,6,Tuesday,2,2
1695,2026-02-24,09:33,J0016,Desierto Neon,Ranked,Umbra;Lienzo;Nadia,33,10,3,4,Derrota,1140,2026,2,Tuesday,3,3
8982,2026-06-30,19:58,J0026,Estacion Orbital,Ranked,Umbra,41,5,4,2,Derrota,520,2026,6,Tuesday,1,1
3480,2026-04-01,15:20,J0200,Puerto Escarlata,Casual,Magnus;Vex,19,10,3,3,Victoria,1590,2026,4,Wednesday,3,2
4417,2026-04-19,21:01,J0109,Canales de Hielo,Ranked,Lienzo,36,9,2,6,Victoria,1660,2026,4,Sunday,4,1
9952,2026-07-14,20:09,J0038,Puerto Escarlata,Casual,Nadia,10,3,5,7,Derrota,,2026,7,Tuesday,1,1
6310,2026-05-20,16:14,J0200,Puerto Escarlata,Casual,Brisa;Lienzo,25,7,6,5,Victoria,1330,2026,5,Wednesday,1,2
8602,2026-06-25,17:41,J0010,Canales de Hielo,Ranked,Koro,38,6,6,3,Derrota,730,2026,6,Thursday,1,1
8688,2026-06-26,02:46,J0025,Bosque Umbral,Casual,Koro,12,2,5,3,Victoria,750,2026,6,Friday,0,1
7914,2026-06-14,05:53,J0012,Desierto Neon,Torneo,Lienzo;Magnus;Umbra,11,2,5,8,Derrota,500,2026,6,Sunday,0,3
4297,2026-04-17,20:19,J0127,Ciudadela,Ranked,Tesla,27,4,4,5,Victoria,1070,2026,4,Friday,1,1
5468,2026-05-07,18:56,J0034,Puerto Escarlata,Casual,Vex,12,6,2,5,Derrota,1210,2026,5,Thursday,3,1
4933,2026-04-27,15:39,J0092,Desierto Neon,Casual,Lienzo;Koro;Nadia,9,6,3,5,Derrota,790,2026,4,Monday,2,3
2210,2026-03-07,17:29,J0002,Estacion Orbital,Ranked,Brisa,31,4,7,10,Victoria,,2026,3,Saturday,1,1
9239,2026-07-04,16:48,J0011,Estacion Orbital,Casual,Tesla;Koro,12,3,3,3,Victoria,890,2026,7,Saturday,1,2
185,2026-01-21,18:02,J0020,Canales de Hielo,Ranked,Nadia;Umbra;Brisa,26,7,2,6,Victoria,1460,2026,1,Wednesday,4,3
9997,2026-07-14,04:16,J0003,Canales de Hielo,Casual,Umbra,17,5,6,9,Derrota,830,2026,7,Tuesday,1,1
5403,2026-05-05,07:34,J0001,Ciudadela,Ranked,Umbra,32,5,7,5,Derrota,610,2026,5,Tuesday,1,1
4517,2026-04-20,12:30,J0099,Estacion Orbital,Ranked,Nadia;Umbra,22,6,4,1,Derrota,,2026,4,Monday,2,2
2351,2026-03-10,23:35,J0167,Desierto Neon,Casual,Lienzo,28,9,9,6,Victoria,1520,2026,3,Tuesday,1,1
554,2026-01-29,15:52,J0042,Bosque Umbral,Ranked,Umbra,25,2,7,3,Derrota,210,2026,1,Thursday,0,1
1398,2026-02-19,23:00,J0084,Estacion Orbital,Ranked,Lienzo,24,9,8,5,Victoria,1490,2026,2,Thursday,1,1
1385,2026-02-18,18:12,J0177,Canales de Hielo,Ranked,Brisa,41,8,5,5,Derrota,950,2026,2,Wednesday,2,1
4830,2026-04-26,22:54,J0032,Bosque Umbral,Ranked,Lienzo,45,3,7,5,Victoria,910,2026,4,Sunday,0,1
5153,2026-05-01,22:57,J0101,Bosque Umbral,Casual,Tesla,26,10,6,5,Derrota,1130,2026,5,Friday,2,1
298,2026-01-24,19:05,J0040,Canales de Hielo,Ranked,Nadia;Magnus,39,5,6,8,Derrota,780,2026,1,Saturday,1,2
444,2026-01-27,15:48,J0013,Bosque Umbral,Casual,Tesla,22,8,1,1,Derrota,830,2026,1,Tuesday,8,1
7466,2026-06-07,13:19,J0027,Desierto Neon,Casual,Nadia,12,8,6,6,Victoria,1480,2026,6,Sunday,1,1
2078,2026-03-05,23:36,J0002,Puerto Escarlata,Ranked,Koro;Brisa,35,10,9,3,Victoria,1470,2026,3,Thursday,1,2
7949,2026-06-14,21:27,J0027,Puerto Escarlata,Ranked,Brisa,32,2,6,3,Derrota,230,2026,6,Sunday,0,1
2230,2026-03-08,22:08,J0197,Puerto Escarlata,Casual,Vex,20,5,8,3,Derrota,490,2026,3,Sunday,1,1
2843,2026-03-20,22:36,J0034,Bosque Umbral,Ranked,Lienzo,26,6,2,5,Victoria,1310,2026,3,Friday,3,1
2538,2026-03-14,21:33,J0026,Desierto Neon,Ranked,Nadia,40,4,7,4,Victoria,960,2026,3,Saturday,1,1
8588,2026-06-25,16:21,J0051,Puerto Escarlata,Casual,Vex,25,3,7,3,Victoria,810,2026,6,Thursday,0,1
8372,2026-06-21,19:24,J0033,Puerto Escarlata,Casual,Brisa,10,7,4,3,Victoria,1270,2026,6,Sunday,2,1
6558,2026-05-23,20:34,J0200,Desierto Neon,Ranked,Magnus,31,8,4,3,Derrota,870,2026,5,Saturday,2,1
3368,2026-03-30,12:00,J0103,Desierto Neon,Casual,Brisa,19,6,5,1,Derrota,550,2026,3,Monday,1,1
7657,2026-06-10,21:05,J0080,Ciudadela,Ranked,Koro;Brisa,33,3,6,3,Victoria,830,2026,6,Wednesday,0,2
2579,2026-03-15,18:19,J0016,Canales de Hielo,Casual,Nadia,8,8,6,4,Victoria,1380,2026,3,Sunday,1,1
1132,2026-02-12,01:24,J0094,Canales de Hielo,Casual,Umbra,27,5,4,6,,720,2026,2,Thursday,1,1
4907,2026-04-27,17:18,J0017,Estacion Orbital,Casual,Nadia;Koro,32,3,3,2,Derrota,340,2026,4,Monday,1,2
321,2026-01-24,13:48,J0072,Desierto Neon,Torneo,Koro,32,3,7,9,Victoria,1110,2026,1,Saturday,0,1
1372,2026-02-18,08:12,J0024,Estacion Orbital,Torneo,Brisa,28,5,4,4,Victoria,,2026,2,Wednesday,1,1
4043,2026-04-12,08:11,J0039,Bosque Umbral,Ranked,Brisa,35,6,3,4,Derrota,740,2026,4,Sunday,2,1
7533,2026-06-08,16:23,J0200,Puerto Escarlata,Casual,Umbra,28,5,3,4,Victoria,1140,2026,6,Monday,2,1
7709,2026-06-11,18:51,J0105,Ciudadela,Casual,Vex;Brisa,18,9,7,5,Victoria,1510,2026,6,Thursday,1,2
908,2026-02-07,20:30,J0099,Estacion Orbital,Ranked,Nadia;Magnus;Koro,33,2,6,1,Derrota,130,2026,2,Saturday,0,3
6067,2026-05-16,02:14,J0098,Ciudadela,Ranked,Koro;Vex;Nadia,45,15,5,6,Derrota,1700,2026,5,Saturday,3,3
3951,2026-04-10,20:35,J0047,Canales de Hielo,Casual,Magnus,19,8,8,4,Victoria,1340,2026,4,Friday,1,1
6735,2026-05-26,21:07,J0016,Bosque Umbral,Casual,Vex,26,12,5,3,Victoria,1750,2026,5,Tuesday,2,1
8956,2026-06-30,21:44,J0024,Canales de Hielo,Ranked,Nadia;Vex;Umbra,28,6,7,3,,610,2026,6,Tuesday,1,3
8431,2026-06-22,18:29,J0092,Ciudadela,Ranked,Magnus,43,7,6,3,Derrota,730,2026,6,Monday,1,1
7690,2026-06-10,22:16,J0045,Desierto Neon,Casual,Nadia;Magnus,24,3,7,3,Derrota,310,2026,6,Wednesday,0,2
6202,2026-05-18,17:13,J0007,Ciudadela,Ranked,Lienzo,22,3,5,7,Derrota,550,2026,5,Monday,1,1
8474,2026-06-23,20:09,J0047,Puerto Escarlata,Ranked,Koro;Nadia;Lienzo,30,9,4,6,Victoria,1620,2026,6,Tuesday,2,3
927,2026-02-08,19:41,J0019,Puerto Escarlata,Casual,Tesla,28,4,2,4,Victoria,1060,2026,2,Sunday,2,1
6254,2026-05-19,22:48,J0081,Ciudadela,Casual,Tesla,20,6,8,2,Victoria,1040,2026,5,Tuesday,1,1
16,2026-01-16,07:32,J0200,Ciudadela,Ranked,Umbra;Magnus,31,9,5,4,Victoria,1500,2026,1,Friday,2,2
144,2026-01-19,11:20,J0035,Desierto Neon,Torneo,Koro;Magnus,31,10,7,7,Victoria,1710,2026,1,Monday,1,2
2364,2026-03-10,19:13,J0006,Ciudadela,Ranked,Umbra,44,3,2,6,Victoria,1060,2026,3,Tuesday,2,1
130,2026-01-19,01:53,J0016,Desierto Neon,Ranked,Lienzo,22,7,3,5,Victoria,1390,2026,1,Monday,2,1
1162,2026-02-13,15:45,J0138,Estacion Orbital,Casual,Vex,16,7,6,2,Derrota,680,2026,2,Friday,1,1
6240,2026-05-19,14:43,J0102,Puerto Escarlata,Ranked,Koro;Nadia,40,4,2,2,Victoria,960,2026,5,Tuesday,2,2
7704,2026-06-11,21:37,J0031,Bosque Umbral,Torneo,Umbra,22,5,2,4,Derrota,660,2026,6,Thursday,2,1
5131,2026-05-01,15:31,J0042,Estacion Orbital,Ranked,Nadia;Magnus,44,8,6,5,Victoria,1430,2026,5,Friday,1,2
9612,2026-07-10,18:08,J0018,Estacion Orbital,Ranked,Magnus,24,6,1,4,Derrota,780,2026,7,Friday,6,1
1877,2026-02-28,22:14,J0125,Desierto Neon,Torneo,Lienzo;Magnus,24,8,9,4,Derrota,820,2026,2,Saturday,1,2
2489,2026-03-13,22:20,J0018,Bosque Umbral,Ranked,Lienzo,44,3,2,2,Derrota,360,2026,3,Friday,2,1
9799,2026-07-12,07:50,J0069,Puerto Escarlata,Casual,Vex;Koro,26,16,5,3,Derrota,1650,2026,7,Sunday,3,2
9182,2026-07-04,19:44,J0107,Canales de Hielo,Casual,Brisa;Lienzo;Koro,27,4,5,11,Derrota,850,2026,7,Saturday,1,3
1183,2026-02-14,12:49,J0088,Canales de Hielo,Casual,Koro;Brisa;Nadia,10,6,3,8,Derrota,940,2026,2,Saturday,2,3
6246,2026-05-19,13:18,J0200,Estacion Orbital,Casual,Tesla;Nadia,26,6,0,1,Victoria,1150,2026,5,Tuesday,,2
6272,2026-05-19,07:09,J0188,Ciudadela,Casual,,16,4,7,2,Victoria,860,2026,5,Tuesday,1,0
1171,2026-02-14,19:49,J0012,Estacion Orbital,Casual,Nadia,23,4,7,2,Derrota,360,2026,2,Saturday,1,1
2183,2026-03-07,20:36,J0011,Puerto Escarlata,Casual,Vex,13,7,6,5,Derrota,830,2026,3,Saturday,1,1
3372,2026-03-30,13:37,J0044,Bosque Umbral,Casual,Brisa;Tesla,8,5,5,3,Derrota,550,2026,3,Monday,1,2
9415,2026-07-07,15:32,J0033,Estacion Orbital,Ranked,Brisa,33,6,2,4,Derrota,760,2026,7,Tuesday,3,1
1860,2026-02-28,23:02,J0117,Bosque Umbral,Ranked,Lienzo,44,6,11,2,Derrota,480,2026,2,Saturday,1,1
4865,2026-04-26,00:00,J0009,Puerto Escarlata,Casual,Brisa,24,4,8,2,Derrota,340,2026,4,Sunday,0,1
5396,2026-05-05,11:57,J0053,Puerto Escarlata,Ranked,Nadia;Koro,28,5,4,1,Derrota,470,2026,5,Tuesday,1,2
9230,2026-07-04,12:20,J0051,Estacion Orbital,Casual,Koro;Vex;Lienzo,22,11,3,2,Derrota,1140,2026,7,Saturday,4,3
4953,2026-04-28,13:13,J0017,Puerto Escarlata,Casual,Vex,14,5,7,2,Victoria,960,2026,4,Tuesday,1,1
7513,2026-06-07,18:35,J0086,Bosque Umbral,Ranked,Lienzo,24,2,17,4,Victoria,560,2026,6,Sunday,0,1
6976,2026-05-30,06:38,J0040,Canales de Hielo,Ranked,Magnus,41,7,6,6,Victoria,1380,2026,5,Saturday,1,1
3122,2026-03-25,20:51,J0041,Desierto Neon,Casual,Umbra,29,2,6,6,Derrota,380,2026,3,Wednesday,0,1
388,2026-01-25,13:09,J0067,Bosque Umbral,Casual,Lienzo;Umbra,17,4,0,3,Derrota,550,2026,1,Sunday,,2
7919,2026-06-14,15:39,J0161,Canales de Hielo,Casual,Tesla;Koro,14,6,10,5,Victoria,1150,2026,6,Sunday,1,2
1033,2026-02-10,11:46,J0072,Puerto Escarlata,Casual,Brisa,31,4,5,3,Victoria,950,2026,2,Tuesday,1,1
7986,2026-06-15,14:42,J0006,Puerto Escarlata,Ranked,Vex,23,5,10,3,Victoria,950,2026,6,Monday,0,1
7350,2026-06-05,17:03,J0168,Canales de Hielo,Ranked,Tesla;Umbra,36,4,2,4,Victoria,1060,2026,6,Friday,2,2
932,2026-02-08,22:25,J0120,Ciudadela,Ranked,Brisa,31,4,3,3,Derrota,490,2026,2,Sunday,1,1
4020,2026-04-11,17:29,J0034,Estacion Orbital,Ranked,Tesla;Nadia,39,6,5,3,Victoria,1150,2026,4,Saturday,1,2
692,2026-02-02,15:46,J0067,Estacion Orbital,Casual,Brisa,13,9,9,7,Victoria,1570,2026,2,Monday,1,1
8315,2026-06-20,19:26,J0054,Estacion Orbital,Casual,,20,11,8,4,Derrota,1140,2026,6,Saturday,1,0
6776,2026-05-27,16:15,J0071,Puerto Escarlata,Torneo,Magnus,22,4,6,9,Derrota,730,2026,5,Wednesday,1,1
830,2026-02-06,19:07,J0013,Estacion Orbital,Torneo,Umbra,17,7,9,5,Victoria,1270,2026,2,Friday,1,1
3499,2026-04-01,23:12,J0027,Bosque Umbral,Casual,Brisa;Koro;Umbra,21,7,5,7,Victoria,1450,2026,4,Wednesday,1,3
2082,2026-03-05,21:47,J0133,Bosque Umbral,Casual,Lienzo,21,2,5,1,Victoria,650,2026,3,Thursday,0,1
8981,2026-06-30,10:35,J0009,Estacion Orbital,Ranked,Brisa;Tesla,39,5,4,6,Derrota,720,2026,6,Tuesday,1,2
9513,2026-07-09,15:56,J0050,Canales de Hielo,Ranked,Brisa,23,0,5,3,Derrota,50,2026,7,Thursday,0,1
45,2026-01-17,17:31,J0078,Puerto Escarlata,Casual,Nadia,28,7,3,5,Derrota,890,2026,1,Saturday,2,1
3940,2026-04-10,20:57,J0007,Puerto Escarlata,Ranked,Koro;Brisa;Tesla,37,13,5,2,Victoria,1800,2026,4,Friday,3,3
8695,2026-06-26,18:21,J0025,Puerto Escarlata,Ranked,Koro,38,5,5,8,Derrota,800,2026,6,Friday,1,1
4685,2026-04-24,20:21,J0079,Bosque Umbral,Ranked,Lienzo,33,4,8,7,Victoria,1090,2026,4,Friday,0,1
4320,2026-04-17,21:22,J0013,Desierto Neon,Casual,Tesla,18,8,6,9,Victoria,1630,2026,4,Friday,1,1
2966,2026-03-22,20:14,J0167,Ciudadela,Ranked,Magnus;Lienzo,34,12,4,5,,1870,2026,3,Sunday,3,2
3970,2026-04-10,07:12,J0056,Ciudadela,Casual,Umbra,9,7,3,4,Victoria,1340,2026,4,Friday,2,1
1188,2026-02-14,13:08,J0029,Bosque Umbral,Casual,Lienzo;Koro,25,2,4,6,Victoria,920,2026,2,Saturday,0,2
285,2026-01-23,20:49,J0046,Puerto Escarlata,Casual,,13,5,1,6,Victoria,1280,2026,1,Friday,5,0
8943,2026-06-30,15:32,J0062,Canales de Hielo,Ranked,Brisa,43,3,6,6,Victoria,980,2026,6,Tuesday,0,1
4160,2026-04-14,19:29,J0146,Bosque Umbral,Casual,Koro;Tesla,17,7,2,2,Derrota,760,2026,4,Tuesday,4,2
3093,2026-03-24,20:35,J0134,Estacion Orbital,Ranked,Umbra;Lienzo,33,8,5,8,Derrota,1100,2026,3,Tuesday,2,2
4557,2026-04-21,12:58,J0155,Puerto Escarlata,Casual,Koro,26,8,5,6,Derrota,1000,2026,4,Tuesday,2,1
6951,2026-05-30,17:36,J0084,Desierto Neon,Casual,Nadia,9,8,7,4,Victoria,1360,2026,5,Saturday,1,1
4324,2026-04-17,23:35,J0106,Ciudadela,Torneo,Tesla,29,6,3,8,Derrota,940,2026,4,Friday,2,1
9680,2026-07-11,17:45,J0037,Bosque Umbral,Casual,Lienzo,21,5,3,5,Victoria,1190,2026,7,Saturday,2,1
5419,2026-05-06,14:03,J0127,Canales de Hielo,Ranked,Koro;Brisa,29,2,9,7,Derrota,370,2026,5,Wednesday,0,2
3365,2026-03-29,23:29,J0147,Bosque Umbral,Torneo,Tesla,14,3,1,5,Derrota,530,2026,3,Sunday,3,1
7764,2026-06-12,19:43,J0037,Ciudadela,Casual,Lienzo;Umbra,19,4,2,2,Victoria,960,2026,6,Friday,2,2
3196,2026-03-27,19:04,J0109,Desierto Neon,Ranked,Magnus,39,5,5,4,Victoria,1100,2026,3,Friday,1,1
5228,2026-05-02,14:10,J0027,Desierto Neon,Casual,Tesla;Umbra,16,5,2,7,Derrota,810,2026,5,Saturday,2,2
970,2026-02-08,19:59,J0093,Desierto Neon,Casual,Nadia,11,5,4,4,Victoria,1120,2026,2,Sunday,1,1
3735,2026-04-06,20:25,J0012,Ciudadela,Ranked,Lienzo,25,4,5,2,Victoria,,2026,4,Monday,1,1
926,2026-02-08,19:46,J0021,Puerto Escarlata,Casual,Nadia,18,13,4,2,Derrota,1320,2026,2,Sunday,3,1
9569,2026-07-09,19:25,J0045,Canales de Hielo,Ranked,Koro,40,6,5,3,Derrota,650,2026,7,Thursday,1,1
9173,2026-07-04,13:29,J0075,Puerto Escarlata,Casual,Lienzo;Nadia,20,8,5,5,Derrota,950,2026,7,Saturday,2,2
9375,2026-07-06,22:33,J0057,Bosque Umbral,Ranked,Koro;Magnus;Nadia,34,6,7,8,Derrota,860,2026,7,Monday,1,3
2852,2026-03-20,19:46,J0119,Ciudadela,Casual,Lienzo,12,10,10,4,Derrota,1000,2026,3,Friday,1,1
5274,2026-05-03,19:29,J0029,Bosque Umbral,Casual,Lienzo;Brisa,19,3,3,5,Victoria,990,2026,5,Sunday,1,2
6250,2026-05-19,19:12,J0037,Bosque Umbral,Casual,Koro,12,7,10,5,Derrota,750,2026,5,Tuesday,1,1
8935,2026-06-30,10:43,J0060,Puerto Escarlata,Ranked,Brisa;Tesla,36,2,5,7,Derrota,450,2026,6,Tuesday,0,2
9265,2026-07-05,22:21,J0106,Canales de Hielo,Ranked,Umbra;Lienzo,27,13,10,1,Derrota,1150,2026,7,Sunday,1,2
4472,2026-04-20,12:27,J0003,Bosque Umbral,Casual,Koro;Brisa,29,4,5,5,Derrota,550,2026,4,Monday,1,2
5240,2026-05-03,20:42,J0021,Bosque Umbral,Ranked,Magnus,45,9,5,3,Derrota,950,2026,5,Sunday,2,1
4349,2026-04-18,16:41,J0048,Canales de Hielo,Casual,Brisa,8,5,3,2,Derrota,540,2026,4,Saturday,2,1
8037,2026-06-16,16:17,J0010,Desierto Neon,Ranked,Tesla,29,4,4,4,Derrota,,2026,6,Tuesday,1,1
3627,2026-04-04,20:37,J0004,Bosque Umbral,Ranked,Nadia;Koro,35,5,4,1,Derrota,470,2026,4,Saturday,1,2
1790,2026-02-27,11:14,J0014,Bosque Umbral,Ranked,Lienzo;Tesla,41,2,8,3,Victoria,690,2026,2,Friday,0,2
8359,2026-06-21,21:47,J0092,Canales de Hielo,Casual,Lienzo;Magnus,23,5,7,7,Derrota,710,2026,6,Sunday,1,2
2060,2026-03-04,22:30,J0034,Estacion Orbital,Ranked,Umbra,26,5,5,3,Derrota,550,2026,3,Wednesday,1,1
4014,2026-04-11,17:11,J0029,Desierto Neon,Casual,Koro,30,4,1,6,Derrota,680,2026,4,Saturday,4,1
1903,2026-03-01,01:36,J0026,Canales de Hielo,Ranked,Koro;Umbra,29,4,3,5,Derrota,590,2026,3,Sunday,1,2
8130,2026-06-17,10:27,J0057,Canales de Hielo,Ranked,Umbra,30,3,8,5,Derrota,390,2026,6,Wednesday,0,1
7045,2026-05-31,21:41,J0022,Bosque Umbral,Torneo,Umbra,23,5,9,1,Victoria,870,2026,5,Sunday,1,1
76,2026-01-17,18:51,J0025,Desierto Neon,Casual,Koro,23,6,6,3,Derrota,630,2026,1,Saturday,1,1
2346,2026-03-10,07:58,J0121,Canales de Hielo,Casual,Koro,21,2,6,2,Victoria,680,2026,3,Tuesday,0,1
8150,2026-06-18,16:05,J0053,Bosque Umbral,Casual,Lienzo,30,4,3,5,Victoria,1090,2026,6,Thursday,1,1
431,2026-01-26,20:42,J0031,Bosque Umbral,Casual,Tesla;Lienzo,30,4,10,4,Derrota,400,2026,1,Monday,0,2
4587,2026-04-22,19:30,J0077,Desierto Neon,Ranked,Magnus,25,3,4,8,Victoria,1120,2026,4,Wednesday,1,1
6486,2026-05-22,20:04,J0148,Canales de Hielo,Ranked,Brisa;Tesla,40,1,3,1,Derrota,90,2026,5,Friday,0,2
8926,2026-06-29,21:25,J0151,Ciudadela,Ranked,Umbra;Koro,38,4,6,3,Victoria,930,2026,6,Monday,1,2
8238,2026-06-19,23:08,J0044,Bosque Umbral,Casual,Lienzo;Magnus,24,9,5,3,Victoria,1450,2026,6,Friday,2,2
7303,2026-06-04,11:36,J0010,Bosque Umbral,Casual,Magnus;Brisa,18,5,7,3,Derrota,510,2026,6,Thursday,1,2
1554,2026-02-21,19:39,J0133,Desierto Neon,Casual,Magnus;Umbra,28,4,3,2,Victoria,940,2026,2,Saturday,1,2
241,2026-01-22,21:22,J0044,Estacion Orbital,Ranked,Tesla,37,6,4,7,Derrota,870,2026,1,Thursday,2,1
784,2026-02-04,22:27,J0075,Estacion Orbital,Casual,Koro;Umbra,20,7,6,3,Victoria,1230,2026,2,Wednesday,1,2
3067,2026-03-24,12:11,J0008,Canales de Hielo,Casual,Magnus;Brisa,26,4,4,4,Derrota,520,2026,3,Tuesday,1,2
978,2026-02-08,20:02,J0056,Desierto Neon,Ranked,Nadia;Vex,37,8,5,5,Victoria,1450,2026,2,Sunday,2,2
2942,2026-03-22,17:02,J0032,Desierto Neon,Casual,Tesla,13,7,2,3,Victoria,1310,2026,3,Sunday,4,1
7755,2026-06-12,03:27,J0131,Desierto Neon,Ranked,Brisa;Koro,26,7,3,0,Victoria,1140,2026,6,Friday,2,2
8188,2026-06-18,22:47,J0052,Puerto Escarlata,Casual,Koro;Magnus,21,7,7,2,Victoria,1160,2026,6,Thursday,1,2
1621,2026-02-23,05:43,J0023,Desierto Neon,Casual,Brisa,9,11,4,3,Derrota,1170,2026,2,Monday,3,1
2147,2026-03-06,21:24,J0007,Bosque Umbral,Torneo,Vex,18,9,7,2,Victoria,1360,2026,3,Friday,1,1
1802,2026-02-27,10:44,J0074,Puerto Escarlata,Casual,Lienzo,14,6,7,6,Derrota,760,2026,2,Friday,1,1
2096,2026-03-05,20:16,J0026,Puerto Escarlata,Torneo,Magnus;Vex,29,11,7,7,Victoria,1810,2026,3,Thursday,2,2
8729,2026-06-27,16:55,J0005,Estacion Orbital,Casual,Umbra,18,5,7,4,Derrota,560,2026,6,Saturday,1,1
5341,2026-05-04,20:26,J0181,Canales de Hielo,Ranked,Vex,31,10,5,4,Victoria,1600,2026,5,Monday,2,1
1358,2026-02-18,13:09,J0144,Estacion Orbital,Ranked,Vex,23,10,5,2,Victoria,1500,2026,2,Wednesday,2,1
8197,2026-06-18,19:56,J0133,Estacion Orbital,Casual,Umbra,21,4,4,3,Derrota,470,2026,6,Thursday,1,1
6160,2026-05-17,20:35,J0095,Ciudadela,Ranked,Brisa,22,9,2,4,Derrota,1060,2026,5,Sunday,4,1
6127,2026-05-17,16:11,J0183,Canales de Hielo,Casual,Koro,27,4,3,4,Victoria,1040,2026,5,Sunday,1,1
6341,2026-05-20,23:19,J0031,Ciudadela,Ranked,Tesla;Lienzo,39,4,5,5,Derrota,550,2026,5,Wednesday,1,2
9237,2026-07-04,17:47,J0040,Puerto Escarlata,Ranked,Vex;Tesla,31,6,10,4,Derrota,600,2026,7,Saturday,1,2
8350,2026-06-21,22:45,J0141,Canales de Hielo,Torneo,Lienzo;Koro,16,5,4,5,Victoria,1170,2026,6,Sunday,1,2
1610,2026-02-22,20:12,J0121,Bosque Umbral,Ranked,Brisa,42,4,8,5,Victoria,990,2026,2,Sunday,0,1
3097,2026-03-25,19:30,J0010,Puerto Escarlata,Ranked,Magnus,22,5,5,3,Derrota,550,2026,3,Wednesday,1,1
5633,2026-05-09,13:47,J0014,Ciudadela,Ranked,Brisa;Vex,43,3,7,3,Victoria,810,2026,5,Saturday,0,2
2416,2026-03-12,17:51,J0087,Estacion Orbital,Ranked,Lienzo,35,10,6,2,Victoria,1480,2026,3,Thursday,2,1
2018,2026-03-03,21:11,J0015,Puerto Escarlata,Casual,Vex,19,10,7,3,Victoria,1510,2026,3,Tuesday,1,1
6128,2026-05-17,19:45,J0006,Estacion Orbital,Casual,Brisa,19,5,4,6,Victoria,1220,2026,5,Sunday,1,1
4126,2026-04-13,01:40,J0097,Canales de Hielo,Casual,Koro,12,4,6,5,Derrota,530,2026,4,Monday,1,1
9876,2026-07-13,19:15,J0072,Desierto Neon,Ranked,Magnus;Umbra,26,2,2,5,Derrota,410,2026,7,Monday,1,2
3247,2026-03-28,20:44,J0141,Bosque Umbral,Ranked,Nadia,42,8,4,4,Derrota,920,2026,3,Saturday,2,1
125,2026-01-19,08:24,J0102,Bosque Umbral,Torneo,Koro;Magnus,10,3,5,4,Derrota,400,2026,1,Monday,1,2
6761,2026-05-26,12:47,J0078,Desierto Neon,Torneo,Vex;Magnus;Nadia,19,7,5,3,Victoria,1250,2026,5,Tuesday,1,3
5639,2026-05-09,16:52,J0047,Puerto Escarlata,Casual,Vex;Nadia;Magnus,19,16,1,1,Victoria,2130,2026,5,Saturday,16,3
7592,2026-06-09,04:08,J0063,Puerto Escarlata,Casual,Umbra;Lienzo,19,12,4,3,Victoria,1770,2026,6,Tuesday,3,2
9228,2026-07-04,16:38,J0046,Canales de Hielo,Casual,Lienzo;Vex,9,6,7,9,Victoria,1410,2026,7,Saturday,1,2
3342,2026-03-29,23:42,J0003,Desierto Neon,Ranked,Magnus,24,6,5,6,Derrota,800,2026,3,Sunday,1,1
599,2026-01-31,13:23,J0020,Desierto Neon,Ranked,Lienzo,42,4,4,2,Victoria,920,2026,1,Saturday,1,1
2124,2026-03-06,18:03,J0078,Desierto Neon,Torneo,Umbra,22,4,3,4,Victoria,1040,2026,3,Friday,1,1
7223,2026-06-03,22:13,J0115,Estacion Orbital,Ranked,Tesla;Brisa;Nadia,27,7,0,4,Derrota,900,2026,6,Wednesday,,3
6384,2026-05-21,12:15,J0027,Puerto Escarlata,Ranked,Brisa;Lienzo;Magnus,38,8,6,4,Derrota,880,2026,5,Thursday,1,3
7174,2026-06-02,10:27,J0080,Ciudadela,Casual,,21,8,1,1,,830,2026,6,Tuesday,8,0
9735,2026-07-11,10:07,J0200,Bosque Umbral,Casual,Nadia;Vex,16,12,5,6,Derrota,1400,2026,7,Saturday,2,2
2198,2026-03-07,20:59,J0025,Estacion Orbital,Casual,Nadia;Vex,26,5,1,4,Victoria,1180,2026,3,Saturday,5,2
4052,2026-04-12,19:24,J0075,Ciudadela,Casual,Magnus,18,9,7,6,Victoria,1560,2026,4,Sunday,1,1
6164,2026-05-17,05:37,J0056,Puerto Escarlata,Casual,Koro;Lienzo,13,6,6,6,Derrota,280,2026,5,Sunday,1,2
3363,2026-03-29,18:05,J0015,Puerto Escarlata,Ranked,Umbra;Magnus;Nadia,40,7,4,4,Derrota,820,2026,3,Sunday,2,3
7424,2026-06-06,21:11,J0023,Puerto Escarlata,Casual,Brisa,16,4,8,2,Derrota,340,2026,6,Saturday,0,1
726,2026-02-03,14:24,J0041,Estacion Orbital,Ranked,Lienzo,41,2,5,6,Derrota,400,2026,2,Tuesday,0,1
5024,2026-04-29,14:41,J0134,Canales de Hielo,Ranked,Vex,31,11,3,1,Victoria,1590,2026,4,Wednesday,4,1
979,2026-02-08,19:03,J0007,Bosque Umbral,Casual,Vex;Tesla,29,17,3,5,Derrota,1890,2026,2,Sunday,6,2
809,2026-02-05,17:51,J0095,Estacion Orbital,Casual,Koro,31,6,5,1,Victoria,1050,2026,2,Thursday,1,1
5158,2026-05-02,18:17,J0009,Canales de Hielo,Ranked,Brisa;Nadia;Umbra,27,3,9,3,Victoria,770,2026,5,Saturday,0,3
1476,2026-02-20,20:08,J0034,Bosque Umbral,Casual,Brisa;Umbra,32,6,8,4,Derrota,640,2026,2,Friday,1,2
9214,2026-07-04,20:54,J0031,Ciudadela,Ranked,Lienzo,38,4,6,1,,830,2026,7,Saturday,1,1
9107,2026-07-02,13:26,J0059,Bosque Umbral,Torneo,Umbra,31,5,5,8,Victoria,1300,2026,7,Thursday,1,1
7632,2026-06-09,22:47,J0047,Puerto Escarlata,Casual,Vex,24,15,3,5,Victoria,22,2026,6,Tuesday,5,1
3963,2026-04-10,18:47,J0003,Desierto Neon,Casual,Koro;Umbra;Nadia,29,7,10,1,Victoria,1050,2026,4,Friday,1,3
6536,2026-05-23,13:59,J0014,Canales de Hielo,Ranked,Tesla,35,6,7,2,Victoria,660,2026,5,Saturday,1,1
5533,2026-05-08,19:11,J0004,Estacion Orbital,Casual,Umbra,26,4,3,6,Derrota,640,2026,5,Friday,1,1
1236,2026-02-15,01:30,J0021,Puerto Escarlata,Casual,Nadia;Koro,21,4,4,4,Derrota,520,2026,2,Sunday,1,2
1226,2026-02-15,18:53,J0018,Puerto Escarlata,Casual,Brisa;Nadia,32,4,3,5,Derrota,590,2026,2,Sunday,1,2
8103,2026-06-17,19:39,J0040,Canales de Hielo,Ranked,Lienzo,38,5,5,4,Victoria,1100,2026,6,Wednesday,1,1
6381,2026-05-21,12:01,J0200,Desierto Neon,Ranked,Magnus;Koro;Vex,42,14,3,9,Victoria,23,2026,5,Thursday,5,3
5392,2026-05-05,13:10,J0029,Puerto Escarlata,Torneo,Vex,16,14,3,2,Derrota,1440,2026,5,Tuesday,5,1
5181,2026-05-02,18:08,J0015,Desierto Neon,Casual,Nadia,11,8,6,5,Victoria,,2026,5,Saturday,1,1
4783,2026-04-25,18:52,J0015,Canales de Hielo,Ranked,Tesla;Umbra,31,14,2,0,Derrota,1360,2026,4,Saturday,7,2
3218,2026-03-27,14:50,J0025,Canales de Hielo,Casual,Koro,28,1,4,5,Victoria,770,2026,3,Friday,0,1
288,2026-01-23,18:34,J0129,Bosque Umbral,Torneo,,29,4,2,2,Victoria,960,2026,1,Friday,2,0
5134,2026-05-01,20:31,J0038,Canales de Hielo,Torneo,Vex,14,6,4,4,Victoria,1220,2026,5,Friday,2,1
2967,2026-03-22,14:21,J0015,Puerto Escarlata,Ranked,Umbra,24,7,5,3,Derrota,750,2026,3,Sunday,1,1
3165,2026-03-26,20:16,J0040,Puerto Escarlata,Casual,Magnus,23,7,2,2,Victoria,1260,2026,3,Thursday,4,1
6110,2026-05-17,13:59,J0042,Bosque Umbral,Ranked,Magnus;Lienzo;Vex,23,4,8,3,Derrota,390,2026,5,Sunday,0,3
8957,2026-06-30,19:42,J0084,Estacion Orbital,Casual,Brisa,26,6,2,5,Derrota,810,2026,6,Tuesday,3,1
1658,2026-02-23,21:30,J0177,Estacion Orbital,Casual,Brisa;Lienzo;Umbra,22,12,3,2,Victoria,1740,2026,2,Monday,4,3
1976,2026-03-02,17:05,J0108,Bosque Umbral,Casual,Vex;Tesla,25,9,3,5,Victoria,1590,2026,3,Monday,3,2
2398,2026-03-11,09:38,J0049,Desierto Neon,Casual,Koro;Umbra,16,3,7,6,Victoria,960,2026,3,Wednesday,0,2
453,2026-01-27,20:13,J0137,Bosque Umbral,Ranked,Magnus,45,10,4,2,Derrota,1020,2026,1,Tuesday,2,1
8166,2026-06-18,17:26,J0023,Canales de Hielo,Ranked,Nadia,44,7,3,6,Derrota,940,2026,6,Thursday,2,1
6322,2026-05-20,19:32,J0066,Desierto Neon,Ranked,Brisa,45,10,7,7,Victoria,1710,2026,5,Wednesday,1,1
3682,2026-04-05,08:00,J0036,Puerto Escarlata,Ranked,Magnus;Nadia,29,6,3,2,Victoria,1140,2026,4,Sunday,2,2
423,2026-01-26,11:36,J0067,Puerto Escarlata,Casual,,27,5,3,2,Derrota,540,2026,1,Monday,2,0
6309,2026-05-20,21:34,J0004,Ciudadela,Ranked,Magnus;Nadia,37,2,4,5,Derrota,370,2026,5,Wednesday,0,2
658,2026-02-01,03:10,J0029,Bosque Umbral,Ranked,Magnus,41,3,7,4,,360,2026,2,Sunday,0,1
3302,2026-03-28,14:18,J0078,Puerto Escarlata,Casual,Lienzo,29,6,8,5,Derrota,690,2026,3,Saturday,1,1
5945,2026-05-14,14:15,J0025,Ciudadela,Ranked,Vex,37,6,5,5,Derrota,750,2026,5,Thursday,1,1
2846,2026-03-20,19:46,J0085,Estacion Orbital,Ranked,Koro,29,9,11,3,Victoria,1330,2026,3,Friday,1,1
6122,2026-05-17,20:41,J0166,Canales de Hielo,Casual,Tesla,22,5,3,3,Derrota,590,2026,5,Sunday,2,1
7627,2026-06-09,20:42,J0103,Bosque Umbral,Ranked,Lienzo;Koro,45,8,6,3,Victoria,1330,2026,6,Tuesday,1,2
1002,2026-02-09,11:13,J0049,Ciudadela,Casual,Magnus;Brisa,10,1,4,1,Derrota,70,2026,2,Monday,0,2
4199,2026-04-15,19:44,J0006,Puerto Escarlata,Casual,Nadia,32,10,5,4,,1100,2026,4,Wednesday,2,1
2419,2026-03-12,20:04,J0039,Canales de Hielo,Casual,Magnus,17,13,6,4,Derrota,1380,2026,3,Thursday,2,1
7611,2026-06-09,11:45,J0009,Ciudadela,Casual,Nadia,17,1,2,5,Victoria,810,2026,6,Tuesday,0,1
7969,2026-06-15,15:55,J0024,Desierto Neon,Ranked,Vex;Brisa,30,10,1,3,Victoria,1630,2026,6,Monday,10,2
3848,2026-04-08,14:16,J0004,Puerto Escarlata,Ranked,Vex;Koro,38,7,2,4,Victoria,1360,2026,4,Wednesday,4,2
962,2026-02-08,14:46,J0054,Desierto Neon,Ranked,Brisa;Nadia,36,10,2,3,Derrota,1110,2026,2,Sunday,5,2
1581,2026-02-22,21:46,J0020,Canales de Hielo,Casual,Tesla,8,9,7,2,Derrota,860,2026,2,Sunday,1,1
5301,2026-05-04,22:50,J0009,Estacion Orbital,Casual,Tesla,32,0,6,4,Victoria,580,2026,5,Monday,0,1
2207,2026-03-07,18:28,J0022,Ciudadela,Ranked,Nadia;Tesla,29,6,8,5,Victoria,,2026,3,Saturday,1,2
6424,2026-05-21,21:01,J0006,Desierto Neon,Torneo,,24,4,5,2,Derrota,400,2026,5,Thursday,1,0
5981,2026-05-15,20:11,J0039,Desierto Neon,Ranked,Koro,39,10,5,7,Victoria,1750,2026,5,Friday,2,1
4232,2026-04-15,21:49,J0111,Desierto Neon,Casual,,8,9,5,5,Victoria,1550,2026,4,Wednesday,2,0
758,2026-02-04,06:07,J0003,Desierto Neon,Casual,Brisa;Magnus;Koro,26,4,6,4,Derrota,480,2026,2,Wednesday,1,3
2285,2026-03-09,11:37,J0155,Ciudadela,Ranked,Brisa,42,4,10,6,Derrota,500,2026,3,Monday,0,1
8294,2026-06-20,14:15,J0002,Canales de Hielo,Ranked,Tesla,39,9,1,7,Victoria,1730,2026,6,Saturday,9,1
5670,2026-05-10,22:30,J0059,Ciudadela,Casual,Magnus;Vex,23,7,6,3,Derrota,,2026,5,Sunday,1,2
9171,2026-07-04,20:33,J0013,Canales de Hielo,Casual,Lienzo,18,6,10,2,Victoria,1000,2026,7,Saturday,1,1
808,2026-02-05,20:00,J0096,Ciudadela,Casual,Koro,14,4,4,5,Victoria,1070,2026,2,Thursday,1,1
6033,2026-05-16,21:31,J0066,Puerto Escarlata,Ranked,Koro;Brisa,38,5,2,5,Victoria,1210,2026,5,Saturday,2,2
7851,2026-06-13,17:55,J0045,Bosque Umbral,Casual,Umbra;Brisa,29,5,10,3,Derrota,450,2026,6,Saturday,0,2
1957,2026-03-02,19:13,J0143,Desierto Neon,Casual,Vex;Koro,17,3,1,7,Victoria,1130,2026,3,Monday,3,2
2446,2026-03-12,15:07,J0013,Estacion Orbital,Ranked,Umbra;Brisa;Koro,39,8,4,4,Derrota,920,2026,3,Thursday,2,3
9507,2026-07-08,11:48,J0047,Desierto Neon,Casual,Tesla,25,12,7,7,Derrota,1410,2026,7,Wednesday,2,1
8243,2026-06-19,18:56,J0200,Bosque Umbral,Casual,Nadia,8,7,6,5,Derrota,830,2026,6,Friday,1,1
6249,2026-05-19,22:25,J0092,Canales de Hielo,Casual,Magnus,29,6,9,4,Derrota,620,2026,5,Tuesday,1,1
2403,2026-03-11,22:25,J0058,Desierto Neon,Ranked,Koro;Lienzo,34,5,5,4,Derrota,600,2026,3,Wednesday,1,2
1074,2026-02-11,22:43,J0006,Desierto Neon,Ranked,Brisa,43,3,4,4,Derrota,420,2026,2,Wednesday,1,1
6674,2026-05-25,11:39,J0006,Bosque Umbral,Casual,Brisa;Umbra;Koro,13,8,1,6,Victoria,1580,2026,5,Monday,8,3
4241,2026-04-16,17:00,J0180,Puerto Escarlata,Ranked,Koro,41,8,4,5,Victoria,1470,2026,4,Thursday,2,1
8577,2026-06-25,14:33,J0044,Estacion Orbital,Casual,Koro;Brisa,11,3,7,2,Victoria,760,2026,6,Thursday,0,2
2092,2026-03-05,19:30,J0036,Puerto Escarlata,Ranked,Tesla;Vex;Brisa,36,6,5,4,Derrota,700,2026,3,Thursday,1,3
4528,2026-04-21,06:29,J0011,Bosque Umbral,Casual,Koro;Lienzo,9,5,2,6,Victoria,1260,2026,4,Tuesday,2,2
8302,2026-06-20,17:40,J0098,Puerto Escarlata,Casual,Brisa,29,8,9,3,Derrota,770,2026,6,Saturday,1,1
6915,2026-05-29,18:53,J0080,Puerto Escarlata,Casual,Tesla,11,1,5,4,Victoria,700,2026,5,Friday,0,1
7363,2026-06-05,09:34,J0144,Ciudadela,Ranked,Umbra,37,4,6,8,,1180,2026,6,Friday,1,1
7551,2026-06-08,19:46,J0016,Desierto Neon,Casual,,17,12,4,8,Derrota,,2026,6,Monday,3,0
9408,2026-07-07,23:05,J0027,Canales de Hielo,Ranked,Magnus;Nadia,43,8,5,6,Derrota,1000,2026,7,Tuesday,2,2
6957,2026-05-30,20:50,J0044,Desierto Neon,Casual,Koro;Tesla,30,9,6,2,Victoria,1380,2026,5,Saturday,2,2
1004,2026-02-09,22:35,J0125,Canales de Hielo,Casual,,12,6,3,2,Derrota,640,2026,2,Monday,2,0
9170,2026-07-04,16:35,J0169,Bosque Umbral,Ranked,Vex;Lienzo,31,5,5,4,Derrota,600,2026,7,Saturday,1,2
6679,2026-05-25,18:20,J0097,Bosque Umbral,Casual,Brisa,27,5,8,4,Derrota,540,2026,5,Monday,1,1
5404,2026-05-05,18:11,J0027,Puerto Escarlata,Casual,Magnus,16,2,3,4,Victoria,840,2026,5,Tuesday,1,1
4652,2026-04-23,19:08,J0028,Desierto Neon,Casual,Umbra,16,4,4,6,Victoria,1120,2026,4,Thursday,1,1
9651,2026-07-11,13:16,J0022,Estacion Orbital,Casual,Magnus;Koro,12,3,3,5,Victoria,990,2026,7,Saturday,1,2
1486,2026-02-20,17:33,J0018,Desierto Neon,Casual,Vex,22,6,5,4,Victoria,1200,2026,2,Friday,1,1
7737,2026-06-11,19:12,J0054,Puerto Escarlata,Ranked,Tesla,34,3,2,2,Derrota,360,2026,6,Thursday,2,1
1412,2026-02-19,00:14,J0155,Canales de Hielo,Torneo,Brisa,20,5,5,1,Victoria,950,2026,2,Thursday,1,1
7645,2026-06-10,14:36,J0028,Puerto Escarlata,Torneo,Tesla,12,3,9,1,Victoria,670,2026,6,Wednesday,0,1
710,2026-02-02,15:41,J0042,Puerto Escarlata,Torneo,,15,3,4,3,Victoria,870,2026,2,Monday,1,0
5016,2026-04-29,09:35,J0008,Estacion Orbital,Casual,Vex,18,10,6,8,Derrota,1280,2026,4,Wednesday,2,1
8178,2026-06-18,22:17,J0167,Desierto Neon,Casual,Lienzo,19,7,2,3,Victoria,1310,2026,6,Thursday,4,1
7337,2026-06-05,19:13,J0013,Ciudadela,Ranked,Tesla,44,5,3,3,Derrota,590,2026,6,Friday,2,1
3077,2026-03-24,18:18,J0057,Ciudadela,Casual,Vex;Lienzo,11,8,2,4,Derrota,,2026,3,Tuesday,4,2
6124,2026-05-17,13:23,J0116,Bosque Umbral,Casual,Umbra;Lienzo;Nadia,26,14,4,7,Derrota,1670,2026,5,Sunday,4,3
4102,2026-04-12,21:09,J0200,Estacion Orbital,Casual,Brisa;Vex,12,7,5,3,Victoria,1250,2026,4,Sunday,1,2
5206,2026-05-02,20:49,J0022,Desierto Neon,Ranked,Umbra,38,1,3,6,Derrota,340,2026,5,Saturday,0,1
2723,2026-03-17,21:35,J0105,Ciudadela,Casual,Vex,11,9,8,4,Victoria,1440,2026,3,Tuesday,1,1
9430,2026-07-07,10:32,J0034,Estacion Orbital,Casual,Magnus,9,7,4,8,Victoria,1520,2026,7,Tuesday,2,1
1269,2026-02-15,19:27,J0025,Bosque Umbral,Casual,Tesla;Magnus,26,6,9,4,Derrota,,2026,2,Sunday,1,2
2463,2026-03-13,21:30,J0018,Bosque Umbral,Ranked,Brisa;Nadia,22,1,3,5,Victoria,790,2026,3,Friday,0,2
5562,2026-05-08,07:27,J0024,Bosque Umbral,Casual,Vex,18,8,3,4,Victoria,1440,2026,5,Friday,3,1
269,2026-01-23,18:00,J0046,Bosque Umbral,Torneo,Tesla,20,3,6,4,Derrota,380,2026,1,Friday,0,1
3581,2026-04-03,21:47,J0187,Desierto Neon,Casual,Brisa;Umbra,18,2,4,3,Victoria,770,2026,4,Friday,0,2
4751,2026-04-24,22:43,J0013,Bosque Umbral,Casual,Umbra,25,6,3,6,Derrota,840,2026,4,Friday,2,1
6095,2026-05-17,21:26,J0010,Bosque Umbral,Ranked,Brisa,44,5,6,8,Victoria,1280,2026,5,Sunday,1,1
5033,2026-04-29,16:44,J0002,Puerto Escarlata,Casual,Magnus,29,3,6,5,Derrota,430,2026,4,Wednesday,0,1
8267,2026-06-20,17:15,J0117,Estacion Orbital,Ranked,Umbra,24,5,3,3,Victoria,1090,2026,6,Saturday,2,1
6718,2026-05-25,01:16,J0020,Desierto Neon,Casual,Magnus;Umbra,31,5,4,5,Derrota,670,2026,5,Monday,1,2
2822,2026-03-20,10:40,J0085,Canales de Hielo,Torneo,Lienzo;Tesla;Umbra,12,10,4,5,Derrota,1170,2026,3,Friday,2,3
7797,2026-06-12,23:41,J0009,Estacion Orbital,Ranked,Nadia;Tesla;Vex,29,8,5,6,Victoria,1500,2026,6,Friday,2,3
590,2026-01-30,11:28,J0020,Ciudadela,Casual,Umbra;Koro,15,15,2,3,Derrota,1610,2026,1,Friday,8,2
8381,2026-06-21,20:25,J0070,Bosque Umbral,Ranked,Magnus;Nadia,42,6,2,4,Derrota,,2026,6,Sunday,3,2
5350,2026-05-05,19:23,J0025,Estacion Orbital,Casual,Koro,9,2,7,1,Derrota,110,2026,5,Tuesday,0,1
6779,2026-05-27,00:04,J0046,Bosque Umbral,Ranked,Magnus;Lienzo;Umbra,35,6,9,5,Derrota,670,2026,5,Wednesday,1,3
7786,2026-06-12,21:40,J0107,Canales de Hielo,Casual,Tesla,29,5,3,5,Victoria,1190,2026,6,Friday,2,1
7966,2026-06-15,10:37,J0151,Desierto Neon,Casual,Tesla;Vex,14,15,5,2,Victoria,2000,2026,6,Monday,3,2
5560,2026-05-08,10:51,J0038,Estacion Orbital,Ranked,Nadia;Lienzo;Tesla,27,3,4,3,Derrota,370,2026,5,Friday,1,3
9186,2026-07-04,22:26,J0050,Canales de Hielo,Casual,,16,2,7,5,Derrota,310,2026,7,Saturday,0,0
2029,2026-03-04,15:08,J0025,Puerto Escarlata,Torneo,Vex,26,13,1,3,Derrota,1430,2026,3,Wednesday,13,1
9423,2026-07-07,16:11,J0057,Estacion Orbital,Casual,Nadia;Tesla,10,7,4,2,Derrota,720,2026,7,Tuesday,2,2
678,2026-02-02,00:53,J0024,Estacion Orbital,Casual,Tesla,12,2,3,4,Victoria,840,2026,2,Monday,1,1
5864,2026-05-13,11:47,J0025,Bosque Umbral,Ranked,Koro;Vex,22,7,7,1,Derrota,610,2026,5,Wednesday,1,2
1233,2026-02-15,16:29,J0143,Desierto Neon,Ranked,Umbra,38,5,5,1,Victoria,950,2026,2,Sunday,1,1
8836,2026-06-28,02:59,J0037,Puerto Escarlata,Casual,Magnus;Brisa,32,5,3,8,Victoria,1340,2026,6,Sunday,2,2
7229,2026-06-03,00:49,J0034,Ciudadela,Ranked,Magnus;Tesla,41,4,3,2,Derrota,440,2026,6,Wednesday,1,2
5124,2026-05-01,19:29,J0006,Desierto Neon,Ranked,Koro,25,6,4,4,Derrota,720,2026,5,Friday,2,1
4857,2026-04-26,21:28,J0058,Puerto Escarlata,Casual,Umbra;Magnus;Vex,20,13,5,1,Derrota,1250,2026,4,Sunday,3,3
8217,2026-06-19,17:23,J0142,Desierto Neon,Casual,Lienzo;Nadia,24,4,5,2,Derrota,400,2026,6,Friday,1,2
2433,2026-03-12,20:36,J0024,Bosque Umbral,Casual,Magnus;Vex,11,9,14,1,Victoria,1170,2026,3,Thursday,1,2
8164,2026-06-18,15:57,J0055,Puerto Escarlata,Casual,Brisa;Koro,14,3,5,3,Victoria,850,2026,6,Thursday,1,2
8377,2026-06-21,19:24,J0048,Desierto Neon,Ranked,Umbra;Nadia,37,5,5,4,Victoria,,2026,6,Sunday,1,2
9645,2026-07-10,12:43,J0040,Estacion Orbital,Ranked,Tesla,27,7,4,6,Victoria,1420,2026,7,Friday,2,1
9135,2026-07-03,06:09,J0039,Puerto Escarlata,Ranked,Magnus,40,4,5,4,Derrota,500,2026,7,Friday,1,1
897,2026-02-07,23:22,J0011,Ciudadela,Ranked,Magnus,26,4,5,5,Derrota,550,2026,2,Saturday,1,1
1612,2026-02-22,22:49,J0069,Ciudadela,Torneo,,21,3,3,2,Derrota,,2026,2,Sunday,1,0
6591,2026-05-24,09:16,J0005,Bosque Umbral,Casual,Tesla;Nadia,10,9,6,6,Victoria,1580,2026,5,Sunday,2,2
5611,2026-05-09,20:52,J0200,Puerto Escarlata,Ranked,Umbra;Koro,28,9,12,5,Derrota,910,2026,5,Saturday,1,2
7589,2026-06-09,16:34,J0200,Desierto Neon,Casual,Magnus,15,10,10,5,Derrota,1050,2026,6,Tuesday,1,1
3807,2026-04-08,13:07,J0047,Bosque Umbral,Casual,Magnus,16,10,9,5,Derrota,1070,2026,4,Wednesday,1,1
6130,2026-05-17,00:13,J0172,Ciudadela,Ranked,Magnus;Umbra,32,3,4,4,Derrota,420,2026,5,Sunday,1,2
5640,2026-05-09,03:17,J0018,Desierto Neon,Torneo,Lienzo,19,1,3,4,Derrota,240,2026,5,Saturday,0,1
4702,2026-04-24,19:45,J0111,Canales de Hielo,Ranked,Nadia;Koro;Magnus,40,0,3,8,,340,2026,4,Friday,0,3
3962,2026-04-10,22:52,J0047,Bosque Umbral,Casual,Lienzo;Magnus,29,12,3,4,Victoria,1840,2026,4,Friday,4,2
6686,2026-05-25,18:51,J0024,Canales de Hielo,Casual,Brisa,15,11,8,5,Victoria,1690,2026,5,Monday,1,1
891,2026-02-07,13:14,J0098,Desierto Neon,Casual,Umbra;Tesla;Vex,17,10,4,3,Derrota,1070,2026,2,Saturday,2,3
9767,2026-07-12,17:20,J0026,Puerto Escarlata,Casual,Lienzo,23,7,7,5,Victoria,1310,2026,7,Sunday,1,1
7636,2026-06-10,21:11,J0181,Puerto Escarlata,Casual,Umbra;Magnus,19,10,6,4,Victoria,1580,2026,6,Wednesday,2,2
6991,2026-05-30,14:19,J0066,Estacion Orbital,Ranked,Koro;Brisa,43,8,3,1,Derrota,790,2026,5,Saturday,3,2
5187,2026-05-02,15:52,J0002,Bosque Umbral,Ranked,,22,6,6,5,Derrota,730,2026,5,Saturday,1,0
7055,2026-05-31,15:06,J0108,Canales de Hielo,Torneo,Brisa,13,5,7,1,Derrota,410,2026,5,Sunday,1,1
6920,2026-05-29,16:14,J0123,Canales de Hielo,Ranked,Vex;Lienzo,40,11,5,3,Victoria,1650,2026,5,Friday,2,2
2800,2026-03-19,00:36,J0012,Canales de Hielo,Ranked,Tesla;Nadia,39,2,3,2,Derrota,240,2026,3,Thursday,1,2
585,2026-01-30,23:56,J0200,Estacion Orbital,Ranked,Brisa,41,6,9,8,Derrota,820,2026,1,Friday,1,1
3269,2026-03-28,22:24,J0037,Canales de Hielo,Casual,Lienzo;Vex,11,11,8,4,Derrota,1140,2026,3,Saturday,1,2
3933,2026-04-10,19:56,J0068,Ciudadela,Casual,Magnus,8,4,5,1,Derrota,350,2026,4,Friday,1,1
1261,2026-02-15,20:50,J0005,Estacion Orbital,Casual,Vex,24,12,4,7,Derrota,1470,2026,2,Sunday,3,1
9385,2026-07-07,16:52,J0084,Estacion Orbital,Ranked,Nadia,33,1,4,3,Derrota,170,2026,7,Tuesday,0,1
311,2026-01-24,16:53,J0091,Estacion Orbital,Casual,Tesla,23,10,4,6,,1720,2026,1,Saturday,2,1
7923,2026-06-14,16:28,J0064,Puerto Escarlata,Ranked,Lienzo,22,4,2,5,Derrota,610,2026,6,Sunday,2,1
5035,2026-04-29,13:57,J0128,Estacion Orbital,Casual,Umbra,25,6,5,1,Derrota,550,2026,4,Wednesday,1,1
7146,2026-06-02,20:35,J0029,Bosque Umbral,Torneo,Vex,11,6,7,7,Derrota,810,2026,6,Tuesday,1,1
9172,2026-07-04,16:34,J0024,Bosque Umbral,Ranked,Umbra,25,6,7,6,Victoria,1260,2026,7,Saturday,1,1
4669,2026-04-23,19:15,J0200,Estacion Orbital,Casual,Brisa,17,8,5,2,Derrota,800,2026,4,Thursday,2,1
4299,2026-04-17,02:50,J0198,Ciudadela,Casual,Koro,31,3,7,2,Victoria,760,2026,4,Friday,0,1
3784,2026-04-07,01:54,J0046,Ciudadela,Casual,Nadia,12,8,5,1,,1250,2026,4,Tuesday,2,1
1009,2026-02-09,18:07,J0064,Desierto Neon,Ranked,Vex;Magnus,30,7,6,5,Derrota,830,2026,2,Monday,1,2
8420,2026-06-22,21:54,J0021,Desierto Neon,Casual,Vex,18,12,9,6,Victoria,1820,2026,6,Monday,1,1
2186,2026-03-07,23:07,J0025,Desierto Neon,Ranked,Tesla,38,2,5,5,Victoria,850,2026,3,Saturday,0,1
3624,2026-04-04,20:46,J0003,Desierto Neon,Ranked,Vex,34,2,6,8,Victoria,980,2026,4,Saturday,0,1
7164,2026-06-02,22:17,J0002,Puerto Escarlata,Torneo,Magnus,28,6,3,3,Victoria,1190,2026,6,Tuesday,2,1
5012,2026-04-29,21:41,J0021,Ciudadela,Ranked,Vex;Lienzo,35,12,6,4,Victoria,1780,2026,4,Wednesday,2,2
9747,2026-07-11,20:03,J0056,Puerto Escarlata,Casual,Tesla,19,1,5,6,Derrota,300,2026,7,Saturday,0,1
5641,2026-05-09,15:29,J0077,Ciudadela,Ranked,Nadia;Tesla,32,3,4,4,Derrota,420,2026,5,Saturday,1,2
4835,2026-04-26,21:59,J0067,Canales de Hielo,Ranked,Magnus,27,5,4,4,Victoria,1120,2026,4,Sunday,1,1
7274,2026-06-04,01:43,J0002,Estacion Orbital,Ranked,,40,10,8,4,Derrota,1040,2026,6,Thursday,1,0
4757,2026-04-25,13:54,J0042,Estacion Orbital,Ranked,Brisa,23,6,6,4,Victoria,1180,2026,4,Saturday,1,1
5166,2026-05-02,19:21,J0006,Canales de Hielo,Casual,Brisa,27,7,8,1,Victoria,1090,2026,5,Saturday,1,1
91,2026-01-18,11:26,J0067,Canales de Hielo,Ranked,Lienzo,25,5,6,6,Derrota,680,2026,1,Sunday,1,1
6080,2026-05-16,19:33,J0004,Puerto Escarlata,Casual,Vex;Magnus,32,6,2,7,Victoria,1410,2026,5,Saturday,3,2
6532,2026-05-23,18:06,J0100,Bosque Umbral,Ranked,Tesla;Magnus,29,7,2,2,Derrota,760,2026,5,Saturday,4,2
7691,2026-06-10,23:08,J0003,Bosque Umbral,Casual,Umbra,13,3,8,4,Victoria,840,2026,6,Wednesday,0,1
8040,2026-06-16,13:51,J0078,Canales de Hielo,Torneo,Koro,8,6,6,7,Victoria,1330,2026,6,Tuesday,1,1
2118,2026-03-05,22:43,J0060,Estacion Orbital,Ranked,Magnus;Tesla,35,0,2,5,Derrota,210,2026,3,Thursday,0,2
2938,2026-03-22,13:34,J0019,Puerto Escarlata,Ranked,Brisa;Nadia,35,3,1,3,Victoria,930,2026,3,Sunday,3,2
6553,2026-05-23,14:30,J0077,Ciudadela,Ranked,Lienzo,32,3,6,2,Victoria,780,2026,5,Saturday,0,1
984,2026-02-09,17:10,J0127,Ciudadela,Casual,Nadia;Tesla;Vex,11,5,4,9,,1370,2026,2,Monday,1,3
7794,2026-06-12,16:01,J0097,Ciudadela,Ranked,Magnus,28,6,4,1,Derrota,570,2026,6,Friday,2,1
5408,2026-05-06,19:38,J0128,Estacion Orbital,Ranked,Vex,32,8,3,3,Victoria,1390,2026,5,Wednesday,3,1
2926,2026-03-22,01:08,J0042,Bosque Umbral,Casual,Brisa,8,1,10,6,Victoria,700,2026,3,Sunday,0,1
5482,2026-05-07,12:15,J0106,Estacion Orbital,Casual,Tesla,23,10,3,4,Victoria,1640,2026,5,Thursday,3,1
3215,2026-03-27,23:21,J0006,Puerto Escarlata,Casual,Vex;Koro;Lienzo,16,8,4,4,Victoria,1420,2026,3,Friday,2,3
6562,2026-05-23,19:15,J0002,Ciudadela,Ranked,Brisa,22,2,7,4,Derrota,260,2026,5,Saturday,0,1
5596,2026-05-09,10:37,J0022,Bosque Umbral,Casual,Magnus;Tesla,30,3,3,3,Victoria,890,2026,5,Saturday,1,2
7162,2026-06-02,18:48,J0100,Canales de Hielo,Casual,Magnus,17,11,6,4,Victoria,1680,2026,6,Tuesday,2,1
5946,2026-05-14,17:20,J0069,Ciudadela,Torneo,Magnus,32,3,6,6,Victoria,980,2026,5,Thursday,0,1
628,2026-01-31,00:47,J0029,Canales de Hielo,Casual,,22,9,6,9,Derrota,1230,2026,1,Saturday,2,0
8144,2026-06-18,09:21,J0118,Bosque Umbral,Casual,Umbra,17,9,2,4,Victoria,1560,2026,6,Thursday,4,1
5217,2026-05-02,09:47,J0013,Ciudadela,Ranked,Lienzo;Tesla;Vex,44,7,5,6,Victoria,1400,2026,5,Saturday,1,3
4766,2026-04-25,17:44,J0052,Puerto Escarlata,Ranked,Brisa,42,7,6,4,Derrota,780,2026,4,Saturday,1,1
1602,2026-02-22,06:40,J0014,Ciudadela,Ranked,Tesla;Koro;Vex,23,9,2,3,Victoria,1510,2026,2,Sunday,4,3
9668,2026-07-11,11:10,J0196,Ciudadela,Casual,Magnus,13,3,4,5,Victoria,970,2026,7,Saturday,1,1
1270,2026-02-15,19:37,J0131,Ciudadela,Ranked,Nadia,29,14,10,2,Victoria,1800,2026,2,Sunday,1,1
129,2026-01-19,17:46,J0017,Ciudadela,Ranked,Tesla,27,4,5,7,Derrota,650,2026,1,Monday,1,1
6770,2026-05-26,18:19,J0001,Canales de Hielo,Casual,Magnus,24,9,5,9,Derrota,1250,2026,5,Tuesday,2,1
1712,2026-02-25,18:13,J0200,Puerto Escarlata,Casual,Tesla;Nadia,23,6,6,5,,730,2026,2,Wednesday,1,2
7996,2026-06-15,15:46,J0008,Desierto Neon,Casual,Brisa;Umbra,11,2,7,6,Victoria,860,2026,6,Monday,0,2
4236,2026-04-16,16:17,J0016,Puerto Escarlata,Casual,Vex,14,15,4,3,Victoria,2070,2026,4,Thursday,4,1
6724,2026-05-26,01:55,J0017,Ciudadela,Ranked,Koro,29,7,3,6,,940,2026,5,Tuesday,2,1
2399,2026-03-11,21:33,J0013,Estacion Orbital,Casual,Tesla,23,7,5,4,Derrota,800,2026,3,Wednesday,1,1
6062,2026-05-16,18:34,J0101,Canales de Hielo,Ranked,Umbra,30,4,4,4,Victoria,1020,2026,5,Saturday,1,1
9122,2026-07-03,15:42,J0006,Estacion Orbital,Casual,Koro,19,10,5,4,Derrota,1100,2026,7,Friday,2,1
8493,2026-06-23,20:33,J0039,Ciudadela,Casual,Tesla,29,15,2,6,Derrota,1760,2026,6,Tuesday,8,1
1187,2026-02-14,22:54,J0066,Estacion Orbital,Ranked,Umbra;Vex,27,15,2,5,Victoria,,2026,2,Saturday,8,2
8905,2026-06-29,19:19,J0018,Canales de Hielo,Ranked,Nadia;Vex,43,5,2,4,Victoria,1160,2026,6,Monday,2,2
9867,2026-07-13,13:00,J0025,Canales de Hielo,Ranked,Brisa,33,1,5,6,Victoria,800,2026,7,Monday,0,1
6118,2026-05-17,12:19,J0044,Bosque Umbral,Ranked,Magnus,40,10,9,3,Derrota,970,2026,5,Sunday,1,1
1978,2026-03-02,19:31,J0069,Bosque Umbral,Casual,Nadia,19,4,2,8,Derrota,760,2026,3,Monday,2,1
9962,2026-07-14,11:19,J0180,Canales de Hielo,Torneo,Vex;Magnus,15,10,7,5,Derrota,1110,2026,7,Tuesday,1,2
4248,2026-04-16,14:06,J0072,Estacion Orbital,Ranked,Nadia,22,3,6,3,Victoria,830,2026,4,Thursday,0,1
7802,2026-06-12,18:28,J0059,Ciudadela,Casual,Brisa;Umbra,19,6,4,6,Victoria,1320,2026,6,Friday,2,2
916,2026-02-07,20:16,J0041,Ciudadela,Casual,Koro;Nadia,14,3,3,3,Derrota,390,2026,2,Saturday,1,2
1306,2026-02-16,06:04,J0131,Desierto Neon,Torneo,Lienzo,9,5,7,4,Derrota,560,2026,2,Monday,1,1
5552,2026-05-08,17:21,J0020,Puerto Escarlata,Ranked,Magnus,27,2,3,5,Derrota,390,2026,5,Friday,1,1
3050,2026-03-24,21:21,J0200,Canales de Hielo,Ranked,Tesla,39,9,5,3,Derrota,950,2026,3,Tuesday,2,1
9594,2026-07-10,17:23,J0022,Puerto Escarlata,Casual,Vex,15,6,7,5,Victoria,1210,2026,7,Friday,1,1
1274,2026-02-15,17:14,J0076,Puerto Escarlata,Casual,,28,6,3,3,Victoria,1190,2026,2,Sunday,2,0
8805,2026-06-28,12:33,J0200,Canales de Hielo,Ranked,Tesla,38,10,2,8,Derrota,1360,2026,6,Sunday,5,1
2797,2026-03-19,01:31,J0088,Canales de Hielo,Ranked,Umbra,31,7,6,3,Derrota,730,2026,3,Thursday,1,1
1399,2026-02-19,11:48,J0058,Puerto Escarlata,Casual,Vex,11,13,5,8,Derrota,1600,2026,2,Thursday,3,1
3359,2026-03-29,14:05,J0049,Puerto Escarlata,Casual,Umbra;Brisa,14,7,10,2,Victoria,1100,2026,3,Sunday,1,2
184,2026-01-21,07:52,J0148,Bosque Umbral,Ranked,Brisa;Magnus,27,2,4,5,Victoria,870,2026,1,Wednesday,0,2
5146,2026-05-01,15:02,J0023,Bosque Umbral,Casual,Vex;Nadia,32,14,3,3,Victoria,1990,2026,5,Friday,5,2
5796,2026-05-12,22:58,J0033,Desierto Neon,Casual,Umbra;Brisa,27,6,4,5,Victoria,1270,2026,5,Tuesday,2,2
7201,2026-06-02,19:25,J0078,Estacion Orbital,Casual,Koro;Brisa,10,6,2,4,Victoria,1260,2026,6,Tuesday,3,2
5412,2026-05-06,23:44,J0200,Ciudadela,Ranked,Brisa,45,7,5,1,Victoria,1150,2026,5,Wednesday,1,1
7672,2026-06-10,01:45,J0019,Puerto Escarlata,Casual,Umbra;Tesla,10,4,9,3,Victoria,870,2026,6,Wednesday,0,2
7111,2026-06-01,19:26,J0012,Puerto Escarlata,Casual,Nadia;Koro,15,4,5,2,Derrota,400,2026,6,Monday,1,2
4568,2026-04-21,16:25,J0034,Ciudadela,Ranked,Umbra,33,7,5,3,Victoria,1250,2026,4,Tuesday,1,1
8792,2026-06-27,21:28,J0103,Bosque Umbral,Casual,Magnus,19,5,3,5,Derrota,690,2026,6,Saturday,2,1
2657,2026-03-16,19:55,J0044,Desierto Neon,Ranked,Brisa,40,8,4,7,Victoria,1570,2026,3,Monday,2,1
8375,2026-06-21,16:03,J0045,Puerto Escarlata,Casual,Vex,19,6,4,6,,820,2026,6,Sunday,2,1
6979,2026-05-30,17:39,J0021,Estacion Orbital,Casual,Tesla,18,9,10,3,Derrota,,2026,5,Saturday,1,1
1962,2026-03-02,18:29,J0022,Ciudadela,Ranked,Brisa,34,6,2,3,Derrota,710,2026,3,Monday,3,1
4892,2026-04-26,18:51,J0094,Bosque Umbral,Torneo,Tesla;Nadia,10,8,6,3,Derrota,830,2026,4,Sunday,1,2
6497,2026-05-22,23:29,J0062,Desierto Neon,Casual,Vex,30,6,7,2,Derrota,560,2026,5,Friday,1,1
7047,2026-05-31,21:13,J0048,Canales de Hielo,Ranked,Koro;Lienzo,22,3,3,9,Victoria,1190,2026,5,Sunday,1,2
1252,2026-02-15,11:32,J0007,Bosque Umbral,Ranked,Lienzo,26,13,3,3,Derrota,1390,2026,2,Sunday,4,1
3177,2026-03-26,09:49,J0124,Desierto Neon,Casual,Magnus,25,1,6,7,Victoria,830,2026,3,Thursday,0,1
7894,2026-06-14,10:36,J0015,Estacion Orbital,Ranked,Magnus,31,11,4,5,Derrota,1270,2026,6,Sunday,3,1
6333,2026-05-20,00:25,J0012,Estacion Orbital,Ranked,Umbra,38,6,4,6,Derrota,820,2026,5,Wednesday,2,1
7467,2026-06-07,12:53,J0030,Ciudadela,Casual,Nadia;Lienzo,17,7,5,1,Derrota,650,2026,6,Sunday,1,2
9724,2026-07-11,06:08,J0136,Puerto Escarlata,Ranked,Brisa,28,10,6,4,Derrota,1080,2026,7,Saturday,2,1
3290,2026-03-28,12:44,J0004,Estacion Orbital,Casual,Koro,15,6,8,4,Victoria,1140,2026,3,Saturday,1,1
6563,2026-05-23,13:00,J0090,Ciudadela,Casual,Vex,17,12,4,4,Victoria,1820,2026,5,Saturday,3,1
8795,2026-06-27,17:45,J0100,Bosque Umbral,Torneo,Umbra,30,7,4,4,Victoria,1320,2026,6,Saturday,2,1
7741,2026-06-11,19:47,J0033,Puerto Escarlata,Casual,Vex;Nadia;Lienzo,15,9,3,4,Victoria,1540,2026,6,Thursday,3,3
5747,2026-05-11,20:59,J0024,Canales de Hielo,Casual,Nadia;Vex,29,7,7,6,Derrota,,2026,5,Monday,1,2
7074,2026-05-31,07:45,J0022,Desierto Neon,Torneo,Nadia,31,6,3,5,Victoria,1290,2026,5,Sunday,2,1
1052,2026-02-11,21:23,J0074,Estacion Orbital,Ranked,Nadia,40,4,2,5,Derrota,610,2026,2,Wednesday,2,1
4070,2026-04-12,00:11,J0009,Ciudadela,Ranked,Tesla,22,3,6,2,Victoria,780,2026,4,Sunday,0,1
6132,2026-05-17,01:11,J0197,Canales de Hielo,Ranked,Vex;Brisa;Magnus,26,6,5,3,Victoria,1150,2026,5,Sunday,1,3
5651,2026-05-09,21:21,J0041,Bosque Umbral,Casual,Tesla,9,3,3,4,Victoria,940,2026,5,Saturday,1,1
273,2026-01-23,09:49,J0200,Desierto Neon,Casual,Nadia;Magnus,12,9,7,6,Derrota,,2026,1,Friday,1,2
2043,2026-03-04,00:17,J0032,Desierto Neon,Ranked,Lienzo;Umbra;Vex,43,11,4,3,Derrota,1170,2026,3,Wednesday,3,3
4764,2026-04-25,18:46,J0095,Desierto Neon,Torneo,Magnus,18,4,6,3,Victoria,930,2026,4,Saturday,1,1
5061,2026-04-30,18:59,J0053,Bosque Umbral,Ranked,,39,5,6,1,Derrota,430,2026,4,Thursday,1,0
8250,2026-06-20,21:59,J0082,Canales de Hielo,Casual,Vex,32,9,3,7,Victoria,1690,2026,6,Saturday,3,1
5379,2026-05-05,19:10,J0014,Puerto Escarlata,Casual,Lienzo;Brisa;Vex,20,5,3,0,Victoria,940,2026,5,Tuesday,2,3
1087,2026-02-11,20:23,J0200,Puerto Escarlata,Ranked,Vex;Brisa;Koro,30,11,6,4,Victoria,1680,2026,2,Wednesday,2,3
5904,2026-05-13,17:35,J0105,Bosque Umbral,Casual,Umbra,15,8,1,2,Derrota,880,2026,5,Wednesday,8,1
6459,2026-05-22,20:29,J0049,Estacion Orbital,Casual,Magnus;Brisa;Koro,22,2,3,3,,290,2026,5,Friday,1,3
6594,2026-05-24,13:36,J0054,Desierto Neon,Casual,Koro;Vex,12,10,4,8,Victoria,1820,2026,5,Sunday,2,2
6796,2026-05-27,20:19,J0038,Canales de Hielo,Ranked,Brisa;Umbra;Koro,39,1,3,2,Victoria,640,2026,5,Wednesday,0,3
4323,2026-04-17,23:17,J0012,Puerto Escarlata,Casual,Tesla;Koro,14,2,6,4,Derrota,280,2026,4,Friday,0,2
7069,2026-05-31,19:50,J0143,Puerto Escarlata,Ranked,Koro,30,1,6,5,Victoria,730,2026,5,Sunday,0,1
7880,2026-06-13,09:37,J0072,Bosque Umbral,Ranked,Nadia;Brisa,36,7,4,4,Derrota,820,2026,6,Saturday,2,2
5697,2026-05-10,20:04,J0027,Desierto Neon,Casual,Vex;Lienzo,21,4,6,5,Derrota,530,2026,5,Sunday,1,2
5617,2026-05-09,18:38,J0013,Ciudadela,Torneo,Nadia,12,6,9,4,Derrota,620,2026,5,Saturday,1,1
8407,2026-06-22,17:42,J0016,Bosque Umbral,Ranked,Nadia,32,11,7,4,Victoria,1660,2026,6,Monday,2,1
6709,2026-05-25,20:10,J0027,Ciudadela,Ranked,Magnus,45,5,7,3,Derrota,510,2026,5,Monday,1,1
4710,2026-04-24,11:30,J0010,Puerto Escarlata,Torneo,Lienzo;Umbra,30,9,3,6,Victoria,1640,2026,4,Friday,3,2
8669,2026-06-26,21:20,J0013,Bosque Umbral,Torneo,Umbra,28,9,3,3,Victoria,1490,2026,6,Friday,3,1
5730,2026-05-10,16:24,J0100,Bosque Umbral,Casual,Koro,32,8,8,4,Victoria,1340,2026,5,Sunday,1,1
6904,2026-05-29,17:31,J0093,Ciudadela,Ranked,Nadia;Koro;Brisa,41,2,7,2,Victoria,660,2026,5,Friday,0,3
3479,2026-04-01,18:18,J0106,Desierto Neon,Casual,Nadia,22,9,3,8,Victoria,1740,2026,4,Wednesday,3,1
9318,2026-07-06,09:39,J0091,Bosque Umbral,Ranked,Vex;Koro,23,11,3,4,Victoria,1740,2026,7,Monday,4,2
3925,2026-04-10,19:38,J0003,Estacion Orbital,Ranked,Magnus;Lienzo,37,7,3,3,Derrota,790,2026,4,Friday,2,2
1749,2026-02-26,14:39,J0050,Canales de Hielo,Torneo,Brisa,12,3,5,5,Victoria,950,2026,2,Thursday,1,1
733,2026-02-03,23:54,J0017,Ciudadela,Casual,Nadia;Tesla;Magnus,21,6,5,5,Victoria,1150,2026,2,Tuesday,1,3
2554,2026-03-14,17:10,J0015,Estacion Orbital,Casual,Brisa,29,8,6,8,Victoria,1580,2026,3,Saturday,1,1
8707,2026-06-27,18:18,J0012,Estacion Orbital,Casual,Magnus;Lienzo,28,6,3,3,Derrota,690,2026,6,Saturday,2,2
5036,2026-04-29,08:44,J0067,Desierto Neon,Casual,Umbra,29,8,5,2,Derrota,800,2026,4,Wednesday,2,1
2663,2026-03-16,00:15,J0050,Puerto Escarlata,Ranked,Lienzo,41,4,4,4,Derrota,520,2026,3,Monday,1,1
6787,2026-05-27,20:05,J0016,Bosque Umbral,Ranked,Tesla;Magnus,30,9,3,5,Victoria,1590,2026,5,Wednesday,3,2
5938,2026-05-14,12:32,J0037,Canales de Hielo,Casual,Koro,24,4,3,3,Victoria,990,2026,5,Thursday,1,1
3114,2026-03-25,09:46,J0135,Bosque Umbral,Ranked,Nadia;Magnus;Vex,31,7,5,5,Derrota,850,2026,3,Wednesday,1,3
3304,2026-03-28,19:51,J0025,Desierto Neon,Casual,Magnus,26,9,5,3,Derrota,950,2026,3,Saturday,2,1
1345,2026-02-17,05:32,J0187,Canales de Hielo,Casual,Tesla,22,6,7,5,Victoria,1210,2026,2,Tuesday,1,1
1691,2026-02-24,20:26,J0025,Puerto Escarlata,Casual,Magnus,12,8,7,6,Victoria,1460,2026,2,Tuesday,1,1
6753,2026-05-26,22:22,J0133,Desierto Neon,Torneo,Vex;Nadia,24,3,4,5,Victoria,970,2026,5,Tuesday,1,2
6616,2026-05-24,18:53,J0199,Ciudadela,Ranked,Brisa,30,3,4,4,Victoria,920,2026,5,Sunday,1,1
3309,2026-03-29,08:03,J0200,Estacion Orbital,Ranked,Umbra;Magnus,35,2,6,3,Derrota,230,2026,3,Sunday,0,2
1505,2026-02-21,20:53,J0200,Canales de Hielo,Ranked,Lienzo,42,9,7,2,Derrota,860,2026,2,Saturday,1,1
1807,2026-02-27,15:44,J0082,Puerto Escarlata,Ranked,Tesla,24,11,2,2,Victoria,1660,2026,2,Friday,6,1
6348,2026-05-21,18:15,J0010,Puerto Escarlata,Torneo,Vex,28,13,2,6,Victoria,2060,2026,5,Thursday,6,1
5466,2026-05-07,20:37,J0026,Estacion Orbital,Ranked,Umbra;Vex,26,4,6,3,Victoria,930,2026,5,Thursday,1,2
3792,2026-04-07,22:45,J0191,Ciudadela,Ranked,Magnus,35,3,7,3,Derrota,310,2026,4,Tuesday,0,1
9593,2026-07-10,09:47,J0008,Desierto Neon,Casual,Brisa,14,1,8,1,Derrota,0,2026,7,Friday,0,1
7457,2026-06-07,20:35,J0025,Desierto Neon,Torneo,Tesla;Koro,14,6,4,4,Victoria,1220,2026,6,Sunday,2,2
7402,2026-06-06,08:01,J0119,Estacion Orbital,Casual,Brisa;Vex,13,8,6,7,Victoria,1530,2026,6,Saturday,1,2
5724,2026-05-10,20:43,J0074,Ciudadela,Casual,Nadia,32,3,6,4,Derrota,380,2026,5,Sunday,0,1
9643,2026-07-10,21:29,J0050,Estacion Orbital,Casual,Brisa,19,4,3,2,Victoria,940,2026,7,Friday,1,1
1849,2026-02-28,15:07,J0016,Estacion Orbital,Casual,Umbra,31,11,4,7,Derrota,1370,2026,2,Saturday,3,1
4513,2026-04-20,10:01,J0176,Desierto Neon,Casual,Tesla,32,6,4,5,Derrota,770,2026,4,Monday,2,1
2432,2026-03-12,20:41,J0089,Estacion Orbital,Torneo,Magnus,25,6,7,4,Victoria,1160,2026,3,Thursday,1,1
4661,2026-04-23,07:19,J0011,Desierto Neon,Casual,Lienzo;Tesla;Koro,12,6,1,4,Derrota,580,2026,4,Thursday,6,3
6930,2026-05-30,21:19,J0011,Bosque Umbral,Torneo,Vex,14,4,9,5,Victoria,970,2026,5,Saturday,0,1
5683,2026-05-10,15:45,J0129,Ciudadela,Ranked,Umbra,29,5,5,3,Derrota,550,2026,5,Sunday,1,1
143,2026-01-19,07:49,J0110,Canales de Hielo,Ranked,Umbra,30,5,5,1,Victoria,950,2026,1,Monday,1,1
8829,2026-06-28,14:00,J0015,Estacion Orbital,Casual,Brisa,28,12,8,4,Derrota,1240,2026,6,Sunday,2,1
8521,2026-06-23,19:30,J0200,Bosque Umbral,Ranked,Nadia,35,11,7,0,Derrota,960,2026,6,Tuesday,2,1
5360,2026-05-05,17:16,J0038,Canales de Hielo,Ranked,Umbra,27,6,9,3,Victoria,1070,2026,5,Tuesday,1,1
3410,2026-03-30,18:22,J0022,Estacion Orbital,Casual,Vex,10,4,4,2,Victoria,920,2026,3,Monday,1,1
1118,2026-02-12,00:00,J0041,Bosque Umbral,Ranked,Vex,41,6,3,7,Derrota,,2026,2,Thursday,2,1
1757,2026-02-26,21:03,J0064,Bosque Umbral,Ranked,Umbra;Tesla,32,4,3,6,Derrota,640,2026,2,Thursday,1,2
498,2026-01-28,19:12,J0055,Desierto Neon,Torneo,Umbra;Vex,26,5,4,5,Victoria,1170,2026,1,Wednesday,1,2
5272,2026-05-03,00:30,J0200,Bosque Umbral,Casual,Magnus;Koro;Umbra,12,7,5,6,Victoria,1400,2026,5,Sunday,1,3
871,2026-02-07,16:34,J0006,Ciudadela,Ranked,,41,6,5,2,Derrota,600,2026,2,Saturday,1,0
3358,2026-03-29,21:54,J0122,Ciudadela,Ranked,Magnus,42,3,5,4,Derrota,,2026,3,Sunday,1,1
913,2026-02-07,21:52,J0018,Canales de Hielo,Ranked,Vex;Brisa,24,8,5,1,Derrota,750,2026,2,Saturday,2,2
722,2026-02-03,14:09,J0093,Puerto Escarlata,Ranked,Brisa,39,4,5,3,Victoria,950,2026,2,Tuesday,1,1
2806,2026-03-19,02:54,J0029,Estacion Orbital,Casual,Vex,22,4,10,7,Victoria,1050,2026,3,Thursday,0,1
9931,2026-07-14,13:20,J0169,Bosque Umbral,Casual,Tesla,31,4,9,3,Derrota,,2026,7,Tuesday,0,1
887,2026-02-07,20:37,J0041,Bosque Umbral,Torneo,Magnus,21,2,5,6,Victoria,900,2026,2,Saturday,0,1
9666,2026-07-11,07:34,J0086,Ciudadela,Ranked,Brisa,38,1,5,3,Derrota,150,2026,7,Saturday,0,1
6919,2026-05-29,22:08,J0082,Puerto Escarlata,Ranked,Koro;Vex,35,11,1,9,Victoria,2030,2026,5,Friday,11,2
7300,2026-06-04,20:31,J0008,Ciudadela,Ranked,Magnus,22,3,9,6,Victoria,920,2026,6,Thursday,0,1
1521,2026-02-21,15:38,J0024,Puerto Escarlata,Torneo,Lienzo,12,5,6,5,Victoria,1130,2026,2,Saturday,1,1
8758,2026-06-27,19:33,J0033,Estacion Orbital,Ranked,Magnus;Umbra,38,7,6,3,Derrota,730,2026,6,Saturday,1,2
2747,2026-03-18,12:13,J0008,Puerto Escarlata,Ranked,Vex,36,6,6,5,Victoria,1030,2026,3,Wednesday,1,1
7200,2026-06-02,15:51,J0012,Estacion Orbital,Casual,Lienzo,16,4,5,6,Derrota,600,2026,6,Tuesday,1,1
5877,2026-05-13,17:45,J0091,Canales de Hielo,Ranked,Koro;Tesla,30,6,5,4,Derrota,700,2026,5,Wednesday,1,2
315,2026-01-24,07:42,J0199,Estacion Orbital,Casual,Koro;Tesla,25,6,9,2,Victoria,1020,2026,1,Saturday,1,2
1800,2026-02-27,16:21,J0050,Desierto Neon,Ranked,Koro;Vex;Nadia,26,5,7,1,Derrota,410,2026,2,Friday,1,3
328,2026-01-24,08:41,J0060,Ciudadela,Casual,Umbra,9,6,1,6,Derrota,880,2026,1,Saturday,6,1
5742,2026-05-11,14:11,J0020,Bosque Umbral,Casual,Nadia;Lienzo,25,9,9,5,Victoria,1470,2026,5,Monday,1,2
4205,2026-04-15,18:20,J0065,Estacion Orbital,Casual,Lienzo,23,6,0,4,Derrota,800,2026,4,Wednesday,,1
3130,2026-03-25,20:51,J0171,Puerto Escarlata,Casual,Nadia,21,9,6,3,Victoria,1430,2026,3,Wednesday,2,1
8952,2026-06-30,20:07,J0060,Bosque Umbral,Casual,Koro;Umbra,8,2,8,10,Victoria,1040,2026,6,Tuesday,0,2
6856,2026-05-28,19:39,J0028,Canales de Hielo,Ranked,Nadia,24,7,5,1,Victoria,,2026,5,Thursday,1,1
3969,2026-04-10,19:50,J0062,Bosque Umbral,Casual,Brisa;Tesla,30,10,5,3,Derrota,1050,2026,4,Friday,2,2
5844,2026-05-12,14:44,J0003,Canales de Hielo,Ranked,Tesla,29,8,5,2,Derrota,800,2026,5,Tuesday,2,1
8867,2026-06-28,00:03,J0050,Estacion Orbital,Torneo,Tesla,24,1,6,4,Derrota,180,2026,6,Sunday,0,1
1974,2026-03-02,20:23,J0062,Estacion Orbital,Casual,Nadia,16,2,3,4,Victoria,840,2026,3,Monday,1,1
337,2026-01-24,18:34,J0097,Estacion Orbital,Torneo,Lienzo;Tesla,9,1,10,5,Victoria,650,2026,1,Saturday,0,2
2765,2026-03-19,11:54,J0009,Desierto Neon,Casual,Koro;Magnus,20,2,2,3,Victoria,810,2026,3,Thursday,1,2
7790,2026-06-12,07:46,J0070,Canales de Hielo,Ranked,Umbra,30,3,7,3,Victoria,810,2026,6,Friday,0,1
276,2026-01-23,20:41,J0120,Ciudadela,Casual,Koro,19,5,3,5,Derrota,690,2026,1,Friday,2,1
2986,2026-03-22,18:33,J0200,Puerto Escarlata,Torneo,Nadia;Vex,9,4,5,8,Victoria,1200,2026,3,Sunday,1,2
7413,2026-06-06,18:12,J0030,Canales de Hielo,Ranked,Lienzo,23,14,3,4,,2040,2026,6,Saturday,5,1
6274,2026-05-19,21:27,J0081,Bosque Umbral,Casual,Umbra;Vex,13,7,4,3,Derrota,770,2026,5,Tuesday,2,2
3478,2026-04-01,17:16,J0104,Estacion Orbital,Casual,Lienzo,26,4,4,2,Derrota,420,2026,4,Wednesday,1,1
5332,2026-05-04,18:43,J0020,Desierto Neon,Casual,Vex,26,8,6,6,Victoria,1480,2026,5,Monday,1,1
3559,2026-04-03,06:15,J0043,Bosque Umbral,Casual,Magnus,9,3,3,4,Victoria,940,2026,4,Friday,1,1
2810,2026-03-20,20:43,J0063,Bosque Umbral,Ranked,Tesla,38,10,4,7,Victoria,1770,2026,3,Friday,2,1
9697,2026-07-11,16:26,J0150,Bosque Umbral,Ranked,Tesla,23,17,3,8,Victoria,25,2026,7,Saturday,6,1
4862,2026-04-26,23:42,J0078,Puerto Escarlata,Ranked,Koro,29,8,3,5,Victoria,1490,2026,4,Sunday,3,1
7145,2026-06-02,21:05,J0027,Canales de Hielo,Casual,Koro,19,5,8,4,Victoria,1040,2026,6,Tuesday,1,1
3417,2026-03-30,14:46,J0025,Estacion Orbital,Casual,Umbra,18,6,6,3,Derrota,130,2026,3,Monday,1,1
308,2026-01-24,20:12,J0200,Bosque Umbral,Casual,Nadia,27,6,3,6,Derrota,840,2026,1,Saturday,2,1
3909,2026-04-09,21:02,J0020,Bosque Umbral,Ranked,Umbra;Nadia,25,2,3,4,Derrota,340,2026,4,Thursday,1,2
349,2026-01-25,04:35,J0183,Desierto Neon,Casual,Brisa,18,7,5,2,Derrota,,2026,1,Sunday,1,1
827,2026-02-05,06:57,J0084,Bosque Umbral,Ranked,Brisa;Lienzo,23,4,2,3,Derrota,510,2026,2,Thursday,2,2
9574,2026-07-09,10:56,J0194,Desierto Neon,Casual,Umbra,21,7,9,5,Derrota,770,2026,7,Thursday,1,1
4483,2026-04-20,16:04,J0177,Ciudadela,Casual,Koro,9,8,3,1,Victoria,1290,2026,4,Monday,3,1
6693,2026-05-25,08:31,J0049,Estacion Orbital,Casual,Vex;Tesla,29,4,10,4,Victoria,900,2026,5,Monday,0,2
3683,2026-04-05,18:58,J0200,Canales de Hielo,Ranked,Brisa,35,4,7,4,Victoria,960,2026,4,Sunday,1,1
7928,2026-06-14,12:55,J0064,Estacion Orbital,Ranked,Tesla;Nadia,24,3,7,2,Victoria,760,2026,6,Sunday,0,2
8453,2026-06-22,21:09,J0122,Bosque Umbral,Ranked,Magnus;Tesla,43,6,5,5,Victoria,1250,2026,6,Monday,1,2
2054,2026-03-04,19:50,J0025,Canales de Hielo,Casual,Brisa,26,2,7,4,Derrota,,2026,3,Wednesday,0,1
72,2026-01-17,22:24,J0119,Canales de Hielo,Torneo,,18,10,4,6,Derrota,1220,2026,1,Saturday,2,0
5606,2026-05-09,17:02,J0108,Ciudadela,Casual,Nadia,25,7,8,1,Derrota,590,2026,5,Saturday,1,1
8193,2026-06-18,12:28,J0030,Desierto Neon,Ranked,Umbra,44,9,5,3,Victoria,1450,2026,6,Thursday,2,1
6386,2026-05-21,17:40,J0200,Estacion Orbital,Ranked,Vex,42,9,4,6,Victoria,1620,2026,5,Thursday,2,1
8237,2026-06-19,20:25,J0179,Bosque Umbral,Casual,Koro,26,9,5,6,Derrota,1100,2026,6,Friday,2,1
1667,2026-02-24,21:28,J0071,Puerto Escarlata,Torneo,Magnus,31,1,4,3,Victoria,670,2026,2,Tuesday,0,1
6298,2026-05-20,05:03,J0014,Puerto Escarlata,Ranked,Nadia,24,6,4,7,Derrota,870,2026,5,Wednesday,2,1
6585,2026-05-24,11:03,J0026,Bosque Umbral,Ranked,Vex,44,9,2,8,Derrota,1260,2026,5,Sunday,4,1
7641,2026-06-10,10:06,J0200,Bosque Umbral,Torneo,Lienzo,29,9,4,4,Victoria,1520,2026,6,Wednesday,2,1
1446,2026-02-20,12:36,J0022,Canales de Hielo,Ranked,Vex;Brisa,23,5,3,1,Victoria,990,2026,2,Friday,2,2
5322,2026-05-04,19:30,J0008,Canales de Hielo,Casual,Tesla,12,0,5,5,Victoria,650,2026,5,Monday,0,1
5719,2026-05-10,08:35,J0018,Desierto Neon,Casual,Umbra;Vex,31,8,6,5,Victoria,1430,2026,5,Sunday,1,2
1696,2026-02-24,09:18,J0200,Ciudadela,Ranked,Lienzo;Brisa;Nadia,34,4,2,2,Derrota,460,2026,2,Tuesday,2,3
2893,2026-03-21,19:40,J0144,Ciudadela,Casual,Koro,13,6,1,5,Derrota,,2026,3,Saturday,6,1
1575,2026-02-22,11:00,J0040,Puerto Escarlata,Ranked,Tesla,28,4,7,5,Victoria,1010,2026,2,Sunday,1,1
3204,2026-03-27,17:25,J0080,Estacion Orbital,Ranked,Lienzo,40,9,9,4,Victoria,1420,2026,3,Friday,1,1
4406,2026-04-19,14:24,J0014,Desierto Neon,Ranked,Nadia;Brisa;Koro,37,2,7,4,Victoria,760,2026,4,Sunday,0,3
1631,2026-02-23,18:31,J0085,Desierto Neon,Ranked,Lienzo;Nadia,24,3,4,3,Derrota,370,2026,2,Monday,1,2
7602,2026-06-09,17:02,J0090,Desierto Neon,Torneo,Umbra,15,6,5,2,Victoria,1100,2026,6,Tuesday,1,1
1882,2026-03-01,14:45,J0100,Canales de Hielo,Casual,Tesla;Umbra,31,9,6,3,Derrota,930,2026,3,Sunday,2,2
5113,2026-05-01,14:15,J0002,Desierto Neon,Casual,Nadia,8,8,5,6,Derrota,1000,2026,5,Friday,2,1
5075,2026-04-30,13:08,J0055,Ciudadela,Ranked,Magnus,45,3,6,2,Victoria,780,2026,4,Thursday,0,1
8891,2026-06-29,16:56,J0064,Estacion Orbital,Casual,Koro,22,6,5,6,Derrota,800,2026,6,Monday,1,1
8055,2026-06-16,21:37,J0085,Puerto Escarlata,Ranked,Vex,40,13,9,5,Derrota,1370,2026,6,Tuesday,1,1
849,2026-02-06,01:39,J0200,Ciudadela,Casual,Magnus,22,5,4,2,Derrota,520,2026,2,Friday,1,1
6104,2026-05-17,13:06,J0010,Puerto Escarlata,Ranked,Nadia,27,6,7,8,Victoria,1360,2026,5,Sunday,1,1
7334,2026-06-05,04:02,J0039,Bosque Umbral,Ranked,Tesla,22,8,2,5,Victoria,1510,2026,6,Friday,4,1
7088,2026-06-01,12:44,J0001,Bosque Umbral,Casual,Nadia,31,3,2,5,Derrota,510,2026,6,Monday,2,1
2878,2026-03-21,19:51,J0071,Bosque Umbral,Casual,Magnus;Vex;Tesla,13,10,5,5,Derrota,1150,2026,3,Saturday,2,3
187,2026-01-21,23:11,J0010,Estacion Orbital,Ranked,Vex,38,8,6,4,Derrota,880,2026,1,Wednesday,1,1
3780,2026-04-07,19:24,J0006,Bosque Umbral,Casual,Brisa,29,9,7,1,Derrota,810,2026,4,Tuesday,1,1
1831,2026-02-28,19:24,J0059,Bosque Umbral,Ranked,Brisa,41,2,5,6,Victoria,900,2026,2,Saturday,0,1
2960,2026-03-22,20:30,J0093,Canales de Hielo,Casual,Lienzo,31,4,4,2,Victoria,920,2026,3,Sunday,1,1
9312,2026-07-05,21:05,J0027,Ciudadela,Casual,Tesla;Vex;Koro,19,4,8,3,Victoria,890,2026,7,Sunday,0,3
6492,2026-05-22,17:34,J0023,Puerto Escarlata,Casual,Magnus,10,10,4,3,Derrota,1070,2026,5,Friday,2,1
1235,2026-02-15,22:37,J0045,Puerto Escarlata,Ranked,Lienzo,40,10,1,4,Derrota,1180,2026,2,Sunday,10,1
6077,2026-05-16,09:38,J0110,Ciudadela,Torneo,Vex;Tesla,21,3,10,3,Derrota,,2026,5,Saturday,0,2
3916,2026-04-09,17:26,J0002,Estacion Orbital,Casual,Umbra;Koro,9,4,6,4,Derrota,480,2026,4,Thursday,1,2
447,2026-01-27,21:16,J0002,Bosque Umbral,Casual,Koro;Umbra,17,9,3,6,Victoria,1640,2026,1,Tuesday,3,2
845,2026-02-06,18:09,J0007,Ciudadela,Ranked,Nadia,29,5,3,1,Victoria,990,2026,2,Friday,2,1
5874,2026-05-13,17:42,J0196,Canales de Hielo,Casual,Brisa,14,3,4,4,Derrota,420,2026,5,Wednesday,1,1
6821,2026-05-27,17:09,J0092,Canales de Hielo,Torneo,Tesla;Nadia,14,7,4,5,Derrota,870,2026,5,Wednesday,2,2
2441,2026-03-12,18:49,J0080,Desierto Neon,Torneo,Nadia,16,4,2,6,,660,2026,3,Thursday,2,1
3104,2026-03-25,13:34,J0063,Ciudadela,Ranked,Lienzo,44,5,5,7,Derrota,750,2026,3,Wednesday,1,1
8654,2026-06-26,18:44,J0029,Estacion Orbital,Casual,Lienzo,17,2,5,3,Victoria,750,2026,6,Friday,0,1
7934,2026-06-14,23:29,J0113,Bosque Umbral,Casual,Umbra,27,6,6,7,Victoria,1330,2026,6,Sunday,1,1
5750,2026-05-11,19:23,J0048,Bosque Umbral,Ranked,Lienzo,35,5,8,6,Derrota,640,2026,5,Monday,1,1
1295,2026-02-16,16:17,J0011,Puerto Escarlata,Ranked,Umbra,26,4,5,2,Derrota,,2026,2,Monday,1,1
5171,2026-05-02,18:57,J0200,Bosque Umbral,Casual,,28,4,11,2,Derrota,280,2026,5,Saturday,0,0
9498,2026-07-08,23:29,J0008,Puerto Escarlata,Ranked,Koro;Magnus;Nadia,30,3,3,2,Victoria,840,2026,7,Wednesday,1,3
5068,2026-04-30,22:04,J0174,Ciudadela,Ranked,Umbra;Koro,28,2,9,6,Victoria,820,2026,4,Thursday,0,2
3443,2026-03-31,22:17,J0030,Estacion Orbital,Ranked,Magnus;Vex,24,8,3,1,Derrota,790,2026,3,Tuesday,3,2
8517,2026-06-23,15:54,J0029,Puerto Escarlata,Casual,Umbra,31,3,8,6,Derrota,440,2026,6,Tuesday,0,1
9571,2026-07-09,19:37,J0166,Estacion Orbital,Ranked,Brisa,23,4,4,4,Victoria,1020,2026,7,Thursday,1,1
6215,2026-05-18,15:14,J0033,Ciudadela,Casual,Tesla,26,2,7,2,Derrota,160,2026,5,Monday,0,1
777,2026-02-04,18:50,J0072,Canales de Hielo,Ranked,Koro,25,3,7,4,Derrota,360,2026,2,Wednesday,0,1
9930,2026-07-13,16:00,J0068,Estacion Orbital,Ranked,Vex;Magnus,42,11,2,4,Derrota,1260,2026,7,Monday,6,2
2154,2026-03-06,20:19,J0129,Canales de Hielo,Ranked,Umbra,41,1,7,4,Derrota,160,2026,3,Friday,0,1
4921,2026-04-27,18:00,J0138,Desierto Neon,Casual,Vex;Lienzo,21,8,9,3,Derrota,770,2026,4,Monday,1,2
5457,2026-05-06,11:46,J0028,Puerto Escarlata,Casual,Vex,11,0,6,4,Victoria,580,2026,5,Wednesday,0,1
9565,2026-07-09,20:24,J0038,Desierto Neon,Casual,Umbra;Magnus,12,1,8,5,Derrota,190,2026,7,Thursday,0,2
5629,2026-05-09,19:05,J0161,Bosque Umbral,Casual,Nadia,9,1,4,4,Derrota,220,2026,5,Saturday,0,1
7153,2026-06-02,11:39,J0068,Desierto Neon,Ranked,Koro;Lienzo,32,3,4,3,Victoria,870,2026,6,Tuesday,1,2
8498,2026-06-23,17:42,J0008,Estacion Orbital,Ranked,Tesla,41,4,4,3,Derrota,470,2026,6,Tuesday,1,1
3184,2026-03-26,15:59,J0007,Ciudadela,Ranked,Koro,25,7,1,1,Derrota,730,2026,3,Thursday,7,1
6912,2026-05-29,23:17,J0020,Ciudadela,Casual,Brisa;Nadia,9,6,7,5,Derrota,710,2026,5,Friday,1,2
3200,2026-03-27,23:58,J0200,Estacion Orbital,Torneo,Nadia,8,7,6,8,Derrota,980,2026,3,Friday,1,1
7150,2026-06-02,23:22,J0002,Desierto Neon,Casual,Vex,14,7,4,6,Victoria,1420,2026,6,Tuesday,2,1
1290,2026-02-16,16:27,J0042,Desierto Neon,Ranked,Tesla,22,3,11,6,Derrota,380,2026,2,Monday,0,1
4582,2026-04-22,19:17,J0055,Canales de Hielo,Casual,Brisa;Vex,18,7,9,7,Victoria,1370,2026,4,Wednesday,1,2
7922,2026-06-14,02:00,J0023,Canales de Hielo,Ranked,Koro,34,6,6,4,Victoria,1180,2026,6,Sunday,1,1
9006,2026-07-01,19:52,J0048,Puerto Escarlata,Casual,Lienzo;Vex,15,13,6,5,Victoria,1930,2026,7,Wednesday,2,2
8775,2026-06-27,16:39,J0023,Canales de Hielo,Casual,Magnus,29,6,2,4,Derrota,760,2026,6,Saturday,3,1
9640,2026-07-10,10:30,J0036,Canales de Hielo,Torneo,Lienzo,21,2,2,4,Victoria,860,2026,7,Friday,1,1
4107,2026-04-13,18:27,J0117,Puerto Escarlata,Casual,Tesla;Lienzo,10,2,4,3,Victoria,770,2026,4,Monday,0,2
4127,2026-04-13,17:43,J0023,Estacion Orbital,Ranked,Tesla;Vex;Brisa,39,15,2,1,Derrota,1510,2026,4,Monday,8,3
8278,2026-06-20,17:30,J0113,Ciudadela,Ranked,Umbra;Lienzo,41,6,6,4,Derrota,680,2026,6,Saturday,1,2
3967,2026-04-10,22:48,J0053,Estacion Orbital,Casual,Koro;Umbra;Brisa,27,9,5,4,,1000,2026,4,Friday,2,3
1880,2026-03-01,22:22,J0030,Desierto Neon,Ranked,Tesla;Magnus,40,7,6,5,Victoria,1330,2026,3,Sunday,1,2
8563,2026-06-24,19:26,J0096,Ciudadela,Casual,Tesla;Magnus;Koro,11,6,6,6,Victoria,1280,2026,6,Wednesday,1,3
9370,2026-07-06,19:18,J0053,Ciudadela,Casual,Lienzo;Umbra,31,3,6,2,Victoria,,2026,7,Monday,0,2
8427,2026-06-22,10:44,J0117,Desierto Neon,Casual,Magnus,28,7,3,5,Derrota,890,2026,6,Monday,2,1
3588,2026-04-03,18:05,J0134,Estacion Orbital,Ranked,Brisa,27,4,3,5,Victoria,1090,2026,4,Friday,1,1
7500,2026-06-07,19:00,J0153,Estacion Orbital,Casual,Tesla,26,8,4,7,Derrota,1070,2026,6,Sunday,2,1
3866,2026-04-08,14:56,J0104,Desierto Neon,Casual,Brisa,32,6,5,2,Victoria,1100,2026,4,Wednesday,1,1
8001,2026-06-15,21:16,J0018,Canales de Hielo,Ranked,,26,3,2,2,Derrota,360,2026,6,Monday,2,0
4132,2026-04-13,19:17,J0037,Estacion Orbital,Casual,Brisa,26,6,2,2,Derrota,660,2026,4,Monday,3,1
1037,2026-02-10,07:40,J0020,Estacion Orbital,Ranked,Magnus;Lienzo,35,12,9,5,Derrota,1270,2026,2,Tuesday,1,2
637,2026-01-31,15:36,J0007,Puerto Escarlata,Casual,Magnus,20,8,6,0,Derrota,680,2026,1,Saturday,1,1
7927,2026-06-14,19:07,J0006,Estacion Orbital,Casual,Magnus;Brisa,18,2,5,1,Victoria,,2026,6,Sunday,0,2
4135,2026-04-13,09:18,J0040,Puerto Escarlata,Ranked,Magnus;Umbra,26,9,2,6,Victoria,1660,2026,4,Monday,4,2
5435,2026-05-06,17:08,J0001,Bosque Umbral,Casual,Nadia,21,9,5,3,Victoria,1450,2026,5,Wednesday,2,1
1084,2026-02-11,04:46,J0044,Ciudadela,Ranked,Tesla,32,10,0,2,Derrota,1100,2026,2,Wednesday,,1
862,2026-02-06,08:46,J0011,Desierto Neon,Casual,Koro;Nadia;Tesla,26,6,6,4,Derrota,680,2026,2,Friday,1,3
904,2026-02-07,10:44,J0057,Bosque Umbral,Casual,Vex,20,5,3,2,Victoria,1040,2026,2,Saturday,2,1
192,2026-01-21,03:56,J0045,Estacion Orbital,Torneo,Magnus,8,9,2,6,Victoria,1660,2026,1,Wednesday,4,1
110,2026-01-18,16:51,J0008,Canales de Hielo,Casual,Brisa,9,7,6,3,Derrota,730,2026,1,Sunday,1,1
4456,2026-04-19,16:37,J0003,Bosque Umbral,Torneo,Koro,11,7,3,2,Derrota,740,2026,4,Sunday,2,1
1943,2026-03-02,20:10,J0026,Bosque Umbral,Torneo,Magnus,11,7,1,3,Victoria,1330,2026,3,Monday,7,1
5383,2026-05-05,17:39,J0200,Canales de Hielo,Ranked,Umbra,29,8,9,9,Derrota,1070,2026,5,Tuesday,1,1
4332,2026-04-17,21:36,J0124,Bosque Umbral,Ranked,Lienzo,33,5,4,6,Victoria,1220,2026,4,Friday,1,1
9072,2026-07-02,21:42,J0042,Canales de Hielo,Casual,Magnus,9,5,5,6,Derrota,700,2026,7,Thursday,1,1
2041,2026-03-04,21:47,J0009,Canales de Hielo,Casual,Vex;Tesla,23,8,5,6,Victoria,1500,2026,3,Wednesday,2,2
7459,2026-06-07,19:39,J0102,Puerto Escarlata,Ranked,Tesla,33,3,10,3,Derrota,250,2026,6,Sunday,0,1
6973,2026-05-30,19:59,J0060,Puerto Escarlata,Ranked,Brisa,28,3,6,5,Derrota,430,2026,5,Saturday,0,1
7913,2026-06-14,18:27,J0018,Bosque Umbral,Ranked,Umbra,33,0,5,2,Derrota,0,2026,6,Sunday,0,1
4660,2026-04-23,08:58,J0118,Ciudadela,Casual,Brisa,29,7,7,2,Victoria,1160,2026,4,Thursday,1,1
6525,2026-05-23,14:56,J0094,Bosque Umbral,Torneo,Vex;Magnus;Koro,25,10,3,5,Victoria,1690,2026,5,Saturday,3,3
2776,2026-03-19,13:59,J0047,Estacion Orbital,Casual,Umbra,23,13,4,6,Derrota,1520,2026,3,Thursday,3,1
4146,2026-04-14,08:16,J0015,Ciudadela,Torneo,Tesla;Umbra,15,9,8,3,Derrota,890,2026,4,Tuesday,1,2
2324,2026-03-09,11:01,J0075,Canales de Hielo,Ranked,Lienzo;Koro,43,8,3,2,Victoria,1340,2026,3,Monday,3,2
763,2026-02-04,22:20,J0007,Bosque Umbral,Casual,Vex,9,6,4,5,Derrota,1270,2026,2,Wednesday,2,1
2618,2026-03-15,11:07,J0085,Estacion Orbital,Casual,Lienzo,20,9,5,3,Victoria,1450,2026,3,Sunday,2,1
2412,2026-03-12,20:45,J0076,Desierto Neon,Casual,Magnus,20,7,5,4,Victoria,1300,2026,3,Thursday,1,1
1095,2026-02-11,21:07,J0040,Bosque Umbral,Casual,Umbra,18,7,7,1,Derrota,610,2026,2,Wednesday,1,1
9226,2026-07-04,07:29,J0023,Canales de Hielo,Ranked,Koro,33,7,5,2,Victoria,1200,2026,7,Saturday,1,1
7173,2026-06-02,12:42,J0087,Puerto Escarlata,Ranked,Nadia,28,5,7,8,Derrota,760,2026,6,Tuesday,1,1
6315,2026-05-20,14:48,J0034,Canales de Hielo,Casual,Brisa,17,5,5,5,Derrota,650,2026,5,Wednesday,1,1
3136,2026-03-25,16:50,J0039,Bosque Umbral,Casual,Nadia,18,8,1,5,Victoria,1530,2026,3,Wednesday,8,1
5787,2026-05-11,01:16,J0002,Desierto Neon,Ranked,Tesla,30,7,5,2,Derrota,700,2026,5,Monday,1,1
5041,2026-04-29,21:38,J0051,Ciudadela,Ranked,Vex,42,5,5,2,Derrota,500,2026,4,Wednesday,1,1
3806,2026-04-08,20:42,J0147,Bosque Umbral,Casual,Tesla,24,0,3,5,Victoria,690,2026,4,Wednesday,0,1
885,2026-02-07,19:39,J0151,Puerto Escarlata,Ranked,Koro,22,7,4,6,Derrota,920,2026,2,Saturday,2,1
2655,2026-03-16,12:23,J0031,Desierto Neon,Ranked,Nadia;Umbra,27,3,5,4,Victoria,900,2026,3,Monday,1,2
5407,2026-05-06,17:06,J0200,Desierto Neon,Casual,Brisa,20,11,6,5,Derrota,1230,2026,5,Wednesday,2,1
8108,2026-06-17,20:30,J0007,Desierto Neon,Ranked,Tesla;Umbra,24,6,3,1,Victoria,1090,2026,6,Wednesday,2,2
8070,2026-06-16,19:21,J0149,Bosque Umbral,Ranked,Lienzo,44,5,3,7,Derrota,790,2026,6,Tuesday,2,1
6862,2026-05-28,06:47,J0010,Estacion Orbital,Casual,Umbra,14,8,6,3,Victoria,1330,2026,5,Thursday,1,1
7756,2026-06-12,21:41,J0003,Canales de Hielo,Casual,Koro,25,4,6,6,Victoria,1080,2026,6,Friday,1,1
5781,2026-05-11,18:18,J0009,Estacion Orbital,Casual,Umbra,28,3,7,4,Derrota,360,2026,5,Monday,0,1
7131,2026-06-01,19:58,J0026,Estacion Orbital,Casual,Umbra;Tesla,15,6,5,1,Derrota,350,2026,6,Monday,1,2
5193,2026-05-02,12:16,J0059,Bosque Umbral,Ranked,Vex,45,10,7,1,Victoria,1410,2026,5,Saturday,1,1
9760,2026-07-12,10:32,J0034,Canales de Hielo,Casual,Tesla,29,6,4,5,Victoria,1270,2026,7,Sunday,2,1
2203,2026-03-07,21:01,J0191,Estacion Orbital,Ranked,Lienzo,22,10,11,6,Derrota,1080,2026,3,Saturday,1,1
6217,2026-05-18,21:49,J0028,Desierto Neon,Casual,Koro,25,6,7,4,Derrota,760,2026,5,Monday,1,1
6475,2026-05-22,21:20,J0200,Ciudadela,Casual,Umbra,20,6,1,7,Derrota,930,2026,5,Friday,6,1
1263,2026-02-15,15:03,J0049,Ciudadela,Casual,Koro,23,4,3,4,Victoria,1040,2026,2,Sunday,1,1
5439,2026-05-06,21:44,J0061,Bosque Umbral,Ranked,Nadia,24,5,7,3,Victoria,1010,2026,5,Wednesday,1,1
976,2026-02-08,18:56,J0049,Desierto Neon,Ranked,Brisa;Magnus,30,5,8,5,Victoria,1090,2026,2,Sunday,1,2
5934,2026-05-14,20:20,J0038,Desierto Neon,Ranked,Nadia;Umbra,24,2,5,3,Victoria,750,2026,5,Thursday,0,2
4926,2026-04-27,18:32,J0010,Puerto Escarlata,Ranked,Lienzo,41,4,6,8,Derrota,680,2026,4,Monday,1,1
942,2026-02-08,22:59,J0043,Bosque Umbral,Ranked,Umbra,25,1,3,4,Victoria,740,2026,2,Sunday,0,1
4724,2026-04-24,11:29,J0200,Puerto Escarlata,Casual,Vex;Umbra,26,8,7,7,Victoria,1510,2026,4,Friday,1,2
2388,2026-03-11,22:41,J0002,Ciudadela,Ranked,Brisa,28,5,6,5,Derrota,630,2026,3,Wednesday,1,1
9802,2026-07-12,21:26,J0053,Desierto Neon,Ranked,Vex,38,9,2,3,Victoria,1510,2026,7,Sunday,4,1
5022,2026-04-29,00:13,J0024,Canales de Hielo,Torneo,Vex,14,7,9,4,Derrota,720,2026,4,Wednesday,1,1
4392,2026-04-18,15:09,J0124,Bosque Umbral,Ranked,Lienzo,42,4,5,5,Victoria,1050,2026,4,Saturday,1,1
5149,2026-05-01,21:31,J0012,Canales de Hielo,Torneo,Umbra,19,1,5,0,Derrota,0,2026,5,Friday,0,1
3222,2026-03-27,05:40,J0140,Estacion Orbital,Casual,Vex;Nadia;Tesla,21,14,3,3,Victoria,1990,2026,3,Friday,5,3
3883,2026-04-09,20:10,J0116,Puerto Escarlata,Ranked,Brisa,38,11,5,4,Victoria,1700,2026,4,Thursday,2,1
9511,2026-07-08,22:55,J0086,Estacion Orbital,Ranked,Tesla;Vex,30,3,4,5,Derrota,470,2026,7,Wednesday,1,2
7788,2026-06-12,18:21,J0011,Canales de Hielo,Ranked,Lienzo;Magnus,33,8,4,0,Derrota,720,2026,6,Friday,2,2
7511,2026-06-07,22:17,J0008,Puerto Escarlata,Casual,Lienzo,23,3,5,3,Derrota,350,2026,6,Sunday,1,1
2790,2026-03-19,18:08,J0034,Desierto Neon,Casual,Brisa;Vex,11,6,7,6,Derrota,760,2026,3,Thursday,1,2
945,2026-02-08,14:36,J0121,Canales de Hielo,Casual,Vex,8,5,3,5,Derrota,690,2026,2,Sunday,2,1
8978,2026-06-30,12:07,J0067,Canales de Hielo,Casual,Brisa,9,9,3,3,Victoria,1490,2026,6,Tuesday,3,1
1858,2026-02-28,06:06,J0004,Desierto Neon,Casual,Magnus,27,4,4,3,Derrota,470,2026,2,Saturday,1,1
8738,2026-06-27,14:16,J0175,Bosque Umbral,Ranked,Brisa,44,1,9,4,Victoria,620,2026,6,Saturday,0,1
4109,2026-04-13,16:01,J0006,Canales de Hielo,Ranked,Magnus;Lienzo,35,8,6,4,Derrota,880,2026,4,Monday,1,2
5214,2026-05-02,10:09,J0113,Puerto Escarlata,Ranked,Brisa,27,2,4,2,Victoria,720,2026,5,Saturday,0,1
9388,2026-07-07,15:33,J0034,Bosque Umbral,Ranked,Koro;Umbra,29,5,5,2,,500,2026,7,Tuesday,1,2
3256,2026-03-28,16:47,J0050,Canales de Hielo,Casual,Nadia,18,7,2,1,Victoria,1210,2026,3,Saturday,4,1
2691,2026-03-17,22:40,J0020,Bosque Umbral,Casual,Koro,13,7,8,1,Derrota,590,2026,3,Tuesday,1,1
7485,2026-06-07,19:48,J0071,Canales de Hielo,Ranked,Magnus,40,3,3,2,Derrota,,2026,6,Sunday,1,1
6916,2026-05-29,15:02,J0044,Ciudadela,Casual,Tesla;Lienzo,27,9,10,4,Derrota,900,2026,5,Friday,1,2
1320,2026-02-17,13:32,J0006,Ciudadela,Ranked,Koro,36,3,5,4,Victoria,,2026,2,Tuesday,1,1
7105,2026-06-01,21:49,J0090,Puerto Escarlata,Casual,Lienzo;Koro,25,3,2,4,Derrota,460,2026,6,Monday,2,2
9955,2026-07-14,18:20,J0023,Canales de Hielo,Ranked,,34,11,6,5,Derrota,1230,2026,7,Tuesday,2,0
5163,2026-05-02,22:57,J0004,Puerto Escarlata,Casual,Umbra,24,7,9,1,Victoria,1070,2026,5,Saturday,1,1
5932,2026-05-14,19:50,J0074,Puerto Escarlata,Casual,Nadia,16,3,5,6,Derrota,500,2026,5,Thursday,1,1
6913,2026-05-29,21:19,J0108,Puerto Escarlata,Ranked,Koro,25,4,8,5,Derrota,490,2026,5,Friday,0,1
6063,2026-05-16,12:39,J0047,Estacion Orbital,Casual,Nadia;Magnus;Lienzo,28,14,3,5,Victoria,,2026,5,Saturday,5,3
6350,2026-05-21,21:28,J0048,Estacion Orbital,Ranked,Lienzo,34,3,8,0,Victoria,640,2026,5,Thursday,0,1
3476,2026-04-01,12:37,J0153,Desierto Neon,Torneo,Koro,31,11,4,6,Derrota,1320,2026,4,Wednesday,3,1
3506,2026-04-01,22:47,J0026,Canales de Hielo,Ranked,Brisa,44,5,6,2,Derrota,480,2026,4,Wednesday,1,1
4750,2026-04-24,14:54,J0019,Ciudadela,Ranked,Magnus,37,3,4,5,Victoria,970,2026,4,Friday,1,1
2478,2026-03-13,17:48,J0038,Puerto Escarlata,Ranked,Brisa,30,6,6,3,Derrota,630,2026,3,Friday,1,1
5585,2026-05-09,08:23,J0087,Puerto Escarlata,Casual,Vex,15,8,9,6,Victoria,1420,2026,5,Saturday,1,1
8595,2026-06-25,13:34,J0039,Desierto Neon,Casual,Magnus,13,9,6,2,Derrota,880,2026,6,Thursday,2,1
7473,2026-06-07,19:46,J0174,Desierto Neon,Ranked,Umbra;Vex,27,4,1,6,Victoria,1180,2026,6,Sunday,4,2
8909,2026-06-29,22:54,J0022,Bosque Umbral,Casual,Lienzo,18,6,7,2,Victoria,1060,2026,6,Monday,1,1
5441,2026-05-06,13:23,J0200,Estacion Orbital,Ranked,Koro;Magnus,41,6,3,1,Derrota,590,2026,5,Wednesday,2,2
9938,2026-07-14,08:12,J0014,Bosque Umbral,Ranked,Koro,30,2,8,5,Derrota,290,2026,7,Tuesday,0,1
6877,2026-05-29,00:26,J0009,Estacion Orbital,Casual,Lienzo;Magnus,31,2,5,4,Derrota,300,2026,5,Friday,0,2
1875,2026-02-28,17:33,J0146,Ciudadela,Ranked,Nadia,41,5,9,6,Derrota,620,2026,2,Saturday,1,1
8584,2026-06-25,21:10,J0070,Desierto Neon,Casual,,32,2,0,10,Derrota,700,2026,6,Thursday,,0
5366,2026-05-05,01:18,J0029,Ciudadela,Ranked,Brisa,26,4,4,6,Victoria,1120,2026,5,Tuesday,1,1
5097,2026-04-30,14:38,J0066,Desierto Neon,Casual,Lienzo,31,7,2,2,Victoria,1260,2026,4,Thursday,4,1
2905,2026-03-21,03:21,J0079,Desierto Neon,Casual,Vex,22,6,7,3,Victoria,1310,2026,3,Saturday,1,1
571,2026-01-30,19:49,J0134,Estacion Orbital,Casual,Koro;Brisa,26,4,5,4,Derrota,500,2026,1,Friday,1,2
1449,2026-02-20,18:19,J0052,Estacion Orbital,Torneo,Umbra;Vex,32,5,3,4,Victoria,1140,2026,2,Friday,2,2
6729,2026-05-26,20:28,J0158,Estacion Orbital,Ranked,Brisa,45,8,7,4,Derrota,860,2026,5,Tuesday,1,1
8680,2026-06-26,15:10,J0009,Canales de Hielo,Casual,Magnus,27,4,3,8,Derrota,740,2026,6,Friday,1,1
6460,2026-05-22,20:45,J0036,Estacion Orbital,Ranked,Lienzo;Umbra;Magnus,37,4,6,4,Victoria,980,2026,5,Friday,1,3
9175,2026-07-04,18:46,J0134,Ciudadela,Casual,Brisa;Tesla,30,9,6,0,Victoria,1280,2026,7,Saturday,2,2
8614,2026-06-25,22:19,J0200,Estacion Orbital,Casual,Umbra,10,4,4,1,Victoria,870,2026,6,Thursday,1,1
3227,2026-03-27,20:23,J0037,Canales de Hielo,Casual,Brisa,8,7,10,3,Victoria,1150,2026,3,Friday,1,1
9818,2026-07-12,19:39,J0135,Puerto Escarlata,Ranked,Lienzo,45,11,10,4,Victoria,1600,2026,7,Sunday,1,1
3979,2026-04-11,20:40,J0022,Desierto Neon,Casual,Lienzo;Tesla,22,5,5,2,Derrota,500,2026,4,Saturday,1,2
4384,2026-04-18,08:25,J0046,Canales de Hielo,Casual,Magnus;Brisa,28,3,5,3,Victoria,850,2026,4,Saturday,1,2
7780,2026-06-12,20:34,J0099,Estacion Orbital,Casual,Koro,9,4,3,4,Victoria,1040,2026,6,Friday,1,1
3540,2026-04-02,16:20,J0005,Bosque Umbral,Ranked,Koro;Tesla,43,7,5,4,Victoria,1300,2026,4,Thursday,1,2
8234,2026-06-19,18:49,J0039,Ciudadela,Casual,,31,6,4,4,Victoria,1220,2026,6,Friday,2,0
9380,2026-07-06,17:30,J0188,Puerto Escarlata,Ranked,Nadia,36,3,2,7,Victoria,1110,2026,7,Monday,2,1
2828,2026-03-20,12:29,J0183,Estacion Orbital,Ranked,Vex,37,8,3,2,Victoria,1340,2026,3,Friday,3,1
6861,2026-05-28,21:27,J0057,Ciudadela,Casual,Umbra,21,8,4,4,Derrota,920,2026,5,Thursday,2,1
4997,2026-04-29,11:42,J0041,Ciudadela,Ranked,Magnus,24,4,5,5,Derrota,550,2026,4,Wednesday,1,1
1339,2026-02-17,21:51,J0052,Bosque Umbral,Casual,Vex,16,13,4,1,Derrota,1270,2026,2,Tuesday,3,1
3263,2026-03-28,18:02,J0013,Canales de Hielo,Casual,Lienzo,29,6,1,2,,1180,2026,3,Saturday,6,1
6500,2026-05-22,19:28,J0004,Canales de Hielo,Ranked,Lienzo,32,2,8,5,Victoria,790,2026,5,Friday,0,1
6115,2026-05-17,15:40,J0087,Estacion Orbital,Ranked,Umbra;Magnus,41,9,4,2,Derrota,920,2026,5,Sunday,2,2
651,2026-02-01,15:21,J0028,Bosque Umbral,Torneo,Brisa,28,7,4,4,Victoria,1320,2026,2,Sunday,2,1
2903,2026-03-21,04:31,J0174,Puerto Escarlata,Casual,Lienzo;Brisa,32,6,4,3,Victoria,1170,2026,3,Saturday,2,2
2259,2026-03-08,16:37,J0020,Estacion Orbital,Ranked,Umbra,27,11,6,4,Derrota,1180,2026,3,Sunday,2,1
7531,2026-06-08,21:53,J0100,Desierto Neon,Ranked,Lienzo;Koro,24,13,3,5,Derrota,1490,2026,6,Monday,4,2
3522,2026-04-02,12:02,J0019,Ciudadela,Casual,Brisa,25,2,14,4,Victoria,620,2026,4,Thursday,0,1
2731,2026-03-18,11:11,J0025,Canales de Hielo,Ranked,Tesla;Umbra,27,5,3,8,Victoria,1340,2026,3,Wednesday,2,2
5595,2026-05-09,19:20,J0057,Estacion Orbital,Ranked,Umbra;Lienzo;Brisa,24,4,7,3,Victoria,910,2026,5,Saturday,1,3
4479,2026-04-20,20:07,J0155,Desierto Neon,Ranked,Vex;Brisa,34,6,6,1,Victoria,1030,2026,4,Monday,1,2
1597,2026-02-22,22:01,J0023,Estacion Orbital,Ranked,Koro;Tesla,22,6,8,6,Derrota,740,2026,2,Sunday,1,2
9411,2026-07-07,14:09,J0061,Puerto Escarlata,Casual,Brisa,27,8,5,2,Derrota,800,2026,7,Tuesday,2,1
2585,2026-03-15,13:01,J0008,Estacion Orbital,Casual,Koro,13,6,6,1,Victoria,730,2026,3,Sunday,1,1
5538,2026-05-08,12:19,J0092,Puerto Escarlata,Ranked,Vex,43,4,4,4,Victoria,1020,2026,5,Friday,1,1
3197,2026-03-27,18:33,J0101,Desierto Neon,Casual,Magnus;Lienzo,17,8,7,3,Victoria,1310,2026,3,Friday,1,2
6157,2026-05-17,19:13,J0055,Bosque Umbral,Casual,Umbra,15,6,3,2,Victoria,640,2026,5,Sunday,2,1
5328,2026-05-04,19:49,J0104,Canales de Hielo,Ranked,Vex;Magnus,26,8,9,9,Victoria,1570,2026,5,Monday,1,2
7812,2026-06-13,21:21,J0080,Canales de Hielo,Casual,Koro;Nadia;Magnus,29,8,3,3,Derrota,890,2026,6,Saturday,3,3
8284,2026-06-20,19:09,J0024,Bosque Umbral,Casual,Tesla,8,4,3,4,Victoria,1040,2026,6,Saturday,1,1
1259,2026-02-15,16:05,J0030,Desierto Neon,Casual,Lienzo,20,6,4,3,Victoria,1170,2026,2,Sunday,2,1
9283,2026-07-05,12:28,J0125,Estacion Orbital,Casual,Tesla,9,6,8,4,Victoria,1140,2026,7,Sunday,1,1
992,2026-02-09,04:15,J0004,Ciudadela,Ranked,Vex,31,10,6,4,Victoria,1580,2026,2,Monday,2,1
3505,2026-04-01,20:18,J0072,Desierto Neon,Ranked,Tesla,45,5,5,4,Victoria,1100,2026,4,Wednesday,1,1
114,2026-01-19,21:23,J0001,Bosque Umbral,Ranked,Brisa,38,7,6,2,Victoria,1180,2026,1,Monday,1,1
920,2026-02-07,02:58,J0036,Canales de Hielo,Ranked,Lienzo;Brisa,41,1,6,5,Victoria,730,2026,2,Saturday,0,2
2510,2026-03-14,20:12,J0048,Estacion Orbital,Ranked,Koro;Umbra,22,1,5,3,Derrota,150,2026,3,Saturday,0,2
9918,2026-07-13,11:28,J0097,Estacion Orbital,Ranked,Koro,36,3,6,2,Derrota,280,2026,7,Monday,0,1
166,2026-01-20,15:34,J0041,Estacion Orbital,Ranked,Magnus;Tesla,45,2,6,7,Derrota,430,2026,1,Tuesday,0,2
5359,2026-05-05,08:54,J0024,Bosque Umbral,Ranked,,40,4,6,5,Victoria,1030,2026,5,Tuesday,1,0
4604,2026-04-22,19:10,J0037,Ciudadela,Casual,Tesla,21,5,2,4,Victoria,1160,2026,4,Wednesday,2,1
950,2026-02-08,08:44,J0080,Puerto Escarlata,Ranked,Umbra,24,6,4,4,Derrota,720,2026,2,Sunday,2,1
4595,2026-04-22,22:40,J0012,Puerto Escarlata,Casual,Tesla;Lienzo,10,5,4,6,Victoria,1220,2026,4,Wednesday,1,2
6844,2026-05-28,18:44,J0004,Estacion Orbital,Ranked,Nadia,31,2,2,6,Victoria,960,2026,5,Thursday,1,1
3771,2026-04-07,18:39,J0098,Canales de Hielo,Ranked,Umbra;Koro,33,7,2,2,Derrota,760,2026,4,Tuesday,4,2
2507,2026-03-14,21:41,J0037,Ciudadela,Casual,Vex;Lienzo,18,9,8,2,Derrota,840,2026,3,Saturday,1,2
5108,2026-05-01,17:20,J0045,Desierto Neon,Casual,,27,9,5,1,Derrota,850,2026,5,Friday,2,0
2851,2026-03-20,11:06,J0109,Canales de Hielo,Ranked,Magnus;Tesla,23,5,3,6,Victoria,1240,2026,3,Friday,2,2
6602,2026-05-24,23:03,J0010,Estacion Orbital,Casual,Magnus,13,5,13,2,Derrota,340,2026,5,Sunday,0,1
5459,2026-05-06,20:56,J0200,Estacion Orbital,Ranked,Vex,36,9,8,3,Victoria,1390,2026,5,Wednesday,1,1
9330,2026-07-06,20:50,J0016,Bosque Umbral,Casual,Brisa,15,13,2,0,Derrota,1260,2026,7,Monday,6,1
4447,2026-04-19,08:53,J0071,Desierto Neon,Ranked,Tesla;Koro,43,8,6,3,Derrota,830,2026,4,Sunday,1,2
4461,2026-04-19,17:22,J0057,Ciudadela,Casual,Brisa,26,2,7,3,Victoria,710,2026,4,Sunday,0,1
6927,2026-05-30,18:35,J0035,Bosque Umbral,Casual,Vex;Koro,21,14,5,3,Derrota,1450,2026,5,Saturday,3,2
2506,2026-03-14,00:51,J0153,Desierto Neon,Casual,Nadia,29,6,2,1,Derrota,610,2026,3,Saturday,3,1
1115,2026-02-12,19:34,J0027,Desierto Neon,Ranked,Lienzo,36,10,5,4,Derrota,1100,2026,2,Thursday,2,1
8463,2026-06-22,18:09,J0200,Canales de Hielo,Torneo,Umbra;Magnus,14,1,1,3,Victoria,730,2026,6,Monday,1,2
299,2026-01-24,19:06,J0008,Desierto Neon,Casual,Vex,18,2,7,0,Victoria,560,2026,1,Saturday,0,1
1676,2026-02-24,11:25,J0131,Puerto Escarlata,Ranked,Brisa,45,5,6,9,Victoria,1330,2026,2,Tuesday,1,1
3348,2026-03-29,19:44,J0012,Desierto Neon,Ranked,Nadia;Tesla;Umbra,34,4,8,4,Victoria,940,2026,3,Sunday,0,3
2736,2026-03-18,20:04,J0200,Puerto Escarlata,Torneo,Umbra,19,6,6,3,Victoria,1130,2026,3,Wednesday,1,1
7953,2026-06-14,22:39,J0033,Bosque Umbral,Ranked,Lienzo,25,9,3,1,Victoria,1390,2026,6,Sunday,3,1
4989,2026-04-28,07:12,J0008,Canales de Hielo,Casual,Vex,9,6,8,4,Victoria,1140,2026,4,Tuesday,1,1
9067,2026-07-02,21:26,J0006,Ciudadela,Casual,Nadia;Tesla,17,8,6,6,Victoria,1480,2026,7,Thursday,1,2
9717,2026-07-11,21:50,J0048,Ciudadela,Ranked,Koro,33,6,5,6,Derrota,800,2026,7,Saturday,1,1
4326,2026-04-17,13:53,J0123,Canales de Hielo,Casual,Koro,12,10,7,1,Victoria,1410,2026,4,Friday,1,1
6838,2026-05-28,20:22,J0091,Estacion Orbital,Casual,Magnus,22,6,4,1,Derrota,570,2026,5,Thursday,2,1
9805,2026-07-12,20:16,J0002,Canales de Hielo,Casual,Lienzo;Koro;Brisa,27,5,5,6,Victoria,1200,2026,7,Sunday,1,3
4551,2026-04-21,22:10,J0043,Puerto Escarlata,Ranked,Tesla;Magnus;Lienzo,22,6,7,2,Victoria,1060,2026,4,Tuesday,1,3
9563,2026-07-09,11:38,J0195,Canales de Hielo,Casual,Nadia,17,3,6,4,Derrota,380,2026,7,Thursday,0,1
8831,2026-06-28,10:39,J0002,Estacion Orbital,Torneo,Tesla,27,7,6,6,Victoria,1380,2026,6,Sunday,1,1
2104,2026-03-05,17:18,J0026,Desierto Neon,Ranked,Koro;Brisa;Lienzo,35,5,10,4,Derrota,500,2026,3,Thursday,0,3
5337,2026-05-04,11:12,J0107,Canales de Hielo,Casual,Brisa,26,2,8,2,Derrota,140,2026,5,Monday,0,1
6881,2026-05-29,15:51,J0145,Ciudadela,Casual,Nadia;Umbra,20,1,8,4,Derrota,,2026,5,Friday,0,2
7582,2026-06-09,18:28,J0001,Ciudadela,Torneo,Brisa;Koro,16,5,7,3,Victoria,1010,2026,6,Tuesday,1,2
1838,2026-02-28,22:41,J0067,Desierto Neon,Ranked,Brisa,45,2,1,5,Derrota,430,2026,2,Saturday,2,1
8036,2026-06-16,20:00,J0126,Desierto Neon,Ranked,Lienzo;Umbra;Brisa,45,5,5,7,Derrota,750,2026,6,Tuesday,1,3
8384,2026-06-21,07:22,J0149,Desierto Neon,Casual,Brisa,18,6,9,6,Derrota,720,2026,6,Sunday,1,1
9526,2026-07-09,18:37,J0023,Puerto Escarlata,Ranked,Tesla;Brisa,35,10,2,3,Victoria,1610,2026,7,Thursday,5,2
608,2026-01-31,08:48,J0073,Canales de Hielo,Casual,Nadia,29,4,8,1,Victoria,790,2026,1,Saturday,0,1
6144,2026-05-17,15:12,J0014,Bosque Umbral,Casual,Nadia;Koro,21,3,2,5,Victoria,,2026,5,Sunday,2,2
1094,2026-02-11,03:17,J0006,Desierto Neon,Casual,Koro;Magnus;Nadia,24,3,2,4,Derrota,460,2026,2,Wednesday,2,3
5520,2026-05-08,23:35,J0043,Bosque Umbral,Torneo,Tesla,21,4,8,5,Derrota,490,2026,5,Friday,0,1
6439,2026-05-22,19:36,J0015,Ciudadela,Ranked,Lienzo;Koro,29,6,6,2,Victoria,780,2026,5,Friday,1,2
9035,2026-07-01,23:06,J0019,Estacion Orbital,Casual,Tesla,30,0,5,0,Derrota,0,2026,7,Wednesday,0,1
4488,2026-04-20,02:47,J0015,Estacion Orbital,Casual,Vex,25,8,3,1,Victoria,1290,2026,4,Monday,3,1
161,2026-01-20,21:36,J0012,Canales de Hielo,Casual,Umbra;Koro;Tesla,10,3,6,7,Derrota,530,2026,1,Tuesday,0,3
204,2026-01-21,17:53,J0001,Canales de Hielo,Casual,Brisa;Vex;Koro,26,6,6,3,Victoria,1130,2026,1,Wednesday,1,3
9598,2026-07-10,00:12,J0057,Canales de Hielo,Torneo,Nadia;Umbra,27,8,1,5,Victoria,1530,2026,7,Friday,8,2
8668,2026-06-26,20:47,J0194,Bosque Umbral,Casual,Magnus;Vex,31,7,4,5,Derrota,870,2026,6,Friday,2,2
4934,2026-04-27,21:18,J0139,Bosque Umbral,Ranked,Brisa,22,9,7,6,Victoria,1560,2026,4,Monday,1,1
2935,2026-03-22,20:23,J0031,Estacion Orbital,Ranked,Tesla;Brisa;Magnus,35,2,4,3,Victoria,770,2026,3,Sunday,0,3
9427,2026-07-07,17:07,J0012,Puerto Escarlata,Casual,Brisa,26,4,6,2,Victoria,880,2026,7,Tuesday,1,1
2436,2026-03-12,02:03,J0087,Desierto Neon,Casual,Tesla;Umbra,23,10,4,5,Derrota,1170,2026,3,Thursday,2,2
1231,2026-02-15,18:02,J0042,Canales de Hielo,Ranked,Koro,32,2,5,8,Victoria,1000,2026,2,Sunday,0,1
8744,2026-06-27,23:44,J0048,Puerto Escarlata,Ranked,Brisa;Lienzo,33,4,4,3,Derrota,470,2026,6,Saturday,1,2
3047,2026-03-23,19:41,J0008,Ciudadela,Ranked,Brisa;Lienzo;Nadia,24,1,3,4,Derrota,240,2026,3,Monday,0,3
9728,2026-07-11,21:32,J0037,Puerto Escarlata,Casual,Magnus,13,3,5,5,Derrota,450,2026,7,Saturday,1,1
5825,2026-05-12,18:08,J0048,Estacion Orbital,Casual,Brisa;Magnus,14,6,3,3,Victoria,1190,2026,5,Tuesday,2,2
8115,2026-06-17,19:03,J0200,Bosque Umbral,Casual,Tesla,30,3,4,1,Victoria,770,2026,6,Wednesday,1,1
6521,2026-05-23,18:01,J0041,Puerto Escarlata,Casual,,28,1,1,2,Derrota,180,2026,5,Saturday,1,0
4252,2026-04-16,16:10,J0014,Puerto Escarlata,Ranked,Brisa,44,4,4,7,Derrota,670,2026,4,Thursday,1,1
7593,2026-06-09,17:01,J0028,Ciudadela,Ranked,Umbra;Magnus,31,4,7,5,Victoria,1010,2026,6,Tuesday,1,2
3294,2026-03-28,21:41,J0071,Bosque Umbral,Casual,Nadia,19,6,3,1,Victoria,1090,2026,3,Saturday,2,1
4035,2026-04-11,22:30,J0086,Bosque Umbral,Ranked,Vex;Tesla,32,5,0,5,Victoria,1250,2026,4,Saturday,,2
2726,2026-03-17,16:19,J0001,Bosque Umbral,Ranked,Koro,36,3,3,4,Victoria,940,2026,3,Tuesday,1,1
4291,2026-04-17,17:53,J0188,Puerto Escarlata,Torneo,Koro,16,10,6,8,Victoria,1780,2026,4,Friday,2,1
4335,2026-04-18,05:29,J0029,Bosque Umbral,Ranked,Umbra,25,6,5,3,Derrota,650,2026,4,Saturday,1,1
7725,2026-06-11,15:37,J0109,Bosque Umbral,Ranked,Brisa;Tesla,25,6,2,6,Derrota,860,2026,6,Thursday,3,2
3878,2026-04-09,21:39,J0055,Bosque Umbral,Ranked,Umbra;Tesla;Vex,42,3,5,9,Victoria,1150,2026,4,Thursday,1,3
5525,2026-05-08,08:14,J0032,Puerto Escarlata,Casual,Nadia,11,5,4,3,Victoria,1070,2026,5,Friday,1,1
4754,2026-04-25,19:21,J0054,Bosque Umbral,Casual,Koro;Nadia,20,9,7,4,Victoria,1460,2026,4,Saturday,1,2
4887,2026-04-26,01:30,J0015,Canales de Hielo,Casual,Nadia;Brisa,23,12,2,2,Derrota,1260,2026,4,Sunday,6,2
858,2026-02-06,08:34,J0002,Puerto Escarlata,Casual,Tesla,12,8,4,2,Victoria,1320,2026,2,Friday,2,1
7943,2026-06-14,08:48,J0162,Bosque Umbral,Torneo,Umbra;Magnus,11,8,3,5,Victoria,1490,2026,6,Sunday,3,2
8441,2026-06-22,20:44,J0029,Ciudadela,Ranked,Magnus;Lienzo,39,5,6,3,Victoria,1030,2026,6,Monday,1,2
2562,2026-03-15,19:32,J0037,Puerto Escarlata,Ranked,Magnus;Vex;Lienzo,24,5,6,2,Victoria,980,2026,3,Sunday,1,3
3802,2026-04-07,13:25,J0024,Ciudadela,Ranked,Tesla,44,8,5,6,Victoria,1500,2026,4,Tuesday,2,1
2641,2026-03-16,18:15,J0032,Puerto Escarlata,Casual,Nadia;Magnus,32,3,6,5,Victoria,930,2026,3,Monday,0,2
5769,2026-05-11,22:44,J0043,Puerto Escarlata,Ranked,Vex,26,7,5,4,Victoria,1300,2026,5,Monday,1,1
4491,2026-04-20,20:28,J0200,Desierto Neon,Casual,Nadia,32,9,6,3,Victoria,1430,2026,4,Monday,2,1
2348,2026-03-10,19:34,J0061,Ciudadela,Casual,Umbra,29,4,3,1,Derrota,390,2026,3,Tuesday,1,1
650,2026-02-01,23:48,J0093,Puerto Escarlata,Casual,Lienzo;Vex,18,5,7,3,,1010,2026,2,Sunday,1,2
2782,2026-03-19,20:57,J0032,Ciudadela,Torneo,Tesla,15,8,5,5,Victoria,1450,2026,3,Thursday,2,1
8949,2026-06-30,19:42,J0026,Canales de Hielo,Torneo,Umbra,28,7,1,4,Victoria,1380,2026,6,Tuesday,7,1
8612,2026-06-25,17:02,J0016,Puerto Escarlata,Torneo,Magnus,30,10,6,3,Derrota,1030,2026,6,Thursday,2,1
8746,2026-06-27,18:38,J0074,Bosque Umbral,Ranked,Brisa,25,3,7,5,Derrota,410,2026,6,Saturday,0,1
5839,2026-05-12,12:41,J0074,Puerto Escarlata,Casual,Koro;Nadia,19,8,3,3,,1390,2026,5,Tuesday,3,2
616,2026-01-31,15:04,J0021,Puerto Escarlata,Casual,Nadia;Koro,16,6,5,4,Victoria,1200,2026,1,Saturday,1,2
8514,2026-06-23,19:32,J0200,Canales de Hielo,Ranked,Nadia;Magnus,27,8,2,5,Derrota,1010,2026,6,Tuesday,4,2
2576,2026-03-15,14:09,J0075,Canales de Hielo,Ranked,Umbra,30,4,4,4,Victoria,1020,2026,3,Sunday,1,1
54,2026-01-17,15:30,J0103,Bosque Umbral,Ranked,Tesla;Koro,45,16,4,4,Derrota,1720,2026,1,Saturday,4,2
3341,2026-03-29,01:56,J0053,Puerto Escarlata,Ranked,Brisa;Koro,38,8,5,4,Victoria,1400,2026,3,Sunday,2,2
7538,2026-06-08,17:27,J0067,Desierto Neon,Casual,Koro;Tesla,14,7,6,4,Derrota,780,2026,6,Monday,1,2
1706,2026-02-24,03:48,J0094,Bosque Umbral,Torneo,Umbra,25,2,4,3,Victoria,770,2026,2,Tuesday,0,1
9131,2026-07-03,21:52,J0021,Puerto Escarlata,Casual,Magnus;Vex,19,10,6,8,Victoria,1780,2026,7,Friday,2,2
6569,2026-05-23,18:21,J0031,Bosque Umbral,Ranked,Koro;Vex,22,7,7,4,Victoria,1260,2026,5,Saturday,1,2
1494,2026-02-21,15:54,J0049,Ciudadela,Ranked,Tesla;Koro,28,2,5,4,Derrota,300,2026,2,Saturday,0,2
5732,2026-05-10,16:17,J0066,Desierto Neon,Ranked,Tesla;Magnus,34,5,2,1,Derrota,510,2026,5,Sunday,2,2
804,2026-02-05,19:45,J0187,Desierto Neon,Casual,Umbra;Lienzo;Tesla,17,7,4,3,Derrota,770,2026,2,Thursday,2,3
4954,2026-04-28,09:18,J0006,Puerto Escarlata,Casual,Koro;Vex,13,6,5,9,Derrota,950,2026,4,Tuesday,1,2
7056,2026-05-31,08:35,J0042,Puerto Escarlata,Casual,Brisa,16,7,7,5,Derrota,810,2026,5,Sunday,1,1
7230,2026-06-03,19:43,J0134,Estacion Orbital,Ranked,Lienzo,38,4,8,5,Victoria,990,2026,6,Wednesday,0,1
991,2026-02-09,16:59,J0078,Desierto Neon,Casual,Lienzo,9,1,3,4,Victoria,740,2026,2,Monday,0,1
2775,2026-03-19,21:44,J0053,Canales de Hielo,Casual,Magnus;Lienzo,10,5,10,4,Victoria,1000,2026,3,Thursday,0,2
7599,2026-06-09,08:54,J0007,Desierto Neon,Casual,Tesla;Nadia,12,7,7,5,Victoria,1310,2026,6,Tuesday,1,2
6533,2026-05-23,18:13,J0098,Puerto Escarlata,Casual,Lienzo,30,3,8,4,Victoria,840,2026,5,Saturday,0,1
3514,2026-04-02,17:15,J0200,Estacion Orbital,Ranked,Koro,32,3,6,4,Victoria,880,2026,4,Thursday,0,1
7798,2026-06-12,15:04,J0044,Puerto Escarlata,Ranked,Tesla,44,5,5,3,Derrota,550,2026,6,Friday,1,1
8606,2026-06-25,21:59,J0011,Puerto Escarlata,Ranked,Magnus,27,6,3,5,Victoria,1290,2026,6,Thursday,2,1
220,2026-01-22,20:54,J0014,Estacion Orbital,Ranked,Lienzo;Vex,22,5,6,1,,930,2026,1,Thursday,1,2
5642,2026-05-09,15:43,J0004,Canales de Hielo,Casual,Umbra,12,4,5,6,Victoria,1100,2026,5,Saturday,1,1
1289,2026-02-16,20:07,J0004,Ciudadela,Casual,Umbra;Lienzo,27,2,4,3,Victoria,770,2026,2,Monday,0,2
3164,2026-03-26,22:09,J0089,Ciudadela,Ranked,Umbra,41,6,4,3,Victoria,1170,2026,3,Thursday,2,1
4679,2026-04-23,16:03,J0025,Estacion Orbital,Casual,Brisa;Nadia,24,6,6,3,Victoria,1130,2026,4,Thursday,1,2
2619,2026-03-15,17:55,J0017,Bosque Umbral,Torneo,Koro,11,4,5,4,Victoria,1000,2026,3,Sunday,1,1
3613,2026-04-04,10:11,J0063,Puerto Escarlata,Casual,Vex;Tesla,8,14,5,1,Derrota,1350,2026,4,Saturday,3,2
44,2026-01-17,15:43,J0174,Desierto Neon,Torneo,Koro,11,3,9,2,Victoria,720,2026,1,Saturday,0,1
7976,2026-06-15,22:09,J0014,Puerto Escarlata,Ranked,Lienzo;Koro,42,6,2,4,Derrota,760,2026,6,Monday,3,2
7732,2026-06-11,16:12,J0034,Desierto Neon,Ranked,Magnus;Umbra,33,3,8,7,Derrota,490,2026,6,Thursday,0,2
3793,2026-04-07,00:08,J0022,Ciudadela,Casual,Vex;Nadia,31,5,8,2,Victoria,940,2026,4,Tuesday,1,2
3572,2026-04-03,18:43,J0038,Canales de Hielo,Ranked,Brisa,26,0,8,7,Derrota,190,2026,4,Friday,0,1
1504,2026-02-21,20:43,J0033,Ciudadela,Ranked,Nadia,32,6,1,3,Victoria,1230,2026,2,Saturday,6,1
5655,2026-05-10,16:22,J0123,Estacion Orbital,Ranked,Vex,28,6,9,2,Victoria,1020,2026,5,Sunday,1,1
9904,2026-07-13,22:39,J0061,Ciudadela,Casual,,23,11,6,5,Victoria,1730,2026,7,Monday,2,0
3440,2026-03-31,16:50,J0110,Ciudadela,Torneo,Nadia;Brisa,29,3,6,7,Derrota,530,2026,3,Tuesday,0,2
1893,2026-03-01,14:01,J0016,Ciudadela,Ranked,Nadia;Tesla,25,6,3,2,Derrota,1240,2026,3,Sunday,2,2
9394,2026-07-07,21:06,J0200,Desierto Neon,Ranked,Vex,38,11,5,8,Derrota,1400,2026,7,Tuesday,2,1
5256,2026-05-03,19:48,J0003,Desierto Neon,Ranked,Umbra;Nadia,24,9,5,4,Victoria,1500,2026,5,Sunday,2,2
1956,2026-03-02,11:43,J0011,Ciudadela,Torneo,Vex;Nadia,12,5,10,3,Victoria,950,2026,3,Monday,0,2
5168,2026-05-02,20:03,J0013,Ciudadela,Casual,Magnus,11,5,5,6,Victoria,1200,2026,5,Saturday,1,1
4815,2026-04-25,18:03,J0063,Ciudadela,Ranked,Umbra,36,7,9,6,Victoria,1320,2026,4,Saturday,1,1
7137,2026-06-02,18:14,J0039,Estacion Orbital,Ranked,Tesla,44,7,3,1,Derrota,690,2026,6,Tuesday,2,1
1506,2026-02-21,00:53,J0032,Canales de Hielo,Ranked,Umbra;Tesla,37,4,7,4,Derrota,460,2026,2,Saturday,1,2
671,2026-02-01,17:54,J0110,Canales de Hielo,Casual,Koro,21,9,4,6,Victoria,1620,2026,2,Sunday,2,1
8977,2026-06-30,23:38,J0027,Desierto Neon,Casual,Tesla,29,5,8,5,Victoria,1090,2026,6,Tuesday,1,1
8186,2026-06-18,18:28,J0064,Estacion Orbital,Casual,Lienzo,10,4,2,2,Victoria,960,2026,6,Thursday,2,1
898,2026-02-07,18:57,J0051,Puerto Escarlata,Casual,Umbra,12,6,7,6,Victoria,1260,2026,2,Saturday,1,1
6290,2026-05-20,19:23,J0031,Ciudadela,Ranked,Nadia,29,6,2,9,Derrota,1010,2026,5,Wednesday,3,1
2667,2026-03-16,00:16,J0154,Estacion Orbital,Ranked,Brisa;Vex,36,4,7,4,Derrota,460,2026,3,Monday,1,2
3194,2026-03-27,15:23,J0007,Ciudadela,Ranked,Magnus,40,8,2,1,Derrota,810,2026,3,Friday,4,1
2891,2026-03-21,19:58,J0107,Puerto Escarlata,Casual,Vex,30,5,6,6,Derrota,680,2026,3,Saturday,1,1
6544,2026-05-23,17:06,J0021,Ciudadela,Casual,Lienzo,18,5,5,3,Derrota,550,2026,5,Saturday,1,1
2622,2026-03-15,01:11,J0007,Bosque Umbral,Casual,Koro;Nadia,9,12,7,8,Victoria,1960,2026,3,Sunday,2,2
8684,2026-06-26,20:28,J0077,Canales de Hielo,Casual,Vex;Lienzo;Brisa,29,8,5,3,Victoria,1350,2026,6,Friday,2,3
6061,2026-05-16,16:25,J0034,Bosque Umbral,Ranked,,34,6,7,3,Derrota,610,2026,5,Saturday,1,0
3,2026-01-16,17:19,J0067,Desierto Neon,Ranked,Nadia,45,10,5,3,Victoria,1550,2026,1,Friday,2,1
2371,2026-03-10,20:56,J0003,Desierto Neon,Ranked,Tesla,45,5,4,1,Derrota,470,2026,3,Tuesday,1,1
8048,2026-06-16,19:51,J0102,Puerto Escarlata,Ranked,Magnus;Tesla,26,5,5,3,Victoria,1050,2026,6,Tuesday,1,2
1770,2026-02-26,16:56,J0006,Estacion Orbital,Casual,Nadia;Brisa,19,6,6,5,Victoria,1230,2026,2,Thursday,1,2
8573,2026-06-24,11:12,J0042,Puerto Escarlata,Casual,Umbra,8,4,4,3,Victoria,970,2026,6,Wednesday,1,1
6135,2026-05-17,19:28,J0021,Ciudadela,Casual,Lienzo,15,11,4,4,,1220,2026,5,Sunday,3,1
532,2026-01-29,16:28,J0066,Bosque Umbral,Ranked,Umbra,39,7,4,3,Victoria,1270,2026,1,Thursday,2,1
9522,2026-07-09,21:04,J0017,Estacion Orbital,Casual,Koro;Magnus,9,9,4,1,Victoria,1370,2026,7,Thursday,2,2
9304,2026-07-05,10:12,J0027,Puerto Escarlata,Ranked,Vex,38,5,3,4,Victoria,1140,2026,7,Sunday,2,1
6727,2026-05-26,19:59,J0071,Canales de Hielo,Casual,Lienzo,16,7,5,7,Derrota,950,2026,5,Tuesday,1,1
6992,2026-05-30,16:23,J0056,Puerto Escarlata,Ranked,Lienzo;Nadia,34,6,1,5,Derrota,830,2026,5,Saturday,6,2
3121,2026-03-25,17:38,J0017,Desierto Neon,Casual,Umbra;Koro;Tesla,24,6,8,7,Derrota,,2026,3,Wednesday,1,3
9093,2026-07-02,18:59,J0013,Puerto Escarlata,Torneo,Lienzo,20,7,5,8,Derrota,1000,2026,7,Thursday,1,1
732,2026-02-03,23:00,J0070,Bosque Umbral,Casual,Magnus;Tesla;Vex,15,8,8,4,Derrota,840,2026,2,Tuesday,1,3
3407,2026-03-30,21:43,J0072,Desierto Neon,Torneo,Brisa;Vex,11,2,5,6,Derrota,400,2026,3,Monday,0,2
2340,2026-03-10,12:40,J0082,Bosque Umbral,Ranked,Lienzo;Magnus,30,5,7,5,Derrota,610,2026,3,Tuesday,1,2
6073,2026-05-16,22:45,J0096,Bosque Umbral,Ranked,Nadia;Umbra,34,7,11,4,Victoria,1180,2026,5,Saturday,1,2
7621,2026-06-09,17:06,J0007,Ciudadela,Ranked,Koro;Umbra,43,3,8,2,Victoria,740,2026,6,Tuesday,0,2
2566,2026-03-15,22:37,J0011,Estacion Orbital,Ranked,Nadia,26,4,5,6,Victoria,1100,2026,3,Sunday,1,1
8118,2026-06-17,18:06,J0017,Bosque Umbral,Ranked,Vex;Brisa,28,4,8,8,Victoria,1140,2026,6,Wednesday,0,2
7954,2026-06-14,13:45,J0125,Bosque Umbral,Casual,Nadia;Vex,24,6,1,5,Victoria,1330,2026,6,Sunday,6,2
6831,2026-05-28,23:11,J0062,Estacion Orbital,Ranked,Tesla;Umbra,23,1,3,3,Derrota,190,2026,5,Thursday,0,2
7119,2026-06-01,18:35,J0200,Desierto Neon,Ranked,Lienzo,44,9,1,5,Derrota,1130,2026,6,Monday,9,1
5581,2026-05-09,14:26,J0008,Canales de Hielo,Torneo,Vex,18,9,7,5,Victoria,1510,2026,5,Saturday,1,1
6084,2026-05-16,20:40,J0033,Puerto Escarlata,Ranked,Vex,29,13,5,4,Victoria,1900,2026,5,Saturday,3,1
9046,2026-07-01,16:01,J0155,Canales de Hielo,Torneo,Magnus,12,3,6,2,Victoria,780,2026,7,Wednesday,0,1
1256,2026-02-15,18:17,J0018,Ciudadela,Ranked,Umbra,25,3,6,2,Victoria,780,2026,2,Sunday,0,1
2105,2026-03-05,13:51,J0110,Ciudadela,Ranked,Brisa;Koro,24,4,5,5,Derrota,550,2026,3,Thursday,1,2
6854,2026-05-28,17:01,J0002,Estacion Orbital,Casual,Tesla,26,5,8,3,Victoria,990,2026,5,Thursday,1,1
6812,2026-05-27,21:29,J0047,Ciudadela,Casual,Tesla,9,7,3,4,Victoria,1340,2026,5,Wednesday,2,1
8038,2026-06-16,19:45,J0188,Desierto Neon,Ranked,Vex,40,2,3,4,,840,2026,6,Tuesday,1,1
9221,2026-07-04,16:08,J0045,Canales de Hielo,Ranked,Umbra;Lienzo;Magnus,32,1,6,4,Victoria,680,2026,7,Saturday,0,3
4995,2026-04-29,23:08,J0131,Desierto Neon,Torneo,Lienzo;Brisa;Vex,20,9,7,6,Victoria,,2026,4,Wednesday,1,3
9040,2026-07-01,19:46,J0030,Bosque Umbral,Ranked,Umbra,31,12,2,5,Derrota,1410,2026,7,Wednesday,6,1
6960,2026-05-30,20:50,J0033,Canales de Hielo,Casual,Umbra,29,3,8,3,Victoria,790,2026,5,Saturday,0,1
5058,2026-04-30,18:52,J0094,Estacion Orbital,Ranked,Umbra,38,6,12,3,Derrota,510,2026,4,Thursday,0,1
7211,2026-06-03,18:31,J0140,Canales de Hielo,Casual,Koro;Lienzo;Brisa,10,6,6,5,Victoria,1230,2026,6,Wednesday,1,3
4435,2026-04-19,21:32,J0034,Puerto Escarlata,Ranked,Vex;Magnus,34,8,3,2,Derrota,840,2026,4,Sunday,3,2
3485,2026-04-01,14:47,J0019,Estacion Orbital,Ranked,Vex,24,3,2,4,Victoria,960,2026,4,Wednesday,2,1
9566,2026-07-09,16:48,J0191,Desierto Neon,Ranked,Nadia,34,8,5,3,Victoria,1350,2026,7,Thursday,2,1
5319,2026-05-04,19:15,J0063,Ciudadela,Ranked,Tesla,26,8,5,1,Victoria,1250,2026,5,Monday,2,1
3817,2026-04-08,07:48,J0016,Ciudadela,Ranked,Vex;Nadia,32,11,3,4,Victoria,1740,2026,4,Wednesday,4,2
5830,2026-05-12,18:02,J0092,Ciudadela,Ranked,Lienzo;Vex;Magnus,33,3,8,7,Derrota,490,2026,5,Tuesday,0,3
8973,2026-06-30,08:04,J0053,Canales de Hielo,Casual,Nadia,12,4,3,8,Derrota,740,2026,6,Tuesday,1,1
9076,2026-07-02,07:51,J0031,Ciudadela,Casual,Umbra,20,3,7,4,Derrota,360,2026,7,Thursday,0,1
5647,2026-05-09,23:37,J0028,Ciudadela,Casual,Tesla,15,6,2,4,Victoria,1260,2026,5,Saturday,3,1
1622,2026-02-23,08:10,J0056,Ciudadela,Casual,Nadia,21,7,6,4,Victoria,1280,2026,2,Monday,1,1
9495,2026-07-08,20:19,J0082,Canales de Hielo,Ranked,Nadia,26,6,8,6,Victoria,1240,2026,7,Wednesday,1,1
6419,2026-05-21,19:16,J0060,Desierto Neon,Ranked,Nadia;Tesla,36,6,3,3,Derrota,690,2026,5,Thursday,2,2
6561,2026-05-23,05:03,J0019,Desierto Neon,Casual,Brisa,26,3,7,3,Derrota,310,2026,5,Saturday,0,1
8972,2026-06-30,13:16,J0040,Puerto Escarlata,Casual,Umbra;Koro;Lienzo,30,8,2,7,Derrota,1110,2026,6,Tuesday,4,3
1097,2026-02-11,20:06,J0033,Estacion Orbital,Casual,Lienzo,9,4,3,4,Derrota,540,2026,2,Wednesday,1,1
6476,2026-05-22,20:37,J0069,Canales de Hielo,Ranked,Brisa,36,4,2,5,Derrota,610,2026,5,Friday,2,1
9554,2026-07-09,20:10,J0200,Canales de Hielo,Ranked,Magnus,23,6,7,3,Victoria,1110,2026,7,Thursday,1,1
6914,2026-05-29,19:53,J0074,Ciudadela,Torneo,Vex,13,5,4,2,Victoria,,2026,5,Friday,1,1
2464,2026-03-13,21:12,J0001,Desierto Neon,Casual,Tesla;Brisa,8,5,4,3,Victoria,1070,2026,3,Friday,1,2
7383,2026-06-06,21:55,J0073,Canales de Hielo,Casual,Vex;Brisa;Umbra,29,7,5,6,Victoria,1400,2026,6,Saturday,1,3
1789,2026-02-27,22:09,J0081,Puerto Escarlata,Ranked,Vex;Magnus,31,9,5,2,Derrota,900,2026,2,Friday,2,2
251,2026-01-22,17:22,J0020,Canales de Hielo,Ranked,Umbra;Koro,43,5,2,3,Derrota,610,2026,1,Thursday,2,2
7530,2026-06-08,18:22,J0009,Puerto Escarlata,Casual,Tesla,17,5,6,5,Derrota,630,2026,6,Monday,1,1
9619,2026-07-10,22:20,J0008,Canales de Hielo,Casual,Vex,28,7,5,5,Victoria,1350,2026,7,Friday,1,1
6524,2026-05-23,17:46,J0022,Canales de Hielo,Casual,,31,8,10,6,Victoria,1400,2026,5,Saturday,1,0
193,2026-01-21,11:06,J0006,Bosque Umbral,Torneo,Lienzo,16,8,1,6,Victoria,1580,2026,1,Wednesday,8,1
821,2026-02-05,16:28,J0068,Estacion Orbital,Casual,Lienzo,20,8,5,3,Derrota,850,2026,2,Thursday,2,1
9701,2026-07-11,10:47,J0016,Puerto Escarlata,Casual,Nadia,19,7,5,3,Victoria,1250,2026,7,Saturday,1,1
5815,2026-05-12,14:11,J0019,Desierto Neon,Casual,Vex,27,3,9,6,Derrota,420,2026,5,Tuesday,0,1
7321,2026-06-05,18:08,J0013,Estacion Orbital,Torneo,Magnus;Tesla,21,5,5,2,Victoria,1000,2026,6,Friday,1,2
5816,2026-05-12,22:23,J0026,Bosque Umbral,Ranked,Koro,28,3,3,5,Victoria,990,2026,5,Tuesday,1,1
4401,2026-04-18,19:43,J0038,Bosque Umbral,Ranked,Magnus,33,6,7,3,Derrota,610,2026,4,Saturday,1,1
9667,2026-07-11,12:18,J0022,Ciudadela,Torneo,Umbra,9,7,4,4,Victoria,1320,2026,7,Saturday,2,1
5389,2026-05-05,14:05,J0082,Canales de Hielo,Ranked,Umbra,37,6,10,3,Victoria,1050,2026,5,Tuesday,1,1
4167,2026-04-14,17:39,J0155,Bosque Umbral,Ranked,Lienzo;Magnus;Tesla,44,3,4,6,Derrota,520,2026,4,Tuesday,1,3
4952,2026-04-28,19:53,J0030,Puerto Escarlata,Casual,Tesla;Umbra,14,4,4,4,Derrota,520,2026,4,Tuesday,1,2
2688,2026-03-17,22:58,J0068,Ciudadela,Ranked,Umbra,36,4,5,3,Derrota,450,2026,3,Tuesday,1,1
4391,2026-04-18,06:29,J0097,Canales de Hielo,Ranked,Vex;Umbra,39,12,1,3,Victoria,1830,2026,4,Saturday,12,2
8337,2026-06-21,10:48,J0057,Ciudadela,Casual,Vex,17,8,2,3,Victoria,1410,2026,6,Sunday,4,1
6087,2026-05-17,18:37,J0119,Ciudadela,Ranked,Nadia,26,9,6,4,Derrota,980,2026,5,Sunday,2,1
4928,2026-04-27,19:35,J0181,Estacion Orbital,Ranked,Tesla,24,9,3,7,Derrota,1190,2026,4,Monday,3,1
6855,2026-05-28,23:33,J0038,Ciudadela,Casual,Lienzo,17,3,5,6,Derrota,500,2026,5,Thursday,1,1
5553,2026-05-08,15:12,J0034,Desierto Neon,Casual,Lienzo,29,4,1,3,Derrota,530,2026,5,Friday,4,1
2608,2026-03-15,13:48,J0002,Estacion Orbital,Ranked,Koro,35,8,9,2,Victoria,1220,2026,3,Sunday,1,1
7595,2026-06-09,12:36,J0020,Ciudadela,Ranked,Tesla;Lienzo;Nadia,36,7,5,1,Victoria,1150,2026,6,Tuesday,1,3
239,2026-01-22,20:42,J0123,Estacion Orbital,Casual,Magnus;Tesla,21,5,6,5,Victoria,1130,2026,1,Thursday,1,2
4016,2026-04-11,20:38,J0200,Canales de Hielo,Casual,Lienzo,23,6,4,4,Victoria,1220,2026,4,Saturday,2,1
9333,2026-07-06,19:38,J0200,Bosque Umbral,Ranked,Koro;Vex,27,6,5,3,Victoria,1150,2026,7,Monday,1,2
2978,2026-03-22,22:03,J0119,Estacion Orbital,Ranked,Tesla;Koro,43,7,2,4,Victoria,1360,2026,3,Sunday,4,2
5813,2026-05-12,00:04,J0185,Ciudadela,Casual,Umbra;Magnus;Brisa,16,9,2,5,Victoria,1610,2026,5,Tuesday,4,3
8109,2026-06-17,18:22,J0035,Ciudadela,Casual,Nadia,24,2,3,6,Derrota,440,2026,6,Wednesday,1,1
5474,2026-05-07,20:43,J0046,Puerto Escarlata,Ranked,,44,11,6,6,Derrota,1280,2026,5,Thursday,2,0
946,2026-02-08,23:57,J0017,Ciudadela,Ranked,Brisa,40,2,6,5,Victoria,,2026,2,Sunday,0,1
9515,2026-07-09,12:08,J0027,Ciudadela,Torneo,Koro,20,11,10,2,Derrota,1000,2026,7,Thursday,1,1
7811,2026-06-13,06:31,J0015,Puerto Escarlata,Ranked,Koro,39,12,8,2,Derrota,1140,2026,6,Saturday,2,1
5098,2026-04-30,12:44,J0167,Estacion Orbital,Casual,Lienzo;Magnus,28,7,4,4,Victoria,1320,2026,4,Thursday,2,2
6926,2026-05-30,21:36,J0009,Ciudadela,Casual,Magnus,26,3,4,7,Victoria,1070,2026,5,Saturday,1,1
5906,2026-05-13,22:06,J0200,Canales de Hielo,Casual,Brisa;Koro;Umbra,8,17,3,3,Victoria,23,2026,5,Wednesday,6,3
3553,2026-04-03,01:03,J0164,Ciudadela,Ranked,Lienzo,44,4,3,2,Victoria,940,2026,4,Friday,1,1
3361,2026-03-29,20:24,J0128,Puerto Escarlata,Casual,Vex,9,11,3,5,Victoria,1790,2026,3,Sunday,4,1
5652,2026-05-09,00:41,J0062,Ciudadela,Casual,Vex,10,7,6,2,Victoria,1180,2026,5,Saturday,1,1
2411,2026-03-12,19:21,J0020,Bosque Umbral,Ranked,Brisa,26,4,5,5,Victoria,1050,2026,3,Thursday,1,1
4508,2026-04-20,11:51,J0003,Desierto Neon,Casual,Brisa;Tesla,8,3,2,6,Victoria,1060,2026,4,Monday,2,2
9636,2026-07-10,23:31,J0009,Canales de Hielo,Casual,Magnus,10,4,4,5,Victoria,1070,2026,7,Friday,1,1
3983,2026-04-11,15:34,J0057,Bosque Umbral,Ranked,Umbra;Lienzo,45,9,5,2,Derrota,900,2026,4,Saturday,2,2
147,2026-01-20,01:17,J0088,Desierto Neon,Casual,Vex,28,7,6,7,Victoria,1430,2026,1,Tuesday,1,1
6766,2026-05-26,17:32,J0151,Canales de Hielo,Casual,Lienzo,18,7,2,2,Derrota,760,2026,5,Tuesday,4,1
2295,2026-03-09,20:11,J0016,Desierto Neon,Ranked,Magnus,37,6,3,3,Victoria,1290,2026,3,Monday,2,1
2254,2026-03-08,21:14,J0200,Canales de Hielo,Ranked,Magnus;Vex,32,8,2,8,Victoria,1660,2026,3,Sunday,4,2
3612,2026-04-04,16:37,J0015,Estacion Orbital,Casual,Koro,20,6,7,6,Derrota,1060,2026,4,Saturday,1,1
5354,2026-05-05,19:59,J0078,Estacion Orbital,Ranked,Koro;Tesla,32,6,7,5,Derrota,710,2026,5,Tuesday,1,2
1737,2026-02-25,16:06,J0042,Desierto Neon,Ranked,Koro,31,0,8,4,Victoria,540,2026,2,Wednesday,0,1
9238,2026-07-04,20:29,J0156,Puerto Escarlata,Casual,Nadia,23,12,3,2,Derrota,1240,2026,7,Saturday,4,1
8942,2026-06-30,19:08,J0012,Estacion Orbital,Casual,Vex;Tesla;Nadia,8,13,4,2,Victoria,1820,2026,6,Tuesday,3,3
115,2026-01-19,07:18,J0024,Desierto Neon,Ranked,Brisa,41,5,4,2,Victoria,1020,2026,1,Monday,1,1
8930,2026-06-29,22:10,J0200,Puerto Escarlata,Ranked,Lienzo,43,6,4,5,Derrota,770,2026,6,Monday,2,1
5749,2026-05-11,23:29,J0059,Estacion Orbital,Casual,Koro,16,2,7,2,Derrota,160,2026,5,Monday,0,1
9547,2026-07-09,13:02,J0024,Puerto Escarlata,Casual,Nadia,24,7,4,7,Victoria,1470,2026,7,Thursday,2,1
499,2026-01-28,22:21,J0067,Estacion Orbital,Casual,Nadia,18,4,3,2,Derrota,440,2026,1,Wednesday,1,1
7634,2026-06-10,09:54,J0006,Puerto Escarlata,Casual,Magnus,10,6,5,5,Derrota,750,2026,6,Wednesday,1,1
721,2026-02-03,15:57,J0077,Ciudadela,Casual,Umbra;Nadia;Tesla,19,1,3,4,Derrota,240,2026,2,Tuesday,0,3
7309,2026-06-04,20:15,J0098,Ciudadela,Ranked,Koro;Umbra,28,9,4,3,Victoria,1470,2026,6,Thursday,2,2
8913,2026-06-29,20:37,J0041,Puerto Escarlata,Ranked,Brisa,23,3,6,6,Derrota,480,2026,6,Monday,0,1
5831,2026-05-12,12:21,J0050,Ciudadela,Casual,Lienzo,26,3,8,5,Derrota,390,2026,5,Tuesday,0,1
3090,2026-03-24,16:48,J0021,Ciudadela,Ranked,Nadia,39,8,5,2,Victoria,1300,2026,3,Tuesday,2,1
8444,2026-06-22,00:27,J0024,Bosque Umbral,Ranked,Lienzo,33,6,7,6,Derrota,760,2026,6,Monday,1,1
7434,2026-06-06,23:35,J0019,Bosque Umbral,Casual,Lienzo,28,5,7,2,,960,2026,6,Saturday,1,1
6625,2026-05-24,19:26,J0033,Ciudadela,Ranked,Umbra,26,4,4,5,Derrota,570,2026,5,Sunday,1,1
597,2026-01-31,16:50,J0054,Puerto Escarlata,Casual,Brisa,13,9,6,2,Derrota,880,2026,1,Saturday,2,1
9163,2026-07-03,00:17,J0098,Desierto Neon,Ranked,Magnus,30,7,9,3,Derrota,670,2026,7,Friday,1,1
6205,2026-05-18,01:25,J0106,Puerto Escarlata,Ranked,Umbra,41,6,4,1,Derrota,570,2026,5,Monday,2,1
6163,2026-05-17,19:23,J0027,Canales de Hielo,Ranked,Koro,41,8,10,8,Victoria,1500,2026,5,Sunday,1,1
5165,2026-05-02,16:35,J0076,Puerto Escarlata,Ranked,Koro,44,8,9,4,Victoria,1320,2026,5,Saturday,1,1
1648,2026-02-23,15:23,J0028,Ciudadela,Casual,Lienzo;Brisa,30,4,3,3,Victoria,990,2026,2,Monday,1,2
6243,2026-05-19,02:30,J0003,Puerto Escarlata,Casual,Nadia,32,6,6,3,Victoria,1330,2026,5,Tuesday,1,1
7043,2026-05-31,08:39,J0058,Canales de Hielo,Ranked,Magnus,37,8,5,2,Derrota,800,2026,5,Sunday,2,1
2701,2026-03-17,20:47,J0061,Canales de Hielo,Casual,Magnus,15,4,4,5,Victoria,,2026,3,Tuesday,1,1
9900,2026-07-13,15:47,J0001,Canales de Hielo,Casual,,31,8,4,3,Derrota,870,2026,7,Monday,2,0
1701,2026-02-24,23:57,J0015,Estacion Orbital,Casual,Magnus,25,6,3,7,Derrota,790,2026,2,Tuesday,2,1
9014,2026-07-01,00:24,J0013,Estacion Orbital,Ranked,Lienzo,27,9,7,5,Victoria,1510,2026,7,Wednesday,1,1
5405,2026-05-06,17:34,J0070,Estacion Orbital,Torneo,Tesla;Nadia;Koro,18,4,2,8,Derrota,760,2026,5,Wednesday,2,3
7345,2026-06-05,17:23,J0068,Ciudadela,Casual,Brisa,20,7,7,5,Derrota,810,2026,6,Friday,1,1
8985,2026-06-30,17:49,J0044,Bosque Umbral,Casual,Nadia;Tesla,28,9,4,5,Derrota,1070,2026,6,Tuesday,2,2
2943,2026-03-22,11:00,J0006,Bosque Umbral,Torneo,Magnus,13,10,9,3,Victoria,1470,2026,3,Sunday,1,1
6413,2026-05-21,22:49,J0025,Canales de Hielo,Casual,Brisa,30,6,5,5,Derrota,750,2026,5,Thursday,1,1
87,2026-01-18,17:36,J0041,Bosque Umbral,Casual,Magnus;Umbra,31,4,8,2,Victoria,840,2026,1,Sunday,0,2
2309,2026-03-09,14:01,J0112,Canales de Hielo,Casual,Umbra;Brisa,28,4,2,4,Victoria,1060,2026,3,Monday,2,2
2678,2026-03-16,08:00,J0080,Estacion Orbital,Torneo,Brisa,21,4,8,5,Victoria,990,2026,3,Monday,0,1
8282,2026-06-20,23:24,J0029,Puerto Escarlata,Ranked,Nadia,37,3,2,2,Derrota,360,2026,6,Saturday,2,1
8076,2026-06-17,16:12,J0007,Bosque Umbral,Casual,Brisa,28,7,5,2,Victoria,1200,2026,6,Wednesday,1,1
2595,2026-03-15,11:14,J0016,Puerto Escarlata,Casual,Tesla;Vex,11,15,4,1,Victoria,1970,2026,3,Sunday,4,2
8975,2026-06-30,23:31,J0028,Estacion Orbital,Casual,Nadia;Lienzo;Vex,11,10,4,1,Derrota,970,2026,6,Tuesday,2,3
1030,2026-02-10,21:19,J0020,Canales de Hielo,Casual,Lienzo;Tesla,24,9,4,4,Derrota,1020,2026,2,Tuesday,2,2
137,2026-01-19,16:32,J0152,Ciudadela,Torneo,Magnus,14,1,7,4,Victoria,660,2026,1,Monday,0,1
6952,2026-05-30,16:24,J0051,Puerto Escarlata,Ranked,,28,1,3,7,Derrota,390,2026,5,Saturday,0,0
2855,2026-03-20,23:20,J0001,Ciudadela,Ranked,Lienzo,36,4,3,6,Derrota,640,2026,3,Friday,1,1
4410,2026-04-19,12:28,J0153,Bosque Umbral,Torneo,Umbra,32,8,3,7,Derrota,1090,2026,4,Sunday,3,1
1201,2026-02-14,11:39,J0038,Desierto Neon,Torneo,Lienzo,21,9,7,8,Victoria,1660,2026,2,Saturday,1,1
4718,2026-04-24,20:03,J0043,Canales de Hielo,Ranked,Vex;Brisa,32,6,7,5,Derrota,710,2026,4,Friday,1,2
9590,2026-07-10,16:45,J0016,Puerto Escarlata,Casual,Koro,14,6,3,2,Victoria,1140,2026,7,Friday,2,1
7432,2026-06-06,13:21,J0011,Canales de Hielo,Ranked,Umbra;Tesla,39,6,9,2,Derrota,520,2026,6,Saturday,1,2
567,2026-01-30,10:47,J0061,Ciudadela,Ranked,Umbra,41,7,8,2,Victoria,1140,2026,1,Friday,1,1
7392,2026-06-06,18:17,J0029,Desierto Neon,Ranked,Lienzo,22,1,7,4,Derrota,160,2026,6,Saturday,0,1
5431,2026-05-06,01:42,J0051,Desierto Neon,Casual,Magnus,27,1,9,5,Derrota,170,2026,5,Wednesday,0,1
3928,2026-04-10,19:39,J0034,Bosque Umbral,Casual,Tesla,25,4,7,5,Derrota,510,2026,4,Friday,1,1
7559,2026-06-08,08:33,J0200,Bosque Umbral,Ranked,Umbra;Lienzo,42,8,4,7,Derrota,1070,2026,6,Monday,2,2
7719,2026-06-11,07:26,J0130,Puerto Escarlata,Casual,Nadia,8,2,0,5,Derrota,450,2026,6,Thursday,,1
8897,2026-06-29,01:45,J0026,Desierto Neon,Ranked,Umbra;Koro,27,6,9,3,,1070,2026,6,Monday,1,2
6689,2026-05-25,17:11,J0110,Canales de Hielo,Ranked,Koro,33,3,5,5,Derrota,450,2026,5,Monday,1,1
6652,2026-05-24,15:10,J0074,Puerto Escarlata,Ranked,Koro,27,4,6,4,Derrota,480,2026,5,Sunday,1,1
8983,2026-06-30,22:18,J0012,Ciudadela,Ranked,Lienzo;Magnus,25,5,3,6,Victoria,1240,2026,6,Tuesday,2,2
8923,2026-06-29,13:05,J0042,Puerto Escarlata,Torneo,Tesla;Brisa,14,4,6,6,Derrota,580,2026,6,Monday,1,2
2331,2026-03-10,01:44,J0065,Bosque Umbral,Casual,Vex;Lienzo;Brisa,19,2,5,2,Derrota,200,2026,3,Tuesday,0,3
3516,2026-04-02,19:18,J0049,Puerto Escarlata,Casual,Umbra,22,5,6,6,Derrota,680,2026,4,Thursday,1,1
2188,2026-03-07,13:25,J0017,Canales de Hielo,Ranked,Vex,37,10,5,3,Victoria,,2026,3,Saturday,2,1
196,2026-01-21,19:07,J0077,Bosque Umbral,Ranked,Brisa,39,0,11,0,Victoria,280,2026,1,Wednesday,0,1
7385,2026-06-06,21:52,J0087,Canales de Hielo,Casual,Tesla;Umbra;Magnus,28,6,4,3,Derrota,670,2026,6,Saturday,2,3
9159,2026-07-03,01:30,J0127,Puerto Escarlata,Torneo,Lienzo,32,2,2,5,Victoria,910,2026,7,Friday,1,1
5060,2026-04-30,23:21,J0027,Canales de Hielo,Ranked,,37,4,4,3,Victoria,970,2026,4,Thursday,1,0
803,2026-02-05,21:13,J0013,Ciudadela,Casual,Magnus,25,6,6,3,Derrota,630,2026,2,Thursday,1,1
7537,2026-06-08,20:05,J0006,Canales de Hielo,Ranked,Koro,42,6,2,6,Victoria,1360,2026,6,Monday,3,1
8026,2026-06-16,23:51,J0041,Desierto Neon,Ranked,Magnus,36,4,3,3,Victoria,990,2026,6,Tuesday,1,1
2069,2026-03-04,21:47,J0072,Ciudadela,Ranked,Lienzo,42,3,2,7,Derrota,610,2026,3,Wednesday,2,1
7663,2026-06-10,05:12,J0005,Estacion Orbital,Torneo,Lienzo;Umbra,8,6,7,6,Victoria,1260,2026,6,Wednesday,1,2
8813,2026-06-28,20:14,J0035,Puerto Escarlata,Casual,Koro;Nadia,17,7,5,5,Derrota,850,2026,6,Sunday,1,2
645,2026-02-01,15:24,J0027,Bosque Umbral,Torneo,Vex,11,8,2,4,Victoria,1460,2026,2,Sunday,4,1
9445,2026-07-08,11:06,J0030,Bosque Umbral,Ranked,Magnus;Tesla,42,6,5,3,Victoria,1250,2026,7,Wednesday,1,2
5104,2026-04-30,17:17,J0149,Canales de Hielo,Casual,Vex;Magnus,13,4,4,6,Victoria,1120,2026,4,Thursday,1,2
5461,2026-05-06,17:33,J0046,Ciudadela,Casual,Nadia;Magnus,32,6,4,8,Victoria,1420,2026,5,Wednesday,2,2
1638,2026-02-23,19:41,J0117,Ciudadela,Casual,Lienzo,15,6,3,2,Victoria,1140,2026,2,Monday,2,1
121,2026-01-19,19:04,J0002,Ciudadela,Ranked,Lienzo,38,5,5,6,Derrota,700,2026,1,Monday,1,1
2982,2026-03-22,11:14,J0099,Ciudadela,Ranked,Koro,29,5,3,2,Victoria,1040,2026,3,Sunday,2,1
5070,2026-04-30,22:52,J0016,Ciudadela,Torneo,Brisa;Lienzo,18,8,8,2,Victoria,1240,2026,4,Thursday,1,2
3075,2026-03-24,01:21,J0039,Desierto Neon,Ranked,Magnus,41,8,5,1,Derrota,750,2026,3,Tuesday,2,1
8998,2026-06-30,10:41,J0097,Desierto Neon,Casual,Brisa,15,5,4,2,Victoria,1020,2026,6,Tuesday,1,1
3279,2026-03-28,22:23,J0018,Desierto Neon,Ranked,Magnus;Lienzo,44,2,3,1,Derrota,190,2026,3,Saturday,1,2
2136,2026-03-06,16:46,J0001,Ciudadela,Casual,Brisa;Magnus,19,6,8,5,Victoria,1190,2026,3,Friday,1,2
9082,2026-07-02,19:41,J0111,Ciudadela,Ranked,Vex;Koro,35,11,5,5,Victoria,1750,2026,7,Thursday,2,2
4971,2026-04-28,20:30,J0102,Bosque Umbral,Casual,Vex,30,5,5,4,Victoria,1100,2026,4,Tuesday,1,1
6307,2026-05-20,21:40,J0042,Canales de Hielo,Torneo,Nadia,30,3,2,2,Derrota,,2026,5,Wednesday,2,1
135,2026-01-19,16:31,J0049,Puerto Escarlata,Casual,Brisa,10,1,12,5,Derrota,110,2026,1,Monday,0,1
7863,2026-06-13,21:01,J0064,Estacion Orbital,Casual,Koro,14,4,6,2,Victoria,880,2026,6,Saturday,1,1
5325,2026-05-04,17:37,J0072,Bosque Umbral,Torneo,Brisa;Tesla,11,9,7,3,Victoria,1410,2026,5,Monday,1,2
9714,2026-07-11,10:43,J0061,Puerto Escarlata,Ranked,Koro,41,4,7,3,Derrota,410,2026,7,Saturday,1,1
6271,2026-05-19,22:49,J0052,Bosque Umbral,Casual,Tesla;Brisa;Koro,22,4,6,5,Derrota,530,2026,5,Tuesday,1,3
2560,2026-03-14,13:57,J0015,Canales de Hielo,Casual,Nadia,23,8,0,2,Derrota,900,2026,3,Saturday,,1
63,2026-01-17,19:46,J0008,Desierto Neon,Ranked,Brisa,37,1,9,2,Derrota,20,2026,1,Saturday,0,1
1359,2026-02-18,19:47,J0001,Ciudadela,Casual,Lienzo,25,2,5,2,Derrota,200,2026,2,Wednesday,0,1
6664,2026-05-25,07:41,J0021,Estacion Orbital,Casual,Lienzo;Nadia;Tesla,15,4,7,6,Victoria,1060,2026,5,Monday,1,3
6692,2026-05-25,15:09,J0015,Puerto Escarlata,Torneo,Koro,24,5,3,5,Derrota,690,2026,5,Monday,2,1
2468,2026-03-13,18:20,J0016,Desierto Neon,Torneo,Tesla,26,9,3,2,Victoria,1440,2026,3,Friday,3,1
680,2026-02-02,23:39,J0074,Estacion Orbital,Casual,Umbra;Magnus,26,6,8,5,Derrota,390,2026,2,Monday,1,2
6917,2026-05-29,23:22,J0016,Bosque Umbral,Casual,Tesla,28,16,3,4,Victoria,22,2026,5,Friday,5,1
742,2026-02-03,17:40,J0005,Canales de Hielo,Torneo,Vex,20,5,6,5,Derrota,630,2026,2,Tuesday,1,1
5308,2026-05-04,19:07,J0085,Canales de Hielo,Casual,Lienzo;Magnus,8,11,5,2,Derrota,1100,2026,5,Monday,2,2
3642,2026-04-04,20:30,J0153,Desierto Neon,Casual,Lienzo;Vex,31,11,4,3,Victoria,1670,2026,4,Saturday,3,2
445,2026-01-27,19:59,J0089,Estacion Orbital,Ranked,Magnus,26,6,1,2,Derrota,680,2026,1,Tuesday,6,1
8230,2026-06-19,07:53,J0158,Puerto Escarlata,Ranked,Umbra;Lienzo,42,16,4,4,Derrota,1720,2026,6,Friday,4,2
3259,2026-03-28,12:08,J0007,Bosque Umbral,Ranked,Koro,36,8,5,2,Victoria,1300,2026,3,Saturday,2,1
4664,2026-04-23,20:09,J0127,Canales de Hielo,Casual,Tesla;Magnus;Lienzo,30,1,7,5,Derrota,210,2026,4,Thursday,0,3
1874,2026-02-28,10:15,J0157,Canales de Hielo,Casual,Umbra,19,5,6,6,Victoria,1180,2026,2,Saturday,1,1
6480,2026-05-22,18:19,J0022,Estacion Orbital,Casual,Magnus;Nadia,12,7,6,3,Victoria,1230,2026,5,Friday,1,2
2597,2026-03-15,20:53,J0016,Desierto Neon,Casual,Vex,14,10,2,6,Victoria,1760,2026,3,Sunday,5,1
1718,2026-02-25,10:01,J0163,Desierto Neon,Torneo,Tesla;Umbra,22,4,5,2,Victoria,900,2026,2,Wednesday,1,2
2913,2026-03-21,20:39,J0043,Bosque Umbral,Ranked,Vex;Tesla;Koro,24,10,6,7,Victoria,1730,2026,3,Saturday,2,3
2844,2026-03-20,22:59,J0132,Bosque Umbral,Casual,Tesla;Lienzo,10,4,7,4,Victoria,960,2026,3,Friday,1,2
4028,2026-04-11,13:15,J0020,Canales de Hielo,Torneo,Nadia;Umbra,15,5,9,3,Victoria,970,2026,4,Saturday,1,2
5489,2026-05-07,20:11,J0074,Puerto Escarlata,Casual,Tesla;Nadia,29,7,4,1,Derrota,670,2026,5,Thursday,2,2
9418,2026-07-07,18:37,J0178,Bosque Umbral,Ranked,Umbra,36,3,8,1,Derrota,190,2026,7,Tuesday,0,1
9290,2026-07-05,07:33,J0200,Bosque Umbral,Casual,Magnus,17,13,5,4,Derrota,1400,2026,7,Sunday,3,1
2557,2026-03-14,19:24,J0025,Desierto Neon,Casual,Magnus,11,5,4,5,Derrota,670,2026,3,Saturday,1,1
490,2026-01-28,09:30,J0014,Estacion Orbital,Ranked,Nadia,43,4,4,4,Derrota,520,2026,1,Wednesday,1,1
494,2026-01-28,21:31,J0056,Puerto Escarlata,Ranked,Tesla,30,3,7,2,Derrota,260,2026,1,Wednesday,0,1
691,2026-02-02,19:23,J0200,Estacion Orbital,Casual,Brisa;Vex;Koro,22,10,6,7,Victoria,1730,2026,2,Monday,2,3
3822,2026-04-08,17:12,J0130,Bosque Umbral,Ranked,Koro,26,2,7,3,Derrota,210,2026,4,Wednesday,0,1
603,2026-01-31,15:54,J0028,Canales de Hielo,Ranked,Vex;Nadia,40,5,9,5,Victoria,1070,2026,1,Saturday,1,2
1912,2026-03-01,20:20,J0109,Estacion Orbital,Casual,Umbra,29,6,4,6,Victoria,1320,2026,3,Sunday,2,1
1015,2026-02-10,20:26,J0005,Puerto Escarlata,Ranked,Magnus;Lienzo;Brisa,33,4,6,1,Derrota,330,2026,2,Tuesday,1,3
6267,2026-05-19,20:33,J0036,Bosque Umbral,Ranked,Nadia;Tesla;Lienzo,36,7,3,5,Victoria,1390,2026,5,Tuesday,2,3
1994,2026-03-03,16:37,J0035,Puerto Escarlata,Casual,Nadia,28,11,3,6,Victoria,1840,2026,3,Tuesday,4,1
5870,2026-05-13,09:29,J0050,Ciudadela,Casual,Lienzo,13,3,8,3,Derrota,290,2026,5,Wednesday,0,1
3758,2026-04-06,22:21,J0036,Estacion Orbital,Torneo,Umbra;Brisa,15,5,4,1,Victoria,970,2026,4,Monday,1,2
2367,2026-03-10,20:26,J0200,Canales de Hielo,Torneo,Lienzo;Nadia;Koro,27,4,5,1,Victoria,850,2026,3,Tuesday,1,3
5284,2026-05-03,15:48,J0058,Ciudadela,Ranked,Lienzo;Umbra;Tesla,33,5,7,2,Victoria,960,2026,5,Sunday,1,3
4371,2026-04-18,20:19,J0015,Puerto Escarlata,Casual,Lienzo;Tesla,8,8,6,5,Derrota,930,2026,4,Saturday,1,2
9662,2026-07-11,20:41,J0037,Bosque Umbral,Ranked,Magnus;Vex,25,9,5,5,Victoria,1550,2026,7,Saturday,2,2
7135,2026-06-02,20:18,J0089,Bosque Umbral,Ranked,Vex,31,5,6,2,Victoria,980,2026,6,Tuesday,1,1
1362,2026-02-18,22:02,J0200,Estacion Orbital,Casual,Umbra,30,6,2,4,Victoria,1260,2026,2,Wednesday,3,1
6409,2026-05-21,20:33,J0022,Estacion Orbital,Ranked,Vex,23,4,6,6,Victoria,1080,2026,5,Thursday,1,1
1527,2026-02-21,17:55,J0022,Bosque Umbral,Casual,Nadia;Umbra,21,6,11,5,Derrota,630,2026,2,Saturday,1,2
1328,2026-02-17,03:27,J0031,Puerto Escarlata,Casual,Tesla,8,4,6,4,Victoria,980,2026,2,Tuesday,1,1
6192,2026-05-18,23:09,J0039,Desierto Neon,Torneo,Koro,14,1,3,6,Victoria,840,2026,5,Monday,0,1
7757,2026-06-12,19:05,J0029,Desierto Neon,Casual,Vex;Tesla;Koro,19,5,9,3,Victoria,970,2026,6,Friday,1,3
1552,2026-02-21,16:01,J0068,Ciudadela,Casual,Tesla;Brisa,27,9,8,6,Victoria,1540,2026,2,Saturday,1,2
6379,2026-05-21,19:53,J0096,Bosque Umbral,Ranked,Koro,27,6,7,5,,710,2026,5,Thursday,1,1
9761,2026-07-12,15:40,J0009,Canales de Hielo,Casual,Lienzo;Umbra,11,6,4,4,Derrota,720,2026,7,Sunday,2,2
1338,2026-02-17,20:56,J0011,Puerto Escarlata,Ranked,Vex;Lienzo,34,7,10,3,Victoria,1150,2026,2,Tuesday,1,2
3902,2026-04-09,19:59,J0013,Estacion Orbital,Casual,Magnus,26,9,8,5,Victoria,1490,2026,4,Thursday,1,1
3011,2026-03-23,00:46,J0040,Ciudadela,Casual,Lienzo,25,4,4,1,Victoria,870,2026,3,Monday,1,1
5042,2026-04-30,22:08,J0006,Canales de Hielo,Casual,Magnus,29,7,9,2,Derrota,620,2026,4,Thursday,1,1
8895,2026-06-29,22:29,J0102,Ciudadela,Ranked,Koro,36,2,6,5,Victoria,830,2026,6,Monday,0,1
2251,2026-03-08,14:43,J0029,Canales de Hielo,Ranked,Tesla,41,3,4,6,Derrota,520,2026,3,Sunday,1,1
6650,2026-05-24,23:26,J0200,Estacion Orbital,Casual,,14,7,7,3,Victoria,,2026,5,Sunday,1,0
5040,2026-04-29,20:22,J0078,Puerto Escarlata,Casual,Umbra,25,6,4,7,Victoria,1270,2026,4,Wednesday,2,1
2347,2026-03-10,21:30,J0107,Ciudadela,Casual,Nadia,28,9,4,2,Victoria,,2026,3,Tuesday,2,1
9353,2026-07-06,18:06,J0097,Ciudadela,Casual,Tesla,18,5,1,1,Victoria,1030,2026,7,Monday,5,1
5486,2026-05-07,22:55,J0025,Ciudadela,Ranked,Lienzo,38,7,5,1,Victoria,1150,2026,5,Thursday,1,1
2785,2026-03-19,05:59,J0049,Canales de Hielo,Ranked,Nadia,23,3,6,4,Victoria,880,2026,3,Thursday,0,1
5695,2026-05-10,11:48,J0029,Ciudadela,Ranked,Koro,41,4,7,4,Derrota,460,2026,5,Sunday,1,1
5120,2026-05-01,20:31,J0060,Estacion Orbital,Ranked,Koro,45,4,2,5,Victoria,1110,2026,5,Friday,2,1
8920,2026-06-29,20:49,J0035,Canales de Hielo,Ranked,Lienzo;Magnus,38,8,4,5,Victoria,1470,2026,6,Monday,2,2
5556,2026-05-08,20:41,J0021,Ciudadela,Torneo,Brisa;Nadia,31,10,7,7,Derrota,1210,2026,5,Friday,1,2
5600,2026-05-09,21:03,J0140,Bosque Umbral,Ranked,Vex,39,9,2,1,Derrota,910,2026,5,Saturday,4,1
7085,2026-06-01,17:17,J0021,Canales de Hielo,Ranked,Magnus;Vex,40,9,4,2,Derrota,920,2026,6,Monday,2,2
151,2026-01-20,06:46,J0039,Canales de Hielo,Casual,Vex,23,4,5,4,Victoria,1000,2026,1,Tuesday,1,1
2805,2026-03-19,14:52,J0135,Puerto Escarlata,Ranked,Lienzo;Nadia,22,10,2,2,Victoria,1560,2026,3,Thursday,5,2
7549,2026-06-08,20:29,J0115,Puerto Escarlata,Ranked,Magnus;Koro,33,8,7,5,Victoria,1410,2026,6,Monday,1,2
2087,2026-03-05,18:53,J0002,Bosque Umbral,Ranked,Umbra,40,7,7,3,Victoria,1210,2026,3,Thursday,1,1
3752,2026-04-06,10:56,J0077,Ciudadela,Casual,Koro,14,0,6,3,Victoria,530,2026,4,Monday,0,1
5613,2026-05-09,23:17,J0008,Ciudadela,Casual,Umbra;Vex,9,6,2,9,Victoria,1210,2026,5,Saturday,3,2
2260,2026-03-08,21:34,J0003,Puerto Escarlata,Casual,Lienzo;Magnus,25,6,7,6,Victoria,1260,2026,3,Sunday,1,2
4018,2026-04-11,04:08,J0077,Canales de Hielo,Ranked,Brisa,41,2,3,3,Victoria,790,2026,4,Saturday,1,1
9823,2026-07-12,17:50,J0035,Canales de Hielo,Casual,Brisa,27,9,4,3,Victoria,1470,2026,7,Sunday,2,1
6168,2026-05-18,10:31,J0081,Puerto Escarlata,Torneo,Tesla;Brisa,23,7,5,7,Victoria,1450,2026,5,Monday,1,2
2425,2026-03-12,21:31,J0026,Bosque Umbral,Casual,Umbra,29,2,3,5,,390,2026,3,Thursday,1,1
8170,2026-06-18,20:14,J0029,Estacion Orbital,Torneo,Tesla;Lienzo;Umbra,21,6,4,3,Derrota,670,2026,6,Thursday,2,3
3857,2026-04-08,10:21,J0178,Ciudadela,Torneo,Magnus;Brisa,32,5,7,4,Victoria,1060,2026,4,Wednesday,1,2
860,2026-02-06,10:03,J0044,Ciudadela,Ranked,Umbra,37,8,6,5,Derrota,930,2026,2,Friday,1,1
5368,2026-05-05,19:42,J0070,Estacion Orbital,Casual,Vex;Umbra;Nadia,13,6,2,4,Derrota,760,2026,5,Tuesday,3,3
7721,2026-06-11,20:51,J0161,Canales de Hielo,Ranked,Koro,25,9,2,3,Victoria,1510,2026,6,Thursday,4,1
8285,2026-06-20,19:04,J0200,Puerto Escarlata,Casual,Nadia,15,6,5,8,Derrota,900,2026,6,Saturday,1,1
7448,2026-06-06,17:00,J0004,Desierto Neon,Ranked,Vex,24,5,1,4,Derrota,680,2026,6,Saturday,5,1
8632,2026-06-25,20:43,J0066,Canales de Hielo,Casual,Magnus;Tesla,27,12,8,2,Derrota,1140,2026,6,Thursday,2,2
4740,2026-04-24,16:27,J0014,Ciudadela,Casual,Lienzo;Tesla,31,2,7,5,Derrota,310,2026,4,Friday,0,2
9470,2026-07-08,23:22,J0015,Bosque Umbral,Casual,Tesla,29,5,5,2,Victoria,1000,2026,7,Wednesday,1,1
4463,2026-04-19,18:22,J0046,Puerto Escarlata,Casual,,23,6,2,6,Derrota,860,2026,4,Sunday,3,0
5529,2026-05-08,14:05,J0053,Estacion Orbital,Casual,Vex;Umbra;Lienzo,20,8,11,3,Victoria,1230,2026,5,Friday,1,3
1365,2026-02-18,13:05,J0011,Desierto Neon,Ranked,Vex;Nadia,40,6,11,3,Victoria,1030,2026,2,Wednesday,1,2
1780,2026-02-26,21:56,J0127,Estacion Orbital,Ranked,Lienzo,35,1,4,4,Victoria,720,2026,2,Thursday,0,1
5973,2026-05-15,06:47,J0172,Estacion Orbital,Ranked,Tesla,33,8,4,1,Victoria,1270,2026,5,Friday,2,1
4786,2026-04-25,02:58,J0070,Desierto Neon,Ranked,Tesla,23,2,2,7,Derrota,510,2026,4,Saturday,1,1
7884,2026-06-14,16:00,J0103,Estacion Orbital,Ranked,Umbra,32,6,3,3,Victoria,,2026,6,Sunday,2,1
1819,2026-02-27,10:09,J0039,Desierto Neon,Ranked,Nadia;Brisa;Magnus,39,10,8,4,Victoria,1540,2026,2,Friday,1,3
7933,2026-06-14,15:39,J0192,Canales de Hielo,Ranked,Nadia;Umbra;Lienzo,40,6,2,2,Derrota,660,2026,6,Sunday,3,3
4938,2026-04-27,13:14,J0061,Puerto Escarlata,Casual,Nadia,25,1,6,4,Derrota,180,2026,4,Monday,0,1
2705,2026-03-17,16:56,J0009,Puerto Escarlata,Torneo,Koro;Lienzo,14,2,7,3,Derrota,210,2026,3,Tuesday,0,2
5286,2026-05-03,07:56,J0062,Estacion Orbital,Ranked,Tesla;Umbra,39,2,2,3,Victoria,810,2026,5,Sunday,1,2
176,2026-01-20,16:21,J0083,Ciudadela,Ranked,Tesla;Koro;Lienzo,44,5,2,2,Derrota,560,2026,1,Tuesday,2,3
7610,2026-06-09,09:35,J0034,Bosque Umbral,Ranked,Lienzo;Koro;Umbra,36,7,1,5,Derrota,930,2026,6,Tuesday,7,3
2094,2026-03-05,20:35,J0032,Desierto Neon,Casual,Vex;Tesla,26,9,2,9,Victoria,1810,2026,3,Thursday,4,2
8569,2026-06-24,15:20,J0055,Estacion Orbital,Casual,Koro,16,2,6,4,Derrota,280,2026,6,Wednesday,0,1
3492,2026-04-01,00:43,J0200,Bosque Umbral,Casual,Nadia,27,7,5,4,Derrota,800,2026,4,Wednesday,1,1
1921,2026-03-01,19:16,J0157,Ciudadela,Ranked,Tesla,22,11,7,5,Victoria,1710,2026,3,Sunday,2,1
83,2026-01-18,20:11,J0131,Estacion Orbital,Ranked,Nadia,26,4,8,5,Derrota,490,2026,1,Sunday,0,1
817,2026-02-05,08:15,J0012,Puerto Escarlata,Ranked,Brisa,25,4,2,7,Derrota,710,2026,2,Thursday,2,1
9151,2026-07-03,01:04,J0015,Canales de Hielo,Casual,Umbra,25,12,0,3,Derrota,1350,2026,7,Friday,,1
7482,2026-06-07,10:11,J0008,Ciudadela,Casual,Lienzo;Umbra,11,8,7,4,Victoria,1360,2026,6,Sunday,1,2
4397,2026-04-18,20:40,J0007,Bosque Umbral,Casual,Magnus,21,8,10,4,Derrota,800,2026,4,Saturday,1,1
7633,2026-06-09,17:44,J0011,Desierto Neon,Casual,Magnus,9,2,6,6,Derrota,380,2026,6,Tuesday,0,1
5569,2026-05-09,13:56,J0085,Puerto Escarlata,Casual,Koro,25,8,5,4,Victoria,1400,2026,5,Saturday,2,1
284,2026-01-23,08:44,J0004,Ciudadela,Ranked,Tesla;Umbra,36,5,2,4,Derrota,660,2026,1,Friday,2,2
4121,2026-04-13,07:44,J0020,Canales de Hielo,Ranked,Tesla;Nadia;Umbra,40,7,7,3,Victoria,1210,2026,4,Monday,1,3
7609,2026-06-09,03:24,J0096,Bosque Umbral,Casual,Lienzo;Magnus;Umbra,30,5,9,2,Victoria,920,2026,6,Tuesday,1,3
610,2026-01-31,21:59,J0015,Ciudadela,Casual,Umbra,23,7,5,4,Derrota,800,2026,1,Saturday,1,1
2916,2026-03-21,21:33,J0003,Canales de Hielo,Ranked,Tesla,45,7,3,2,Derrota,740,2026,3,Saturday,2,1
1814,2026-02-27,20:43,J0080,Bosque Umbral,Torneo,Koro,23,7,4,3,Victoria,1270,2026,2,Friday,2,1
1272,2026-02-15,21:17,J0015,Canales de Hielo,Casual,Koro,17,9,7,7,Victoria,1610,2026,2,Sunday,1,1
6028,2026-05-16,18:42,J0058,Ciudadela,Ranked,Brisa;Tesla,22,3,6,5,Victoria,930,2026,5,Saturday,0,2
9669,2026-07-11,19:46,J0117,Ciudadela,Ranked,Koro,39,4,6,5,Victoria,1030,2026,7,Saturday,1,1
2995,2026-03-22,20:52,J0002,Desierto Neon,Ranked,Koro;Lienzo;Brisa,30,2,8,4,Derrota,240,2026,3,Sunday,0,3
7235,2026-06-03,10:59,J0049,Desierto Neon,Casual,Koro;Lienzo,26,3,4,2,Derrota,320,2026,6,Wednesday,1,2
6822,2026-05-27,11:21,J0064,Bosque Umbral,Casual,Nadia,22,10,4,5,Victoria,1670,2026,5,Wednesday,2,1
9457,2026-07-08,12:29,J0143,Desierto Neon,Casual,Brisa,10,5,7,3,Victoria,1010,2026,7,Wednesday,1,1
2643,2026-03-16,17:21,J0049,Canales de Hielo,Ranked,Tesla;Brisa,45,4,6,1,Victoria,830,2026,3,Monday,1,2
6670,2026-05-25,16:42,J0125,Bosque Umbral,Ranked,Brisa,28,4,3,5,Derrota,590,2026,5,Monday,1,1
4509,2026-04-20,16:21,J0097,Bosque Umbral,Ranked,Magnus;Nadia;Umbra,29,4,2,2,Derrota,460,2026,4,Monday,2,3
2306,2026-03-09,20:53,J0026,Estacion Orbital,Casual,Umbra,21,8,3,3,Victoria,1390,2026,3,Monday,3,1
6619,2026-05-24,20:09,J0085,Ciudadela,Ranked,Umbra,36,9,5,3,Victoria,1450,2026,5,Sunday,2,1
9137,2026-07-03,00:54,J0058,Puerto Escarlata,Casual,Nadia,8,7,4,6,Victoria,1420,2026,7,Friday,2,1
4196,2026-04-15,21:31,J0034,Estacion Orbital,Ranked,Magnus;Umbra,37,6,2,5,Victoria,1310,2026,4,Wednesday,3,2
5563,2026-05-08,17:13,J0105,Desierto Neon,Ranked,Vex,33,12,7,4,Victoria,1760,2026,5,Friday,2,1
4841,2026-04-26,10:07,J0001,Ciudadela,Casual,Lienzo,31,3,5,4,Victoria,900,2026,4,Sunday,1,1
4656,2026-04-23,15:57,J0152,Desierto Neon,Casual,Tesla,8,3,7,2,,260,2026,4,Thursday,0,1
8369,2026-06-21,21:30,J0018,Canales de Hielo,Casual,Lienzo;Vex,24,3,5,5,,450,2026,6,Sunday,1,2
4169,2026-04-14,14:48,J0019,Bosque Umbral,Casual,Lienzo,12,2,5,2,Victoria,700,2026,4,Tuesday,0,1
3850,2026-04-08,08:44,J0032,Estacion Orbital,Ranked,Tesla,37,9,4,3,,970,2026,4,Wednesday,2,1
9921,2026-07-13,17:21,J0058,Bosque Umbral,Casual,Koro;Tesla,11,6,5,5,Victoria,1250,2026,7,Monday,1,2
8467,2026-06-23,06:28,J0024,Estacion Orbital,Ranked,Brisa;Vex;Magnus,28,8,5,6,Victoria,1500,2026,6,Tuesday,2,3
5254,2026-05-03,21:56,J0106,Bosque Umbral,Ranked,Brisa,29,8,8,2,Victoria,1240,2026,5,Sunday,1,1
9374,2026-07-06,23:07,J0009,Bosque Umbral,Ranked,Tesla;Umbra;Magnus,44,2,5,5,Victoria,850,2026,7,Monday,0,3
5534,2026-05-08,09:02,J0099,Desierto Neon,Ranked,Vex,23,6,3,5,Victoria,1290,2026,5,Friday,2,1
2415,2026-03-12,20:20,J0024,Desierto Neon,Ranked,Koro;Lienzo;Magnus,32,4,5,3,Derrota,450,2026,3,Thursday,1,3
3555,2026-04-03,16:25,J0030,Bosque Umbral,Ranked,Tesla,26,8,7,4,Victoria,1360,2026,4,Friday,1,1
4692,2026-04-24,11:26,J0076,Desierto Neon,Ranked,Umbra;Vex,23,6,7,2,Derrota,560,2026,4,Friday,1,2
4499,2026-04-20,05:26,J0010,Bosque Umbral,Torneo,Tesla;Nadia,29,1,4,2,Derrota,120,2026,4,Monday,0,2
2196,2026-03-07,01:15,J0043,Bosque Umbral,Casual,Vex,10,10,10,7,Derrota,1150,2026,3,Saturday,1,1
5046,2026-04-30,20:49,J0054,Desierto Neon,Casual,Magnus,20,10,4,6,Victoria,1720,2026,4,Thursday,2,1
2601,2026-03-15,20:05,J0131,Desierto Neon,Casual,Tesla;Umbra;Koro,10,5,2,8,Derrota,860,2026,3,Sunday,2,3
1519,2026-02-21,01:35,J0084,Puerto Escarlata,Ranked,Lienzo;Vex,44,5,11,5,Victoria,1030,2026,2,Saturday,0,2
4765,2026-04-25,20:12,J0012,Ciudadela,Torneo,Tesla;Brisa,27,6,5,6,Victoria,1000,2026,4,Saturday,1,2
4315,2026-04-17,22:11,J0135,Estacion Orbital,Torneo,Magnus;Lienzo,13,6,2,4,,1260,2026,4,Friday,3,2
3367,2026-03-30,18:49,J0005,Canales de Hielo,Ranked,Lienzo,37,9,3,4,Derrota,1040,2026,3,Monday,3,1
6597,2026-05-24,16:42,J0028,Bosque Umbral,Casual,Brisa,17,5,9,3,Derrota,470,2026,5,Sunday,1,1
6699,2026-05-25,01:41,J0125,Ciudadela,Ranked,Koro;Umbra,45,6,13,3,Derrota,490,2026,5,Monday,0,2
2634,2026-03-16,15:30,J0064,Canales de Hielo,Ranked,Tesla;Magnus,45,3,2,3,Derrota,410,2026,3,Monday,2,2
9015,2026-07-01,23:57,J0083,Estacion Orbital,Ranked,Vex;Umbra;Brisa,44,7,4,4,Derrota,820,2026,7,Wednesday,2,3
5634,2026-05-09,13:33,J0010,Canales de Hielo,Casual,Brisa,18,6,4,6,Victoria,1320,2026,5,Saturday,2,1
8260,2026-06-20,21:47,J0059,Estacion Orbital,Casual,Koro,29,5,2,6,Victoria,1260,2026,6,Saturday,2,1
8859,2026-06-28,12:25,J0065,Ciudadela,Casual,Magnus,19,4,3,5,Victoria,1090,2026,6,Sunday,1,1
2435,2026-03-12,22:30,J0019,Bosque Umbral,Casual,Vex;Umbra,25,10,5,6,Victoria,1700,2026,3,Thursday,2,2
8343,2026-06-21,00:37,J0046,Puerto Escarlata,Casual,Lienzo;Vex,21,18,6,6,Victoria,25,2026,6,Sunday,3,2
6878,2026-05-29,15:34,J0015,Desierto Neon,Casual,Umbra,8,6,4,4,Derrota,720,2026,5,Friday,2,1
7748,2026-06-12,19:32,J0200,Estacion Orbital,Ranked,Magnus,30,1,8,4,Derrota,140,2026,6,Friday,0,1
6728,2026-05-26,20:53,J0091,Ciudadela,Torneo,Lienzo;Umbra,18,6,6,3,Derrota,530,2026,5,Tuesday,1,2
4521,2026-04-20,15:01,J0022,Desierto Neon,Torneo,Umbra;Magnus;Brisa,27,3,4,4,Derrota,420,2026,4,Monday,1,3
5588,2026-05-09,19:23,J0042,Puerto Escarlata,Torneo,Magnus,25,5,9,5,Victoria,1070,2026,5,Saturday,1,1
3546,2026-04-02,13:07,J0081,Puerto Escarlata,Casual,Lienzo;Umbra,8,3,4,3,Victoria,870,2026,4,Thursday,1,2
6071,2026-05-16,13:23,J0173,Desierto Neon,Torneo,Tesla,29,6,4,4,Victoria,1520,2026,5,Saturday,2,1
6099,2026-05-17,20:41,J0169,Ciudadela,Ranked,Nadia;Vex;Magnus,44,11,6,9,Victoria,1930,2026,5,Sunday,2,3
8875,2026-06-29,15:47,J0017,Canales de Hielo,Casual,Tesla;Nadia,8,10,6,7,Derrota,1230,2026,6,Monday,2,2
5532,2026-05-08,05:41,J0034,Bosque Umbral,Ranked,Brisa,39,7,6,2,Victoria,1180,2026,5,Friday,1,1
5445,2026-05-06,21:43,J0082,Canales de Hielo,Torneo,Magnus,19,3,4,2,Derrota,320,2026,5,Wednesday,1,1
518,2026-01-29,16:12,J0073,Desierto Neon,Casual,Nadia,15,5,3,4,Victoria,1140,2026,1,Thursday,2,1
7123,2026-06-01,13:27,J0022,Desierto Neon,Casual,Tesla,20,11,4,4,Victoria,1720,2026,6,Monday,3,1
7507,2026-06-07,10:43,J0069,Desierto Neon,Casual,,29,8,5,5,Derrota,950,2026,6,Sunday,2,0
9153,2026-07-03,18:02,J0120,Canales de Hielo,Ranked,Lienzo,25,3,4,4,Victoria,920,2026,7,Friday,1,1
8096,2026-06-17,18:44,J0005,Puerto Escarlata,Torneo,Vex,26,5,7,3,Victoria,1010,2026,6,Wednesday,1,1
1416,2026-02-19,14:48,J0200,Desierto Neon,Casual,Magnus,12,4,6,8,Victoria,1180,2026,2,Thursday,1,1
4665,2026-04-23,15:28,J0075,Ciudadela,Ranked,Koro,45,7,2,4,Derrota,860,2026,4,Thursday,4,1
4457,2026-04-19,23:20,J0006,Desierto Neon,Torneo,Lienzo;Nadia,27,5,3,7,Victoria,1290,2026,4,Sunday,2,2
2762,2026-03-19,13:15,J0038,Puerto Escarlata,Casual,Magnus,26,5,3,2,Derrota,540,2026,3,Thursday,2,1
4856,2026-04-26,18:08,J0119,Canales de Hielo,Ranked,Tesla,30,8,8,9,Victoria,1590,2026,4,Sunday,1,1
128,2026-01-19,23:52,J0097,Bosque Umbral,Ranked,Tesla,40,5,7,3,Victoria,1010,2026,1,Monday,1,1
3475,2026-04-01,22:58,J0200,Desierto Neon,Ranked,Vex;Nadia,34,8,6,5,Victoria,1430,2026,4,Wednesday,1,2
8105,2026-06-17,11:11,J0033,Desierto Neon,Ranked,Nadia,33,6,8,6,Victoria,1240,2026,6,Wednesday,1,1
4311,2026-04-17,18:21,J0003,Desierto Neon,Ranked,Umbra;Koro,45,5,8,2,Victoria,940,2026,4,Friday,1,2
2439,2026-03-12,21:02,J0097,Canales de Hielo,Casual,Vex,15,8,6,3,Derrota,830,2026,3,Thursday,1,1
3766,2026-04-07,17:28,J0008,Puerto Escarlata,Ranked,Koro;Nadia,33,3,4,4,Derrota,420,2026,4,Tuesday,1,2
6998,2026-05-30,04:42,J0003,Ciudadela,Torneo,Koro;Nadia,11,6,3,6,Victoria,1240,2026,5,Saturday,2,2
5999,2026-05-15,15:14,J0035,Desierto Neon,Casual,Magnus,17,7,8,1,Derrota,,2026,5,Friday,1,1
5943,2026-05-14,17:28,J0008,Canales de Hielo,Casual,Lienzo,27,3,1,3,Victoria,930,2026,5,Thursday,3,1
6324,2026-05-20,20:37,J0013,Puerto Escarlata,Ranked,Magnus,25,8,4,4,Victoria,1420,2026,5,Wednesday,2,1
9844,2026-07-12,10:49,J0200,Bosque Umbral,Ranked,Brisa;Vex;Nadia,44,9,4,5,Victoria,1570,2026,7,Sunday,2,3
1474,2026-02-20,18:09,J0037,Ciudadela,Casual,Vex;Magnus,16,10,5,3,Derrota,1050,2026,2,Friday,2,2
4822,2026-04-26,17:29,J0067,Canales de Hielo,Casual,Magnus,19,3,3,2,Victoria,840,2026,4,Sunday,1,1
7038,2026-05-31,17:28,J0021,Bosque Umbral,Casual,Magnus;Koro,23,6,7,1,Derrota,210,2026,5,Sunday,1,2
3561,2026-04-03,21:42,J0015,Canales de Hielo,Torneo,,30,11,1,5,Victoria,1830,2026,4,Friday,11,0
3952,2026-04-10,13:14,J0048,Puerto Escarlata,Casual,Tesla,16,3,5,5,Derrota,450,2026,4,Friday,1,1
50,2026-01-17,20:07,J0054,Ciudadela,Ranked,Umbra,41,1,2,8,Victoria,960,2026,1,Saturday,0,1
5438,2026-05-06,18:50,J0032,Ciudadela,Ranked,Vex;Koro,24,15,4,2,Victoria,2020,2026,5,Wednesday,4,2
9972,2026-07-14,20:52,J0200,Ciudadela,Ranked,Tesla,42,6,6,4,Victoria,1180,2026,7,Tuesday,1,1
888,2026-02-07,19:05,J0081,Canales de Hielo,Casual,Tesla,27,1,4,7,Victoria,870,2026,2,Saturday,0,1
2617,2026-03-15,23:11,J0200,Bosque Umbral,Casual,Brisa,10,3,3,5,Victoria,990,2026,3,Sunday,1,1
517,2026-01-29,22:08,J0018,Ciudadela,Casual,Magnus;Lienzo,20,1,3,9,Victoria,990,2026,1,Thursday,0,2
3169,2026-03-26,16:37,J0062,Canales de Hielo,Ranked,Tesla,36,4,4,1,Victoria,870,2026,3,Thursday,1,1
2950,2026-03-22,19:28,J0022,Desierto Neon,Ranked,Lienzo,30,4,5,2,Victoria,900,2026,3,Sunday,1,1
1425,2026-02-19,20:49,J0085,Bosque Umbral,Ranked,Magnus,22,7,2,5,Victoria,1410,2026,2,Thursday,4,1
140,2026-01-19,15:52,J0019,Desierto Neon,Torneo,Tesla,8,3,7,2,Derrota,260,2026,1,Monday,0,1
1925,2026-03-01,23:46,J0003,Canales de Hielo,Casual,Koro,19,6,2,3,Derrota,710,2026,3,Sunday,3,1
2379,2026-03-11,17:21,J0001,Puerto Escarlata,Ranked,Tesla;Vex,37,9,9,8,Victoria,1620,2026,3,Wednesday,1,2
3198,2026-03-27,03:26,J0145,Desierto Neon,Casual,Koro,14,7,6,1,Derrota,630,2026,3,Friday,1,1
5132,2026-05-01,14:17,J0200,Ciudadela,Ranked,Koro,43,6,7,7,Derrota,810,2026,5,Friday,1,1
113,2026-01-19,05:21,J0095,Canales de Hielo,Casual,Koro,14,7,2,2,Victoria,1260,2026,1,Monday,4,1
4560,2026-04-21,19:10,J0038,Puerto Escarlata,Ranked,Koro;Magnus,26,6,4,2,Derrota,620,2026,4,Tuesday,2,2
4596,2026-04-22,08:26,J0028,Desierto Neon,Ranked,Magnus,40,3,4,4,Derrota,420,2026,4,Wednesday,1,1
7426,2026-06-06,09:14,J0200,Canales de Hielo,Casual,Brisa;Koro;Umbra,21,5,5,4,Derrota,600,2026,6,Saturday,1,3
3251,2026-03-28,21:22,J0091,Canales de Hielo,Casual,Lienzo,25,8,4,2,Victoria,1320,2026,3,Saturday,2,1
4691,2026-04-24,19:15,J0072,Bosque Umbral,Ranked,Nadia,41,5,7,5,Victoria,1110,2026,4,Friday,1,1
7825,2026-06-13,17:12,J0053,Puerto Escarlata,Ranked,Magnus,42,5,3,5,Victoria,1190,2026,6,Saturday,2,1
7901,2026-06-14,16:29,J0054,Ciudadela,Casual,,28,7,3,6,Victoria,1440,2026,6,Sunday,2,0
4547,2026-04-21,15:56,J0015,Desierto Neon,Ranked,Umbra,31,7,2,4,Derrota,860,2026,4,Tuesday,4,1
8361,2026-06-21,20:32,J0038,Ciudadela,Ranked,Koro,41,3,2,4,Derrota,460,2026,6,Sunday,2,1
3278,2026-03-28,15:42,J0046,Desierto Neon,Ranked,Brisa;Lienzo,36,7,3,4,Derrota,840,2026,3,Saturday,2,2
6392,2026-05-21,10:34,J0008,Ciudadela,Casual,Tesla,9,4,6,3,Victoria,930,2026,5,Thursday,1,1
9755,2026-07-12,20:09,J0036,Desierto Neon,Ranked,Magnus,23,6,5,3,Derrota,,2026,7,Sunday,1,1
4069,2026-04-12,20:21,J0155,Canales de Hielo,Ranked,Tesla,28,4,2,2,Derrota,460,2026,4,Sunday,2,1
4409,2026-04-19,08:45,J0002,Estacion Orbital,Casual,Nadia,11,6,4,5,,1270,2026,4,Sunday,2,1
6261,2026-05-19,20:54,J0029,Estacion Orbital,Casual,Koro,9,9,5,3,Derrota,950,2026,5,Tuesday,2,1
8657,2026-06-26,02:33,J0002,Ciudadela,Ranked,Umbra,33,5,6,7,Victoria,1230,2026,6,Friday,1,1
9578,2026-07-09,20:50,J0023,Bosque Umbral,Ranked,Brisa;Tesla,45,10,2,2,Victoria,1560,2026,7,Thursday,5,2
3223,2026-03-27,20:29,J0025,Desierto Neon,Torneo,Lienzo,31,8,5,4,Derrota,900,2026,3,Friday,2,1
8276,2026-06-20,00:10,J0161,Ciudadela,Ranked,Koro,23,7,4,4,Derrota,820,2026,6,Saturday,2,1
452,2026-01-27,15:32,J0095,Bosque Umbral,Ranked,Lienzo;Koro;Nadia,42,5,3,3,,590,2026,1,Tuesday,2,3
3732,2026-04-06,10:38,J0041,Canales de Hielo,Ranked,Lienzo,36,2,8,3,Derrota,190,2026,4,Monday,0,1
9024,2026-07-01,15:54,J0031,Bosque Umbral,Casual,Nadia;Magnus,25,6,2,5,Derrota,310,2026,7,Wednesday,3,2
4987,2026-04-28,19:57,J0011,Canales de Hielo,Ranked,Magnus,40,1,6,2,Derrota,80,2026,4,Tuesday,0,1
3664,2026-04-05,18:59,J0015,Ciudadela,Casual,Brisa,17,10,6,3,Victoria,1530,2026,4,Sunday,2,1
2764,2026-03-19,22:09,J0057,Canales de Hielo,Casual,Brisa;Vex,28,11,8,5,Derrota,1190,2026,3,Thursday,1,2
659,2026-02-01,22:51,J0052,Canales de Hielo,Casual,Tesla;Koro,25,5,3,7,Victoria,1290,2026,2,Sunday,2,2
7808,2026-06-13,16:28,J0046,Estacion Orbital,Ranked,Brisa,44,8,3,7,Victoria,1590,2026,6,Saturday,3,1
7873,2026-06-13,19:29,J0157,Puerto Escarlata,Casual,Umbra;Tesla,28,4,4,4,Derrota,520,2026,6,Saturday,1,2
4621,2026-04-23,20:25,J0088,Estacion Orbital,Casual,Magnus;Vex;Umbra,17,8,4,5,Victoria,,2026,4,Thursday,2,3
1000,2026-02-09,19:10,J0159,Desierto Neon,Ranked,Magnus;Tesla,32,5,10,3,Derrota,450,2026,2,Monday,0,2
390,2026-01-25,01:09,J0028,Estacion Orbital,Torneo,Brisa,19,5,5,1,Derrota,450,2026,1,Sunday,1,1
3408,2026-03-30,22:24,J0078,Ciudadela,Casual,Brisa,12,3,6,3,Victoria,830,2026,3,Monday,0,1
1477,2026-02-20,18:45,J0010,Ciudadela,Casual,Nadia;Tesla;Magnus,21,6,7,5,Derrota,710,2026,2,Friday,1,3
2241,2026-03-08,22:50,J0197,Ciudadela,Casual,Brisa,30,8,4,5,Derrota,970,2026,3,Sunday,2,1
2387,2026-03-11,08:35,J0076,Bosque Umbral,Casual,Brisa;Tesla;Umbra,15,6,4,5,Victoria,1270,2026,3,Wednesday,2,3
9210,2026-07-04,13:17,J0034,Bosque Umbral,Ranked,Koro,45,6,5,5,,750,2026,7,Saturday,1,1
993,2026-02-09,22:43,J0092,Ciudadela,Ranked,Koro,28,2,4,3,Derrota,270,2026,2,Monday,0,1
4998,2026-04-29,22:54,J0056,Ciudadela,Ranked,Brisa;Koro,43,2,10,4,Victoria,700,2026,4,Wednesday,0,2
3923,2026-04-09,18:44,J0009,Puerto Escarlata,Casual,Koro,25,1,1,3,Derrota,230,2026,4,Thursday,1,1
2973,2026-03-22,21:01,J0100,Bosque Umbral,Ranked,Magnus;Brisa,40,6,7,2,Derrota,560,2026,3,Sunday,1,2
3387,2026-03-30,16:14,J0030,Bosque Umbral,Ranked,Umbra,25,6,6,2,Derrota,980,2026,3,Monday,1,1
8019,2026-06-16,19:21,J0017,Desierto Neon,Ranked,Nadia,37,9,8,4,Derrota,940,2026,6,Tuesday,1,1
8004,2026-06-15,16:29,J0077,Bosque Umbral,Casual,Koro;Nadia,29,6,8,6,Derrota,740,2026,6,Monday,1,2
4770,2026-04-25,11:47,J0104,Estacion Orbital,Ranked,Vex,37,12,7,2,Victoria,1660,2026,4,Saturday,2,1
1294,2026-02-16,18:46,J0099,Estacion Orbital,Casual,Vex,8,2,6,6,,880,2026,2,Monday,0,1
1825,2026-02-28,15:52,J0033,Ciudadela,Ranked,Brisa,22,5,10,9,Derrota,750,2026,2,Saturday,0,1
2874,2026-03-21,06:54,J0078,Canales de Hielo,Casual,Nadia;Magnus,12,8,8,4,Derrota,840,2026,3,Saturday,1,2
4174,2026-04-14,21:36,J0200,Bosque Umbral,Casual,Vex,29,9,4,3,Victoria,1470,2026,4,Tuesday,2,1
2536,2026-03-14,19:17,J0108,Puerto Escarlata,Casual,Magnus,19,6,3,5,,1290,2026,3,Saturday,2,1
9203,2026-07-04,01:23,J0044,Canales de Hielo,Ranked,Lienzo,29,7,4,4,Derrota,820,2026,7,Saturday,2,1
1908,2026-03-01,18:32,J0004,Ciudadela,Casual,Umbra;Magnus,22,10,7,4,Derrota,1060,2026,3,Sunday,1,2
43,2026-01-17,21:06,J0106,Bosque Umbral,Casual,Tesla,28,9,2,6,Derrota,1160,2026,1,Saturday,4,1
9564,2026-07-09,20:55,J0052,Puerto Escarlata,Casual,Umbra;Koro,28,2,9,5,Victoria,770,2026,7,Thursday,0,2
369,2026-01-25,17:56,J0060,Estacion Orbital,Casual,Brisa;Magnus,17,2,7,4,Derrota,260,2026,1,Sunday,0,2
1152,2026-02-13,21:43,J0061,Canales de Hielo,Casual,Brisa,15,5,5,4,Derrota,600,2026,2,Friday,1,1
7886,2026-06-14,19:59,J0035,Ciudadela,Ranked,Nadia;Umbra,32,5,4,2,Derrota,520,2026,6,Sunday,1,2
8376,2026-06-21,15:52,J0142,Ciudadela,Torneo,Magnus;Nadia;Koro,17,5,3,3,Derrota,590,2026,6,Sunday,2,3
6015,2026-05-16,19:41,J0105,Canales de Hielo,Casual,Tesla;Lienzo,14,2,4,3,Derrota,270,2026,5,Saturday,0,2
6624,2026-05-24,11:56,J0016,Puerto Escarlata,Casual,Brisa;Magnus;Vex,12,10,7,4,Derrota,1060,2026,5,Sunday,1,3
7655,2026-06-10,17:24,J0021,Ciudadela,Casual,Koro,25,7,3,5,Derrota,890,2026,6,Wednesday,2,1
4161,2026-04-14,18:52,J0043,Canales de Hielo,Casual,Tesla;Vex,13,8,3,2,Victoria,1340,2026,4,Tuesday,3,2
4288,2026-04-17,21:23,J0097,Canales de Hielo,Casual,Koro;Lienzo,17,10,10,3,Derrota,950,2026,4,Friday,1,2
7909,2026-06-14,18:02,J0045,Puerto Escarlata,Torneo,Vex;Umbra,29,13,6,3,Victoria,1830,2026,6,Sunday,2,2
6832,2026-05-28,21:18,J0012,Desierto Neon,Casual,Umbra;Brisa,24,4,4,4,Victoria,1020,2026,5,Thursday,1,2
175,2026-01-20,23:32,J0011,Ciudadela,Casual,Vex,15,10,2,3,,1610,2026,1,Tuesday,5,1
1904,2026-03-01,17:03,J0059,Desierto Neon,Torneo,Koro;Nadia,11,3,8,4,Derrota,340,2026,3,Sunday,0,2
1100,2026-02-12,18:06,J0143,Puerto Escarlata,Casual,Lienzo,8,6,8,2,Victoria,740,2026,2,Thursday,1,1
8218,2026-06-19,14:44,J0102,Desierto Neon,Ranked,Vex,24,4,4,3,Victoria,970,2026,6,Friday,1,1
3409,2026-03-30,20:59,J0188,Canales de Hielo,Ranked,Lienzo,44,7,8,4,Derrota,740,2026,3,Monday,1,1
1539,2026-02-21,12:59,J0077,Bosque Umbral,Casual,Vex,11,11,4,8,,1920,2026,2,Saturday,3,1
2293,2026-03-09,20:21,J0200,Ciudadela,Ranked,Tesla;Nadia,35,4,4,5,Derrota,570,2026,3,Monday,1,2
9371,2026-07-06,19:05,J0052,Desierto Neon,Casual,Umbra;Magnus;Brisa,14,7,7,4,Derrota,760,2026,7,Monday,1,3
1364,2026-02-18,16:07,J0018,Estacion Orbital,Casual,Lienzo,23,3,3,8,Derrota,640,2026,2,Wednesday,1,1
7104,2026-06-01,10:12,J0032,Estacion Orbital,Casual,Magnus,14,4,7,2,Victoria,860,2026,6,Monday,1,1
7449,2026-06-06,18:00,J0142,Estacion Orbital,Casual,Umbra;Koro,20,6,5,3,Derrota,750,2026,6,Saturday,1,2
5261,2026-05-03,20:27,J0091,Ciudadela,Casual,Magnus,23,6,8,2,Victoria,1040,2026,5,Sunday,1,1
6936,2026-05-30,20:16,J0043,Ciudadela,Casual,Nadia,23,3,3,5,Derrota,490,2026,5,Saturday,1,1
7181,2026-06-02,21:38,J0067,Desierto Neon,Casual,Brisa,28,8,1,6,Derrota,1080,2026,6,Tuesday,8,1
681,2026-02-02,21:37,J0105,Canales de Hielo,Ranked,Magnus,31,8,11,7,Derrota,930,2026,2,Monday,1,1
9386,2026-07-07,21:30,J0050,Estacion Orbital,Casual,Vex,22,8,3,5,Victoria,1490,2026,7,Tuesday,3,1
9875,2026-07-13,21:09,J0073,Estacion Orbital,Torneo,Lienzo;Umbra,29,5,4,1,Victoria,970,2026,7,Monday,1,2
3665,2026-04-05,18:02,J0011,Estacion Orbital,Ranked,Tesla;Koro,38,4,6,7,Derrota,630,2026,4,Sunday,1,2
1662,2026-02-24,04:45,J0176,Estacion Orbital,Casual,Magnus,19,4,6,2,Victoria,880,2026,2,Tuesday,1,1
509,2026-01-28,12:38,J0026,Bosque Umbral,Casual,Tesla;Koro,26,7,3,3,Victoria,1290,2026,1,Wednesday,2,2
167,2026-01-20,07:11,J0025,Bosque Umbral,Casual,,9,9,11,5,Victoria,1430,2026,1,Tuesday,1,0
5498,2026-05-07,15:44,J0056,Puerto Escarlata,Torneo,Brisa,32,8,3,1,Victoria,1290,2026,5,Thursday,3,1
8365,2026-06-21,18:29,J0027,Estacion Orbital,Ranked,Lienzo;Umbra,29,6,5,5,Derrota,850,2026,6,Sunday,1,2
1007,2026-02-09,20:34,J0061,Estacion Orbital,Casual,Lienzo,15,5,1,4,Derrota,680,2026,2,Monday,5,1
8418,2026-06-22,19:50,J0032,Puerto Escarlata,Casual,Tesla;Vex;Koro,19,12,9,8,Derrota,1420,2026,6,Monday,1,3
1915,2026-03-01,22:35,J0021,Bosque Umbral,Ranked,Brisa;Nadia,39,6,3,7,Victoria,1390,2026,3,Sunday,2,2
3495,2026-04-01,19:58,J0100,Ciudadela,Torneo,Lienzo,15,9,5,2,Derrota,900,2026,4,Wednesday,2,1
9707,2026-07-11,16:50,J0022,Ciudadela,Casual,Vex;Magnus,16,7,5,3,,1250,2026,7,Saturday,1,2
9824,2026-07-12,20:20,J0055,Desierto Neon,Casual,Tesla,16,2,3,2,Victoria,740,2026,7,Sunday,1,1
6559,2026-05-23,15:05,J0086,Desierto Neon,Ranked,Vex,41,4,6,7,Derrota,630,2026,5,Saturday,1,1
4991,2026-04-28,20:43,J0184,Desierto Neon,Casual,Brisa;Lienzo;Nadia,18,7,6,3,Victoria,1230,2026,4,Tuesday,1,3
2537,2026-03-14,17:01,J0100,Puerto Escarlata,Torneo,Lienzo;Koro;Vex,21,12,2,4,Victoria,1860,2026,3,Saturday,6,3
1105,2026-02-12,21:21,J0035,Puerto Escarlata,Casual,Nadia;Lienzo,20,6,1,3,Derrota,730,2026,2,Thursday,6,2
3876,2026-04-09,17:49,J0018,Desierto Neon,Casual,Koro;Umbra,23,2,3,6,Victoria,940,2026,4,Thursday,1,2
7653,2026-06-10,20:18,J0119,Puerto Escarlata,Casual,Umbra,21,7,4,5,Derrota,870,2026,6,Wednesday,2,1
1753,2026-02-26,00:31,J0014,Canales de Hielo,Ranked,Nadia;Lienzo,23,3,6,4,Derrota,380,2026,2,Thursday,0,2
5311,2026-05-04,20:01,J0200,Canales de Hielo,Casual,Tesla;Nadia,13,10,3,4,Derrota,1140,2026,5,Monday,3,2
5953,2026-05-14,08:24,J0005,Ciudadela,Casual,Vex,21,7,2,3,Victoria,1310,2026,5,Thursday,4,1
7095,2026-06-01,23:38,J0034,Canales de Hielo,Ranked,Umbra,43,2,5,6,Victoria,900,2026,6,Monday,0,1
2917,2026-03-21,17:38,J0003,Desierto Neon,Casual,Magnus,11,0,2,2,Victoria,560,2026,3,Saturday,0,1
8194,2026-06-18,20:32,J0200,Desierto Neon,Casual,Tesla;Nadia,30,9,6,4,Derrota,980,2026,6,Thursday,2,2
5755,2026-05-11,18:03,J0018,Desierto Neon,Ranked,Brisa,36,3,1,3,Derrota,430,2026,5,Monday,3,1
153,2026-01-20,20:15,J0184,Desierto Neon,Ranked,Brisa,22,7,4,4,Derrota,820,2026,1,Tuesday,2,1
7821,2026-06-13,17:55,J0194,Canales de Hielo,Casual,Umbra;Brisa;Vex,23,9,5,5,Victoria,1550,2026,6,Saturday,2,3
5680,2026-05-10,13:16,J0200,Estacion Orbital,Casual,Tesla;Brisa,10,2,6,4,Derrota,280,2026,5,Sunday,0,2
3908,2026-04-09,20:07,J0020,Canales de Hielo,Ranked,Vex,29,10,2,6,Derrota,1260,2026,4,Thursday,5,1
9206,2026-07-04,21:59,J0200,Desierto Neon,Casual,Magnus,21,9,7,6,Derrota,1060,2026,7,Saturday,1,1
2553,2026-03-14,13:30,J0001,Ciudadela,Casual,Tesla;Vex,9,7,2,2,Victoria,1260,2026,3,Saturday,4,2
2774,2026-03-19,20:18,J0018,Estacion Orbital,Casual,Vex,28,6,4,6,Victoria,1320,2026,3,Thursday,2,1
6773,2026-05-26,09:47,J0032,Estacion Orbital,Ranked,Koro,38,9,6,4,Victoria,1480,2026,5,Tuesday,2,1
3552,2026-04-03,17:52,J0124,Estacion Orbital,Ranked,Nadia;Tesla,45,8,3,5,Victoria,1490,2026,4,Friday,3,2
3723,2026-04-06,19:27,J0056,Bosque Umbral,Ranked,Vex,32,7,9,7,Derrota,870,2026,4,Monday,1,1
7237,2026-06-03,20:56,J0055,Bosque Umbral,Casual,Tesla,22,2,4,3,Victoria,770,2026,6,Wednesday,0,1
521,2026-01-29,04:17,J0088,Estacion Orbital,Casual,Tesla,25,7,3,6,Victoria,1440,2026,1,Thursday,2,1
8169,2026-06-18,20:37,J0033,Puerto Escarlata,Ranked,Umbra,28,6,7,6,Victoria,1260,2026,6,Thursday,1,1
4539,2026-04-21,22:19,J0029,Estacion Orbital,Ranked,Brisa;Magnus,36,3,2,3,Victoria,910,2026,4,Tuesday,2,2
6898,2026-05-29,12:49,J0011,Desierto Neon,Ranked,Nadia,43,3,6,9,Derrota,630,2026,5,Friday,0,1
1823,2026-02-27,21:44,J0109,Bosque Umbral,Ranked,,43,12,7,3,Derrota,1210,2026,2,Friday,2,0
4087,2026-04-12,10:05,J0001,Estacion Orbital,Ranked,Magnus,31,9,0,2,Derrota,1000,2026,4,Sunday,,1
6259,2026-05-19,16:34,J0001,Canales de Hielo,Casual,Koro,13,3,5,3,Derrota,350,2026,5,Tuesday,1,1
8811,2026-06-28,21:22,J0098,Puerto Escarlata,Ranked,Magnus;Koro,43,11,3,2,Derrota,1140,2026,6,Sunday,4,2
7458,2026-06-07,19:55,J0012,Bosque Umbral,Ranked,Lienzo;Nadia,37,3,5,1,Derrota,250,2026,6,Sunday,1,2
7874,2026-06-13,20:09,J0011,Bosque Umbral,Ranked,Lienzo,23,6,4,6,Victoria,1320,2026,6,Saturday,2,1
310,2026-01-24,01:05,J0006,Estacion Orbital,Casual,Vex,9,4,3,4,Victoria,1040,2026,1,Saturday,1,1
7852,2026-06-13,10:31,J0011,Bosque Umbral,Ranked,Magnus,39,3,4,4,Victoria,920,2026,6,Saturday,1,1
6583,2026-05-24,18:23,J0077,Desierto Neon,Casual,Brisa;Lienzo,17,3,6,1,Victoria,730,2026,5,Sunday,0,2
7442,2026-06-06,16:20,J0011,Ciudadela,Ranked,Tesla;Magnus,32,3,1,4,Victoria,980,2026,6,Saturday,3,2
3600,2026-04-04,18:32,J0039,Canales de Hielo,Ranked,Magnus;Nadia;Vex,41,15,4,3,Derrota,1570,2026,4,Saturday,4,3
3623,2026-04-04,15:17,J0045,Desierto Neon,Casual,Tesla,25,3,4,6,,520,2026,4,Saturday,1,1
3812,2026-04-08,22:23,J0011,Canales de Hielo,Casual,Koro;Tesla,19,8,8,5,Victoria,1390,2026,4,Wednesday,1,2
6006,2026-05-16,19:10,J0017,Canales de Hielo,Torneo,Koro,21,7,10,4,Victoria,1200,2026,5,Saturday,1,1
3451,2026-03-31,17:24,J0037,Canales de Hielo,Torneo,Umbra,31,6,4,3,Derrota,670,2026,3,Tuesday,2,1
4592,2026-04-22,17:54,J0122,Ciudadela,Casual,Umbra,13,6,3,3,Derrota,690,2026,4,Wednesday,2,1
206,2026-01-21,21:44,J0015,Bosque Umbral,Ranked,Tesla,42,9,6,6,Victoria,1580,2026,1,Wednesday,2,1
9914,2026-07-13,19:53,J0171,Desierto Neon,Ranked,Umbra,40,5,2,5,Victoria,1210,2026,7,Monday,2,1
1136,2026-02-13,20:45,J0092,Canales de Hielo,Casual,Koro,16,1,1,4,Derrota,280,2026,2,Friday,1,1
9455,2026-07-08,17:41,J0164,Ciudadela,Ranked,Brisa,33,7,5,4,Victoria,1300,2026,7,Wednesday,1,1
2750,2026-03-18,22:02,J0042,Estacion Orbital,Casual,Umbra,24,6,3,3,Victoria,890,2026,3,Wednesday,2,1
3614,2026-04-04,20:16,J0200,Bosque Umbral,Casual,Nadia,27,7,5,4,Victoria,1300,2026,4,Saturday,1,1
306,2026-01-24,19:42,J0007,Bosque Umbral,Ranked,Brisa;Umbra,26,10,2,7,Derrota,1310,2026,1,Saturday,5,2
1850,2026-02-28,23:08,J0099,Estacion Orbital,Ranked,Brisa;Umbra,32,5,8,8,Victoria,1240,2026,2,Saturday,1,2
6560,2026-05-23,19:07,J0008,Puerto Escarlata,Torneo,Umbra,32,2,3,5,Derrota,390,2026,5,Saturday,1,1
9139,2026-07-03,11:52,J0055,Canales de Hielo,Ranked,Umbra;Vex,39,4,9,3,Victoria,870,2026,7,Friday,0,2
1989,2026-03-03,19:17,J0044,Bosque Umbral,Torneo,Nadia,20,8,5,6,Victoria,1500,2026,3,Tuesday,2,1
3241,2026-03-28,12:48,J0015,Ciudadela,Ranked,Nadia;Umbra,29,6,4,4,Derrota,720,2026,3,Saturday,2,2
2799,2026-03-19,04:37,J0054,Bosque Umbral,Casual,Koro;Tesla,29,8,5,4,Derrota,900,2026,3,Thursday,2,2
4516,2026-04-20,19:07,J0040,Canales de Hielo,Casual,Lienzo;Nadia;Tesla,31,2,9,5,Victoria,770,2026,4,Monday,0,3
5631,2026-05-09,18:58,J0044,Desierto Neon,Casual,Umbra;Vex,28,16,6,1,Victoria,2030,2026,5,Saturday,3,2
7845,2026-06-13,17:35,J0121,Desierto Neon,Casual,Nadia;Lienzo,13,3,4,4,Derrota,420,2026,6,Saturday,1,2
3110,2026-03-25,17:39,J0200,Bosque Umbral,Casual,Brisa,30,2,10,3,,150,2026,3,Wednesday,0,1
4940,2026-04-27,14:09,J0140,Puerto Escarlata,Ranked,Koro;Tesla,42,5,2,7,Victoria,1310,2026,4,Monday,2,2
4060,2026-04-12,19:49,J0051,Desierto Neon,Ranked,Vex,43,8,6,4,Derrota,880,2026,4,Sunday,1,1
1988,2026-03-03,20:12,J0001,Bosque Umbral,Casual,Koro,15,6,4,2,Victoria,1120,2026,3,Tuesday,2,1
7283,2026-06-04,18:11,J0093,Puerto Escarlata,Ranked,Magnus,44,5,9,2,Victoria,920,2026,6,Thursday,1,1
8944,2026-06-30,09:58,J0156,Estacion Orbital,Ranked,Tesla;Umbra,30,4,5,4,Derrota,500,2026,6,Tuesday,1,2
6730,2026-05-26,18:36,J0020,Ciudadela,Ranked,Lienzo;Nadia,42,8,6,4,Victoria,1380,2026,5,Tuesday,1,2
384,2026-01-25,14:31,J0035,Desierto Neon,Ranked,Nadia;Vex,23,12,3,4,Victoria,1840,2026,1,Sunday,4,2
5635,2026-05-09,16:37,J0039,Puerto Escarlata,Casual,Lienzo,14,9,5,9,Victoria,1750,2026,5,Saturday,2,1
4308,2026-04-17,17:29,J0024,Bosque Umbral,Casual,Vex,27,10,5,5,Victoria,1650,2026,4,Friday,2,1
3389,2026-03-30,12:01,J0160,Desierto Neon,Ranked,Vex,28,5,8,8,Victoria,1240,2026,3,Monday,1,1
3157,2026-03-26,18:42,J0163,Estacion Orbital,Casual,Nadia;Umbra;Brisa,22,15,6,3,Derrota,1530,2026,3,Thursday,2,3
6054,2026-05-16,17:25,J0134,Estacion Orbital,Casual,Vex,20,11,2,5,Derrota,1310,2026,5,Saturday,6,1
2728,2026-03-18,18:53,J0127,Puerto Escarlata,Ranked,Umbra;Vex;Brisa,32,3,7,3,Victoria,810,2026,3,Wednesday,0,3
6445,2026-05-22,12:03,J0013,Desierto Neon,Casual,Nadia;Brisa,17,4,4,3,Derrota,470,2026,5,Friday,1,2
6390,2026-05-21,14:15,J0015,Canales de Hielo,Casual,Vex,9,11,7,5,Victoria,1710,2026,5,Thursday,2,1
8753,2026-06-27,06:36,J0004,Puerto Escarlata,Casual,Nadia,19,4,12,4,Derrota,360,2026,6,Saturday,0,1
8368,2026-06-21,18:41,J0104,Ciudadela,Casual,Umbra,16,5,7,3,Victoria,1010,2026,6,Sunday,1,1
6297,2026-05-20,16:02,J0003,Puerto Escarlata,Ranked,Tesla,26,8,4,2,Derrota,820,2026,5,Wednesday,2,1
3833,2026-04-08,10:48,J0160,Desierto Neon,Casual,Brisa,29,0,6,4,Derrota,80,2026,4,Wednesday,0,1
8774,2026-06-27,17:37,J0001,Canales de Hielo,Ranked,Nadia;Lienzo;Tesla,25,6,7,3,Victoria,710,2026,6,Saturday,1,3
4777,2026-04-25,17:37,J0107,Canales de Hielo,Casual,Nadia;Vex;Magnus,20,8,4,2,Victoria,1320,2026,4,Saturday,2,3
4277,2026-04-16,16:56,J0004,Puerto Escarlata,Casual,Koro,24,1,4,5,Victoria,770,2026,4,Thursday,0,1
254,2026-01-22,19:45,J0033,Puerto Escarlata,Casual,Magnus,20,3,4,4,Victoria,920,2026,1,Thursday,1,1
6283,2026-05-19,14:17,J0059,Bosque Umbral,Ranked,,43,11,4,5,Derrota,1270,2026,5,Tuesday,3,0
9664,2026-07-11,18:07,J0024,Desierto Neon,Casual,Koro,20,4,11,2,Victoria,780,2026,7,Saturday,0,1
7416,2026-06-06,06:01,J0017,Puerto Escarlata,Casual,Lienzo,31,12,9,5,Derrota,1270,2026,6,Saturday,1,1
279,2026-01-23,21:22,J0016,Puerto Escarlata,Casual,Umbra;Nadia,21,6,3,3,Victoria,1190,2026,1,Friday,2,2
3253,2026-03-28,20:40,J0165,Desierto Neon,Ranked,Tesla,30,6,8,6,Derrota,240,2026,3,Saturday,1,1
2481,2026-03-13,20:14,J0180,Desierto Neon,Ranked,Vex;Umbra,45,10,3,5,Victoria,1690,2026,3,Friday,3,2
290,2026-01-23,16:16,J0019,Bosque Umbral,Torneo,Nadia;Vex,24,7,3,3,Derrota,790,2026,1,Friday,2,2
6196,2026-05-18,17:56,J0075,Bosque Umbral,Ranked,Vex,25,11,5,1,Victoria,1550,2026,5,Monday,2,1
3076,2026-03-24,18:31,J0038,Desierto Neon,Ranked,Koro;Tesla,23,4,4,0,Derrota,320,2026,3,Tuesday,1,2
4074,2026-04-12,18:23,J0040,Bosque Umbral,Casual,Tesla,16,7,6,7,Derrota,930,2026,4,Sunday,1,1
7728,2026-06-11,23:04,J0200,Ciudadela,Casual,Umbra,13,4,3,2,Victoria,940,2026,6,Thursday,1,1
6517,2026-05-23,12:12,J0015,Bosque Umbral,Ranked,Nadia,40,11,7,7,Victoria,1810,2026,5,Saturday,2,1
6109,2026-05-17,20:38,J0096,Bosque Umbral,Casual,Tesla,16,6,3,2,Victoria,1140,2026,5,Sunday,2,1
5090,2026-04-30,14:10,J0052,Desierto Neon,Casual,Vex,30,14,8,3,Derrota,1390,2026,4,Thursday,2,1
6801,2026-05-27,17:28,J0063,Estacion Orbital,Casual,Vex;Brisa,30,12,9,4,Derrota,1220,2026,5,Wednesday,1,2
7411,2026-06-06,08:22,J0006,Desierto Neon,Ranked,Koro,30,7,6,6,Victoria,1380,2026,6,Saturday,1,1
9791,2026-07-12,20:51,J0027,Desierto Neon,Casual,Magnus;Koro,31,4,3,5,Derrota,590,2026,7,Sunday,1,2
8468,2026-06-23,16:05,J0104,Estacion Orbital,Ranked,Brisa;Lienzo;Nadia,39,5,8,1,Victoria,890,2026,6,Tuesday,1,3
9028,2026-07-01,16:37,J0037,Canales de Hielo,Casual,Tesla;Nadia,32,9,4,7,Derrota,1170,2026,7,Wednesday,2,2
7888,2026-06-14,23:28,J0160,Estacion Orbital,Ranked,Tesla,45,6,1,1,Derrota,630,2026,6,Sunday,6,1
271,2026-01-23,14:16,J0093,Desierto Neon,Ranked,Nadia,31,0,3,5,Victoria,690,2026,1,Friday,0,1
6010,2026-05-16,12:09,J0001,Puerto Escarlata,Ranked,Koro,22,2,3,5,Victoria,890,2026,5,Saturday,1,1
4571,2026-04-21,20:57,J0026,Desierto Neon,Ranked,Vex,40,12,3,4,Derrota,1340,2026,4,Tuesday,4,1
9785,2026-07-12,03:20,J0006,Desierto Neon,Ranked,Umbra,24,7,2,5,Derrota,910,2026,7,Sunday,4,1
8140,2026-06-17,20:12,J0034,Bosque Umbral,Ranked,Koro;Brisa;Umbra,38,4,6,3,Derrota,430,2026,6,Wednesday,1,3
2972,2026-03-22,16:31,J0041,Estacion Orbital,Torneo,Koro,23,2,3,6,Victoria,940,2026,3,Sunday,1,1
7543,2026-06-08,19:56,J0200,Puerto Escarlata,Ranked,Nadia,22,6,3,3,Victoria,1190,2026,6,Monday,2,1
8837,2026-06-28,19:08,J0032,Estacion Orbital,Casual,Brisa,32,6,3,0,Derrota,640,2026,6,Sunday,2,1
4208,2026-04-15,18:55,J0010,Canales de Hielo,Casual,Koro,19,9,3,1,Victoria,1390,2026,4,Wednesday,3,1
3219,2026-03-27,21:40,J0014,Estacion Orbital,Casual,Vex;Magnus,14,5,10,5,Derrota,550,2026,3,Friday,0,2
1392,2026-02-18,18:58,J0024,Estacion Orbital,Casual,Koro;Nadia,19,6,3,5,Victoria,1290,2026,2,Wednesday,2,2
3976,2026-04-11,01:42,J0114,Ciudadela,Ranked,Tesla;Umbra;Koro,25,4,5,6,Victoria,1100,2026,4,Saturday,1,3
4317,2026-04-17,19:46,J0011,Canales de Hielo,Ranked,Magnus,22,6,1,3,Derrota,730,2026,4,Friday,6,1
6815,2026-05-27,23:29,J0032,Estacion Orbital,Ranked,Tesla;Vex,37,10,7,7,Victoria,1710,2026,5,Wednesday,1,2
7472,2026-06-07,12:11,J0006,Puerto Escarlata,Ranked,Brisa,35,12,7,6,Derrota,1360,2026,6,Sunday,2,1
9492,2026-07-08,20:59,J0041,Estacion Orbital,Casual,Tesla;Brisa;Vex,30,9,3,3,Victoria,1490,2026,7,Wednesday,3,3
84,2026-01-18,17:07,J0101,Puerto Escarlata,Casual,Lienzo,13,8,4,4,Derrota,920,2026,1,Sunday,2,1
874,2026-02-07,20:33,J0016,Canales de Hielo,Casual,Magnus,14,9,5,2,Derrota,900,2026,2,Saturday,2,1
9679,2026-07-11,21:08,J0040,Puerto Escarlata,Casual,Koro;Brisa,19,7,4,3,Victoria,,2026,7,Saturday,2,2
7765,2026-06-12,20:39,J0035,Bosque Umbral,Torneo,Magnus;Vex,13,7,2,2,Victoria,1260,2026,6,Friday,4,2
4558,2026-04-21,18:55,J0188,Bosque Umbral,Torneo,Koro,27,4,4,5,Victoria,1070,2026,4,Tuesday,1,1
4501,2026-04-20,08:20,J0079,Canales de Hielo,Casual,Koro,8,6,4,3,Victoria,1170,2026,4,Monday,2,1
4648,2026-04-23,10:56,J0027,Desierto Neon,Torneo,Nadia;Koro;Umbra,20,7,7,7,Derrota,910,2026,4,Thursday,1,3
2039,2026-03-04,05:09,J0158,Canales de Hielo,Ranked,Koro;Umbra;Brisa,26,5,7,7,Derrota,,2026,3,Wednesday,1,3
9768,2026-07-12,13:17,J0016,Desierto Neon,Ranked,Vex,22,10,6,3,Derrota,1030,2026,7,Sunday,2,1
7258,2026-06-03,12:52,J0047,Estacion Orbital,Torneo,Tesla,20,9,6,5,Victoria,1530,2026,6,Wednesday,2,1
2451,2026-03-12,16:37,J0012,Ciudadela,Ranked,Lienzo,28,6,11,4,Victoria,1080,2026,3,Thursday,1,1
3955,2026-04-10,19:24,J0016,Ciudadela,Casual,Brisa,15,9,9,5,Derrota,970,2026,4,Friday,1,1
2330,2026-03-10,00:18,J0137,Canales de Hielo,Ranked,Tesla;Koro,33,8,4,7,Derrota,1070,2026,3,Tuesday,2,2
9195,2026-07-04,12:08,J0011,Puerto Escarlata,Ranked,Lienzo,27,5,4,3,Victoria,1070,2026,7,Saturday,1,1
7169,2026-06-02,00:24,J0026,Bosque Umbral,Casual,Brisa,14,4,3,3,Victoria,990,2026,6,Tuesday,1,1
5043,2026-04-30,03:50,J0113,Desierto Neon,Casual,Vex,23,6,2,4,Victoria,1260,2026,4,Thursday,3,1
9435,2026-07-07,21:43,J0102,Puerto Escarlata,Casual,Umbra;Koro,21,3,4,5,Victoria,970,2026,7,Tuesday,1,2
4747,2026-04-24,20:19,J0020,Desierto Neon,Casual,Brisa;Magnus,15,8,5,0,Derrota,700,2026,4,Friday,2,2
9438,2026-07-07,18:09,J0011,Ciudadela,Ranked,Nadia;Lienzo,23,6,2,5,Derrota,810,2026,7,Tuesday,3,2
8189,2026-06-18,19:07,J0079,Desierto Neon,Ranked,Magnus,29,3,5,4,Victoria,900,2026,6,Thursday,1,1
6608,2026-05-24,18:42,J0003,Puerto Escarlata,Ranked,Umbra,28,6,4,5,Victoria,1270,2026,5,Sunday,2,1
6755,2026-05-26,16:13,J0008,Ciudadela,Casual,Koro,21,1,3,5,Victoria,790,2026,5,Tuesday,0,1
8797,2026-06-28,10:29,J0005,Estacion Orbital,Ranked,Magnus;Koro,36,2,11,3,Victoria,630,2026,6,Sunday,0,2
2402,2026-03-11,22:33,J0200,Estacion Orbital,Ranked,Tesla,37,4,3,5,,590,2026,3,Wednesday,1,1
5521,2026-05-08,20:48,J0086,Canales de Hielo,Ranked,Koro,33,3,5,4,Derrota,400,2026,5,Friday,1,1
1217,2026-02-14,15:58,J0042,Puerto Escarlata,Casual,Nadia;Brisa;Umbra,24,5,3,6,Victoria,1240,2026,2,Saturday,2,3
8764,2026-06-27,11:51,J0001,Canales de Hielo,Casual,Brisa;Tesla,11,7,6,5,Derrota,830,2026,6,Saturday,1,2
6021,2026-05-16,14:00,J0038,Canales de Hielo,Casual,Koro,30,5,4,4,Victoria,1120,2026,5,Saturday,1,1
9251,2026-07-05,18:50,J0090,Canales de Hielo,Ranked,Koro,33,5,2,2,Derrota,560,2026,7,Sunday,2,1
1065,2026-02-11,15:39,J0013,Bosque Umbral,Casual,Nadia,10,5,5,7,Derrota,750,2026,2,Wednesday,1,1
3787,2026-04-07,13:46,J0096,Desierto Neon,Ranked,Koro;Tesla,29,8,6,5,Derrota,930,2026,4,Tuesday,1,2
4411,2026-04-19,08:48,J0089,Ciudadela,Casual,Umbra,29,11,4,2,Victoria,1620,2026,4,Sunday,3,1
7314,2026-06-04,08:54,J0045,Ciudadela,Ranked,Magnus,35,4,3,3,Victoria,990,2026,6,Thursday,1,1
6880,2026-05-29,16:32,J0064,Bosque Umbral,Casual,Umbra;Magnus,31,8,2,3,Victoria,1410,2026,5,Friday,4,2
5524,2026-05-08,20:07,J0016,Desierto Neon,Ranked,Nadia,40,7,6,4,Victoria,1280,2026,5,Friday,1,1
5997,2026-05-15,19:57,J0004,Estacion Orbital,Casual,Vex,24,4,8,5,Derrota,490,2026,5,Friday,0,1
8903,2026-06-29,07:45,J0027,Bosque Umbral,Ranked,Nadia;Vex,41,6,6,3,Derrota,630,2026,6,Monday,1,2
5889,2026-05-13,13:47,J0155,Bosque Umbral,Ranked,Umbra;Koro,26,2,4,4,Derrota,320,2026,5,Wednesday,0,2
2162,2026-03-06,22:35,J0051,Ciudadela,Ranked,Nadia;Koro,22,4,4,3,Victoria,970,2026,3,Friday,1,2
3009,2026-03-23,18:19,J0032,Desierto Neon,Casual,Koro,11,6,8,7,Victoria,1290,2026,3,Monday,1,1
1106,2026-02-12,19:53,J0089,Ciudadela,Casual,Nadia,26,3,1,5,Victoria,1030,2026,2,Thursday,3,1
6772,2026-05-26,18:04,J0061,Puerto Escarlata,Casual,Koro,16,8,7,5,Victoria,1410,2026,5,Tuesday,1,1
693,2026-02-02,21:09,J0011,Puerto Escarlata,Ranked,Umbra,30,3,10,4,Victoria,800,2026,2,Monday,0,1
7643,2026-06-10,19:56,J0172,Estacion Orbital,Ranked,Brisa;Vex,37,12,1,5,Victoria,1930,2026,6,Wednesday,12,2
4957,2026-04-28,20:14,J0003,Estacion Orbital,Casual,Tesla;Umbra,17,0,6,4,Victoria,580,2026,4,Tuesday,0,2
6714,2026-05-25,18:25,J0200,Estacion Orbital,Casual,Lienzo,31,5,5,3,Victoria,1050,2026,5,Monday,1,1
8547,2026-06-24,12:57,J0011,Canales de Hielo,Casual,Tesla,12,5,3,1,Victoria,990,2026,6,Wednesday,2,1
4370,2026-04-18,17:27,J0081,Desierto Neon,Ranked,Nadia;Tesla,30,4,6,4,Derrota,480,2026,4,Saturday,1,2
2766,2026-03-19,19:42,J0007,Ciudadela,Ranked,Magnus,34,5,6,4,Derrota,580,2026,3,Thursday,1,1
3930,2026-04-10,21:43,J0086,Desierto Neon,Ranked,Nadia;Koro,31,6,8,8,Victoria,1340,2026,4,Friday,1,2
7260,2026-06-03,18:01,J0013,Desierto Neon,Casual,Vex;Nadia,15,8,4,1,Victoria,1270,2026,6,Wednesday,2,2
8804,2026-06-28,18:56,J0010,Puerto Escarlata,Ranked,Vex,35,5,3,7,Derrota,790,2026,6,Sunday,2,1
7660,2026-06-10,20:56,J0033,Bosque Umbral,Ranked,Nadia;Umbra;Lienzo,26,11,4,3,Victoria,1670,2026,6,Wednesday,3,3
6511,2026-05-23,20:00,J0072,Canales de Hielo,Ranked,Koro;Nadia,37,4,4,5,Victoria,1070,2026,5,Saturday,1,2
629,2026-01-31,20:05,J0002,Bosque Umbral,Casual,Umbra,14,5,6,4,Derrota,580,2026,1,Saturday,1,1
2452,2026-03-12,15:11,J0008,Puerto Escarlata,Torneo,,17,7,7,4,Derrota,760,2026,3,Thursday,1,0
6351,2026-05-21,19:47,J0066,Canales de Hielo,Ranked,Koro,35,7,5,3,Victoria,1250,2026,5,Thursday,1,1
9852,2026-07-13,22:39,J0075,Puerto Escarlata,Casual,Vex,27,9,5,4,Victoria,1500,2026,7,Monday,2,1
3825,2026-04-08,21:26,J0050,Puerto Escarlata,Ranked,,26,6,2,8,Derrota,760,2026,4,Wednesday,3,0
9048,2026-07-01,20:00,J0128,Estacion Orbital,Ranked,Koro,35,8,1,4,Victoria,1480,2026,7,Wednesday,8,1
2653,2026-03-16,23:10,J0035,Bosque Umbral,Ranked,Brisa,37,7,6,7,Derrota,930,2026,3,Monday,1,1
9178,2026-07-04,18:29,J0103,Canales de Hielo,Casual,Vex;Umbra,18,9,8,5,Victoria,1490,2026,7,Saturday,1,2
3744,2026-04-06,20:14,J0031,Desierto Neon,Casual,Lienzo;Magnus,17,4,6,5,Derrota,530,2026,4,Monday,1,2
2177,2026-03-07,17:27,J0107,Ciudadela,Casual,Lienzo;Umbra,32,4,8,3,Derrota,390,2026,3,Saturday,0,2
9981,2026-07-14,20:37,J0008,Estacion Orbital,Ranked,Koro;Magnus,27,1,8,4,Derrota,140,2026,7,Tuesday,0,2
9334,2026-07-06,00:53,J0133,Puerto Escarlata,Torneo,Tesla;Nadia;Vex,12,6,3,6,Victoria,1340,2026,7,Monday,2,3
3319,2026-03-29,22:24,J0067,Estacion Orbital,Ranked,Nadia,33,5,4,4,Victoria,1120,2026,3,Sunday,1,1
6456,2026-05-22,15:06,J0004,Desierto Neon,Ranked,Nadia,27,7,6,5,Derrota,830,2026,5,Friday,1,1
2788,2026-03-19,19:44,J0070,Estacion Orbital,Ranked,Lienzo,36,7,3,2,Derrota,740,2026,3,Thursday,2,1
4106,2026-04-13,19:22,J0116,Desierto Neon,Torneo,Koro;Lienzo;Brisa,30,6,6,2,Derrota,1180,2026,4,Monday,1,3
6554,2026-05-23,19:28,J0118,Desierto Neon,Casual,Nadia,27,7,7,7,Derrota,910,2026,5,Saturday,1,1
1677,2026-02-24,17:18,J0061,Desierto Neon,Casual,Tesla,30,6,5,1,Derrota,550,2026,2,Tuesday,1,1
3948,2026-04-10,22:02,J0045,Ciudadela,Ranked,Umbra;Tesla,40,7,6,3,Victoria,1230,2026,4,Friday,1,2
4445,2026-04-19,08:45,J0069,Puerto Escarlata,Casual,Brisa,12,1,5,2,Derrota,100,2026,4,Sunday,0,1
2937,2026-03-22,20:45,J0016,Estacion Orbital,Casual,Umbra;Brisa,11,8,10,2,Derrota,700,2026,3,Sunday,1,2
9331,2026-07-06,21:54,J0054,Bosque Umbral,Casual,Lienzo,25,7,4,6,Derrota,920,2026,7,Monday,2,1
7900,2026-06-14,19:21,J0092,Puerto Escarlata,Ranked,Vex,26,6,6,4,Victoria,1180,2026,6,Sunday,1,1
5723,2026-05-10,12:43,J0025,Puerto Escarlata,Ranked,Magnus,27,6,4,2,Derrota,620,2026,5,Sunday,2,1
7910,2026-06-14,14:11,J0005,Estacion Orbital,Casual,,14,8,4,2,Victoria,1320,2026,6,Sunday,2,0
2504,2026-03-14,23:45,J0021,Desierto Neon,Casual,Tesla;Magnus,23,11,8,2,Derrota,1040,2026,3,Saturday,1,2
8549,2026-06-24,17:00,J0200,Bosque Umbral,Casual,Tesla,18,2,8,3,Derrota,190,2026,6,Wednesday,0,1
2370,2026-03-10,19:15,J0149,Desierto Neon,Torneo,Tesla,17,2,3,3,Victoria,790,2026,3,Tuesday,1,1
4968,2026-04-28,05:54,J0023,Bosque Umbral,Ranked,Tesla,39,9,4,6,Victoria,1620,2026,4,Tuesday,2,1
5884,2026-05-13,17:35,J0006,Desierto Neon,Ranked,Lienzo,37,8,3,3,Victoria,1390,2026,5,Wednesday,3,1
2218,2026-03-07,01:37,J0145,Ciudadela,Casual,Nadia,28,2,9,2,Derrota,120,2026,3,Saturday,0,1
5848,2026-05-12,21:20,J0200,Puerto Escarlata,Ranked,Umbra,37,6,6,2,Derrota,580,2026,5,Tuesday,1,1
2219,2026-03-07,12:37,J0040,Estacion Orbital,Ranked,Vex;Nadia;Magnus,45,5,3,4,,1140,2026,3,Saturday,2,3
3327,2026-03-29,20:34,J0063,Estacion Orbital,Casual,Koro;Nadia;Brisa,23,7,6,2,Victoria,1180,2026,3,Sunday,1,3
7445,2026-06-06,19:24,J0051,Canales de Hielo,Casual,,32,3,4,7,Derrota,570,2026,6,Saturday,1,0
3584,2026-04-03,13:32,J0200,Bosque Umbral,Casual,Tesla;Nadia,24,5,6,3,Victoria,1030,2026,4,Friday,1,2
9898,2026-07-13,02:19,J0039,Canales de Hielo,Casual,Tesla,23,5,4,6,Derrota,720,2026,7,Monday,1,1
3620,2026-04-04,19:05,J0172,Ciudadela,Casual,Lienzo,15,10,4,6,Victoria,1720,2026,4,Saturday,2,1
6218,2026-05-18,01:32,J0107,Estacion Orbital,Ranked,Magnus;Vex,34,3,7,3,Victoria,810,2026,5,Monday,0,2
7838,2026-06-13,17:33,J0156,Canales de Hielo,Ranked,Tesla,38,7,6,3,Derrota,730,2026,6,Saturday,1,1
6546,2026-05-23,16:34,J0005,Canales de Hielo,Ranked,Vex;Koro,40,11,8,6,Derrota,1240,2026,5,Saturday,1,2
3116,2026-03-25,00:42,J0062,Desierto Neon,Ranked,Magnus,24,6,4,6,Derrota,820,2026,3,Wednesday,2,1
86,2026-01-18,16:46,J0029,Puerto Escarlata,Casual,Tesla,15,6,5,5,Derrota,750,2026,1,Sunday,1,1
5974,2026-05-15,15:20,J0067,Puerto Escarlata,Casual,Brisa,32,6,3,5,Victoria,1190,2026,5,Friday,2,1
2802,2026-03-19,21:07,J0097,Puerto Escarlata,Ranked,Tesla,26,6,4,5,Derrota,770,2026,3,Thursday,2,1
3672,2026-04-05,01:02,J0028,Canales de Hielo,Ranked,Koro;Lienzo,22,6,6,2,Victoria,1080,2026,4,Sunday,1,2
3668,2026-04-05,13:08,J0149,Puerto Escarlata,Casual,Magnus,30,9,4,6,Derrota,1120,2026,4,Sunday,2,1
9868,2026-07-13,13:41,J0036,Bosque Umbral,Casual,Koro,10,0,8,2,Derrota,0,2026,7,Monday,0,1
5159,2026-05-02,21:48,J0014,Ciudadela,Ranked,Tesla;Magnus,23,3,5,5,Derrota,450,2026,5,Saturday,1,2
5726,2026-05-10,22:28,J0086,Desierto Neon,Ranked,Lienzo;Magnus,43,5,7,5,Derrota,610,2026,5,Sunday,1,2
4591,2026-04-22,23:53,J0011,Ciudadela,Ranked,Koro,36,1,6,7,Victoria,830,2026,4,Wednesday,0,1
2020,2026-03-04,18:43,J0138,Puerto Escarlata,Casual,Nadia;Koro,24,4,6,4,Victoria,980,2026,3,Wednesday,1,2
7965,2026-06-15,23:08,J0020,Puerto Escarlata,Casual,,13,6,4,4,Victoria,1220,2026,6,Monday,2,0
2526,2026-03-14,16:48,J0044,Puerto Escarlata,Casual,Koro,11,8,5,1,Derrota,750,2026,3,Saturday,2,1
7439,2026-06-06,20:59,J0035,Bosque Umbral,Ranked,Nadia,37,10,4,1,Victoria,1470,2026,6,Saturday,2,1
3213,2026-03-27,18:29,J0125,Desierto Neon,Ranked,Umbra,42,4,10,5,Victoria,950,2026,3,Friday,0,1
520,2026-01-29,17:25,J0108,Canales de Hielo,Casual,Vex,32,8,10,6,Derrota,900,2026,1,Thursday,1,1
5367,2026-05-05,20:58,J0010,Desierto Neon,Casual,Nadia;Lienzo,24,7,5,4,Victoria,1300,2026,5,Tuesday,1,2
8747,2026-06-27,20:23,J0044,Bosque Umbral,Casual,Lienzo,10,8,5,3,Derrota,850,2026,6,Saturday,2,1
2896,2026-03-21,14:42,J0050,Canales de Hielo,Ranked,Umbra;Vex,45,4,5,5,Victoria,,2026,3,Saturday,1,2
245,2026-01-22,13:49,J0200,Estacion Orbital,Casual,Lienzo,17,1,3,7,Derrota,390,2026,1,Thursday,0,1
5931,2026-05-14,16:08,J0018,Desierto Neon,Ranked,Nadia,41,2,5,3,Derrota,250,2026,5,Thursday,0,1
4715,2026-04-24,15:53,J0020,Ciudadela,Ranked,Koro,42,4,3,3,Victoria,990,2026,4,Friday,1,1
9278,2026-07-05,19:39,J0086,Estacion Orbital,Casual,Brisa,31,3,4,3,,370,2026,7,Sunday,1,1
3426,2026-03-31,17:51,J0016,Puerto Escarlata,Casual,Vex;Nadia,20,12,6,4,Victoria,1780,2026,3,Tuesday,2,2
7054,2026-05-31,22:21,J0028,Puerto Escarlata,Casual,Nadia;Koro,18,4,7,7,Derrota,610,2026,5,Sunday,1,2
6839,2026-05-28,15:47,J0126,Canales de Hielo,Torneo,Magnus,29,4,4,1,Victoria,870,2026,5,Thursday,1,1
6751,2026-05-26,19:50,J0037,Desierto Neon,Casual,Koro,10,6,9,2,Victoria,820,2026,5,Tuesday,1,1
9273,2026-07-05,03:28,J0066,Ciudadela,Casual,Umbra,18,12,4,2,Derrota,1220,2026,7,Sunday,3,1
7376,2026-06-05,15:05,J0002,Estacion Orbital,Ranked,Koro;Magnus,39,7,3,3,Victoria,1290,2026,6,Friday,2,2
5510,2026-05-07,21:56,J0028,Canales de Hielo,Torneo,Vex,31,7,6,3,Victoria,1230,2026,5,Thursday,1,1
2002,2026-03-03,17:24,J0011,Estacion Orbital,Ranked,Nadia,33,3,3,1,Victoria,790,2026,3,Tuesday,1,1
886,2026-02-07,21:22,J0126,Puerto Escarlata,Casual,Magnus,19,4,7,5,Victoria,,2026,2,Saturday,1,1
870,2026-02-07,20:14,J0008,Estacion Orbital,Ranked,Tesla,31,2,3,6,Derrota,440,2026,2,Saturday,1,1
9762,2026-07-12,19:36,J0003,Canales de Hielo,Ranked,Nadia;Vex;Umbra,42,3,2,3,Derrota,410,2026,7,Sunday,2,3
5721,2026-05-10,18:55,J0200,Canales de Hielo,Casual,Lienzo;Vex,15,6,7,2,Derrota,460,2026,5,Sunday,1,2
357,2026-01-25,19:09,J0021,Puerto Escarlata,Casual,Koro,23,6,8,2,Victoria,1040,2026,1,Sunday,1,1
9982,2026-07-14,19:17,J0074,Puerto Escarlata,Casual,Brisa;Lienzo,19,3,5,5,Victoria,950,2026,7,Tuesday,1,2
5452,2026-05-06,15:26,J0011,Desierto Neon,Casual,Brisa,8,4,4,6,Derrota,620,2026,5,Wednesday,1,1
8258,2026-06-20,20:29,J0008,Puerto Escarlata,Ranked,Magnus,42,3,4,5,Victoria,,2026,6,Saturday,1,1
6909,2026-05-29,03:59,J0179,Ciudadela,Ranked,Brisa,38,7,2,4,Victoria,1360,2026,5,Friday,4,1
7835,2026-06-13,23:43,J0031,Bosque Umbral,Torneo,,11,8,3,2,Derrota,840,2026,6,Saturday,3,0
1276,2026-02-15,21:19,J0026,Canales de Hielo,Ranked,Umbra,43,3,5,4,Victoria,900,2026,2,Sunday,1,1
1891,2026-03-01,18:29,J0084,Desierto Neon,Casual,Koro,14,8,4,2,Victoria,1320,2026,3,Sunday,2,1
9793,2026-07-12,17:11,J0054,Canales de Hielo,Casual,Vex,13,11,7,2,Victoria,1560,2026,7,Sunday,2,1
7853,2026-06-13,22:22,J0004,Desierto Neon,Ranked,Vex,37,9,2,0,Victoria,1360,2026,6,Saturday,4,1
9254,2026-07-05,14:30,J0036,Bosque Umbral,Ranked,Umbra,33,0,4,4,Derrota,120,2026,7,Sunday,0,1
3564,2026-04-03,17:27,J0059,Bosque Umbral,Casual,Koro;Vex;Tesla,27,9,5,3,Victoria,1450,2026,4,Friday,2,3
5788,2026-05-11,14:28,J0171,Puerto Escarlata,Casual,Koro,31,7,5,4,Derrota,800,2026,5,Monday,1,1
4959,2026-04-28,19:32,J0031,Estacion Orbital,Ranked,Tesla,44,9,6,4,Derrota,980,2026,4,Tuesday,2,1
1547,2026-02-21,04:30,J0004,Puerto Escarlata,Casual,Tesla,20,4,3,4,Derrota,540,2026,2,Saturday,1,1
6194,2026-05-18,22:08,J0001,Ciudadela,Ranked,Tesla,30,5,8,6,Victoria,1140,2026,5,Monday,1,1
2381,2026-03-11,18:51,J0043,Puerto Escarlata,Casual,Nadia,28,6,3,4,Victoria,1240,2026,3,Wednesday,2,1
3824,2026-04-08,21:18,J0053,Estacion Orbital,Casual,Umbra,9,7,5,3,Derrota,750,2026,4,Wednesday,1,1
3233,2026-03-27,04:56,J0004,Puerto Escarlata,Casual,Nadia,20,5,7,2,Victoria,960,2026,3,Friday,1,1
8465,2026-06-22,10:15,J0011,Estacion Orbital,Ranked,Tesla,41,6,2,2,Victoria,1160,2026,6,Monday,3,1
3307,2026-03-28,18:53,J0019,Puerto Escarlata,Casual,Tesla;Koro;Magnus,29,3,7,2,Victoria,760,2026,3,Saturday,0,3
493,2026-01-28,20:41,J0005,Desierto Neon,Ranked,Nadia,38,12,4,3,,1770,2026,1,Wednesday,3,1
3500,2026-04-01,22:25,J0102,Ciudadela,Ranked,Koro;Lienzo,40,3,11,4,Derrota,280,2026,4,Wednesday,0,2
6835,2026-05-28,11:28,J0107,Bosque Umbral,Casual,Vex;Umbra,20,6,8,6,Victoria,1240,2026,5,Thursday,1,2
1117,2026-02-12,20:13,J0059,Estacion Orbital,Casual,,20,5,8,3,Victoria,990,2026,2,Thursday,1,0
5638,2026-05-09,17:53,J0168,Bosque Umbral,Casual,Magnus,30,5,5,5,Derrota,650,2026,5,Saturday,1,1
8843,2026-06-28,06:47,J0007,Desierto Neon,Casual,Umbra,23,15,5,4,Derrota,1600,2026,6,Sunday,3,1
6147,2026-05-17,09:44,J0004,Estacion Orbital,Casual,Nadia,9,5,4,6,Derrota,720,2026,5,Sunday,1,1
9942,2026-07-14,14:31,J0019,Bosque Umbral,Casual,Vex,30,9,7,2,Victoria,,2026,7,Tuesday,1,1
8844,2026-06-28,12:37,J0057,Estacion Orbital,Ranked,Nadia,24,5,4,2,Derrota,520,2026,6,Sunday,1,1
6825,2026-05-28,20:04,J0002,Desierto Neon,Ranked,Brisa,30,6,6,5,Derrota,730,2026,5,Thursday,1,1
8292,2026-06-20,15:01,J0015,Canales de Hielo,Casual,Umbra,15,10,9,2,Victoria,1420,2026,6,Saturday,1,1
8101,2026-06-17,23:09,J0004,Ciudadela,Ranked,Lienzo,34,3,7,8,Derrota,560,2026,6,Wednesday,0,1
3646,2026-04-04,23:54,J0177,Ciudadela,Ranked,Magnus,37,6,3,4,Victoria,1240,2026,4,Saturday,2,1
2501,2026-03-13,15:19,J0005,Bosque Umbral,Ranked,Vex,38,11,4,4,Victoria,1720,2026,3,Friday,3,1
5678,2026-05-10,23:51,J0056,Puerto Escarlata,Torneo,Umbra,15,2,3,2,Derrota,240,2026,5,Sunday,1,1
5242,2026-05-03,18:39,J0024,Estacion Orbital,Casual,Magnus,16,8,2,2,Derrota,860,2026,5,Sunday,4,1
6635,2026-05-24,23:44,J0017,Bosque Umbral,Casual,Brisa,15,10,4,10,Victoria,1920,2026,5,Sunday,2,1
2784,2026-03-19,19:05,J0022,Canales de Hielo,Casual,Koro,14,8,3,3,Derrota,890,2026,3,Thursday,3,1
6159,2026-05-17,12:07,J0004,Desierto Neon,Casual,Lienzo;Magnus;Brisa,20,4,3,4,Derrota,540,2026,5,Sunday,1,3
3810,2026-04-08,09:40,J0005,Ciudadela,Casual,Vex;Koro;Tesla,9,10,5,4,Derrota,1100,2026,4,Wednesday,2,3
9980,2026-07-14,20:30,J0078,Desierto Neon,Ranked,Koro,24,12,8,6,Derrota,1340,2026,7,Tuesday,2,1
8715,2026-06-27,19:53,J0052,Canales de Hielo,Casual,Magnus;Koro,10,3,3,9,Victoria,1190,2026,6,Saturday,1,2
7947,2026-06-14,08:15,J0129,Bosque Umbral,Torneo,Lienzo,20,6,8,1,Victoria,990,2026,6,Sunday,1,1
1697,2026-02-24,18:47,J0063,Estacion Orbital,Torneo,Magnus;Lienzo,13,8,3,2,Derrota,840,2026,2,Tuesday,3,2
5686,2026-05-10,13:01,J0027,Puerto Escarlata,Casual,Brisa;Magnus,32,6,5,2,Derrota,400,2026,5,Sunday,1,2
7301,2026-06-04,12:18,J0051,Bosque Umbral,Torneo,Brisa;Vex,17,3,6,2,Derrota,280,2026,6,Thursday,0,2
5940,2026-05-14,17:09,J0003,Estacion Orbital,Casual,Koro;Lienzo,12,4,6,3,Victoria,930,2026,5,Thursday,1,2
2053,2026-03-04,20:29,J0060,Estacion Orbital,Ranked,Vex;Lienzo,44,7,4,4,,1320,2026,3,Wednesday,2,2
1777,2026-02-26,21:14,J0061,Puerto Escarlata,Casual,Tesla,10,2,6,3,Derrota,230,2026,2,Thursday,0,1
7136,2026-06-02,17:17,J0046,Ciudadela,Casual,Vex,10,10,5,2,Victoria,1500,2026,6,Tuesday,2,1
3314,2026-03-29,20:18,J0085,Canales de Hielo,Casual,Brisa;Tesla,25,7,3,3,Victoria,1290,2026,3,Sunday,2,2
4782,2026-04-25,01:22,J0019,Estacion Orbital,Casual,Koro,8,3,4,5,Victoria,970,2026,4,Saturday,1,1
8531,2026-06-24,17:42,J0157,Puerto Escarlata,Ranked,Nadia;Tesla,35,7,3,5,Victoria,1390,2026,6,Wednesday,2,2
9927,2026-07-13,13:17,J0001,Ciudadela,Casual,Tesla,21,4,5,1,Derrota,350,2026,7,Monday,1,1
1593,2026-02-22,20:19,J0065,Desierto Neon,Ranked,Vex,41,6,5,5,,750,2026,2,Sunday,1,1
1724,2026-02-25,19:49,J0039,Canales de Hielo,Ranked,Vex,42,10,3,3,Derrota,1090,2026,2,Wednesday,3,1
216,2026-01-21,05:26,J0085,Ciudadela,Casual,Lienzo,18,4,8,4,Victoria,940,2026,1,Wednesday,0,1
6438,2026-05-22,17:08,J0076,Estacion Orbital,Casual,Umbra;Tesla,21,9,4,2,Derrota,920,2026,5,Friday,2,2
8500,2026-06-23,21:19,J0003,Bosque Umbral,Casual,Nadia;Brisa,16,2,8,5,Victoria,790,2026,6,Tuesday,0,2
491,2026-01-28,22:15,J0033,Puerto Escarlata,Casual,Magnus;Umbra;Tesla,32,5,5,1,Victoria,950,2026,1,Wednesday,1,3
9204,2026-07-04,03:39,J0088,Desierto Neon,Ranked,Lienzo,26,7,4,3,Derrota,770,2026,7,Saturday,2,1
3484,2026-04-01,07:52,J0200,Bosque Umbral,Casual,Nadia,13,3,7,5,Derrota,410,2026,4,Wednesday,0,1
5103,2026-04-30,19:46,J0035,Puerto Escarlata,Casual,Lienzo,22,10,2,4,Victoria,1660,2026,4,Thursday,5,1
5188,2026-05-02,14:12,J0017,Ciudadela,Ranked,Umbra,32,6,4,5,Victoria,1270,2026,5,Saturday,2,1
3432,2026-03-31,07:20,J0027,Desierto Neon,Casual,Brisa,12,5,4,1,Victoria,970,2026,3,Tuesday,1,1
8138,2026-06-17,19:20,J0017,Desierto Neon,Ranked,Tesla;Koro,27,7,5,5,Victoria,1350,2026,6,Wednesday,1,2
7841,2026-06-13,19:17,J0028,Puerto Escarlata,Casual,Umbra,29,0,5,1,Derrota,0,2026,6,Saturday,0,1
5514,2026-05-07,20:33,J0041,Desierto Neon,Ranked,,40,2,8,5,Derrota,290,2026,5,Thursday,0,0
26,2026-01-16,18:50,J0013,Estacion Orbital,Ranked,Umbra,45,2,7,2,Derrota,160,2026,1,Friday,0,1
3513,2026-04-02,09:55,J0124,Ciudadela,Casual,Brisa,21,2,3,5,Derrota,390,2026,4,Thursday,1,1
2410,2026-03-12,19:38,J0025,Ciudadela,Casual,Nadia,17,6,5,3,,650,2026,3,Thursday,1,1
3271,2026-03-28,12:24,J0001,Desierto Neon,Casual,Lienzo,32,2,4,6,Derrota,420,2026,3,Saturday,0,1
5210,2026-05-02,14:43,J0067,Puerto Escarlata,Ranked,Umbra,45,5,4,5,Derrota,670,2026,5,Saturday,1,1
8780,2026-06-27,18:56,J0077,Puerto Escarlata,Casual,Vex,15,6,6,3,Victoria,1130,2026,6,Saturday,1,1
1553,2026-02-21,20:52,J0029,Estacion Orbital,Casual,Koro,29,4,2,0,Derrota,360,2026,2,Saturday,2,1
9268,2026-07-05,16:26,J0117,Canales de Hielo,Ranked,Tesla,45,2,3,8,Victoria,1040,2026,7,Sunday,1,1
8690,2026-06-26,21:14,J0023,Ciudadela,Casual,Tesla,27,2,3,5,Victoria,890,2026,6,Friday,1,1
3872,2026-04-08,17:22,J0018,Puerto Escarlata,Ranked,Lienzo,34,6,13,1,Victoria,890,2026,4,Wednesday,0,1
3403,2026-03-30,07:06,J0002,Canales de Hielo,Casual,Brisa,16,6,4,3,Victoria,1170,2026,3,Monday,2,1
4530,2026-04-21,01:46,J0200,Bosque Umbral,Ranked,Lienzo,27,10,6,7,Derrota,1230,2026,4,Tuesday,2,1
980,2026-02-08,14:41,J0022,Bosque Umbral,Ranked,Koro,23,6,4,9,Victoria,1470,2026,2,Sunday,2,1
2656,2026-03-16,21:45,J0043,Ciudadela,Ranked,Koro;Vex,40,11,10,5,Victoria,1650,2026,3,Monday,1,2
1848,2026-02-28,22:36,J0004,Canales de Hielo,Casual,Tesla,31,3,5,4,Victoria,900,2026,2,Saturday,1,1
8100,2026-06-17,23:25,J0108,Canales de Hielo,Casual,Magnus,26,6,1,5,Victoria,1330,2026,6,Wednesday,6,1
8306,2026-06-20,17:07,J0092,Desierto Neon,Casual,Vex,15,7,3,4,Derrota,840,2026,6,Saturday,2,1
8268,2026-06-20,09:37,J0082,Bosque Umbral,Casual,Lienzo,24,4,3,1,Victoria,890,2026,6,Saturday,1,1
5722,2026-05-10,20:09,J0072,Estacion Orbital,Casual,Tesla,28,5,6,4,Victoria,1080,2026,5,Sunday,1,1
516,2026-01-29,11:06,J0076,Puerto Escarlata,Ranked,Nadia;Lienzo;Koro,35,6,6,0,Victoria,880,2026,1,Thursday,1,3
7332,2026-06-05,08:24,J0011,Puerto Escarlata,Torneo,Nadia,17,9,2,5,Derrota,1110,2026,6,Friday,4,1
8363,2026-06-21,19:39,J0022,Desierto Neon,Ranked,Umbra,37,3,7,0,Derrota,160,2026,6,Sunday,0,1
1103,2026-02-12,13:36,J0057,Canales de Hielo,Casual,Magnus,20,6,4,4,Victoria,1220,2026,2,Thursday,2,1
3277,2026-03-28,15:03,J0102,Puerto Escarlata,Ranked,Umbra,34,2,7,2,Victoria,660,2026,3,Saturday,0,1
7343,2026-06-05,21:49,J0031,Desierto Neon,Ranked,Koro,24,3,0,3,Victoria,950,2026,6,Friday,,1
7517,2026-06-07,18:29,J0025,Puerto Escarlata,Ranked,Brisa,22,6,5,6,Derrota,800,2026,6,Sunday,1,1
9148,2026-07-03,19:42,J0092,Desierto Neon,Casual,Magnus;Lienzo,16,3,12,5,Derrota,310,2026,7,Friday,0,2
8403,2026-06-22,11:04,J0039,Desierto Neon,Casual,Lienzo;Tesla,20,6,6,5,Derrota,1430,2026,6,Monday,1,2
3997,2026-04-11,21:56,J0135,Bosque Umbral,Ranked,Vex,35,17,5,4,Victoria,23,2026,4,Saturday,3,1
195,2026-01-21,17:20,J0024,Estacion Orbital,Casual,Tesla,23,4,1,2,Victoria,980,2026,1,Wednesday,4,1
4712,2026-04-24,18:20,J0030,Bosque Umbral,Casual,Lienzo;Umbra;Magnus,16,5,7,8,Derrota,760,2026,4,Friday,1,3
644,2026-02-01,09:18,J0103,Puerto Escarlata,Ranked,Lienzo,42,12,6,5,Victoria,1830,2026,2,Sunday,2,1
8455,2026-06-22,21:04,J0046,Canales de Hielo,Casual,Koro,17,4,3,2,Victoria,940,2026,6,Monday,1,1
3286,2026-03-28,20:05,J0020,Canales de Hielo,Torneo,Nadia,28,6,8,2,Derrota,540,2026,3,Saturday,1,1
3117,2026-03-25,16:06,J0029,Ciudadela,Casual,Tesla,28,3,1,3,Derrota,430,2026,3,Wednesday,3,1
9623,2026-07-10,18:35,J0146,Canales de Hielo,Casual,Nadia,21,4,4,1,Victoria,870,2026,7,Friday,1,1
3576,2026-04-03,19:57,J0070,Ciudadela,Casual,Umbra,27,6,5,3,Victoria,1150,2026,4,Friday,1,1
9217,2026-07-04,20:31,J0008,Canales de Hielo,Casual,Koro,21,2,6,4,Derrota,280,2026,7,Saturday,0,1
4321,2026-04-17,10:29,J0027,Ciudadela,Torneo,Tesla;Koro,8,12,4,6,Derrota,1420,2026,4,Friday,3,2
2208,2026-03-07,21:40,J0024,Puerto Escarlata,Ranked,Vex,41,7,5,5,Victoria,1350,2026,3,Saturday,1,1
4553,2026-04-21,14:42,J0001,Puerto Escarlata,Ranked,Vex,37,4,4,5,Victoria,1070,2026,4,Tuesday,1,1
7444,2026-06-06,15:37,J0113,Estacion Orbital,Torneo,Vex,28,7,3,5,Derrota,890,2026,6,Saturday,2,1
3719,2026-04-06,20:47,J0064,Canales de Hielo,Ranked,Magnus;Koro,29,4,6,3,Derrota,430,2026,4,Monday,1,2
973,2026-02-08,20:49,J0133,Puerto Escarlata,Casual,Umbra,27,7,7,2,Derrota,660,2026,2,Sunday,1,1
4580,2026-04-22,17:19,J0011,Ciudadela,Casual,Magnus;Tesla,16,10,6,7,Derrota,1230,2026,4,Wednesday,2,2
720,2026-02-03,09:28,J0199,Desierto Neon,Casual,Tesla,29,5,4,5,Victoria,1170,2026,2,Tuesday,1,1
6156,2026-05-17,17:57,J0200,Ciudadela,Ranked,Umbra,38,3,3,5,Derrota,490,2026,5,Sunday,1,1
9502,2026-07-08,21:13,J0027,Puerto Escarlata,Ranked,Lienzo,28,6,5,3,Derrota,450,2026,7,Wednesday,1,1
3897,2026-04-09,03:46,J0043,Ciudadela,Casual,Magnus,27,3,5,5,Derrota,450,2026,4,Thursday,1,1
2804,2026-03-19,22:35,J0047,Desierto Neon,Casual,Magnus,32,12,5,7,Derrota,1450,2026,3,Thursday,2,1
2567,2026-03-15,17:26,J0106,Desierto Neon,Ranked,Lienzo,40,5,2,4,Derrota,660,2026,3,Sunday,2,1
4026,2026-04-11,10:06,J0102,Bosque Umbral,Casual,Tesla,9,3,5,7,Victoria,1050,2026,4,Saturday,1,1
6199,2026-05-18,01:04,J0200,Puerto Escarlata,Ranked,Magnus;Tesla,40,13,5,4,Victoria,1900,2026,5,Monday,3,2
33,2026-01-17,19:13,J0142,Ciudadela,Ranked,Nadia,31,6,5,5,Victoria,1250,2026,1,Saturday,1,1
8373,2026-06-21,19:02,J0012,Ciudadela,Ranked,Lienzo;Koro;Umbra,43,6,3,1,Derrota,590,2026,6,Sunday,2,3
8901,2026-06-29,23:01,J0006,Desierto Neon,Casual,,22,13,4,3,Derrota,1370,2026,6,Monday,3,0
9892,2026-07-13,13:46,J0138,Desierto Neon,Casual,Koro;Lienzo;Nadia,9,1,3,4,Victoria,740,2026,7,Monday,0,3
4064,2026-04-12,20:09,J0025,Puerto Escarlata,Casual,Magnus;Tesla;Lienzo,17,6,7,1,Derrota,610,2026,4,Sunday,1,3
9019,2026-07-01,17:05,J0200,Bosque Umbral,Casual,Lienzo,31,6,7,3,Derrota,610,2026,7,Wednesday,1,1
5541,2026-05-08,19:05,J0002,Ciudadela,Ranked,Magnus;Koro,36,6,7,1,Derrota,510,2026,5,Friday,1,2
1698,2026-02-24,21:58,J0030,Bosque Umbral,Ranked,Koro;Magnus,36,5,5,3,Victoria,1050,2026,2,Tuesday,1,2
2793,2026-03-19,19:11,J0049,Bosque Umbral,Casual,Lienzo,10,1,5,2,Derrota,100,2026,3,Thursday,0,1
2223,2026-03-07,11:24,J0166,Bosque Umbral,Torneo,Magnus;Lienzo,8,4,8,2,Derrota,340,2026,3,Saturday,0,2
5819,2026-05-12,20:25,J0020,Canales de Hielo,Casual,Brisa,26,4,3,5,Derrota,590,2026,5,Tuesday,1,1
9736,2026-07-11,22:48,J0031,Canales de Hielo,Casual,,18,5,6,4,Victoria,,2026,7,Saturday,1,0
3765,2026-04-07,17:35,J0061,Puerto Escarlata,Casual,Tesla;Koro,25,6,6,7,Victoria,1330,2026,4,Tuesday,1,2
3867,2026-04-08,17:56,J0029,Puerto Escarlata,Ranked,Brisa,31,3,4,4,Derrota,420,2026,4,Wednesday,1,1
8784,2026-06-27,17:25,J0124,Puerto Escarlata,Ranked,Vex;Brisa;Umbra,43,4,7,4,Victoria,960,2026,6,Saturday,1,3
8731,2026-06-27,16:01,J0126,Bosque Umbral,Casual,Lienzo,16,8,6,4,Victoria,1380,2026,6,Saturday,1,1
9009,2026-07-01,13:22,J0185,Ciudadela,Ranked,Vex,35,12,9,6,Derrota,1320,2026,7,Wednesday,1,1
7360,2026-06-05,11:49,J0029,Desierto Neon,Ranked,Vex;Umbra,31,1,6,3,Victoria,630,2026,6,Friday,0,2
7208,2026-06-03,21:52,J0043,Ciudadela,Ranked,Lienzo,45,5,11,3,Victoria,930,2026,6,Wednesday,0,1
3759,2026-04-07,00:05,J0200,Canales de Hielo,Ranked,Magnus;Vex,33,9,4,4,Victoria,1520,2026,4,Tuesday,2,2
2832,2026-03-20,08:52,J0008,Bosque Umbral,Casual,Nadia;Vex,15,5,9,5,Victoria,1070,2026,3,Friday,1,2
3228,2026-03-27,01:01,J0005,Bosque Umbral,Ranked,Lienzo,42,4,7,5,Victoria,1010,2026,3,Friday,1,1
7936,2026-06-14,20:57,J0114,Ciudadela,Ranked,Koro;Tesla,41,3,2,6,Derrota,560,2026,6,Sunday,2,2
3924,2026-04-09,17:44,J0117,Bosque Umbral,Ranked,Nadia,23,4,7,4,Victoria,960,2026,4,Thursday,1,1
3905,2026-04-09,19:49,J0037,Bosque Umbral,Ranked,Lienzo,34,5,2,4,Derrota,660,2026,4,Thursday,2,1
2278,2026-03-08,20:34,J0068,Canales de Hielo,Casual,Lienzo,26,5,3,4,Derrota,640,2026,3,Sunday,2,1
6931,2026-05-30,12:26,J0133,Bosque Umbral,Casual,Vex,28,11,4,4,Victoria,1720,2026,5,Saturday,3,1
1402,2026-02-19,13:49,J0059,Ciudadela,Ranked,Umbra;Vex,41,7,7,7,Victoria,1410,2026,2,Thursday,1,2
740,2026-02-03,20:19,J0091,Puerto Escarlata,Ranked,Koro;Vex,34,7,2,3,Victoria,1310,2026,2,Tuesday,4,2
4267,2026-04-16,21:42,J0057,Desierto Neon,Ranked,Koro,36,5,6,11,Victoria,1430,2026,4,Thursday,1,1
9936,2026-07-14,19:31,J0200,Puerto Escarlata,Casual,Brisa,31,3,2,0,Derrota,260,2026,7,Tuesday,2,1
8911,2026-06-29,21:17,J0033,Bosque Umbral,Casual,Tesla;Umbra,17,5,5,3,Derrota,550,2026,6,Monday,1,2
7598,2026-06-09,00:00,J0012,Bosque Umbral,Casual,Koro;Tesla,16,6,7,4,Victoria,1160,2026,6,Tuesday,1,2
3852,2026-04-08,09:28,J0034,Ciudadela,Casual,Magnus;Lienzo;Koro,11,8,6,6,Derrota,980,2026,4,Wednesday,1,3
8700,2026-06-26,01:35,J0019,Bosque Umbral,Ranked,Nadia,36,2,2,6,Derrota,460,2026,6,Friday,1,1
2662,2026-03-16,18:58,J0025,Ciudadela,Torneo,Nadia;Tesla,30,4,7,4,Derrota,460,2026,3,Monday,1,2
6621,2026-05-24,20:28,J0200,Ciudadela,Casual,Lienzo,19,7,3,2,Victoria,1240,2026,5,Sunday,2,1
6966,2026-05-30,19:24,J0007,Desierto Neon,Torneo,Vex,20,13,5,5,Victoria,1950,2026,5,Saturday,3,1
675,2026-02-01,21:24,J0118,Puerto Escarlata,Casual,Vex,28,11,4,2,Victoria,1620,2026,2,Sunday,3,1
9079,2026-07-02,07:50,J0011,Ciudadela,Ranked,Umbra;Magnus,32,6,6,4,Derrota,680,2026,7,Thursday,1,2
6474,2026-05-22,17:48,J0150,Canales de Hielo,Casual,Tesla,23,9,5,6,Victoria,1600,2026,5,Friday,2,1
3842,2026-04-08,16:09,J0058,Canales de Hielo,Casual,Magnus,20,6,6,4,Derrota,680,2026,4,Wednesday,1,1
1816,2026-02-27,07:09,J0008,Puerto Escarlata,Casual,Nadia,30,3,3,4,Victoria,940,2026,2,Friday,1,1
8401,2026-06-22,19:36,J0067,Bosque Umbral,Torneo,Koro,21,8,6,5,Derrota,930,2026,6,Monday,1,1
9912,2026-07-13,21:26,J0037,Estacion Orbital,Ranked,Brisa,41,6,4,3,Derrota,670,2026,7,Monday,2,1
9272,2026-07-05,15:46,J0035,Ciudadela,Casual,Brisa,12,10,5,3,Derrota,1050,2026,7,Sunday,2,1
4654,2026-04-23,02:01,J0121,Estacion Orbital,Ranked,Lienzo,38,3,4,1,Victoria,770,2026,4,Thursday,1,1
7440,2026-06-06,01:01,J0031,Puerto Escarlata,Ranked,Lienzo;Brisa,38,5,10,5,,1050,2026,6,Saturday,0,2
2101,2026-03-05,17:55,J0005,Puerto Escarlata,Ranked,Brisa;Koro,31,7,12,4,Victoria,,2026,3,Thursday,1,2
7842,2026-06-13,07:44,J0069,Bosque Umbral,Ranked,Tesla;Umbra,41,6,7,3,Victoria,710,2026,6,Saturday,1,2
1674,2026-02-24,20:15,J0185,Desierto Neon,Casual,Vex;Magnus;Nadia,28,7,5,4,Victoria,1300,2026,2,Tuesday,1,3
2102,2026-03-05,20:09,J0098,Desierto Neon,Casual,Lienzo;Umbra,19,16,5,2,Derrota,1600,2026,3,Thursday,3,2
4214,2026-04-15,13:10,J0117,Puerto Escarlata,Ranked,Vex;Nadia,33,6,2,3,Victoria,1210,2026,4,Wednesday,3,2
7082,2026-06-01,17:34,J0089,Ciudadela,Casual,Brisa,25,6,7,7,Victoria,1310,2026,6,Monday,1,1
1549,2026-02-21,11:34,J0015,Estacion Orbital,Ranked,Lienzo;Tesla,32,7,9,6,Victoria,1320,2026,2,Saturday,1,2
7279,2026-06-04,19:37,J0039,Canales de Hielo,Casual,Koro,25,10,2,2,Victoria,1560,2026,6,Thursday,5,1
7477,2026-06-07,20:10,J0172,Canales de Hielo,Casual,Brisa;Magnus,24,10,5,5,Victoria,1650,2026,6,Sunday,2,2
3324,2026-03-29,21:39,J0023,Desierto Neon,Torneo,Tesla,23,9,2,3,Derrota,1010,2026,3,Sunday,4,1
7380,2026-06-06,20:25,J0058,Bosque Umbral,Ranked,Lienzo;Vex,36,6,3,2,Victoria,1140,2026,6,Saturday,2,2
356,2026-01-25,10:28,J0091,Estacion Orbital,Ranked,Vex,38,6,5,4,Victoria,1200,2026,1,Sunday,1,1
5185,2026-05-02,17:01,J0005,Desierto Neon,Casual,Nadia,25,6,5,8,Victoria,1800,2026,5,Saturday,1,1
1462,2026-02-20,19:42,J0042,Puerto Escarlata,Ranked,Koro,27,2,4,8,Victoria,,2026,2,Friday,0,1
7754,2026-06-12,20:36,J0012,Desierto Neon,Casual,Nadia,11,6,3,5,Victoria,1290,2026,6,Friday,2,1
9456,2026-07-08,15:15,J0017,Puerto Escarlata,Casual,Magnus;Koro,28,6,7,4,Victoria,1160,2026,7,Wednesday,1,2
3221,2026-03-27,15:17,J0004,Canales de Hielo,Torneo,Vex,19,14,4,0,,1820,2026,3,Friday,4,1
940,2026-02-08,12:37,J0046,Estacion Orbital,Casual,Brisa,30,8,3,8,Victoria,,2026,2,Sunday,3,1
5148,2026-05-01,11:35,J0145,Canales de Hielo,Casual,Tesla,16,4,4,4,Derrota,520,2026,5,Friday,1,1
6418,2026-05-21,10:48,J0078,Puerto Escarlata,Ranked,Lienzo;Vex,24,8,5,2,Victoria,1300,2026,5,Thursday,2,2
5924,2026-05-14,20:42,J0084,Canales de Hielo,Ranked,Nadia,27,5,3,7,Victoria,1290,2026,5,Thursday,2,1
8017,2026-06-16,10:30,J0200,Canales de Hielo,Casual,Lienzo;Brisa,12,8,5,1,Derrota,750,2026,6,Tuesday,2,2
1752,2026-02-26,16:28,J0037,Canales de Hielo,Casual,Vex;Tesla,21,14,5,3,Derrota,1450,2026,2,Thursday,3,2
8146,2026-06-18,18:19,J0091,Desierto Neon,Casual,Magnus;Vex,27,9,7,2,Victoria,1360,2026,6,Thursday,1,2
7727,2026-06-11,16:33,J0068,Puerto Escarlata,Casual,Vex;Magnus,10,9,11,4,Derrota,880,2026,6,Thursday,1,2
1773,2026-02-26,12:03,J0080,Puerto Escarlata,Casual,Nadia,25,6,5,3,Derrota,,2026,2,Thursday,1,1
1197,2026-02-14,19:05,J0067,Desierto Neon,Ranked,Tesla;Magnus;Lienzo,32,2,8,3,Victoria,690,2026,2,Saturday,0,3
1879,2026-03-01,16:32,J0059,Canales de Hielo,Ranked,Koro;Brisa,23,2,3,5,,390,2026,3,Sunday,1,2
2669,2026-03-16,21:57,J0032,Canales de Hielo,Casual,Umbra;Brisa,9,3,6,3,Victoria,830,2026,3,Monday,0,2
3172,2026-03-26,20:53,J0011,Bosque Umbral,Ranked,Magnus;Nadia,44,0,9,9,Derrota,270,2026,3,Thursday,0,2
2017,2026-03-03,19:20,J0050,Ciudadela,Casual,Umbra,25,3,4,6,Derrota,520,2026,3,Tuesday,1,1
2006,2026-03-03,02:59,J0005,Canales de Hielo,Casual,Vex;Brisa;Lienzo,17,11,7,2,Victoria,1560,2026,3,Tuesday,2,3
8338,2026-06-21,13:14,J0059,Puerto Escarlata,Ranked,Brisa,25,4,3,3,Derrota,490,2026,6,Sunday,1,1
3894,2026-04-09,06:34,J0023,Canales de Hielo,Casual,Koro,13,8,6,2,Victoria,1280,2026,4,Thursday,1,1
3238,2026-03-28,19:54,J0049,Bosque Umbral,Casual,Nadia,20,5,9,3,Victoria,970,2026,3,Saturday,1,1
4425,2026-04-19,01:34,J0046,Puerto Escarlata,Casual,Koro,14,8,9,3,Derrota,770,2026,4,Sunday,1,1
4745,2026-04-24,22:54,J0020,Canales de Hielo,Casual,Vex;Magnus;Koro,31,10,2,6,Victoria,1760,2026,4,Friday,5,3
2079,2026-03-05,18:12,J0050,Ciudadela,Casual,Nadia,31,2,6,2,Victoria,680,2026,3,Thursday,0,1
5220,2026-05-02,10:15,J0085,Canales de Hielo,Casual,Lienzo,19,5,5,5,Derrota,650,2026,5,Saturday,1,1
397,2026-01-25,17:23,J0118,Puerto Escarlata,Ranked,Koro,44,5,5,3,Derrota,550,2026,1,Sunday,1,1
2789,2026-03-19,23:36,J0200,Desierto Neon,Ranked,Umbra,24,4,2,3,Victoria,1010,2026,3,Thursday,2,1
8666,2026-06-26,09:58,J0019,Puerto Escarlata,Torneo,Tesla;Vex,10,7,3,6,Derrota,940,2026,6,Friday,2,2
6623,2026-05-24,19:28,J0046,Puerto Escarlata,Ranked,Nadia;Koro,35,7,5,7,Victoria,1450,2026,5,Sunday,1,2
4073,2026-04-12,20:23,J0062,Estacion Orbital,Ranked,,39,3,4,7,Derrota,570,2026,4,Sunday,1,0
5575,2026-05-09,19:57,J0064,Desierto Neon,Casual,Koro;Vex,30,7,8,4,Victoria,1240,2026,5,Saturday,1,2
9248,2026-07-05,16:42,J0067,Canales de Hielo,Casual,Nadia,20,7,8,1,Victoria,1090,2026,7,Sunday,1,1
9580,2026-07-09,20:00,J0061,Desierto Neon,Casual,Lienzo,23,9,2,4,Derrota,1060,2026,7,Thursday,4,1
5356,2026-05-05,13:34,J0010,Desierto Neon,Casual,Brisa,25,7,9,4,Derrota,720,2026,5,Tuesday,1,1
7359,2026-06-05,11:03,J0003,Bosque Umbral,Ranked,,30,4,0,4,Derrota,600,2026,6,Friday,,0
7781,2026-06-12,02:40,J0125,Bosque Umbral,Ranked,Vex,45,7,14,3,Derrota,570,2026,6,Friday,0,1
6941,2026-05-30,17:10,J0151,Bosque Umbral,Casual,Vex;Nadia;Brisa,22,11,4,3,Victoria,1670,2026,5,Saturday,3,3
1520,2026-02-21,21:41,J0187,Canales de Hielo,Ranked,Vex,37,4,7,3,Victoria,910,2026,2,Saturday,1,1
8261,2026-06-20,20:47,J0200,Estacion Orbital,Torneo,Umbra,18,8,3,2,,1340,2026,6,Saturday,3,1
1379,2026-02-18,16:28,J0083,Puerto Escarlata,Casual,Tesla;Brisa,28,6,5,3,Victoria,1150,2026,2,Wednesday,1,2
5673,2026-05-10,16:30,J0070,Puerto Escarlata,Casual,Magnus,26,1,3,3,Derrota,190,2026,5,Sunday,0,1
1024,2026-02-10,10:09,J0039,Estacion Orbital,Casual,Vex,31,13,5,9,Victoria,22,2026,2,Tuesday,3,1
2588,2026-03-15,21:53,J0073,Bosque Umbral,Ranked,Magnus;Nadia;Umbra,34,4,9,2,Victoria,820,2026,3,Sunday,0,3
7167,2026-06-02,13:35,J0119,Ciudadela,Ranked,Koro,24,5,3,7,Victoria,1290,2026,6,Tuesday,2,1
5622,2026-05-09,17:31,J0032,Canales de Hielo,Ranked,Umbra,44,7,1,5,Derrota,930,2026,5,Saturday,7,1
7767,2026-06-12,22:24,J0200,Estacion Orbital,Ranked,Koro,33,14,7,3,Derrota,1410,2026,6,Friday,2,1
5009,2026-04-29,14:00,J0134,Estacion Orbital,Casual,Nadia,18,7,6,1,Victoria,1130,2026,4,Wednesday,1,1
2858,2026-03-21,15:41,J0197,Puerto Escarlata,Ranked,Brisa,40,3,9,2,Victoria,720,2026,3,Saturday,0,1
9758,2026-07-12,17:39,J0015,Ciudadela,Ranked,Magnus,33,9,1,4,Victoria,1580,2026,7,Sunday,9,1
5772,2026-05-11,09:15,J0200,Desierto Neon,Ranked,Brisa;Vex;Koro,25,6,3,2,Victoria,1140,2026,5,Monday,2,3
5843,2026-05-12,22:43,J0030,Puerto Escarlata,Casual,Lienzo,28,4,7,2,Derrota,360,2026,5,Tuesday,1,1
9709,2026-07-11,16:25,J0026,Estacion Orbital,Casual,Magnus,25,3,6,6,Victoria,980,2026,7,Saturday,0,1
5833,2026-05-12,20:04,J0026,Ciudadela,Ranked,Magnus;Brisa;Umbra,24,5,5,5,Derrota,,2026,5,Tuesday,1,3
1630,2026-02-23,01:32,J0002,Canales de Hielo,Ranked,Brisa;Vex,29,8,8,3,Victoria,1290,2026,2,Monday,1,2
4889,2026-04-26,16:17,J0014,Puerto Escarlata,Ranked,Umbra;Brisa;Magnus,40,5,4,2,Derrota,520,2026,4,Sunday,1,3
4527,2026-04-21,18:09,J0014,Desierto Neon,Ranked,Umbra;Magnus,34,2,6,3,Victoria,730,2026,4,Tuesday,0,2
3524,2026-04-02,22:19,J0200,Canales de Hielo,Casual,Tesla;Nadia,10,5,8,2,Derrota,440,2026,4,Thursday,1,2
5905,2026-05-13,21:11,J0131,Bosque Umbral,Ranked,Umbra,30,5,9,12,Derrota,920,2026,5,Wednesday,1,1
7915,2026-06-14,21:43,J0042,Ciudadela,Casual,Magnus,22,4,10,5,Derrota,450,2026,6,Sunday,0,1
3608,2026-04-04,09:49,J0071,Bosque Umbral,Ranked,Magnus;Tesla,44,9,1,5,Derrota,,2026,4,Saturday,9,2
9490,2026-07-08,18:14,J0020,Ciudadela,Casual,Lienzo;Tesla;Koro,15,10,5,3,Derrota,1050,2026,7,Wednesday,2,3
5221,2026-05-02,19:50,J0004,Bosque Umbral,Casual,Nadia,17,8,6,5,Derrota,930,2026,5,Saturday,1,1
235,2026-01-22,05:49,J0070,Bosque Umbral,Casual,Tesla;Umbra,14,4,4,3,Derrota,470,2026,1,Thursday,1,2
7889,2026-06-14,21:20,J0021,Desierto Neon,Casual,Koro,20,5,6,5,Derrota,630,2026,6,Sunday,1,1
3797,2026-04-07,18:49,J0095,Ciudadela,Ranked,Vex,36,11,8,4,Victoria,1640,2026,4,Tuesday,1,1
4119,2026-04-13,18:23,J0200,Canales de Hielo,Ranked,,27,11,5,3,Victoria,1650,2026,4,Monday,2,0
6319,2026-05-20,12:40,J0001,Puerto Escarlata,Ranked,Vex;Lienzo,44,14,8,2,Derrota,1340,2026,5,Wednesday,2,2
5002,2026-04-29,19:45,J0008,Ciudadela,Casual,Magnus;Brisa,19,2,4,1,Victoria,670,2026,4,Wednesday,0,2
3801,2026-04-07,09:27,J0010,Ciudadela,Casual,Vex;Brisa,8,11,7,4,Victoria,1660,2026,4,Tuesday,2,2
7679,2026-06-10,21:05,J0034,Estacion Orbital,Ranked,Umbra;Lienzo,35,6,3,2,Derrota,640,2026,6,Wednesday,2,2
3900,2026-04-09,20:27,J0042,Ciudadela,Ranked,Nadia,44,7,2,4,Victoria,1360,2026,4,Thursday,4,1
5025,2026-04-29,16:39,J0029,Ciudadela,Casual,Lienzo,18,4,8,1,Victoria,790,2026,4,Wednesday,0,1
1949,2026-03-02,20:15,J0087,Desierto Neon,Casual,Brisa,24,9,3,2,Victoria,1440,2026,3,Monday,3,1
6362,2026-05-21,19:27,J0033,Canales de Hielo,Ranked,Tesla,33,6,7,2,Victoria,1060,2026,5,Thursday,1,1
471,2026-01-27,19:46,J0169,Desierto Neon,Ranked,Tesla;Lienzo;Brisa,37,5,4,5,Derrota,670,2026,1,Tuesday,1,3
7685,2026-06-10,09:33,J0034,Desierto Neon,Casual,Lienzo;Magnus,26,2,3,3,Victoria,790,2026,6,Wednesday,1,2
3493,2026-04-01,16:16,J0200,Bosque Umbral,Ranked,Magnus;Koro,24,5,2,8,Derrota,860,2026,4,Wednesday,2,2
6092,2026-05-17,07:31,J0053,Ciudadela,Casual,Vex;Umbra,23,5,4,7,Derrota,770,2026,5,Sunday,1,2
2672,2026-03-16,17:52,J0059,Estacion Orbital,Casual,Koro,29,3,11,6,Victoria,880,2026,3,Monday,0,1
9874,2026-07-13,19:59,J0031,Canales de Hielo,Ranked,Tesla;Magnus,27,5,5,6,Victoria,,2026,7,Monday,1,2
2225,2026-03-07,02:11,J0023,Canales de Hielo,Casual,Nadia,9,8,4,3,Derrota,870,2026,3,Saturday,2,1
1107,2026-02-12,08:00,J0011,Canales de Hielo,Torneo,Tesla,32,4,6,3,Derrota,430,2026,2,Thursday,1,1
2189,2026-03-07,22:54,J0011,Canales de Hielo,Casual,Umbra;Koro,10,8,4,5,Victoria,1470,2026,3,Saturday,2,2
819,2026-02-05,20:24,J0085,Estacion Orbital,Ranked,Tesla,23,7,7,5,Derrota,810,2026,2,Thursday,1,1
5572,2026-05-09,16:49,J0038,Bosque Umbral,Ranked,Umbra,44,4,5,3,Victoria,950,2026,5,Saturday,1,1
4524,2026-04-21,19:06,J0167,Bosque Umbral,Torneo,Magnus,14,4,6,5,Derrota,530,2026,4,Tuesday,1,1
5794,2026-05-12,17:31,J0028,Canales de Hielo,Ranked,Lienzo,26,12,2,4,Victoria,1860,2026,5,Tuesday,6,1
9452,2026-07-08,20:37,J0141,Estacion Orbital,Ranked,Vex,38,7,7,3,Victoria,1210,2026,7,Wednesday,1,1
8849,2026-06-28,15:50,J0006,Canales de Hielo,Casual,Nadia,28,11,1,6,Victoria,1880,2026,6,Sunday,11,1
9600,2026-07-10,18:25,J0048,Bosque Umbral,Ranked,Umbra,45,6,4,2,Victoria,,2026,7,Friday,2,1
2625,2026-03-15,18:43,J0141,Canales de Hielo,Ranked,Nadia,31,9,6,3,Derrota,930,2026,3,Sunday,2,1
7220,2026-06-03,20:09,J0089,Canales de Hielo,Ranked,Koro,33,5,8,9,Derrota,790,2026,6,Wednesday,1,1
9463,2026-07-08,16:29,J0067,Bosque Umbral,Ranked,Lienzo,34,6,12,6,Derrota,660,2026,7,Wednesday,0,1
9991,2026-07-14,04:28,J0132,Bosque Umbral,Casual,Koro,9,5,2,2,Victoria,1060,2026,7,Tuesday,2,1
9190,2026-07-04,01:30,J0025,Puerto Escarlata,Torneo,Umbra;Lienzo,29,5,9,7,Derrota,670,2026,7,Saturday,1,2
889,2026-02-07,09:32,J0060,Ciudadela,Ranked,Magnus,26,3,4,3,Derrota,370,2026,2,Saturday,1,1
6884,2026-05-29,12:54,J0071,Desierto Neon,Ranked,Magnus;Nadia,31,8,8,2,Derrota,740,2026,5,Friday,1,2
2438,2026-03-12,20:10,J0102,Bosque Umbral,Torneo,Tesla,32,9,4,3,Derrota,970,2026,3,Thursday,2,1
6057,2026-05-16,03:22,J0193,Bosque Umbral,Casual,Vex,22,5,6,2,Derrota,480,2026,5,Saturday,1,1
7189,2026-06-02,07:37,J0039,Puerto Escarlata,Ranked,Umbra,22,8,7,3,Derrota,810,2026,6,Tuesday,1,1
818,2026-02-05,13:25,J0058,Desierto Neon,Torneo,Brisa,13,11,5,3,Derrota,1150,2026,2,Thursday,2,1
9005,2026-07-01,16:51,J0049,Puerto Escarlata,Torneo,Brisa,21,3,7,6,Victoria,960,2026,7,Wednesday,0,1
3415,2026-03-30,19:57,J0050,Canales de Hielo,Casual,Nadia;Lienzo,16,2,2,2,Victoria,760,2026,3,Monday,1,2
6353,2026-05-21,22:41,J0037,Puerto Escarlata,Ranked,Lienzo;Vex,38,6,1,2,Victoria,1280,2026,5,Thursday,6,2
2342,2026-03-10,18:29,J0185,Canales de Hielo,Casual,Brisa;Vex,11,9,3,6,Derrota,1140,2026,3,Tuesday,3,2
9100,2026-07-02,18:19,J0011,Puerto Escarlata,Casual,Magnus;Nadia,20,7,5,12,Victoria,1700,2026,7,Thursday,1,2
3168,2026-03-26,20:12,J0199,Puerto Escarlata,Ranked,Brisa,33,6,4,3,Derrota,670,2026,3,Thursday,2,1
1810,2026-02-27,16:18,J0005,Bosque Umbral,Ranked,Nadia,39,5,4,8,Derrota,820,2026,2,Friday,1,1
8171,2026-06-18,05:28,J0005,Desierto Neon,Ranked,Vex;Brisa;Lienzo,25,8,7,10,Derrota,1160,2026,6,Thursday,1,3
1265,2026-02-15,20:10,J0069,Ciudadela,Casual,Umbra;Nadia,23,6,5,1,Victoria,650,2026,2,Sunday,1,2
5087,2026-04-30,19:44,J0009,Ciudadela,Casual,Umbra;Magnus,25,7,2,4,,,2026,4,Thursday,4,2
7584,2026-06-09,19:57,J0021,Bosque Umbral,Torneo,Vex,21,10,4,2,Derrota,1020,2026,6,Tuesday,2,1
5836,2026-05-12,20:13,J0016,Puerto Escarlata,Ranked,Vex;Umbra,26,7,3,2,Derrota,740,2026,5,Tuesday,2,2
5195,2026-05-02,18:27,J0001,Canales de Hielo,Torneo,Umbra,19,7,2,10,Victoria,1660,2026,5,Saturday,4,1
4450,2026-04-19,08:48,J0044,Estacion Orbital,Casual,Tesla;Brisa;Magnus,16,6,5,0,,1200,2026,4,Sunday,1,3
4946,2026-04-28,18:24,J0038,Ciudadela,Ranked,Koro;Magnus;Tesla,23,5,5,5,Victoria,1150,2026,4,Tuesday,1,3
4046,2026-04-12,20:39,J0024,Estacion Orbital,Ranked,Nadia;Brisa;Vex,44,9,6,3,Victoria,,2026,4,Sunday,2,3
9500,2026-07-08,20:02,J0043,Canales de Hielo,Ranked,Koro;Lienzo;Tesla,25,3,7,7,Derrota,510,2026,7,Wednesday,0,3
3703,2026-04-05,01:40,J0037,Ciudadela,Torneo,Tesla;Brisa,13,2,5,10,Victoria,1100,2026,4,Sunday,0,2
1036,2026-02-10,15:28,J0036,Bosque Umbral,Ranked,Vex;Nadia,28,7,3,2,Victoria,1240,2026,2,Tuesday,2,2
9327,2026-07-06,01:03,J0028,Bosque Umbral,Casual,Brisa,20,3,4,5,Derrota,470,2026,7,Monday,1,1
5591,2026-05-09,17:35,J0041,Canales de Hielo,Ranked,Nadia,26,2,2,5,Victoria,910,2026,5,Saturday,1,1
1229,2026-02-15,12:19,J0016,Bosque Umbral,Torneo,Vex;Umbra,10,13,6,6,Derrota,1480,2026,2,Sunday,2,2
8273,2026-06-20,13:06,J0010,Puerto Escarlata,Ranked,Nadia,38,5,5,2,Victoria,1000,2026,6,Saturday,1,1
6932,2026-05-30,16:09,J0033,Ciudadela,Casual,Lienzo,24,8,3,0,Derrota,740,2026,5,Saturday,3,1
5142,2026-05-01,00:39,J0092,Ciudadela,Ranked,Magnus;Nadia,27,2,5,6,Derrota,,2026,5,Friday,0,2
6552,2026-05-23,17:04,J0077,Canales de Hielo,Ranked,Magnus,44,3,5,2,Derrota,300,2026,5,Saturday,1,1
53,2026-01-17,21:03,J0043,Estacion Orbital,Ranked,Vex;Lienzo,39,7,7,5,Derrota,810,2026,1,Saturday,1,2
7454,2026-06-06,09:17,J0005,Ciudadela,Casual,Magnus,12,4,3,2,Victoria,940,2026,6,Saturday,1,1
6556,2026-05-23,12:59,J0200,Ciudadela,Torneo,Vex,16,8,3,4,Victoria,1440,2026,5,Saturday,3,1
8461,2026-06-22,12:52,J0131,Puerto Escarlata,Ranked,Lienzo;Umbra,41,5,3,4,Derrota,640,2026,6,Monday,2,2
160,2026-01-20,13:31,J0005,Ciudadela,Casual,Magnus,11,3,5,4,Derrota,400,2026,1,Tuesday,1,1
7682,2026-06-10,19:29,J0036,Ciudadela,Ranked,Tesla;Koro,45,3,1,6,Victoria,1080,2026,6,Wednesday,3,2
1588,2026-02-22,19:22,J0098,Canales de Hielo,Ranked,Koro;Nadia,23,7,1,7,Derrota,,2026,2,Sunday,7,2
1590,2026-02-22,08:30,J0006,Ciudadela,Torneo,Brisa;Nadia,17,7,6,3,Derrota,730,2026,2,Sunday,1,2
9933,2026-07-14,20:10,J0149,Canales de Hielo,Ranked,Brisa,44,6,9,3,Victoria,1070,2026,7,Tuesday,1,1
9399,2026-07-07,21:01,J0069,Ciudadela,Casual,Tesla,22,3,5,3,Victoria,850,2026,7,Tuesday,1,1
8344,2026-06-21,17:04,J0114,Bosque Umbral,Ranked,Nadia;Magnus,43,2,9,3,Victoria,670,2026,6,Sunday,0,2
6713,2026-05-25,00:50,J0064,Estacion Orbital,Ranked,Nadia;Magnus;Brisa,37,5,7,7,Victoria,1210,2026,5,Monday,1,3
6175,2026-05-18,08:16,J0023,Ciudadela,Torneo,Tesla,12,6,3,7,Derrota,890,2026,5,Monday,2,1
7824,2026-06-13,19:43,J0054,Bosque Umbral,Casual,Umbra,31,7,7,9,Victoria,1510,2026,6,Saturday,1,1
3859,2026-04-08,06:36,J0124,Ciudadela,Ranked,Vex;Lienzo,30,9,3,3,Victoria,1490,2026,4,Wednesday,3,2
9888,2026-07-13,23:37,J0027,Puerto Escarlata,Casual,Brisa,30,8,10,3,Derrota,750,2026,7,Monday,1,1
6809,2026-05-27,07:45,J0028,Desierto Neon,Ranked,Umbra;Magnus,28,6,1,3,Victoria,830,2026,5,Wednesday,6,2
2829,2026-03-20,18:40,J0121,Canales de Hielo,Torneo,Koro;Tesla;Lienzo,10,3,5,2,Derrota,300,2026,3,Friday,1,3
437,2026-01-26,09:37,J0002,Canales de Hielo,Ranked,Koro,25,8,3,5,Victoria,1490,2026,1,Monday,3,1
5790,2026-05-11,22:08,J0073,Canales de Hielo,Casual,Brisa,8,2,4,8,,1020,2026,5,Monday,0,1
8768,2026-06-27,12:51,J0049,Puerto Escarlata,Casual,Magnus,28,2,5,3,Derrota,250,2026,6,Saturday,0,1
3879,2026-04-09,18:44,J0106,Bosque Umbral,Ranked,Tesla,23,13,5,6,Derrota,1500,2026,4,Thursday,3,1
1589,2026-02-22,21:04,J0006,Ciudadela,Ranked,Tesla,31,5,6,5,Victoria,1130,2026,2,Sunday,1,1
2781,2026-03-19,18:30,J0029,Canales de Hielo,Casual,Brisa,29,4,6,1,Derrota,330,2026,3,Thursday,1,1
9052,2026-07-01,14:06,J0093,Estacion Orbital,Casual,,10,4,9,9,Derrota,670,2026,7,Wednesday,0,0
8630,2026-06-25,21:49,J0121,Puerto Escarlata,Ranked,Tesla;Nadia,39,5,6,2,Victoria,980,2026,6,Thursday,1,2
5687,2026-05-10,18:28,J0001,Puerto Escarlata,Casual,,32,7,4,5,Victoria,1370,2026,5,Sunday,2,0
3966,2026-04-10,05:45,J0001,Estacion Orbital,Ranked,Nadia;Lienzo,28,3,5,7,Derrota,550,2026,4,Friday,1,2
4728,2026-04-24,08:15,J0064,Bosque Umbral,Torneo,Nadia;Magnus;Lienzo,23,5,3,2,Derrota,540,2026,4,Friday,2,3
974,2026-02-08,21:54,J0093,Canales de Hielo,Ranked,Lienzo;Brisa,22,3,8,2,Derrota,240,2026,2,Sunday,0,2
1239,2026-02-15,19:09,J0006,Ciudadela,Torneo,Magnus;Nadia;Tesla,13,5,4,2,Derrota,520,2026,2,Sunday,1,3
2952,2026-03-22,22:02,J0057,Ciudadela,Ranked,Brisa,42,3,1,0,Victoria,780,2026,3,Sunday,3,1
2343,2026-03-10,19:57,J0100,Ciudadela,Ranked,Magnus,33,14,6,4,Derrota,1480,2026,3,Tuesday,2,1
8078,2026-06-17,20:45,J0160,Estacion Orbital,Ranked,Lienzo;Umbra,30,7,4,2,Victoria,1220,2026,6,Wednesday,2,2
8678,2026-06-26,20:41,J0024,Desierto Neon,Casual,,25,6,1,1,Victoria,1130,2026,6,Friday,6,0
6047,2026-05-16,08:47,J0078,Canales de Hielo,Ranked,Koro,31,5,5,2,Derrota,500,2026,5,Saturday,1,1
2159,2026-03-06,12:18,J0097,Estacion Orbital,Casual,Magnus;Tesla,24,4,2,6,Victoria,1160,2026,3,Friday,2,2
9718,2026-07-11,11:27,J0031,Ciudadela,Casual,Brisa,29,7,11,4,Derrota,680,2026,7,Saturday,1,1
6706,2026-05-25,16:17,J0005,Estacion Orbital,Ranked,Nadia,38,3,5,7,Victoria,1050,2026,5,Monday,1,1
1498,2026-02-21,16:03,J0010,Desierto Neon,Ranked,Nadia;Lienzo,43,8,5,1,Victoria,1250,2026,2,Saturday,2,2
4546,2026-04-21,21:57,J0039,Puerto Escarlata,Ranked,Magnus;Brisa;Nadia,30,9,9,5,Victoria,1470,2026,4,Tuesday,1,3
6466,2026-05-22,05:15,J0021,Estacion Orbital,Casual,Umbra;Nadia,19,3,2,2,Derrota,360,2026,5,Friday,2,2
4258,2026-04-16,18:25,J0007,Ciudadela,Casual,Magnus,11,8,6,7,Derrota,1030,2026,4,Thursday,1,1
2423,2026-03-12,18:19,J0024,Desierto Neon,Ranked,Vex;Umbra,27,8,6,4,Victoria,1380,2026,3,Thursday,1,2
8633,2026-06-25,18:27,J0048,Estacion Orbital,Casual,Magnus,25,2,5,2,Derrota,200,2026,6,Thursday,0,1
5186,2026-05-02,13:14,J0023,Bosque Umbral,Casual,Tesla,18,7,9,4,Victoria,1220,2026,5,Saturday,1,1
5648,2026-05-09,13:18,J0007,Puerto Escarlata,Casual,Brisa;Koro;Lienzo,29,7,8,5,Victoria,1290,2026,5,Saturday,1,3
358,2026-01-25,02:57,J0004,Bosque Umbral,Casual,Lienzo;Vex;Umbra,23,5,2,1,Victoria,1010,2026,1,Sunday,2,3
5243,2026-05-03,19:53,J0008,Puerto Escarlata,Casual,Vex,14,7,2,7,Victoria,,2026,5,Sunday,4,1
8147,2026-06-18,21:30,J0039,Ciudadela,Casual,Koro,11,7,3,3,Victoria,1290,2026,6,Thursday,2,1
9311,2026-07-05,07:23,J0018,Ciudadela,Casual,Lienzo;Magnus,32,3,7,7,Derrota,510,2026,7,Sunday,0,2
2093,2026-03-05,20:10,J0112,Estacion Orbital,Ranked,Vex,45,2,5,6,Derrota,400,2026,3,Thursday,0,1
5410,2026-05-06,17:07,J0024,Puerto Escarlata,Casual,Umbra;Vex,21,6,5,1,Derrota,550,2026,5,Wednesday,1,2
2016,2026-03-03,12:51,J0071,Puerto Escarlata,Casual,Magnus;Vex,31,7,5,4,Derrota,800,2026,3,Tuesday,1,2
9130,2026-07-03,20:37,J0089,Ciudadela,Casual,Vex,28,9,10,8,Victoria,1600,2026,7,Friday,1,1
4045,2026-04-12,16:53,J0039,Puerto Escarlata,Ranked,Tesla,32,6,3,7,Victoria,1390,2026,4,Sunday,2,1
188,2026-01-21,14:34,J0134,Puerto Escarlata,Casual,Koro;Nadia;Umbra,18,4,10,2,Victoria,800,2026,1,Wednesday,0,3
9352,2026-07-06,19:09,J0100,Puerto Escarlata,Ranked,Nadia,40,9,6,5,Derrota,1030,2026,7,Monday,2,1
3656,2026-04-05,07:58,J0111,Canales de Hielo,Casual,Tesla,15,3,4,4,Victoria,920,2026,4,Sunday,1,1
3427,2026-03-31,13:33,J0055,Puerto Escarlata,Casual,Umbra,32,1,6,1,Victoria,530,2026,3,Tuesday,0,1
7320,2026-06-05,19:13,J0003,Puerto Escarlata,Torneo,Magnus;Umbra,28,9,8,1,Derrota,790,2026,6,Friday,1,2
1382,2026-02-18,19:49,J0008,Bosque Umbral,Casual,Koro;Lienzo,23,2,1,1,Derrota,230,2026,2,Wednesday,2,2
7597,2026-06-09,14:47,J0023,Canales de Hielo,Casual,Koro;Magnus;Lienzo,29,4,5,5,,1050,2026,6,Tuesday,1,3
414,2026-01-26,18:50,J0028,Estacion Orbital,Torneo,Nadia,23,4,2,1,Derrota,410,2026,1,Monday,2,1
5038,2026-04-29,21:08,J0125,Bosque Umbral,Casual,Umbra;Koro;Brisa,29,10,5,4,Derrota,1100,2026,4,Wednesday,2,3
4898,2026-04-27,21:14,J0052,Ciudadela,Casual,Brisa,11,7,4,4,Victoria,1320,2026,4,Monday,2,1
3337,2026-03-29,19:45,J0017,Estacion Orbital,Ranked,Lienzo,34,8,7,2,,1260,2026,3,Sunday,1,1
3607,2026-04-04,21:30,J0086,Bosque Umbral,Ranked,Umbra,37,5,6,4,Victoria,1080,2026,4,Saturday,1,1
3176,2026-03-26,11:08,J0185,Puerto Escarlata,Casual,Umbra;Vex,27,8,5,0,Victoria,1200,2026,3,Thursday,2,2
2242,2026-03-08,15:31,J0041,Bosque Umbral,Ranked,Lienzo,31,5,2,3,Victoria,1110,2026,3,Sunday,2,1
9782,2026-07-12,19:51,J0006,Bosque Umbral,Ranked,Nadia,39,8,4,6,,1020,2026,7,Sunday,2,1
7930,2026-06-14,21:56,J0200,Puerto Escarlata,Casual,Umbra,31,9,8,3,Derrota,890,2026,6,Sunday,1,1
257,2026-01-22,20:11,J0200,Bosque Umbral,Ranked,Vex;Tesla,23,8,3,3,Derrota,890,2026,1,Thursday,3,2
9961,2026-07-14,20:22,J0079,Ciudadela,Ranked,Lienzo,32,1,7,3,Derrota,110,2026,7,Tuesday,0,1
201,2026-01-21,22:38,J0001,Puerto Escarlata,Ranked,Vex;Nadia,26,6,3,4,Victoria,1240,2026,1,Wednesday,2,2
2236,2026-03-08,17:30,J0036,Bosque Umbral,Casual,Nadia;Magnus;Lienzo,15,5,5,4,Derrota,600,2026,3,Sunday,1,3
4744,2026-04-24,10:33,J0105,Estacion Orbital,Ranked,Vex,41,15,2,1,Victoria,2010,2026,4,Friday,8,1
1768,2026-02-26,19:48,J0060,Desierto Neon,Casual,Magnus,11,6,7,6,Derrota,760,2026,2,Thursday,1,1
4237,2026-04-16,06:49,J0003,Puerto Escarlata,Ranked,Brisa;Vex,29,8,7,4,Victoria,1360,2026,4,Thursday,1,2
6849,2026-05-28,19:21,J0200,Desierto Neon,Ranked,Koro;Nadia,35,4,1,3,Derrota,530,2026,5,Thursday,4,2
8516,2026-06-23,15:56,J0124,Desierto Neon,Ranked,Vex;Brisa,24,10,4,6,Victoria,1720,2026,6,Tuesday,2,2
7293,2026-06-04,03:17,J0057,Ciudadela,Casual,Magnus,27,9,5,3,Derrota,950,2026,6,Thursday,2,1
1573,2026-02-22,19:28,J0037,Desierto Neon,Ranked,Vex,39,9,5,2,Victoria,1400,2026,2,Sunday,2,1
25,2026-01-16,11:30,J0200,Desierto Neon,Ranked,Vex,23,7,5,6,Victoria,1400,2026,1,Friday,1,1
3364,2026-03-29,20:45,J0013,Canales de Hielo,Ranked,Vex,28,11,6,2,Victoria,1580,2026,3,Sunday,2,1
1089,2026-02-11,20:13,J0178,Canales de Hielo,Casual,Nadia,8,9,7,7,Victoria,1610,2026,2,Wednesday,1,1
4675,2026-04-23,21:13,J0110,Desierto Neon,Casual,Magnus;Brisa,16,8,6,4,Derrota,880,2026,4,Thursday,1,2
2695,2026-03-17,19:51,J0042,Estacion Orbital,Casual,Nadia;Vex;Umbra,24,6,3,3,Victoria,1190,2026,3,Tuesday,2,3
7712,2026-06-11,12:27,J0034,Estacion Orbital,Ranked,Umbra;Vex,22,13,4,3,Derrota,1370,2026,6,Thursday,3,2
3399,2026-03-30,20:47,J0051,Desierto Neon,Casual,Nadia,29,3,6,4,Victoria,880,2026,3,Monday,0,1
3560,2026-04-03,18:50,J0035,Estacion Orbital,Ranked,Brisa,31,10,5,4,Victoria,1600,2026,4,Friday,2,1
9227,2026-07-04,00:42,J0030,Estacion Orbital,Casual,Umbra,28,3,5,4,Derrota,400,2026,7,Saturday,1,1
2842,2026-03-20,15:35,J0059,Puerto Escarlata,Casual,Brisa;Vex,15,9,9,4,Victoria,1420,2026,3,Friday,1,2
2312,2026-03-09,16:17,J0060,Canales de Hielo,Ranked,Koro,38,4,3,3,Derrota,490,2026,3,Monday,1,1
8399,2026-06-21,10:01,J0200,Ciudadela,Casual,Vex;Tesla,16,13,5,2,Victoria,1800,2026,6,Sunday,3,2
3235,2026-03-28,20:39,J0175,Puerto Escarlata,Ranked,Tesla,27,1,5,3,Victoria,650,2026,3,Saturday,0,1
4153,2026-04-14,23:29,J0022,Estacion Orbital,Ranked,Magnus,26,5,10,0,Victoria,800,2026,4,Tuesday,0,1
1310,2026-02-17,14:54,J0010,Bosque Umbral,Ranked,Vex,33,11,6,5,Victoria,1730,2026,2,Tuesday,2,1
696,2026-02-02,18:06,J0068,Ciudadela,Casual,Magnus;Tesla,26,6,5,5,Victoria,1250,2026,2,Monday,1,2
6786,2026-05-27,20:07,J0035,Estacion Orbital,Torneo,Tesla,16,12,6,5,,1830,2026,5,Wednesday,2,1
3753,2026-04-06,20:54,J0053,Canales de Hielo,Ranked,Tesla,29,7,7,5,Victoria,1310,2026,4,Monday,1,1
6338,2026-05-20,11:52,J0112,Puerto Escarlata,Ranked,Tesla;Umbra,22,6,1,2,Victoria,1180,2026,5,Wednesday,6,2
1228,2026-02-15,19:46,J0118,Estacion Orbital,Ranked,Lienzo,44,8,1,8,Derrota,1180,2026,2,Sunday,8,1
2000,2026-03-03,16:31,J0046,Canales de Hielo,Casual,Brisa,8,8,2,4,Victoria,1460,2026,3,Tuesday,4,1
277,2026-01-23,11:59,J0161,Estacion Orbital,Torneo,Lienzo,24,7,6,6,Victoria,,2026,1,Friday,1,1
6890,2026-05-29,21:59,J0200,Ciudadela,Ranked,Koro,28,13,4,3,Derrota,1370,2026,5,Friday,3,1
7205,2026-06-03,21:52,J0086,Ciudadela,Casual,Vex,9,5,5,1,Derrota,450,2026,6,Wednesday,1,1
5930,2026-05-14,14:57,J0011,Puerto Escarlata,Ranked,Brisa,24,5,1,5,Victoria,1230,2026,5,Thursday,5,1
2954,2026-03-22,01:58,J0200,Puerto Escarlata,Ranked,Lienzo,39,4,4,5,Victoria,1070,2026,3,Sunday,1,1
3638,2026-04-04,09:29,J0015,Ciudadela,Ranked,Magnus,42,7,2,5,Victoria,1410,2026,4,Saturday,4,1
3907,2026-04-09,13:21,J0068,Desierto Neon,Ranked,Nadia,40,5,4,5,Derrota,670,2026,4,Thursday,1,1
4779,2026-04-25,21:58,J0104,Canales de Hielo,Ranked,Vex;Umbra,36,11,8,5,Derrota,1190,2026,4,Saturday,1,2
5846,2026-05-12,20:28,J0038,Ciudadela,Ranked,Umbra,34,3,7,3,Victoria,,2026,5,Tuesday,0,1
9772,2026-07-12,22:27,J0200,Ciudadela,Ranked,Koro;Lienzo,43,2,5,4,Derrota,300,2026,7,Sunday,0,2
4118,2026-04-13,10:21,J0021,Bosque Umbral,Ranked,Lienzo;Nadia,37,11,5,5,Derrota,1250,2026,4,Monday,2,2
7154,2026-06-02,08:42,J0130,Ciudadela,Casual,Vex;Koro,16,5,3,9,Victoria,1390,2026,6,Tuesday,2,2
1138,2026-02-13,18:39,J0043,Canales de Hielo,Casual,,16,6,7,6,Victoria,1260,2026,2,Friday,1,0
2768,2026-03-19,06:40,J0019,Estacion Orbital,Ranked,Vex;Lienzo,35,7,4,1,Victoria,1170,2026,3,Thursday,2,2
2335,2026-03-10,09:37,J0043,Estacion Orbital,Casual,Nadia,23,7,5,7,Derrota,950,2026,3,Tuesday,1,1
7837,2026-06-13,00:40,J0104,Desierto Neon,Torneo,Lienzo,13,10,6,1,Victoria,1430,2026,6,Saturday,2,1
943,2026-02-08,18:36,J0047,Canales de Hielo,Ranked,Koro;Tesla,27,11,5,7,Derrota,1350,2026,2,Sunday,2,2
7792,2026-06-12,18:47,J0068,Desierto Neon,Casual,Magnus,32,5,7,2,Victoria,960,2026,6,Friday,1,1
2491,2026-03-13,07:00,J0090,Desierto Neon,Torneo,Brisa,14,5,5,4,Victoria,1100,2026,3,Friday,1,1
9753,2026-07-12,11:24,J0023,Bosque Umbral,Casual,Vex,25,13,5,5,Derrota,1450,2026,7,Sunday,3,1
6291,2026-05-20,21:15,J0162,Ciudadela,Ranked,Magnus,25,4,4,5,Victoria,1070,2026,5,Wednesday,1,1
4936,2026-04-27,05:26,J0200,Puerto Escarlata,Ranked,Lienzo,42,7,3,4,Derrota,840,2026,4,Monday,2,1
3936,2026-04-10,12:46,J0098,Bosque Umbral,Torneo,Umbra,30,13,5,6,Victoria,2000,2026,4,Friday,3,1
9992,2026-07-14,19:25,J0008,Ciudadela,Casual,Lienzo;Magnus,8,5,5,5,Derrota,650,2026,7,Tuesday,1,2
2385,2026-03-11,17:04,J0129,Canales de Hielo,Casual,Nadia;Lienzo;Magnus,29,4,3,3,Derrota,490,2026,3,Wednesday,1,3
116,2026-01-19,21:15,J0071,Puerto Escarlata,Ranked,Lienzo;Vex;Nadia,22,10,7,5,Derrota,,2026,1,Monday,1,3
1864,2026-02-28,22:42,J0053,Puerto Escarlata,Casual,Vex,10,4,1,1,Victoria,930,2026,2,Saturday,4,1
3120,2026-03-25,07:14,J0062,Estacion Orbital,Ranked,Magnus;Tesla;Brisa,32,3,3,5,Victoria,990,2026,3,Wednesday,1,3
4259,2026-04-16,19:21,J0064,Puerto Escarlata,Ranked,Nadia;Lienzo;Brisa,35,5,6,7,Derrota,730,2026,4,Thursday,1,3
7451,2026-06-06,17:42,J0032,Canales de Hielo,Ranked,Brisa,31,4,10,6,Victoria,1000,2026,6,Saturday,0,1
903,2026-02-07,21:39,J0200,Canales de Hielo,Casual,Brisa;Nadia,19,1,5,4,,200,2026,2,Saturday,0,2
2820,2026-03-20,17:43,J0003,Desierto Neon,Ranked,Vex;Lienzo,41,9,3,2,Derrota,940,2026,3,Friday,3,2
3823,2026-04-08,22:20,J0200,Desierto Neon,Ranked,Magnus,40,6,6,5,Victoria,1230,2026,4,Wednesday,1,1
8391,2026-06-21,14:28,J0089,Estacion Orbital,Casual,Nadia,18,11,9,3,Derrota,1070,2026,6,Sunday,1,1
7013,2026-05-31,20:14,J0089,Ciudadela,Ranked,Tesla,28,4,4,6,Derrota,620,2026,5,Sunday,1,1
9161,2026-07-03,07:20,J0008,Bosque Umbral,Ranked,Tesla,44,4,4,2,Victoria,,2026,7,Friday,1,1
4700,2026-04-24,19:57,J0002,Estacion Orbital,Casual,Tesla,27,9,1,3,Victoria,1530,2026,4,Friday,9,1
8988,2026-06-30,10:09,J0047,Estacion Orbital,Ranked,Magnus,42,11,4,3,Victoria,1670,2026,6,Tuesday,3,1
3803,2026-04-07,17:29,J0028,Bosque Umbral,Ranked,Lienzo,23,5,4,4,Victoria,1120,2026,4,Tuesday,1,1
6069,2026-05-16,21:55,J0006,Bosque Umbral,Casual,Koro,10,4,9,7,Derrota,570,2026,5,Saturday,0,1
5811,2026-05-12,20:22,J0073,Bosque Umbral,Ranked,Brisa,30,6,9,3,Victoria,1070,2026,5,Tuesday,1,1
3537,2026-04-02,19:20,J0081,Puerto Escarlata,Torneo,,31,6,7,0,Victoria,960,2026,4,Thursday,1,0
3826,2026-04-08,14:19,J0092,Canales de Hielo,Torneo,Nadia;Magnus;Lienzo,18,4,4,3,Victoria,970,2026,4,Wednesday,1,3
6643,2026-05-24,16:16,J0002,Ciudadela,Casual,Brisa;Umbra;Tesla,23,10,4,5,Derrota,1170,2026,5,Sunday,2,3
8711,2026-06-27,22:22,J0006,Canales de Hielo,Torneo,Brisa,31,5,10,3,Victoria,950,2026,6,Saturday,0,1
8677,2026-06-26,21:06,J0037,Ciudadela,Casual,Magnus,21,4,6,3,Derrota,430,2026,6,Friday,1,1
4811,2026-04-25,19:20,J0170,Puerto Escarlata,Casual,Vex,28,5,6,7,Victoria,1230,2026,4,Saturday,1,1
1947,2026-03-02,18:04,J0043,Puerto Escarlata,Casual,Koro,14,1,3,3,Victoria,690,2026,3,Monday,0,1
7977,2026-06-15,10:43,J0026,Puerto Escarlata,Casual,Magnus,26,4,5,9,Derrota,,2026,6,Monday,1,1
7262,2026-06-03,18:43,J0055,Puerto Escarlata,Ranked,Vex,36,3,5,4,Victoria,900,2026,6,Wednesday,1,1
5336,2026-05-04,12:27,J0134,Ciudadela,Casual,Umbra;Vex,8,10,8,5,Derrota,1090,2026,5,Monday,1,2
3489,2026-04-01,21:37,J0035,Canales de Hielo,Casual,Brisa;Magnus;Vex,26,3,6,7,Victoria,1030,2026,4,Wednesday,0,3
1611,2026-02-22,22:28,J0034,Puerto Escarlata,Casual,Tesla,12,5,3,2,Victoria,1040,2026,2,Sunday,2,1
7590,2026-06-09,07:20,J0128,Ciudadela,Ranked,Nadia,28,9,8,4,Derrota,940,2026,6,Tuesday,1,1
7182,2026-06-02,19:38,J0109,Bosque Umbral,Casual,Vex,26,13,4,5,Victoria,1970,2026,6,Tuesday,3,1
4678,2026-04-23,21:52,J0016,Estacion Orbital,Ranked,Umbra,36,6,5,5,Victoria,1250,2026,4,Thursday,1,1
4960,2026-04-28,20:37,J0037,Canales de Hielo,Casual,Koro,21,4,3,5,Derrota,590,2026,4,Tuesday,1,1
5868,2026-05-13,08:22,J0101,Desierto Neon,Casual,Koro,24,6,7,3,Derrota,610,2026,5,Wednesday,1,1
8832,2026-06-28,13:47,J0117,Puerto Escarlata,Casual,Tesla,19,3,5,5,Victoria,950,2026,6,Sunday,1,1
4762,2026-04-25,18:47,J0004,Desierto Neon,Ranked,Nadia;Lienzo,31,6,3,1,Victoria,1090,2026,4,Saturday,2,2
2195,2026-03-07,18:24,J0018,Desierto Neon,Casual,Tesla,9,3,6,4,Victoria,880,2026,3,Saturday,0,1
8139,2026-06-17,03:48,J0200,Puerto Escarlata,Ranked,Magnus;Vex,28,11,5,6,Victoria,1800,2026,6,Wednesday,2,2
5702,2026-05-10,22:34,J0147,Bosque Umbral,Ranked,Koro,40,2,3,5,Victoria,890,2026,5,Sunday,1,1
5114,2026-05-01,17:05,J0062,Ciudadela,Ranked,Koro,23,6,4,4,Derrota,720,2026,5,Friday,2,1
558,2026-01-30,22:38,J0032,Bosque Umbral,Ranked,Tesla,28,3,7,3,Victoria,810,2026,1,Friday,0,1
8199,2026-06-18,23:18,J0013,Estacion Orbital,Ranked,Brisa;Magnus,24,5,5,5,Victoria,1150,2026,6,Thursday,1,2
5140,2026-05-01,15:46,J0006,Estacion Orbital,Ranked,Koro,38,6,4,2,Derrota,620,2026,5,Friday,2,1
1208,2026-02-14,11:30,J0034,Ciudadela,Torneo,Magnus,14,6,6,4,Victoria,1180,2026,2,Saturday,1,1
7163,2026-06-02,21:01,J0039,Bosque Umbral,Ranked,Tesla;Vex,34,10,3,2,Derrota,1040,2026,6,Tuesday,3,2
7437,2026-06-06,23:43,J0045,Puerto Escarlata,Ranked,Brisa,39,3,7,5,Derrota,410,2026,6,Saturday,0,1
1511,2026-02-21,20:36,J0002,Bosque Umbral,Casual,Koro,22,5,3,6,Derrota,740,2026,2,Saturday,2,1
6889,2026-05-29,23:29,J0110,Estacion Orbital,Casual,Tesla,27,6,8,6,Victoria,1240,2026,5,Friday,1,1
3830,2026-04-08,16:04,J0068,Puerto Escarlata,Casual,Magnus,30,5,4,3,Victoria,1070,2026,4,Wednesday,1,1
3733,2026-04-06,20:34,J0019,Puerto Escarlata,Ranked,Umbra;Vex,40,10,4,6,Derrota,1220,2026,4,Monday,2,2
8093,2026-06-17,18:36,J0029,Estacion Orbital,Ranked,Vex;Tesla,24,9,7,3,Derrota,910,2026,6,Wednesday,1,2
3212,2026-03-27,19:35,J0087,Estacion Orbital,Ranked,,23,5,4,4,Derrota,620,2026,3,Friday,1,0
3631,2026-04-04,18:25,J0006,Bosque Umbral,Casual,Magnus;Tesla,17,4,7,6,Victoria,1060,2026,4,Saturday,1,2
1709,2026-02-24,09:22,J0024,Puerto Escarlata,Casual,Lienzo;Tesla,22,3,8,5,Victoria,,2026,2,Tuesday,0,2
1846,2026-02-28,20:27,J0009,Puerto Escarlata,Ranked,Nadia,43,5,4,7,Victoria,1270,2026,2,Saturday,1,1
267,2026-01-23,18:31,J0200,Ciudadela,Casual,Koro,31,9,6,4,Derrota,980,2026,1,Friday,2,1
5986,2026-05-15,19:23,J0046,Puerto Escarlata,Ranked,Magnus;Koro,42,8,5,4,Derrota,900,2026,5,Friday,2,2
1141,2026-02-13,18:18,J0137,Puerto Escarlata,Ranked,,27,8,4,4,Victoria,1420,2026,2,Friday,2,0
3163,2026-03-26,20:30,J0012,Estacion Orbital,Ranked,Umbra;Nadia;Vex,37,9,6,8,Derrota,1180,2026,3,Thursday,2,3
6208,2026-05-18,01:19,J0200,Puerto Escarlata,Casual,Koro;Nadia,12,4,6,3,,430,2026,5,Monday,1,2
2047,2026-03-04,21:57,J0143,Estacion Orbital,Ranked,Lienzo;Nadia,35,7,3,7,Derrota,990,2026,3,Wednesday,2,2
3731,2026-04-06,00:51,J0116,Puerto Escarlata,Casual,Magnus,17,12,8,3,Derrota,1190,2026,4,Monday,2,1
1910,2026-03-01,12:45,J0073,Desierto Neon,Casual,Brisa,17,3,4,5,Derrota,470,2026,3,Sunday,1,1
7435,2026-06-06,21:14,J0004,Estacion Orbital,Casual,Brisa,20,4,7,2,Derrota,360,2026,6,Saturday,1,1
2661,2026-03-16,20:04,J0028,Puerto Escarlata,Torneo,Lienzo,19,8,4,5,Derrota,970,2026,3,Monday,2,1
657,2026-02-01,21:20,J0022,Ciudadela,Casual,Magnus;Nadia,24,6,8,3,Derrota,590,2026,2,Sunday,1,2
6661,2026-05-25,17:33,J0073,Estacion Orbital,Torneo,Magnus,21,3,1,4,Victoria,980,2026,5,Monday,3,1
1308,2026-02-16,20:08,J0053,Bosque Umbral,Casual,Koro,24,3,2,4,Victoria,960,2026,2,Monday,2,1
7964,2026-06-15,20:52,J0200,Ciudadela,Casual,Brisa,14,11,5,7,Derrota,1350,2026,6,Monday,2,1
999,2026-02-09,00:22,J0088,Canales de Hielo,Casual,Koro,22,4,6,4,,980,2026,2,Monday,1,1
9677,2026-07-11,19:36,J0011,Ciudadela,Ranked,Umbra,41,0,2,4,,660,2026,7,Saturday,0,1
2835,2026-03-20,12:24,J0017,Estacion Orbital,Torneo,Nadia;Vex;Koro,20,5,5,2,Victoria,1000,2026,3,Friday,1,3
9249,2026-07-05,17:24,J0043,Puerto Escarlata,Casual,Lienzo;Magnus;Brisa,9,7,4,3,Victoria,1270,2026,7,Sunday,2,3
5881,2026-05-13,16:17,J0007,Estacion Orbital,Ranked,Lienzo;Koro,39,5,6,4,Derrota,580,2026,5,Wednesday,1,2
1238,2026-02-15,09:07,J0001,Desierto Neon,Ranked,Lienzo,25,9,3,1,Derrota,890,2026,2,Sunday,3,1
2152,2026-03-06,23:29,J0034,Canales de Hielo,Casual,Lienzo,30,7,6,2,Derrota,680,2026,3,Friday,1,1
8053,2026-06-16,16:34,J0049,Canales de Hielo,Casual,Lienzo;Magnus,24,6,7,2,Derrota,560,2026,6,Tuesday,1,2
9769,2026-07-12,22:31,J0074,Estacion Orbital,Ranked,Lienzo;Umbra;Nadia,22,5,9,4,Derrota,520,2026,7,Sunday,1,3
8725,2026-06-27,19:42,J0200,Bosque Umbral,Ranked,Lienzo,27,7,2,4,Derrota,860,2026,6,Saturday,4,1
8300,2026-06-20,11:31,J0062,Ciudadela,Ranked,Magnus;Koro,28,4,3,4,Victoria,1040,2026,6,Saturday,1,2
6579,2026-05-23,15:58,J0042,Ciudadela,Torneo,,24,4,8,6,Derrota,540,2026,5,Saturday,0,0
5092,2026-04-30,19:58,J0086,Desierto Neon,Ranked,Lienzo,22,7,5,2,Victoria,1200,2026,4,Thursday,1,1
2187,2026-03-07,18:29,J0110,Canales de Hielo,Ranked,Lienzo;Tesla;Umbra,30,6,5,4,Derrota,400,2026,3,Saturday,1,3
1135,2026-02-13,21:28,J0079,Estacion Orbital,Casual,Koro;Vex;Brisa,20,6,4,3,Derrota,670,2026,2,Friday,2,3
5005,2026-04-29,21:41,J0143,Puerto Escarlata,Ranked,Koro,30,4,9,4,Derrota,420,2026,4,Wednesday,0,1
8110,2026-06-17,18:15,J0127,Canales de Hielo,Casual,Koro,31,3,6,7,Derrota,530,2026,6,Wednesday,0,1
1304,2026-02-16,20:13,J0017,Canales de Hielo,Ranked,Koro,38,1,3,0,Derrota,40,2026,2,Monday,0,1
9051,2026-07-01,21:05,J0029,Puerto Escarlata,Casual,Koro,22,1,5,6,Derrota,300,2026,7,Wednesday,0,1
1628,2026-02-23,06:37,J0013,Estacion Orbital,Torneo,Brisa,9,10,1,2,Derrota,1080,2026,2,Monday,10,1
8087,2026-06-17,17:40,J0002,Ciudadela,Casual,Tesla,19,8,4,5,Derrota,970,2026,6,Wednesday,2,1
1523,2026-02-21,18:50,J0146,Canales de Hielo,Casual,Brisa,24,4,10,2,Derrota,300,2026,2,Saturday,0,1
9884,2026-07-13,19:02,J0022,Puerto Escarlata,Ranked,Umbra;Vex;Magnus,38,11,7,3,Victoria,1610,2026,7,Monday,2,3
359,2026-01-25,19:18,J0119,Bosque Umbral,Casual,Umbra,9,13,6,5,Derrota,1430,2026,1,Sunday,2,1
139,2026-01-19,18:01,J0001,Estacion Orbital,Ranked,Umbra;Vex,40,6,6,4,Derrota,680,2026,1,Monday,1,2
300,2026-01-24,18:54,J0150,Canales de Hielo,Casual,Lienzo,30,4,3,5,Derrota,590,2026,1,Saturday,1,1
1557,2026-02-21,15:00,J0057,Canales de Hielo,Ranked,,32,3,7,3,Derrota,310,2026,2,Saturday,0,0
5100,2026-04-30,19:27,J0061,Puerto Escarlata,Casual,Koro,19,6,8,5,Victoria,1190,2026,4,Thursday,1,1
383,2026-01-25,10:10,J0005,Bosque Umbral,Ranked,Magnus;Brisa;Tesla,27,6,4,7,Derrota,870,2026,1,Sunday,2,3
8378,2026-06-21,23:02,J0074,Bosque Umbral,Casual,Brisa,22,2,2,7,Derrota,510,2026,6,Sunday,1,1
7071,2026-05-31,19:53,J0012,Bosque Umbral,Ranked,Vex;Koro,40,8,3,2,Derrota,840,2026,5,Sunday,3,2
4858,2026-04-26,18:36,J0112,Canales de Hielo,Ranked,Lienzo;Vex,27,6,3,5,Victoria,1290,2026,4,Sunday,2,2
3181,2026-03-26,20:58,J0022,Canales de Hielo,Casual,Vex,29,8,8,5,Derrota,890,2026,3,Thursday,1,1
1440,2026-02-20,18:15,J0116,Estacion Orbital,Casual,Brisa;Umbra,20,4,2,6,Derrota,660,2026,2,Friday,2,2
7259,2026-06-03,13:08,J0004,Estacion Orbital,Casual,Umbra,14,10,3,2,Derrota,1040,2026,6,Wednesday,3,1
5674,2026-05-10,12:30,J0200,Estacion Orbital,Ranked,Koro,44,8,10,1,Victoria,,2026,5,Sunday,1,1
947,2026-02-08,00:59,J0008,Puerto Escarlata,Casual,Brisa,9,0,7,4,Derrota,60,2026,2,Sunday,0,1
2391,2026-03-11,22:31,J0001,Estacion Orbital,Casual,Umbra;Tesla;Vex,16,12,3,4,Victoria,1840,2026,3,Wednesday,4,3
5499,2026-05-07,21:10,J0044,Estacion Orbital,Casual,Lienzo;Vex,13,12,6,6,Victoria,1880,2026,5,Thursday,2,2
7198,2026-06-02,21:13,J0011,Canales de Hielo,Casual,Magnus,26,3,1,6,Derrota,580,2026,6,Tuesday,3,1
9301,2026-07-05,06:58,J0096,Desierto Neon,Casual,Vex,24,7,6,5,Victoria,1330,2026,7,Sunday,1,1
2722,2026-03-17,07:30,J0192,Canales de Hielo,Casual,Koro,28,6,5,5,Derrota,750,2026,3,Tuesday,1,1
1933,2026-03-01,23:20,J0103,Estacion Orbital,Casual,Koro,13,7,4,2,Derrota,720,2026,3,Sunday,2,1
7552,2026-06-08,08:57,J0186,Canales de Hielo,Torneo,Brisa;Lienzo;Magnus,28,0,10,5,,50,2026,6,Monday,0,3
3237,2026-03-28,11:21,J0043,Bosque Umbral,Casual,Tesla;Brisa,8,7,9,5,Victoria,1270,2026,3,Saturday,1,2
3141,2026-03-25,08:28,J0065,Bosque Umbral,Casual,Lienzo;Umbra,8,7,5,3,Derrota,750,2026,3,Wednesday,1,2
4164,2026-04-14,18:29,J0010,Estacion Orbital,Casual,Nadia,28,5,5,4,Derrota,600,2026,4,Tuesday,1,1
8958,2026-06-30,23:29,J0079,Estacion Orbital,Torneo,Brisa,17,3,6,6,Derrota,480,2026,6,Tuesday,0,1
3808,2026-04-08,20:30,J0052,Ciudadela,Ranked,Vex;Brisa,40,6,5,6,Victoria,1300,2026,4,Wednesday,1,2
9552,2026-07-09,22:20,J0001,Bosque Umbral,Torneo,Tesla;Koro,11,5,6,9,Derrota,830,2026,7,Thursday,1,2
7107,2026-06-01,01:05,J0014,Bosque Umbral,Casual,Magnus;Nadia,32,3,8,6,,940,2026,6,Monday,0,2
8974,2026-06-30,07:55,J0017,Canales de Hielo,Casual,Koro;Vex;Umbra,30,12,6,1,Derrota,1130,2026,6,Tuesday,2,3
6782,2026-05-27,18:09,J0041,Bosque Umbral,Casual,Magnus;Nadia;Brisa,12,1,3,3,,190,2026,5,Wednesday,0,3
7016,2026-05-31,18:57,J0088,Desierto Neon,Ranked,Vex,41,15,3,4,Victoria,21,2026,5,Sunday,5,1
4155,2026-04-14,12:58,J0039,Canales de Hielo,Ranked,Brisa,38,6,7,3,Victoria,1110,2026,4,Tuesday,1,1
4173,2026-04-14,14:48,J0004,Bosque Umbral,Ranked,Tesla;Nadia,26,4,3,4,Derrota,540,2026,4,Tuesday,1,2
797,2026-02-05,13:28,J0027,Puerto Escarlata,Ranked,Koro,41,1,4,1,Victoria,570,2026,2,Thursday,0,1
2417,2026-03-12,20:03,J0079,Estacion Orbital,Ranked,,43,6,9,6,Victoria,1420,2026,3,Thursday,1,0
7823,2026-06-13,04:32,J0018,Ciudadela,Casual,Tesla;Magnus,9,5,9,6,Derrota,620,2026,6,Saturday,1,2
6140,2026-05-17,22:51,J0147,Desierto Neon,Ranked,Koro,37,4,5,4,Derrota,500,2026,5,Sunday,1,1
786,2026-02-04,15:46,J0073,Puerto Escarlata,Casual,Nadia,11,0,5,6,Derrota,200,2026,2,Wednesday,0,1
7192,2026-06-02,21:42,J0091,Bosque Umbral,Ranked,,35,6,6,3,Victoria,1130,2026,6,Tuesday,1,0
6790,2026-05-27,17:07,J0037,Canales de Hielo,Casual,Magnus,32,5,5,6,Victoria,1200,2026,5,Wednesday,1,1
3159,2026-03-26,20:29,J0009,Canales de Hielo,Casual,Umbra;Koro,16,6,8,5,Derrota,890,2026,3,Thursday,1,2
124,2026-01-19,18:03,J0001,Ciudadela,Ranked,Nadia,44,4,4,6,Victoria,1120,2026,1,Monday,1,1
9530,2026-07-09,17:04,J0058,Desierto Neon,Casual,Vex,20,7,8,4,Derrota,740,2026,7,Thursday,1,1
8689,2026-06-26,16:50,J0015,Ciudadela,Casual,Vex,23,8,7,3,Derrota,810,2026,6,Friday,1,1
2173,2026-03-07,16:01,J0187,Puerto Escarlata,Torneo,Koro;Lienzo,27,4,5,3,Derrota,450,2026,3,Saturday,1,2
2170,2026-03-07,20:12,J0047,Estacion Orbital,Ranked,Brisa,27,7,5,4,Victoria,1300,2026,3,Saturday,1,1
7002,2026-05-30,22:24,J0046,Ciudadela,Casual,Koro,24,4,3,2,Victoria,940,2026,5,Saturday,1,1
4010,2026-04-11,07:37,J0036,Canales de Hielo,Ranked,Lienzo;Nadia;Tesla,32,5,7,2,Derrota,460,2026,4,Saturday,1,3
9367,2026-07-06,10:50,J0098,Estacion Orbital,Ranked,,39,7,3,2,Derrota,740,2026,7,Monday,2,0
4341,2026-04-18,05:49,J0031,Puerto Escarlata,Casual,Koro,15,8,5,5,Victoria,1450,2026,4,Saturday,2,1
911,2026-02-07,11:14,J0019,Canales de Hielo,Ranked,Umbra,32,2,4,1,Derrota,170,2026,2,Saturday,0,1
6269,2026-05-19,06:34,J0052,Estacion Orbital,Casual,Lienzo;Umbra;Koro,28,6,6,7,Victoria,930,2026,5,Tuesday,1,3
8515,2026-06-23,00:54,J0101,Ciudadela,Casual,Nadia,27,6,4,5,Derrota,770,2026,6,Tuesday,2,1
2310,2026-03-09,18:32,J0029,Bosque Umbral,Casual,Brisa,28,3,4,7,Victoria,1070,2026,3,Monday,1,1
9732,2026-07-11,20:06,J0031,Desierto Neon,Casual,Brisa,26,8,4,3,Derrota,870,2026,7,Saturday,2,1
3635,2026-04-04,15:56,J0008,Desierto Neon,Casual,Magnus;Lienzo;Tesla,8,0,8,5,Victoria,590,2026,4,Saturday,0,3
1258,2026-02-15,05:20,J0056,Ciudadela,Ranked,Umbra;Vex,45,7,4,3,Victoria,1270,2026,2,Sunday,2,2
6592,2026-05-24,17:30,J0043,Puerto Escarlata,Ranked,Lienzo;Umbra,23,8,9,3,Derrota,770,2026,5,Sunday,1,2
4459,2026-04-19,21:56,J0200,Canales de Hielo,Casual,Nadia,23,8,4,2,Derrota,,2026,4,Sunday,2,1
6134,2026-05-17,07:00,J0122,Desierto Neon,Ranked,Nadia,27,7,4,5,Derrota,870,2026,5,Sunday,2,1
1179,2026-02-14,18:48,J0038,Estacion Orbital,Casual,Koro,12,4,3,4,Victoria,1040,2026,2,Saturday,1,1
4653,2026-04-23,21:40,J0068,Puerto Escarlata,Casual,Vex,30,6,3,6,Derrota,840,2026,4,Thursday,2,1
6219,2026-05-18,17:34,J0010,Puerto Escarlata,Ranked,Tesla;Nadia,33,7,3,3,Victoria,1290,2026,5,Monday,2,2
3651,2026-04-05,23:31,J0200,Estacion Orbital,Casual,Vex,28,6,7,2,Victoria,1060,2026,4,Sunday,1,1
443,2026-01-27,18:56,J0115,Ciudadela,Casual,Tesla,21,3,5,4,Derrota,400,2026,1,Tuesday,1,1
3416,2026-03-30,18:48,J0086,Puerto Escarlata,Casual,Magnus;Koro,10,0,5,3,Derrota,50,2026,3,Monday,0,2
1400,2026-02-19,18:54,J0020,Canales de Hielo,Ranked,Magnus;Tesla;Brisa,36,9,7,2,Derrota,860,2026,2,Thursday,1,3
1458,2026-02-20,23:03,J0070,Desierto Neon,Ranked,Tesla,35,5,5,4,Victoria,1100,2026,2,Friday,1,1
7654,2026-06-10,15:45,J0039,Desierto Neon,Casual,Koro;Magnus;Lienzo,23,7,7,0,Derrota,560,2026,6,Wednesday,1,3
5745,2026-05-11,21:30,J0062,Ciudadela,Ranked,Vex,29,7,3,3,Derrota,790,2026,5,Monday,2,1
1055,2026-02-11,20:13,J0047,Estacion Orbital,Ranked,Magnus;Tesla,43,9,2,3,Derrota,1010,2026,2,Wednesday,4,2
6903,2026-05-29,20:53,J0021,Bosque Umbral,Ranked,Umbra,39,11,8,2,Derrota,1040,2026,5,Friday,1,1
3276,2026-03-28,18:50,J0128,Canales de Hielo,Ranked,Koro,31,6,5,4,Derrota,700,2026,3,Saturday,1,1
1464,2026-02-20,14:00,J0109,Puerto Escarlata,Casual,Nadia,16,5,3,4,Victoria,1140,2026,2,Friday,2,1
3700,2026-04-05,22:16,J0027,Bosque Umbral,Casual,Vex;Koro,18,9,0,3,Victoria,1550,2026,4,Sunday,,2
3760,2026-04-07,12:31,J0021,Ciudadela,Casual,Magnus,9,4,3,5,Victoria,1090,2026,4,Tuesday,1,1
930,2026-02-08,18:18,J0036,Bosque Umbral,Casual,Magnus;Tesla,29,5,7,3,Derrota,510,2026,2,Sunday,1,2
5512,2026-05-07,11:52,J0047,Desierto Neon,Ranked,Brisa,38,6,7,3,Derrota,610,2026,5,Thursday,1,1
6469,2026-05-22,08:56,J0137,Puerto Escarlata,Casual,Vex;Umbra,32,13,4,4,Victoria,1920,2026,5,Friday,3,2
9039,2026-07-01,08:38,J0029,Puerto Escarlata,Ranked,Nadia,34,1,7,7,Derrota,,2026,7,Wednesday,0,1
1830,2026-02-28,20:21,J0036,Bosque Umbral,Casual,Koro,13,3,8,4,Derrota,340,2026,2,Saturday,0,1
2929,2026-03-22,21:40,J0021,Estacion Orbital,Torneo,Magnus,24,6,7,3,Derrota,610,2026,3,Sunday,1,1
7059,2026-05-31,07:32,J0076,Ciudadela,Ranked,Brisa;Nadia,26,8,3,1,Derrota,790,2026,5,Sunday,3,2
6539,2026-05-23,05:41,J0031,Desierto Neon,Ranked,Koro,22,5,5,3,Victoria,,2026,5,Saturday,1,1
4222,2026-04-15,18:58,J0026,Bosque Umbral,Ranked,Tesla;Magnus,27,8,6,4,Derrota,880,2026,4,Wednesday,1,2
3547,2026-04-02,19:10,J0200,Desierto Neon,Casual,Brisa,27,5,3,4,Victoria,1140,2026,4,Thursday,2,1
5599,2026-05-09,01:22,J0007,Canales de Hielo,Casual,Vex,25,13,9,5,Victoria,1870,2026,5,Saturday,1,1
9784,2026-07-12,22:13,J0067,Puerto Escarlata,Casual,Lienzo;Brisa;Koro,31,5,5,3,Derrota,550,2026,7,Sunday,1,3
7446,2026-06-06,16:26,J0144,Ciudadela,Casual,,24,5,10,3,Derrota,450,2026,6,Saturday,0,0
8222,2026-06-19,18:31,J0055,Desierto Neon,Torneo,Lienzo,23,4,7,1,Derrota,310,2026,6,Friday,1,1
2012,2026-03-03,15:09,J0038,Ciudadela,Ranked,Umbra,30,3,8,1,Victoria,690,2026,3,Tuesday,0,1
914,2026-02-07,14:05,J0075,Puerto Escarlata,Casual,Vex;Tesla;Lienzo,29,7,9,4,Victoria,1220,2026,2,Saturday,1,3
8314,2026-06-20,16:05,J0064,Desierto Neon,Casual,Tesla,22,0,2,5,Derrota,210,2026,6,Saturday,0,1
9891,2026-07-13,19:00,J0013,Puerto Escarlata,Ranked,Brisa,38,6,4,5,Victoria,1270,2026,7,Monday,2,1
3220,2026-03-27,11:32,J0059,Canales de Hielo,Casual,Vex;Magnus;Nadia,30,6,7,4,Victoria,1160,2026,3,Friday,1,3
2607,2026-03-15,20:11,J0012,Desierto Neon,Ranked,Umbra;Koro;Brisa,41,6,6,3,Victoria,1130,2026,3,Sunday,1,3
3265,2026-03-28,16:38,J0005,Bosque Umbral,Ranked,Lienzo,44,7,11,3,Victoria,1130,2026,3,Saturday,1,1
4929,2026-04-27,06:53,J0005,Estacion Orbital,Torneo,Koro,17,5,1,1,Victoria,1030,2026,4,Monday,5,1
8730,2026-06-27,13:39,J0095,Ciudadela,Casual,Magnus,16,4,10,4,Victoria,900,2026,6,Saturday,0,1
6565,2026-05-23,17:52,J0023,Ciudadela,Casual,Tesla,11,10,1,1,Derrota,1030,2026,5,Saturday,10,1
8224,2026-06-19,16:19,J0012,Estacion Orbital,Casual,Nadia,24,6,2,5,Derrota,810,2026,6,Friday,3,1
7,2026-01-16,07:09,J0050,Canales de Hielo,Torneo,Tesla,28,1,4,3,Derrota,170,2026,1,Friday,0,1
2981,2026-03-22,19:42,J0094,Canales de Hielo,Torneo,Tesla;Magnus,17,5,7,6,Victoria,1160,2026,3,Sunday,1,2
6584,2026-05-24,18:08,J0078,Desierto Neon,Ranked,Vex,42,4,1,4,Victoria,1080,2026,5,Sunday,4,1
3362,2026-03-29,12:24,J0096,Ciudadela,Casual,Umbra,19,9,7,4,Victoria,1460,2026,3,Sunday,1,1
4775,2026-04-25,10:33,J0039,Bosque Umbral,Casual,Brisa,31,8,7,6,Derrota,960,2026,4,Saturday,1,1
1944,2026-03-02,13:28,J0056,Estacion Orbital,Ranked,Brisa,31,4,7,1,Victoria,810,2026,3,Monday,1,1
7581,2026-06-09,19:10,J0031,Puerto Escarlata,Ranked,Tesla,43,4,6,3,Derrota,430,2026,6,Tuesday,1,1
5500,2026-05-07,19:21,J0039,Estacion Orbital,Ranked,Vex,28,20,5,5,,26,2026,5,Thursday,4,1
1636,2026-02-23,21:56,J0060,Estacion Orbital,Ranked,Nadia;Vex,31,5,2,2,Victoria,1060,2026,2,Monday,2,2
1142,2026-02-13,12:07,J0043,Bosque Umbral,Casual,Vex,8,8,4,1,Victoria,1270,2026,2,Friday,2,1
2042,2026-03-04,17:45,J0043,Ciudadela,Casual,Vex;Lienzo,28,8,2,0,Victoria,1260,2026,3,Wednesday,4,2
6816,2026-05-27,19:04,J0005,Ciudadela,Casual,Vex,17,11,2,3,Victoria,1710,2026,5,Wednesday,6,1
6704,2026-05-25,14:18,J0001,Canales de Hielo,Ranked,Koro,34,1,3,7,,390,2026,5,Monday,0,1
7952,2026-06-14,17:25,J0025,Ciudadela,Casual,Magnus;Tesla,17,5,7,2,Victoria,960,2026,6,Sunday,1,2
2071,2026-03-04,17:43,J0062,Puerto Escarlata,Ranked,Vex,31,4,6,4,Derrota,480,2026,3,Wednesday,1,1
3135,2026-03-25,05:37,J0111,Bosque Umbral,Casual,Koro,12,4,8,4,Derrota,440,2026,3,Wednesday,0,1
5161,2026-05-02,13:38,J0072,Ciudadela,Ranked,Magnus,30,7,2,2,Derrota,,2026,5,Saturday,4,1
7895,2026-06-14,14:28,J0084,Canales de Hielo,Casual,Lienzo;Nadia,20,12,3,3,Derrota,1290,2026,6,Sunday,4,2
5276,2026-05-03,15:28,J0056,Puerto Escarlata,Casual,Vex,11,11,2,1,Victoria,1610,2026,5,Sunday,6,1
2243,2026-03-08,10:01,J0200,Canales de Hielo,Ranked,Tesla,43,4,8,4,Victoria,940,2026,3,Sunday,0,1
1475,2026-02-20,18:19,J0003,Desierto Neon,Casual,Umbra;Lienzo,29,4,4,9,Derrota,770,2026,2,Friday,1,2
8659,2026-06-26,19:53,J0058,Estacion Orbital,Ranked,Nadia,23,7,6,5,Victoria,1330,2026,6,Friday,1,1
1890,2026-03-01,14:35,J0022,Estacion Orbital,Casual,Tesla,8,7,1,4,Victoria,1380,2026,3,Sunday,7,1
3436,2026-03-31,14:48,J0023,Canales de Hielo,Torneo,Brisa,10,7,4,3,Victoria,1270,2026,3,Tuesday,2,1
7723,2026-06-11,19:46,J0025,Desierto Neon,Ranked,Lienzo,35,6,3,7,,1390,2026,6,Thursday,2,1
8779,2026-06-27,08:10,J0122,Puerto Escarlata,Casual,Nadia;Vex,26,15,5,1,Derrota,1450,2026,6,Saturday,3,2
3706,2026-04-05,21:59,J0033,Desierto Neon,Ranked,Tesla,33,6,8,4,Derrota,640,2026,4,Sunday,1,1
2022,2026-03-04,11:25,J0014,Estacion Orbital,Torneo,Vex,16,6,10,3,Victoria,,2026,3,Wednesday,1,1
4021,2026-04-11,19:55,J0105,Puerto Escarlata,Casual,Umbra,27,8,4,3,Derrota,870,2026,4,Saturday,2,1
8900,2026-06-29,15:37,J0157,Estacion Orbital,Casual,Tesla,10,4,7,1,Victoria,810,2026,6,Monday,1,1
8575,2026-06-25,21:25,J0028,Puerto Escarlata,Ranked,Koro;Tesla,28,6,2,2,Derrota,660,2026,6,Thursday,3,2
3501,2026-04-01,00:39,J0011,Desierto Neon,Casual,Vex,13,13,3,4,Derrota,1440,2026,4,Wednesday,4,1
2659,2026-03-16,21:44,J0017,Bosque Umbral,Casual,Nadia;Koro,24,6,1,3,,730,2026,3,Monday,6,2
8522,2026-06-23,11:51,J0011,Canales de Hielo,Ranked,Lienzo,39,3,3,6,Victoria,1040,2026,6,Tuesday,1,1
8699,2026-06-26,22:54,J0085,Canales de Hielo,Casual,Vex,20,13,4,5,Victoria,1970,2026,6,Friday,3,1
1131,2026-02-12,21:22,J0041,Bosque Umbral,Ranked,Lienzo;Nadia,22,3,4,7,Victoria,1070,2026,2,Thursday,1,2
5558,2026-05-08,20:49,J0200,Estacion Orbital,Torneo,Lienzo,15,7,7,3,Victoria,1210,2026,5,Friday,1,1
7486,2026-06-07,21:48,J0002,Canales de Hielo,Torneo,Vex,17,7,6,4,Victoria,1280,2026,6,Sunday,1,1
1820,2026-02-27,17:45,J0012,Puerto Escarlata,Ranked,Lienzo,29,6,9,3,Derrota,570,2026,2,Friday,1,1
9155,2026-07-03,16:03,J0173,Desierto Neon,Casual,Lienzo;Koro,8,6,4,1,Victoria,1070,2026,7,Friday,2,2
7612,2026-06-09,22:36,J0049,Puerto Escarlata,Casual,Tesla;Vex;Magnus,28,6,8,2,Victoria,1040,2026,6,Tuesday,1,3
4319,2026-04-17,17:15,J0043,Ciudadela,Casual,Brisa,19,1,7,4,Victoria,660,2026,4,Friday,0,1
9678,2026-07-11,17:43,J0135,Puerto Escarlata,Casual,Brisa,30,5,1,3,Victoria,1130,2026,7,Saturday,5,1
4145,2026-04-14,17:50,J0026,Desierto Neon,Casual,Lienzo,22,4,4,5,Derrota,570,2026,4,Tuesday,1,1
4670,2026-04-23,14:15,J0007,Bosque Umbral,Casual,Brisa,26,11,4,5,Derrota,1270,2026,4,Thursday,3,1
1237,2026-02-15,17:56,J0008,Estacion Orbital,Ranked,Tesla,39,3,2,1,Derrota,310,2026,2,Sunday,2,1
5477,2026-05-07,16:50,J0008,Puerto Escarlata,Ranked,Brisa;Umbra,39,2,4,4,Derrota,320,2026,5,Thursday,0,2
9910,2026-07-13,13:46,J0034,Bosque Umbral,Torneo,Lienzo;Magnus;Vex,14,14,5,9,Victoria,22,2026,7,Monday,3,3
1857,2026-02-28,18:06,J0166,Desierto Neon,Casual,Vex;Brisa,18,2,3,6,Victoria,940,2026,2,Saturday,1,2
2283,2026-03-09,18:00,J0045,Bosque Umbral,Ranked,Vex,28,6,4,2,Derrota,,2026,3,Monday,2,1
8762,2026-06-27,14:23,J0008,Bosque Umbral,Ranked,Magnus,23,6,5,1,Derrota,550,2026,6,Saturday,1,1
9391,2026-07-07,16:52,J0048,Canales de Hielo,Ranked,Koro,30,6,11,4,Victoria,,2026,7,Tuesday,1,1
4094,2026-04-12,13:16,J0043,Desierto Neon,Casual,Tesla,13,2,5,3,Victoria,750,2026,4,Sunday,0,1
7186,2026-06-02,18:04,J0050,Desierto Neon,Casual,Lienzo;Nadia,26,4,3,3,Derrota,490,2026,6,Tuesday,1,2
5201,2026-05-02,06:38,J0009,Desierto Neon,Casual,Vex,10,7,7,5,Derrota,810,2026,5,Saturday,1,1
6402,2026-05-21,01:14,J0076,Estacion Orbital,Ranked,Nadia,43,7,6,1,Derrota,630,2026,5,Thursday,1,1
3422,2026-03-31,00:13,J0091,Desierto Neon,Casual,Vex;Umbra,27,13,10,5,Victoria,1850,2026,3,Tuesday,1,2
9869,2026-07-13,19:03,J0126,Estacion Orbital,Casual,Koro;Nadia,25,2,3,7,Victoria,990,2026,7,Monday,1,2
387,2026-01-25,07:58,J0071,Desierto Neon,Ranked,Magnus;Nadia,32,4,4,6,Derrota,620,2026,1,Sunday,1,2
8617,2026-06-25,20:48,J0012,Ciudadela,Casual,Nadia;Lienzo,29,5,7,6,Derrota,660,2026,6,Thursday,1,2
1629,2026-02-23,21:52,J0013,Desierto Neon,Ranked,Nadia,32,5,4,3,Victoria,1070,2026,2,Monday,1,1
3586,2026-04-03,19:52,J0039,Canales de Hielo,Ranked,Koro,43,8,5,6,Victoria,1500,2026,4,Friday,2,1
7541,2026-06-08,12:58,J0059,Estacion Orbital,Ranked,Nadia;Magnus;Umbra,22,3,5,4,Derrota,,2026,6,Monday,1,3
2715,2026-03-17,19:07,J0142,Puerto Escarlata,Torneo,Tesla;Umbra,9,3,10,2,Derrota,,2026,3,Tuesday,0,2
7297,2026-06-04,19:10,J0020,Desierto Neon,Torneo,Magnus,16,8,6,2,Derrota,,2026,6,Thursday,1,1
8501,2026-06-23,20:20,J0131,Desierto Neon,Torneo,,26,4,4,10,Derrota,820,2026,6,Tuesday,1,0
9392,2026-07-07,15:36,J0067,Desierto Neon,Ranked,Vex,41,6,6,6,Victoria,1280,2026,7,Tuesday,1,1
5660,2026-05-10,20:50,J0021,Ciudadela,Ranked,Lienzo;Brisa,38,5,6,6,Victoria,1180,2026,5,Sunday,1,2
6857,2026-05-28,21:13,J0078,Canales de Hielo,Ranked,Tesla;Brisa,34,6,3,2,Victoria,1140,2026,5,Thursday,2,2
3190,2026-03-27,19:41,J0076,Puerto Escarlata,Ranked,Magnus;Lienzo;Umbra,35,5,6,4,Derrota,,2026,3,Friday,1,3
4306,2026-04-17,19:55,J0045,Puerto Escarlata,Ranked,Umbra;Vex,38,6,7,4,Victoria,1760,2026,4,Friday,1,2
910,2026-02-07,21:35,J0196,Estacion Orbital,Ranked,Nadia,28,7,5,8,Derrota,1000,2026,2,Saturday,1,1
5386,2026-05-05,22:24,J0055,Estacion Orbital,Casual,Brisa;Nadia,18,5,3,4,Victoria,1140,2026,5,Tuesday,2,2
1997,2026-03-03,14:25,J0006,Estacion Orbital,Ranked,Lienzo;Tesla,41,6,4,4,Derrota,720,2026,3,Tuesday,2,2
1867,2026-02-28,00:51,J0200,Ciudadela,Casual,Koro,24,8,6,3,Victoria,1330,2026,2,Saturday,1,1
1843,2026-02-28,21:48,J0016,Desierto Neon,Ranked,Magnus,44,12,3,4,Victoria,1840,2026,2,Saturday,4,1
2498,2026-03-13,11:10,J0089,Estacion Orbital,Torneo,Lienzo,8,7,4,3,Victoria,1270,2026,3,Friday,2,1
202,2026-01-21,19:11,J0021,Ciudadela,Ranked,Umbra;Brisa,44,4,11,6,Derrota,480,2026,1,Wednesday,0,2
9026,2026-07-01,18:18,J0024,Desierto Neon,Ranked,Tesla;Nadia,34,5,6,3,Victoria,1030,2026,7,Wednesday,1,2
7856,2026-06-13,19:55,J0022,Estacion Orbital,Casual,Nadia,18,6,11,9,Victoria,1330,2026,6,Saturday,1,1
5055,2026-04-30,20:03,J0096,Bosque Umbral,Casual,Tesla,21,4,2,4,Derrota,560,2026,4,Thursday,2,1
5890,2026-05-13,13:49,J0022,Puerto Escarlata,Casual,Koro,29,7,5,3,Derrota,750,2026,5,Wednesday,1,1
4007,2026-04-11,18:54,J0028,Desierto Neon,Ranked,Koro;Magnus,34,4,6,3,Victoria,930,2026,4,Saturday,1,2
9976,2026-07-14,12:16,J0151,Puerto Escarlata,Casual,Brisa;Tesla;Magnus,20,12,5,3,Victoria,1750,2026,7,Tuesday,2,3
2703,2026-03-17,06:51,J0047,Estacion Orbital,Ranked,Magnus,34,14,4,4,Derrota,1520,2026,3,Tuesday,4,1
3450,2026-03-31,20:30,J0022,Ciudadela,Ranked,Umbra,32,7,7,7,Victoria,1410,2026,3,Tuesday,1,1
332,2026-01-24,20:32,J0063,Desierto Neon,Ranked,Koro,38,9,8,1,Victoria,1290,2026,1,Saturday,1,1
9749,2026-07-12,21:23,J0172,Bosque Umbral,Ranked,Koro;Lienzo,45,5,6,3,Derrota,530,2026,7,Sunday,1,2
9031,2026-07-01,17:52,J0012,Puerto Escarlata,Ranked,Vex,30,2,5,3,Victoria,750,2026,7,Wednesday,0,1
9683,2026-07-11,01:10,J0005,Bosque Umbral,Casual,Umbra,9,8,10,8,Derrota,1000,2026,7,Saturday,1,1
7302,2026-06-04,19:02,J0077,Desierto Neon,Ranked,Koro;Lienzo,26,2,5,1,Victoria,650,2026,6,Thursday,0,2
2460,2026-03-13,23:35,J0076,Ciudadela,Ranked,Lienzo;Tesla,42,7,6,3,Victoria,1230,2026,3,Friday,1,2
1775,2026-02-26,21:25,J0002,Desierto Neon,Casual,Koro;Vex,25,11,4,3,Victoria,,2026,2,Thursday,3,2
6629,2026-05-24,19:12,J0035,Puerto Escarlata,Ranked,Koro,29,9,11,2,Derrota,780,2026,5,Sunday,1,1
8622,2026-06-25,13:44,J0007,Canales de Hielo,Casual,Lienzo;Tesla,17,9,5,5,,1550,2026,6,Thursday,2,2
8122,2026-06-17,15:58,J0050,Ciudadela,Casual,Tesla;Magnus,23,3,6,5,Victoria,930,2026,6,Wednesday,0,2
2687,2026-03-17,21:50,J0200,Canales de Hielo,Casual,Vex,25,13,4,3,Victoria,1870,2026,3,Tuesday,3,1
9218,2026-07-04,23:22,J0058,Bosque Umbral,Casual,Vex,32,6,5,4,Victoria,1200,2026,7,Saturday,1,1
990,2026-02-09,17:36,J0076,Ciudadela,Ranked,Lienzo,30,6,4,1,Derrota,570,2026,2,Monday,2,1
9835,2026-07-12,12:49,J0015,Canales de Hielo,Casual,Lienzo,26,5,7,7,Derrota,710,2026,7,Sunday,1,1
8414,2026-06-22,07:35,J0053,Bosque Umbral,Casual,Lienzo,15,3,5,1,Derrota,250,2026,6,Monday,1,1
8177,2026-06-18,20:16,J0045,Canales de Hielo,Ranked,Nadia;Lienzo;Brisa,38,2,3,7,Victoria,990,2026,6,Thursday,1,3
6994,2026-05-30,17:58,J0121,Bosque Umbral,Casual,Magnus,18,2,1,3,Derrota,330,2026,5,Saturday,2,1
8619,2026-06-25,21:20,J0018,Canales de Hielo,Torneo,Umbra,19,3,4,6,Derrota,520,2026,6,Thursday,1,1
5807,2026-05-12,16:51,J0174,Estacion Orbital,Ranked,Umbra,41,1,2,6,Derrota,360,2026,5,Tuesday,0,1
8939,2026-06-30,19:39,J0046,Desierto Neon,Ranked,Umbra,40,7,2,4,Victoria,1360,2026,6,Tuesday,4,1
8766,2026-06-27,21:24,J0011,Desierto Neon,Casual,Nadia,18,6,10,2,Derrota,500,2026,6,Saturday,1,1
6575,2026-05-23,22:14,J0001,Ciudadela,Ranked,Nadia,33,4,10,3,Derrota,350,2026,5,Saturday,0,1
3053,2026-03-24,15:15,J0002,Ciudadela,Ranked,Magnus,22,3,5,9,Derrota,650,2026,3,Tuesday,1,1
8987,2026-06-30,20:08,J0128,Ciudadela,Ranked,Lienzo;Brisa,25,5,8,6,Derrota,640,2026,6,Tuesday,1,2
5463,2026-05-06,10:17,J0083,Ciudadela,Ranked,Nadia;Lienzo,39,1,5,5,Victoria,750,2026,5,Wednesday,0,2
174,2026-01-20,16:53,J0053,Estacion Orbital,Casual,Nadia;Koro;Magnus,17,3,6,3,Victoria,830,2026,1,Tuesday,0,3
4955,2026-04-28,17:41,J0034,Ciudadela,Casual,Koro,14,6,3,2,Derrota,640,2026,4,Tuesday,2,1
4616,2026-04-22,07:41,J0036,Puerto Escarlata,Ranked,Magnus,23,9,3,5,Derrota,1090,2026,4,Wednesday,3,1
3322,2026-03-29,14:42,J0083,Bosque Umbral,Casual,Tesla,17,6,7,3,Derrota,610,2026,3,Sunday,1,1
7190,2026-06-02,08:35,J0015,Puerto Escarlata,Torneo,Magnus,9,7,6,5,Victoria,1330,2026,6,Tuesday,1,1
6247,2026-05-19,13:00,J0037,Ciudadela,Casual,Brisa,31,4,4,4,Victoria,1020,2026,5,Tuesday,1,1
6746,2026-05-26,12:52,J0045,Bosque Umbral,Casual,Umbra,10,7,8,4,Derrota,740,2026,5,Tuesday,1,1
3373,2026-03-30,21:17,J0026,Canales de Hielo,Casual,Koro,20,4,6,3,Derrota,430,2026,3,Monday,1,1
6049,2026-05-16,22:16,J0021,Canales de Hielo,Ranked,Magnus,32,4,8,2,Derrota,340,2026,5,Saturday,0,1
3312,2026-03-29,20:14,J0143,Ciudadela,Torneo,Koro;Lienzo,20,0,3,2,Victoria,540,2026,3,Sunday,0,2
7776,2026-06-12,21:06,J0160,Desierto Neon,Casual,Koro,8,4,6,2,Derrota,380,2026,6,Friday,1,1
7421,2026-06-06,14:33,J0134,Puerto Escarlata,Ranked,Koro,24,6,7,8,Victoria,1360,2026,6,Saturday,1,1
7714,2026-06-11,19:35,J0002,Desierto Neon,Ranked,Brisa,27,6,5,3,Derrota,650,2026,6,Thursday,1,1
9448,2026-07-08,20:13,J0036,Desierto Neon,Casual,Vex;Koro,13,5,4,3,Victoria,1070,2026,7,Wednesday,1,2
8881,2026-06-29,11:37,J0062,Ciudadela,Ranked,Umbra,42,0,2,2,Derrota,60,2026,6,Monday,0,1
4552,2026-04-21,19:54,J0005,Bosque Umbral,Ranked,,22,6,4,4,Victoria,1220,2026,4,Tuesday,2,0
4680,2026-04-23,23:54,J0145,Puerto Escarlata,Ranked,Brisa;Umbra;Nadia,39,5,4,2,Derrota,520,2026,4,Thursday,1,3
3404,2026-03-30,20:25,J0021,Puerto Escarlata,Ranked,Brisa;Nadia,22,6,6,6,Derrota,780,2026,3,Monday,1,2
19,2026-01-16,14:22,J0094,Estacion Orbital,Casual,Lienzo,30,8,8,6,Victoria,1440,2026,1,Friday,1,1
3692,2026-04-05,20:14,J0034,Estacion Orbital,Ranked,Vex,43,11,3,3,Derrota,1190,2026,4,Sunday,4,1
8723,2026-06-27,08:25,J0077,Estacion Orbital,Ranked,Tesla,24,5,3,3,Victoria,1090,2026,6,Saturday,2,1
4097,2026-04-12,17:27,J0070,Ciudadela,Casual,Nadia,27,2,8,6,Derrota,340,2026,4,Sunday,0,1
3629,2026-04-04,15:58,J0014,Estacion Orbital,Casual,Lienzo,16,3,2,3,Victoria,910,2026,4,Saturday,2,1
8932,2026-06-29,13:17,J0141,Desierto Neon,Casual,Vex,9,6,4,3,Victoria,1170,2026,6,Monday,2,1
2175,2026-03-07,21:23,J0047,Desierto Neon,Casual,Brisa;Lienzo,17,11,0,2,Derrota,1200,2026,3,Saturday,,2
1357,2026-02-18,18:38,J0091,Estacion Orbital,Casual,Vex;Umbra,10,10,3,1,Victoria,1490,2026,2,Wednesday,3,2
5003,2026-04-29,18:10,J0033,Desierto Neon,Casual,Lienzo,10,8,7,3,Derrota,810,2026,4,Wednesday,1,1
7519,2026-06-07,19:32,J0020,Desierto Neon,Ranked,Umbra;Lienzo,44,7,6,3,Derrota,730,2026,6,Sunday,1,2
6923,2026-05-29,14:50,J0068,Bosque Umbral,Ranked,Vex,38,4,0,6,Derrota,700,2026,5,Friday,,1
5824,2026-05-12,15:00,J0016,Ciudadela,Ranked,Magnus,24,5,8,3,Victoria,990,2026,5,Tuesday,1,1
9575,2026-07-09,14:35,J0106,Canales de Hielo,Ranked,Koro,42,9,2,5,Derrota,1110,2026,7,Thursday,4,1
5671,2026-05-10,20:45,J0200,Bosque Umbral,Torneo,Nadia;Tesla,17,7,5,5,Derrota,850,2026,5,Sunday,1,2
3113,2026-03-25,13:47,J0073,Estacion Orbital,Casual,Koro,17,3,2,3,Victoria,910,2026,3,Wednesday,2,1
183,2026-01-21,05:43,J0007,Canales de Hielo,Casual,Tesla,32,8,2,2,Derrota,860,2026,1,Wednesday,4,1
3643,2026-04-04,20:05,J0051,Puerto Escarlata,Torneo,Umbra,12,4,4,4,Derrota,520,2026,4,Saturday,1,1
8927,2026-06-29,01:07,J0051,Desierto Neon,Ranked,,45,5,5,6,Victoria,1200,2026,6,Monday,1,0
1813,2026-02-27,20:21,J0086,Puerto Escarlata,Casual,Nadia;Umbra,28,7,1,2,Derrota,780,2026,2,Friday,7,2
8009,2026-06-16,13:30,J0157,Desierto Neon,Ranked,Umbra,35,6,6,5,Victoria,1730,2026,6,Tuesday,1,1
8508,2026-06-23,17:10,J0017,Puerto Escarlata,Casual,Koro;Vex,31,7,5,2,Derrota,700,2026,6,Tuesday,1,2
4913,2026-04-27,15:29,J0006,Canales de Hielo,Ranked,Koro,30,5,5,5,Derrota,650,2026,4,Monday,1,1
5669,2026-05-10,12:18,J0028,Ciudadela,Casual,Umbra;Nadia,31,3,5,4,Victoria,900,2026,5,Sunday,1,2
8611,2026-06-25,21:01,J0087,Ciudadela,Casual,Magnus;Tesla,10,11,5,4,Victoria,1700,2026,6,Thursday,2,2
1801,2026-02-27,20:57,J0073,Puerto Escarlata,Casual,Koro;Tesla,13,2,3,5,Derrota,390,2026,2,Friday,1,2
9322,2026-07-06,12:40,J0001,Bosque Umbral,Casual,Nadia,19,5,3,4,Victoria,1140,2026,7,Monday,2,1
2430,2026-03-12,18:36,J0090,Bosque Umbral,Ranked,Lienzo,37,2,7,6,Victoria,860,2026,3,Thursday,0,1
5483,2026-05-07,03:57,J0047,Puerto Escarlata,Casual,Nadia;Tesla,27,12,4,2,Victoria,1720,2026,5,Thursday,3,2
6762,2026-05-26,15:56,J0199,Puerto Escarlata,Ranked,Magnus;Umbra,22,4,5,6,Derrota,600,2026,5,Tuesday,1,2
9913,2026-07-13,18:19,J0088,Desierto Neon,Ranked,Tesla;Magnus;Koro,32,5,7,1,Derrota,410,2026,7,Monday,1,3
8088,2026-06-17,16:04,J0078,Ciudadela,Casual,Lienzo,17,11,2,4,Derrota,1260,2026,6,Wednesday,6,1
1969,2026-03-02,18:22,J0067,Estacion Orbital,Casual,Brisa;Magnus,8,7,1,1,Derrota,730,2026,3,Monday,7,2
8405,2026-06-22,14:44,J0061,Desierto Neon,Ranked,Koro,33,3,8,0,Derrota,140,2026,6,Monday,0,1
8826,2026-06-28,21:30,J0044,Puerto Escarlata,Casual,Vex,23,8,4,6,Victoria,1520,2026,6,Sunday,2,1
7827,2026-06-13,16:41,J0007,Ciudadela,Casual,Nadia;Brisa,17,3,9,4,Derrota,320,2026,6,Saturday,0,2
7671,2026-06-10,20:07,J0056,Canales de Hielo,Ranked,Umbra;Lienzo,32,2,5,5,Victoria,850,2026,6,Wednesday,0,2
7009,2026-05-31,04:42,J0003,Estacion Orbital,Ranked,Lienzo,29,11,4,6,Victoria,1820,2026,5,Sunday,3,1
4988,2026-04-28,17:25,J0034,Puerto Escarlata,Ranked,Koro;Umbra;Brisa,38,4,6,4,Derrota,480,2026,4,Tuesday,1,3
9830,2026-07-12,09:04,J0030,Estacion Orbital,Ranked,Nadia;Brisa,29,11,6,2,Victoria,1580,2026,7,Sunday,2,2
4651,2026-04-23,17:03,J0090,Estacion Orbital,Ranked,Magnus,29,6,6,3,Derrota,630,2026,4,Thursday,1,1
1160,2026-02-13,22:51,J0039,Desierto Neon,Casual,Lienzo,10,6,6,9,Victoria,1430,2026,2,Friday,1,1
1214,2026-02-14,06:36,J0039,Ciudadela,Ranked,Koro,43,13,6,8,Derrota,1580,2026,2,Saturday,2,1
7464,2026-06-07,12:03,J0082,Ciudadela,Casual,Nadia;Vex,10,10,7,2,Derrota,960,2026,6,Sunday,1,2
1326,2026-02-17,14:12,J0013,Desierto Neon,Casual,Lienzo,23,8,9,3,Derrota,770,2026,2,Tuesday,1,1
9276,2026-07-05,08:17,J0029,Desierto Neon,Ranked,Umbra;Tesla,36,3,6,4,Victoria,880,2026,7,Sunday,0,2
7710,2026-06-11,14:52,J0001,Canales de Hielo,Casual,Brisa;Vex,12,3,6,7,Derrota,530,2026,6,Thursday,0,2
4797,2026-04-25,11:49,J0001,Ciudadela,Ranked,Nadia,23,5,5,2,Derrota,500,2026,4,Saturday,1,1
6797,2026-05-27,19:22,J0012,Desierto Neon,Ranked,Vex;Umbra,32,9,4,5,Derrota,1070,2026,5,Wednesday,2,2
5809,2026-05-12,16:37,J0022,Ciudadela,Casual,Tesla,21,3,3,8,Derrota,640,2026,5,Tuesday,1,1
5944,2026-05-14,19:34,J0175,Ciudadela,Ranked,Koro,39,2,6,5,,330,2026,5,Thursday,0,1
9354,2026-07-06,14:15,J0148,Bosque Umbral,Ranked,Tesla;Koro,31,3,6,2,Derrota,280,2026,7,Monday,0,2
9939,2026-07-14,21:34,J0018,Desierto Neon,Casual,Vex;Koro,22,3,6,5,Victoria,930,2026,7,Tuesday,0,2
1456,2026-02-20,07:04,J0091,Estacion Orbital,Ranked,Koro,23,6,4,4,Victoria,1220,2026,2,Friday,2,1
5411,2026-05-06,14:52,J0038,Estacion Orbital,Casual,Brisa,17,6,5,4,Derrota,700,2026,5,Wednesday,1,1
7255,2026-06-03,21:08,J0200,Estacion Orbital,Casual,,18,17,4,6,Victoria,24,2026,6,Wednesday,4,0
8494,2026-06-23,18:13,J0044,Ciudadela,Casual,Lienzo,9,4,4,4,Victoria,1020,2026,6,Tuesday,1,1
4963,2026-04-28,11:48,J0143,Canales de Hielo,Ranked,Lienzo;Vex,27,6,10,2,Derrota,500,2026,4,Tuesday,1,2
2801,2026-03-19,19:44,J0055,Desierto Neon,Ranked,Vex;Brisa,39,5,4,3,Victoria,1070,2026,3,Thursday,1,2
1645,2026-02-23,22:14,J0124,Puerto Escarlata,Ranked,Nadia;Umbra,31,3,6,4,Derrota,380,2026,2,Monday,0,2
2141,2026-03-06,15:34,J0102,Desierto Neon,Torneo,Lienzo,17,5,4,1,Derrota,470,2026,3,Friday,1,1
4537,2026-04-21,09:06,J0013,Bosque Umbral,Ranked,Tesla;Vex,24,7,5,4,Victoria,1300,2026,4,Tuesday,1,2
4458,2026-04-19,07:08,J0007,Canales de Hielo,Torneo,Tesla,24,7,1,6,Victoria,1480,2026,4,Sunday,7,1
9022,2026-07-01,14:43,J0031,Bosque Umbral,Casual,Koro;Tesla,8,6,4,2,Victoria,1120,2026,7,Wednesday,2,2
5587,2026-05-09,20:50,J0017,Puerto Escarlata,Casual,Vex,32,8,3,5,Derrota,990,2026,5,Saturday,3,1
4379,2026-04-18,16:12,J0025,Canales de Hielo,Ranked,Magnus,35,6,2,1,,1110,2026,4,Saturday,3,1
730,2026-02-03,21:13,J0027,Canales de Hielo,Ranked,Tesla,36,3,6,5,Victoria,930,2026,2,Tuesday,0,1
4358,2026-04-18,22:38,J0108,Puerto Escarlata,Casual,Nadia;Tesla,15,8,7,7,Victoria,1510,2026,4,Saturday,1,2
7881,2026-06-13,10:36,J0099,Desierto Neon,Casual,Koro,20,3,4,1,Victoria,770,2026,6,Saturday,1,1
6717,2026-05-25,17:22,J0037,Ciudadela,Casual,Vex;Brisa;Tesla,17,8,4,3,Victoria,,2026,5,Monday,2,3
1937,2026-03-01,09:25,J0023,Estacion Orbital,Ranked,Tesla,30,13,4,3,Victoria,1870,2026,3,Sunday,3,1
3794,2026-04-07,12:38,J0033,Estacion Orbital,Ranked,Lienzo,22,6,1,5,Victoria,1330,2026,4,Tuesday,6,1
3737,2026-04-06,21:57,J0011,Estacion Orbital,Casual,Lienzo,30,5,3,4,Victoria,1140,2026,4,Monday,2,1
2262,2026-03-08,00:51,J0031,Canales de Hielo,Ranked,Koro,39,5,3,4,Derrota,640,2026,3,Sunday,2,1
4006,2026-04-11,16:02,J0010,Canales de Hielo,Ranked,Vex;Lienzo;Magnus,37,15,6,5,Victoria,2130,2026,4,Saturday,2,3
1111,2026-02-12,02:38,J0098,Ciudadela,Casual,Magnus,17,10,5,5,Victoria,1650,2026,2,Thursday,2,1
9099,2026-07-02,19:43,J0024,Bosque Umbral,Ranked,,41,7,5,3,Derrota,750,2026,7,Thursday,1,0
5481,2026-05-07,19:11,J0158,Canales de Hielo,Ranked,Magnus,30,5,5,1,Victoria,950,2026,5,Thursday,1,1
2999,2026-03-23,18:28,J0035,Estacion Orbital,Ranked,Umbra;Magnus,37,10,2,3,Derrota,1110,2026,3,Monday,5,2
2395,2026-03-11,17:09,J0006,Canales de Hielo,Casual,Magnus;Brisa,10,10,2,5,Victoria,1710,2026,3,Wednesday,5,2
1186,2026-02-14,20:44,J0027,Puerto Escarlata,Torneo,Brisa,24,2,5,1,Victoria,650,2026,2,Saturday,0,1
2008,2026-03-03,21:05,J0086,Ciudadela,Torneo,Koro;Vex;Nadia,9,4,5,3,Derrota,450,2026,3,Tuesday,1,3
194,2026-01-21,22:16,J0008,Ciudadela,Casual,Magnus,30,4,3,8,Derrota,740,2026,1,Wednesday,1,1
5612,2026-05-09,00:45,J0047,Desierto Neon,Casual,Umbra;Brisa,29,11,5,3,Victoria,1650,2026,5,Saturday,2,2
2902,2026-03-21,20:51,J0060,Canales de Hielo,Casual,Nadia;Koro;Lienzo,23,1,3,6,Derrota,340,2026,3,Saturday,0,3
579,2026-01-30,20:32,J0002,Puerto Escarlata,Casual,Vex;Lienzo;Tesla,25,7,6,7,Derrota,930,2026,1,Friday,1,3
6220,2026-05-18,18:44,J0019,Canales de Hielo,Casual,Tesla;Umbra;Koro,28,3,5,5,Derrota,450,2026,5,Monday,1,3
5526,2026-05-08,22:51,J0200,Bosque Umbral,Ranked,Brisa;Vex;Nadia,22,9,5,6,Derrota,1100,2026,5,Friday,2,3
772,2026-02-04,10:43,J0106,Desierto Neon,Ranked,Umbra;Nadia,33,3,7,3,Victoria,810,2026,2,Wednesday,0,2
7973,2026-06-15,14:54,J0020,Bosque Umbral,Torneo,Umbra,23,8,8,4,Victoria,1340,2026,6,Monday,1,1
2396,2026-03-11,18:12,J0004,Ciudadela,Ranked,Nadia,29,9,3,3,Derrota,990,2026,3,Wednesday,3,1
1479,2026-02-20,19:44,J0200,Estacion Orbital,Casual,Brisa;Nadia,16,5,2,1,Victoria,1010,2026,2,Friday,2,2
1847,2026-02-28,18:59,J0084,Bosque Umbral,Casual,Magnus,13,7,7,4,Derrota,760,2026,2,Saturday,1,1
9179,2026-07-04,05:51,J0178,Bosque Umbral,Ranked,Koro;Magnus,34,5,8,3,Derrota,490,2026,7,Saturday,1,2
4275,2026-04-16,22:05,J0015,Canales de Hielo,Casual,Umbra;Lienzo,24,9,6,3,Derrota,930,2026,4,Thursday,2,2
3741,2026-04-06,04:26,J0080,Estacion Orbital,Ranked,Vex;Nadia;Umbra,30,7,6,2,Victoria,1180,2026,4,Monday,1,3
4601,2026-04-22,16:13,J0002,Canales de Hielo,Casual,Lienzo;Magnus,25,5,5,4,Victoria,1100,2026,4,Wednesday,1,2
8206,2026-06-18,21:34,J0003,Desierto Neon,Torneo,Nadia,31,9,5,2,Victoria,1400,2026,6,Thursday,2,1
7961,2026-06-15,15:32,J0003,Desierto Neon,Ranked,Magnus;Lienzo,34,3,3,5,Victoria,990,2026,6,Monday,1,2
6677,2026-05-25,11:47,J0015,Estacion Orbital,Casual,Koro,30,13,1,5,Derrota,1530,2026,5,Monday,13,1
6376,2026-05-21,19:51,J0071,Estacion Orbital,Torneo,,9,5,4,5,Derrota,670,2026,5,Thursday,1,0
406,2026-01-26,15:48,J0018,Canales de Hielo,Ranked,Brisa,33,7,3,4,Victoria,1340,2026,1,Monday,2,1
9611,2026-07-10,12:59,J0051,Ciudadela,Ranked,Nadia,23,2,8,3,Victoria,690,2026,7,Friday,0,1
4916,2026-04-27,22:50,J0018,Ciudadela,Torneo,Tesla,24,1,4,3,Derrota,170,2026,4,Monday,0,1
2074,2026-03-04,23:05,J0024,Canales de Hielo,Torneo,Koro,17,5,9,5,Victoria,1070,2026,3,Wednesday,1,1
4755,2026-04-25,16:13,J0001,Ciudadela,Casual,Koro,11,5,2,5,Victoria,1210,2026,4,Saturday,2,1
1897,2026-03-01,20:04,J0057,Bosque Umbral,Casual,Vex,19,10,8,4,Victoria,1540,2026,3,Sunday,1,1
8621,2026-06-25,16:03,J0200,Desierto Neon,Ranked,Koro,36,4,5,4,Derrota,500,2026,6,Thursday,1,1
6703,2026-05-25,20:56,J0014,Canales de Hielo,Casual,Brisa,15,6,8,5,Victoria,690,2026,5,Monday,1,1
6318,2026-05-20,19:34,J0079,Desierto Neon,Casual,Umbra,12,3,6,5,Victoria,930,2026,5,Wednesday,0,1
3660,2026-04-05,23:33,J0079,Puerto Escarlata,Ranked,Brisa,25,4,2,3,Derrota,510,2026,4,Sunday,2,1
6582,2026-05-24,18:42,J0037,Bosque Umbral,Ranked,Nadia,24,7,5,2,Victoria,1200,2026,5,Sunday,1,1
2380,2026-03-11,13:24,J0005,Canales de Hielo,Ranked,Brisa,44,7,2,2,Derrota,760,2026,3,Wednesday,4,1
1448,2026-02-20,09:44,J0011,Canales de Hielo,Ranked,Tesla;Nadia,45,7,4,2,Victoria,1220,2026,2,Friday,2,2
343,2026-01-24,22:47,J0089,Ciudadela,Ranked,Umbra;Tesla;Brisa,30,9,4,5,Derrota,1070,2026,1,Saturday,2,3
5128,2026-05-01,21:31,J0075,Canales de Hielo,Torneo,Brisa,22,6,2,2,Victoria,1160,2026,5,Friday,3,1
3137,2026-03-25,20:24,J0123,Desierto Neon,Casual,Tesla;Koro,29,5,5,5,Derrota,650,2026,3,Wednesday,1,2
2528,2026-03-14,16:12,J0001,Ciudadela,Ranked,Tesla,42,4,4,3,Derrota,470,2026,3,Saturday,1,1
728,2026-02-03,21:55,J0042,Puerto Escarlata,Ranked,Magnus,24,2,6,8,Victoria,980,2026,2,Tuesday,0,1
4578,2026-04-22,09:16,J0072,Puerto Escarlata,Torneo,Nadia,23,3,6,2,Victoria,780,2026,4,Wednesday,0,1
977,2026-02-08,20:59,J0009,Bosque Umbral,Ranked,Lienzo;Tesla,45,2,9,2,Derrota,120,2026,2,Sunday,0,2
8457,2026-06-22,00:41,J0032,Ciudadela,Casual,Tesla,19,5,7,6,Victoria,1160,2026,6,Monday,1,1
5444,2026-05-06,21:00,J0003,Ciudadela,Casual,Brisa,12,5,3,3,Derrota,590,2026,5,Wednesday,2,1
9105,2026-07-02,05:11,J0012,Desierto Neon,Casual,Umbra,17,5,1,2,Victoria,1080,2026,7,Thursday,5,1
3517,2026-04-02,13:30,J0131,Estacion Orbital,Ranked,Koro,29,8,5,2,,800,2026,4,Thursday,2,1
9964,2026-07-14,18:59,J0038,Desierto Neon,Ranked,Umbra;Tesla,22,3,3,7,Victoria,1090,2026,7,Tuesday,1,2
7157,2026-06-02,21:08,J0021,Estacion Orbital,Ranked,Umbra;Koro,38,5,4,4,Victoria,1120,2026,6,Tuesday,1,2
9861,2026-07-13,23:50,J0009,Puerto Escarlata,Ranked,Umbra,44,3,4,5,Victoria,970,2026,7,Monday,1,1
3941,2026-04-10,23:38,J0100,Desierto Neon,Torneo,Magnus,12,10,6,2,Derrota,980,2026,4,Friday,2,1
1300,2026-02-16,17:17,J0106,Canales de Hielo,Ranked,Tesla,29,4,5,1,Victoria,850,2026,2,Monday,1,1
9838,2026-07-12,00:43,J0019,Desierto Neon,Ranked,Koro,40,3,1,3,Derrota,430,2026,7,Sunday,3,1
1349,2026-02-18,17:19,J0034,Estacion Orbital,Ranked,Umbra,25,3,6,4,Victoria,880,2026,2,Wednesday,0,1
661,2026-02-01,18:41,J0033,Puerto Escarlata,Casual,Nadia,14,6,6,4,Derrota,680,2026,2,Sunday,1,1
5887,2026-05-13,21:27,J0042,Puerto Escarlata,Ranked,Brisa;Nadia,29,2,3,4,Victoria,840,2026,5,Wednesday,1,2
1493,2026-02-21,15:20,J0062,Desierto Neon,Casual,Nadia;Koro,26,4,3,1,Derrota,390,2026,2,Saturday,1,2
9897,2026-07-13,22:13,J0078,Estacion Orbital,Ranked,Vex,28,14,4,9,Derrota,1770,2026,7,Monday,4,1
4590,2026-04-22,19:56,J0138,Desierto Neon,Casual,Brisa,15,4,4,7,Derrota,670,2026,4,Wednesday,1,1
8598,2026-06-25,21:47,J0074,Bosque Umbral,Casual,Tesla;Umbra,30,5,3,3,Victoria,1090,2026,6,Thursday,2,2
5155,2026-05-01,10:06,J0061,Ciudadela,Torneo,Nadia;Lienzo;Magnus,26,2,10,4,Derrota,200,2026,5,Friday,0,3
2316,2026-03-09,15:17,J0082,Desierto Neon,Ranked,Tesla;Nadia,32,8,6,5,Derrota,930,2026,3,Monday,1,2
9983,2026-07-14,05:02,J0057,Ciudadela,Ranked,Magnus,40,11,3,0,Victoria,1540,2026,7,Tuesday,4,1
9650,2026-07-11,19:27,J0053,Desierto Neon,Ranked,Umbra,22,7,7,1,Derrota,610,2026,7,Saturday,1,1
7025,2026-05-31,20:18,J0016,Bosque Umbral,Torneo,Umbra;Nadia;Brisa,22,7,8,4,Victoria,1240,2026,5,Sunday,1,3
1086,2026-02-11,17:06,J0167,Desierto Neon,Casual,Koro;Tesla,19,6,1,3,Derrota,730,2026,2,Wednesday,6,2
2525,2026-03-14,10:22,J0012,Ciudadela,Casual,Magnus;Lienzo,13,2,6,4,Victoria,780,2026,3,Saturday,0,2
8544,2026-06-24,00:33,J0050,Bosque Umbral,Ranked,Vex,39,12,4,4,Victoria,1820,2026,6,Wednesday,3,1
5375,2026-05-05,20:52,J0020,Desierto Neon,Casual,Tesla,10,7,2,1,Victoria,1210,2026,5,Tuesday,4,1
3199,2026-03-27,23:41,J0198,Canales de Hielo,Casual,Koro;Lienzo,9,2,10,1,Derrota,50,2026,3,Friday,0,2
5752,2026-05-11,07:13,J0015,Estacion Orbital,Casual,Brisa,20,10,5,1,Derrota,950,2026,5,Monday,2,1
4009,2026-04-11,22:52,J0122,Bosque Umbral,Ranked,Tesla,30,5,7,4,Victoria,1060,2026,4,Saturday,1,1
5718,2026-05-10,20:34,J0071,Ciudadela,Casual,Brisa,29,4,5,4,Victoria,1000,2026,5,Sunday,1,1
6658,2026-05-25,02:57,J0135,Ciudadela,Ranked,Brisa,41,10,4,5,Victoria,1670,2026,5,Monday,2,1
8481,2026-06-23,22:55,J0001,Ciudadela,Casual,Lienzo;Koro,10,5,4,2,Derrota,520,2026,6,Tuesday,1,2
8304,2026-06-20,19:16,J0043,Canales de Hielo,Ranked,Magnus,43,2,6,4,Victoria,780,2026,6,Saturday,0,1
68,2026-01-17,21:39,J0060,Puerto Escarlata,Ranked,Umbra;Koro,38,1,3,4,Derrota,240,2026,1,Saturday,0,2
8789,2026-06-27,00:36,J0124,Estacion Orbital,Ranked,Magnus,36,3,7,6,Victoria,960,2026,6,Saturday,0,1
41,2026-01-17,17:19,J0200,Ciudadela,Ranked,Vex;Nadia,27,9,5,1,Victoria,1350,2026,1,Saturday,2,2
2270,2026-03-08,14:16,J0200,Canales de Hielo,Casual,Magnus,14,6,8,4,Victoria,1140,2026,3,Sunday,1,1
2382,2026-03-11,20:40,J0014,Puerto Escarlata,Ranked,Tesla,27,2,6,8,Victoria,980,2026,3,Wednesday,0,1
7469,2026-06-07,13:24,J0105,Canales de Hielo,Casual,Nadia,29,16,4,7,Victoria,24,2026,6,Sunday,4,1
8908,2026-06-29,03:52,J0097,Canales de Hielo,Casual,Lienzo,17,8,6,5,Derrota,930,2026,6,Monday,1,1
4917,2026-04-27,19:36,J0112,Ciudadela,Casual,Tesla;Umbra,8,4,9,9,Derrota,670,2026,4,Monday,0,2
5323,2026-05-04,18:02,J0047,Desierto Neon,Casual,Umbra,29,7,3,4,Derrota,840,2026,5,Monday,2,1
5774,2026-05-11,19:43,J0138,Puerto Escarlata,Ranked,Vex,36,8,6,4,Victoria,1380,2026,5,Monday,1,1
6233,2026-05-19,11:15,J0027,Puerto Escarlata,Casual,Nadia,27,5,6,4,Victoria,1080,2026,5,Tuesday,1,1
6964,2026-05-30,14:45,J0018,Estacion Orbital,Torneo,Brisa;Vex,20,3,7,5,Derrota,410,2026,5,Saturday,0,2
3448,2026-03-31,16:35,J0099,Canales de Hielo,Ranked,Brisa,27,3,10,6,Derrota,400,2026,3,Tuesday,0,1
6817,2026-05-27,00:16,J0200,Canales de Hielo,Ranked,Nadia,36,6,5,4,Victoria,,2026,5,Wednesday,1,1
2368,2026-03-10,22:47,J0062,Ciudadela,Ranked,Lienzo;Vex,44,3,9,2,Victoria,720,2026,3,Tuesday,0,2
7356,2026-06-05,05:33,J0038,Puerto Escarlata,Casual,Umbra,13,6,7,2,Derrota,560,2026,6,Friday,1,1
8245,2026-06-20,21:16,J0082,Puerto Escarlata,Ranked,Magnus;Umbra,30,5,6,5,Victoria,1130,2026,6,Saturday,1,2
2513,2026-03-14,16:44,J0200,Desierto Neon,Ranked,Koro;Lienzo;Umbra,25,9,6,6,Derrota,1080,2026,3,Saturday,2,3
2724,2026-03-17,19:45,J0102,Bosque Umbral,Casual,Koro;Umbra,27,4,4,3,Victoria,970,2026,3,Tuesday,1,2
5949,2026-05-14,17:58,J0004,Canales de Hielo,Casual,Koro;Vex,15,8,5,2,Derrota,800,2026,5,Thursday,2,2
9256,2026-07-05,17:34,J0047,Canales de Hielo,Torneo,Umbra;Nadia,32,10,3,1,Derrota,990,2026,7,Sunday,3,2
8646,2026-06-26,15:53,J0052,Ciudadela,Ranked,Magnus;Koro,39,3,2,3,Victoria,910,2026,6,Friday,2,2
1144,2026-02-13,15:36,J0065,Estacion Orbital,Ranked,Koro,40,1,4,6,Derrota,320,2026,2,Friday,0,1
9810,2026-07-12,20:41,J0006,Puerto Escarlata,Casual,Umbra;Vex;Koro,11,6,2,0,Victoria,1060,2026,7,Sunday,3,3
7156,2026-06-02,18:55,J0030,Ciudadela,Casual,Nadia;Vex,32,12,2,3,Derrota,1310,2026,6,Tuesday,6,2
7348,2026-06-05,18:07,J0103,Desierto Neon,Casual,Lienzo,20,10,3,0,Victoria,1440,2026,6,Friday,3,1
8604,2026-06-25,17:34,J0098,Estacion Orbital,Ranked,Lienzo;Brisa,23,14,10,3,,1350,2026,6,Thursday,1,2
9291,2026-07-05,22:15,J0075,Ciudadela,Torneo,Vex;Magnus,12,6,3,3,Derrota,690,2026,7,Sunday,2,2
4729,2026-04-24,14:07,J0058,Estacion Orbital,Casual,Brisa,21,7,2,6,Victoria,,2026,4,Friday,4,1
5495,2026-05-07,19:32,J0013,Desierto Neon,Torneo,Brisa,24,4,7,2,Derrota,360,2026,5,Thursday,1,1
5756,2026-05-11,02:32,J0012,Bosque Umbral,Casual,Tesla,31,6,2,6,Victoria,1360,2026,5,Monday,3,1
7692,2026-06-10,09:34,J0003,Ciudadela,Ranked,Brisa;Tesla;Nadia,31,4,5,4,Derrota,500,2026,6,Wednesday,1,3
3790,2026-04-07,18:45,J0027,Puerto Escarlata,Casual,Umbra;Vex;Koro,21,13,9,4,Derrota,1320,2026,4,Tuesday,1,3
2221,2026-03-07,18:52,J0053,Ciudadela,Ranked,Magnus;Tesla,31,7,2,10,Victoria,1660,2026,3,Saturday,4,2
5076,2026-04-30,14:56,J0019,Puerto Escarlata,Casual,Lienzo;Umbra,16,5,4,3,Derrota,570,2026,4,Thursday,1,2
2332,2026-03-10,15:16,J0045,Ciudadela,Torneo,Lienzo;Brisa,24,3,4,2,Victoria,820,2026,3,Tuesday,1,2
5395,2026-05-05,16:19,J0022,Bosque Umbral,Casual,Tesla;Lienzo;Magnus,22,6,4,6,Victoria,1320,2026,5,Tuesday,2,3
7568,2026-06-08,13:53,J0080,Ciudadela,Ranked,Koro,36,3,3,1,Derrota,290,2026,6,Monday,1,1
8623,2026-06-25,18:57,J0022,Ciudadela,Ranked,Lienzo;Vex;Brisa,36,6,8,4,Victoria,1140,2026,6,Thursday,1,3
7091,2026-06-01,16:50,J0029,Estacion Orbital,Ranked,Brisa;Koro,25,3,9,1,Victoria,,2026,6,Monday,0,2
9407,2026-07-07,19:11,J0154,Puerto Escarlata,Casual,Tesla,16,6,4,6,Victoria,1320,2026,7,Tuesday,2,1
4089,2026-04-12,16:34,J0022,Ciudadela,Casual,Brisa,19,3,6,3,Victoria,830,2026,4,Sunday,0,1
1968,2026-03-02,16:07,J0007,Estacion Orbital,Casual,Nadia;Umbra,32,4,1,9,Victoria,1330,2026,3,Monday,4,2
9060,2026-07-01,16:25,J0164,Canales de Hielo,Ranked,Magnus;Lienzo,39,4,8,4,Derrota,440,2026,7,Wednesday,0,2
8870,2026-06-28,12:03,J0140,Bosque Umbral,Ranked,Koro;Lienzo,28,8,5,4,Derrota,900,2026,6,Sunday,2,2
6758,2026-05-26,22:34,J0040,Canales de Hielo,Ranked,Koro;Brisa;Nadia,37,6,8,5,Victoria,1390,2026,5,Tuesday,1,3
9659,2026-07-11,10:28,J0081,Canales de Hielo,Ranked,,38,9,6,5,,1030,2026,7,Saturday,2,0
4366,2026-04-18,16:13,J0050,Canales de Hielo,Casual,Koro,16,2,3,2,Derrota,240,2026,4,Saturday,1,1
7000,2026-05-30,01:40,J0051,Estacion Orbital,Casual,Vex;Lienzo,21,6,4,3,Victoria,1170,2026,5,Saturday,2,2
424,2026-01-26,14:34,J0084,Ciudadela,Casual,Tesla,15,4,7,2,Derrota,360,2026,1,Monday,1,1
281,2026-01-23,07:58,J0200,Canales de Hielo,Ranked,Tesla,42,3,7,4,Derrota,360,2026,1,Friday,0,1
1905,2026-03-01,17:37,J0037,Estacion Orbital,Torneo,Lienzo,23,4,4,3,Derrota,470,2026,3,Sunday,1,1
596,2026-01-31,01:43,J0125,Ciudadela,Casual,Koro;Magnus,31,3,5,1,Victoria,750,2026,1,Saturday,1,2
9499,2026-07-08,20:41,J0067,Canales de Hielo,Ranked,Koro,38,5,4,4,Derrota,620,2026,7,Wednesday,1,1
3918,2026-04-09,05:24,J0003,Desierto Neon,Torneo,Brisa,17,4,4,6,,620,2026,4,Thursday,1,1
6143,2026-05-17,18:33,J0018,Ciudadela,Casual,Tesla,24,2,3,7,Derrota,490,2026,5,Sunday,1,1
5662,2026-05-10,21:51,J0068,Desierto Neon,Casual,Lienzo,26,7,3,6,Victoria,1440,2026,5,Sunday,2,1
5779,2026-05-11,18:26,J0016,Bosque Umbral,Casual,Umbra,26,8,3,1,Victoria,1290,2026,5,Monday,3,1
3619,2026-04-04,02:18,J0007,Bosque Umbral,Ranked,Umbra,33,5,4,2,Derrota,520,2026,4,Saturday,1,1
6846,2026-05-28,16:11,J0015,Desierto Neon,Casual,Umbra,27,10,8,4,Victoria,1540,2026,5,Thursday,1,1
840,2026-02-06,18:19,J0028,Ciudadela,Ranked,Koro;Magnus,24,5,8,7,Derrota,690,2026,2,Friday,1,2
4597,2026-04-22,19:54,J0087,Desierto Neon,Ranked,Lienzo,40,4,8,5,Victoria,990,2026,4,Wednesday,0,1
7626,2026-06-09,05:07,J0200,Estacion Orbital,Casual,Tesla,9,6,3,6,Derrota,,2026,6,Tuesday,2,1
142,2026-01-19,23:43,J0049,Ciudadela,Casual,Vex,16,8,4,7,Victoria,1570,2026,1,Monday,2,1
2598,2026-03-15,21:23,J0200,Desierto Neon,Ranked,Magnus,40,10,3,4,Derrota,1140,2026,3,Sunday,3,1
6702,2026-05-25,11:46,J0037,Canales de Hielo,Casual,Koro,31,3,4,2,Victoria,820,2026,5,Monday,1,1
7890,2026-06-14,18:22,J0075,Desierto Neon,Torneo,Magnus,22,6,4,3,Derrota,670,2026,6,Sunday,2,1
1378,2026-02-18,11:43,J0006,Bosque Umbral,Ranked,Magnus,33,7,2,0,Derrota,660,2026,2,Wednesday,4,1
3675,2026-04-05,14:29,J0069,Estacion Orbital,Ranked,Brisa;Koro;Vex,38,6,8,5,Victoria,1190,2026,4,Sunday,1,3
9970,2026-07-14,19:11,J0055,Canales de Hielo,Ranked,Nadia,22,3,7,2,Victoria,760,2026,7,Tuesday,0,1
6363,2026-05-21,19:45,J0078,Ciudadela,Casual,Magnus;Lienzo,20,7,8,3,Victoria,1190,2026,5,Thursday,1,2
4742,2026-04-24,22:42,J0088,Puerto Escarlata,Casual,,13,11,1,7,Victoria,1930,2026,4,Friday,11,0
3809,2026-04-08,23:41,J0097,Ciudadela,Ranked,Koro;Magnus,38,8,6,1,Derrota,,2026,4,Wednesday,1,2
1139,2026-02-13,16:45,J0042,Puerto Escarlata,Ranked,Lienzo,25,3,6,6,Derrota,480,2026,2,Friday,0,1
2258,2026-03-08,02:32,J0083,Bosque Umbral,Ranked,Vex,30,5,3,1,Victoria,990,2026,3,Sunday,2,1
7999,2026-06-15,20:09,J0019,Estacion Orbital,Ranked,Lienzo;Nadia;Tesla,22,6,9,4,Derrota,620,2026,6,Monday,1,3
1788,2026-02-27,19:57,J0090,Canales de Hielo,Casual,Vex;Brisa;Tesla,8,8,6,2,Victoria,1280,2026,2,Friday,1,3
3939,2026-04-10,22:16,J0006,Estacion Orbital,Casual,Koro,11,10,6,5,Derrota,1130,2026,4,Friday,2,1
8035,2026-06-16,21:34,J0155,Estacion Orbital,Casual,Vex,30,9,4,4,Derrota,1020,2026,6,Tuesday,2,1
4647,2026-04-23,16:22,J0079,Puerto Escarlata,Ranked,Koro,30,7,3,2,Derrota,740,2026,4,Thursday,2,1
460,2026-01-27,13:10,J0197,Desierto Neon,Casual,Lienzo,20,6,3,2,Derrota,,2026,1,Tuesday,2,1
6116,2026-05-17,15:19,J0040,Canales de Hielo,Ranked,Lienzo,22,7,4,4,Derrota,820,2026,5,Sunday,2,1
9615,2026-07-10,04:26,J0005,Ciudadela,Casual,Vex,17,11,9,1,Victoria,1470,2026,7,Friday,1,1
949,2026-02-08,19:05,J0079,Ciudadela,Ranked,Koro;Lienzo;Tesla,36,6,3,5,Victoria,1290,2026,2,Sunday,2,3
3701,2026-04-05,20:02,J0134,Bosque Umbral,Casual,Tesla;Magnus,15,6,7,1,Victoria,1010,2026,4,Sunday,1,2
1337,2026-02-17,23:57,J0002,Bosque Umbral,Casual,Koro,31,5,4,4,Victoria,1120,2026,2,Tuesday,1,1
6371,2026-05-21,21:20,J0018,Estacion Orbital,Ranked,Brisa,37,5,6,1,Derrota,430,2026,5,Thursday,1,1
4629,2026-04-23,20:48,J0018,Desierto Neon,Ranked,Vex,23,5,5,1,Victoria,950,2026,4,Thursday,1,1
6287,2026-05-19,08:14,J0003,Ciudadela,Casual,Lienzo;Magnus,28,5,5,2,Victoria,1000,2026,5,Tuesday,1,2
5926,2026-05-14,20:56,J0008,Canales de Hielo,Casual,Magnus,13,3,4,5,Victoria,970,2026,5,Thursday,1,1
5935,2026-05-14,23:15,J0022,Bosque Umbral,Casual,Vex,14,9,6,4,Victoria,1480,2026,5,Thursday,2,1
6041,2026-05-16,10:23,J0024,Estacion Orbital,Ranked,Magnus;Nadia,27,3,6,1,Victoria,730,2026,5,Saturday,0,2
442,2026-01-27,01:04,J0031,Estacion Orbital,Casual,Umbra,17,5,6,2,Derrota,480,2026,1,Tuesday,1,1
6660,2026-05-25,22:40,J0059,Puerto Escarlata,Ranked,Umbra,33,1,5,5,Derrota,250,2026,5,Monday,0,1
1603,2026-02-22,21:43,J0002,Puerto Escarlata,Casual,Magnus,9,4,8,4,Derrota,440,2026,2,Sunday,0,1
2239,2026-03-08,01:09,J0043,Estacion Orbital,Ranked,Lienzo,22,3,4,6,Victoria,1020,2026,3,Sunday,1,1
640,2026-02-01,17:50,J0026,Ciudadela,Casual,Koro;Vex;Magnus,10,9,9,5,Victoria,1470,2026,2,Sunday,1,3
9894,2026-07-13,19:03,J0162,Bosque Umbral,Casual,Umbra;Tesla;Nadia,17,7,4,2,Victoria,1220,2026,7,Monday,2,3
3831,2026-04-08,17:28,J0027,Puerto Escarlata,Ranked,Umbra,44,4,5,6,Derrota,600,2026,4,Wednesday,1,1
9466,2026-07-08,18:55,J0088,Ciudadela,Ranked,Brisa,32,2,2,4,Victoria,860,2026,7,Wednesday,1,1
6145,2026-05-17,09:44,J0027,Ciudadela,Ranked,Tesla,31,7,5,1,Victoria,1150,2026,5,Sunday,1,1
9469,2026-07-08,20:14,J0027,Bosque Umbral,Casual,Umbra;Tesla,15,6,2,5,Victoria,1310,2026,7,Wednesday,3,2
9123,2026-07-03,02:36,J0014,Desierto Neon,Ranked,Vex,36,7,2,3,Derrota,,2026,7,Friday,4,1
6345,2026-05-20,07:02,J0024,Ciudadela,Casual,Nadia,25,5,6,5,Derrota,630,2026,5,Wednesday,1,1
2502,2026-03-13,17:55,J0063,Ciudadela,Ranked,Brisa;Koro,31,11,3,4,Victoria,1740,2026,3,Friday,4,2
1959,2026-03-02,23:09,J0072,Puerto Escarlata,Torneo,Magnus;Umbra,29,5,6,8,Victoria,1280,2026,3,Monday,1,2
1071,2026-02-11,11:48,J0147,Canales de Hielo,Ranked,Brisa,32,3,6,5,Victoria,930,2026,2,Wednesday,0,1
156,2026-01-20,19:19,J0100,Bosque Umbral,Casual,Umbra;Tesla,12,5,7,3,Derrota,510,2026,1,Tuesday,1,2
2296,2026-03-09,18:45,J0022,Bosque Umbral,Casual,Brisa,9,3,6,5,Derrota,430,2026,3,Monday,0,1
7911,2026-06-14,20:40,J0076,Canales de Hielo,Ranked,Nadia,30,11,5,5,Victoria,1750,2026,6,Sunday,2,1
4579,2026-04-22,05:26,J0111,Canales de Hielo,Torneo,Umbra,26,4,2,3,Victoria,1010,2026,4,Wednesday,2,1
1090,2026-02-11,12:04,J0029,Estacion Orbital,Casual,Koro,26,3,5,7,Derrota,550,2026,2,Wednesday,1,1
6050,2026-05-16,16:14,J0079,Desierto Neon,Ranked,Lienzo;Koro,34,6,3,2,Victoria,1140,2026,5,Saturday,2,2
6416,2026-05-21,19:13,J0008,Bosque Umbral,Casual,Koro,22,2,5,2,Victoria,700,2026,5,Thursday,0,1
2941,2026-03-22,00:05,J0006,Puerto Escarlata,Casual,Lienzo,31,4,7,2,Victoria,860,2026,3,Sunday,1,1
724,2026-02-03,19:25,J0134,Desierto Neon,Ranked,Tesla;Nadia;Vex,43,9,3,2,Victoria,1440,2026,2,Tuesday,3,3
4385,2026-04-18,11:34,J0021,Canales de Hielo,Casual,Koro;Tesla;Umbra,11,4,5,5,Victoria,1050,2026,4,Saturday,1,3
931,2026-02-08,18:25,J0181,Estacion Orbital,Torneo,Lienzo;Umbra,19,8,4,3,Victoria,1370,2026,2,Sunday,2,2
2910,2026-03-21,17:04,J0038,Puerto Escarlata,Torneo,,9,5,7,2,Derrota,460,2026,3,Saturday,1,0
7979,2026-06-15,19:26,J0051,Estacion Orbital,Ranked,Nadia,34,5,4,7,Derrota,770,2026,6,Monday,1,1
6764,2026-05-26,21:23,J0096,Desierto Neon,Ranked,Nadia,35,7,8,2,Derrota,640,2026,5,Tuesday,1,1
8454,2026-06-22,23:19,J0078,Canales de Hielo,Ranked,Brisa;Umbra;Magnus,31,3,5,2,Victoria,800,2026,6,Monday,1,3
6417,2026-05-21,16:42,J0067,Desierto Neon,Casual,Vex,27,9,2,3,Victoria,1510,2026,5,Thursday,4,1
896,2026-02-07,19:35,J0032,Canales de Hielo,Ranked,Vex,36,8,5,6,Victoria,1500,2026,2,Saturday,2,1
3248,2026-03-28,13:28,J0003,Puerto Escarlata,Casual,Nadia,8,6,6,2,Derrota,180,2026,3,Saturday,1,1
2327,2026-03-10,04:28,J0081,Bosque Umbral,Ranked,Umbra,45,7,7,2,Victoria,1160,2026,3,Tuesday,1,1
7097,2026-06-01,18:55,J0020,Ciudadela,Ranked,Vex,24,7,5,8,Derrota,1000,2026,6,Monday,1,1
8661,2026-06-26,05:43,J0200,Estacion Orbital,Casual,Magnus,26,5,6,2,Victoria,980,2026,6,Friday,1,1
7711,2026-06-11,14:02,J0005,Canales de Hielo,Ranked,Koro,38,5,3,1,Derrota,490,2026,6,Thursday,2,1
9816,2026-07-12,19:09,J0026,Puerto Escarlata,Casual,Nadia,28,2,12,3,Derrota,110,2026,7,Sunday,0,1
5039,2026-04-29,07:41,J0070,Estacion Orbital,Ranked,Vex,37,6,7,4,Derrota,660,2026,4,Wednesday,1,1
6451,2026-05-22,11:30,J0148,Estacion Orbital,Casual,Nadia;Koro,29,4,9,2,Victoria,820,2026,5,Friday,0,2
4137,2026-04-13,19:51,J0200,Puerto Escarlata,Torneo,Koro,23,5,5,5,Victoria,1150,2026,4,Monday,1,1
9319,2026-07-06,10:35,J0014,Estacion Orbital,Casual,Tesla,30,5,8,3,Victoria,990,2026,7,Monday,1,1
1716,2026-02-25,20:46,J0131,Ciudadela,Ranked,Lienzo,39,0,4,3,Derrota,70,2026,2,Wednesday,0,1
1699,2026-02-24,13:19,J0042,Puerto Escarlata,Casual,Magnus,15,5,4,0,Victoria,920,2026,2,Tuesday,1,1
9764,2026-07-12,20:42,J0007,Desierto Neon,Casual,Brisa;Magnus;Umbra,25,7,9,1,Victoria,1070,2026,7,Sunday,1,3
9622,2026-07-10,11:33,J0025,Desierto Neon,Ranked,,39,8,3,4,Victoria,1440,2026,7,Friday,3,0
8290,2026-06-20,20:24,J0026,Canales de Hielo,Casual,Lienzo;Nadia,29,5,6,1,Victoria,930,2026,6,Saturday,1,2
3832,2026-04-08,23:38,J0086,Desierto Neon,Ranked,Magnus,24,6,4,1,Derrota,370,2026,4,Wednesday,2,1
6300,2026-05-20,23:54,J0008,Bosque Umbral,Casual,Tesla,23,3,5,1,Derrota,250,2026,5,Wednesday,1,1
3349,2026-03-29,08:28,J0019,Ciudadela,Ranked,Vex,25,8,4,0,Derrota,720,2026,3,Sunday,2,1
9591,2026-07-10,11:14,J0027,Canales de Hielo,Ranked,Tesla,39,3,5,2,Derrota,300,2026,7,Friday,1,1
986,2026-02-09,20:35,J0089,Desierto Neon,Casual,Magnus;Tesla,24,2,5,4,Victoria,800,2026,2,Monday,0,2
1822,2026-02-27,18:02,J0024,Estacion Orbital,Casual,Brisa,21,3,6,5,Victoria,930,2026,2,Friday,0,1
4572,2026-04-21,18:56,J0029,Bosque Umbral,Casual,Magnus,21,4,9,6,Victoria,1020,2026,4,Tuesday,0,1
588,2026-01-30,22:00,J0053,Ciudadela,Torneo,Vex,20,12,9,2,,,2026,1,Friday,1,1
9831,2026-07-12,18:53,J0011,Ciudadela,Casual,Brisa;Vex,8,4,6,3,Victoria,,2026,7,Sunday,1,2
5078,2026-04-30,21:19,J0083,Desierto Neon,Casual,Vex,15,7,6,3,Derrota,730,2026,4,Thursday,1,1
7916,2026-06-14,16:31,J0051,Estacion Orbital,Ranked,Vex;Umbra;Nadia,24,5,4,1,Victoria,970,2026,6,Sunday,1,3
8389,2026-06-21,18:23,J0002,Puerto Escarlata,Ranked,Koro,44,5,5,6,Derrota,700,2026,6,Sunday,1,1
9595,2026-07-10,18:29,J0022,Ciudadela,Ranked,Koro,42,4,3,2,Derrota,440,2026,7,Friday,1,1
5484,2026-05-07,16:53,J0062,Canales de Hielo,Casual,Nadia,21,2,7,1,Victoria,610,2026,5,Thursday,0,1
8781,2026-06-27,22:43,J0015,Desierto Neon,Torneo,Koro;Vex,20,9,9,5,Victoria,1470,2026,6,Saturday,1,2
9351,2026-07-06,14:15,J0026,Ciudadela,Ranked,Nadia,42,4,5,3,Victoria,950,2026,7,Monday,1,1
5515,2026-05-08,19:51,J0045,Estacion Orbital,Casual,Vex,10,7,4,3,Victoria,1270,2026,5,Friday,2,1
7717,2026-06-11,16:38,J0048,Puerto Escarlata,Casual,Umbra,21,6,4,3,Victoria,1170,2026,6,Thursday,2,1
8941,2026-06-30,22:44,J0003,Bosque Umbral,Casual,Vex,21,7,4,1,Victoria,1170,2026,6,Tuesday,2,1
5554,2026-05-08,12:36,J0200,Bosque Umbral,Ranked,Umbra,33,6,4,2,Victoria,1120,2026,5,Friday,2,1
3558,2026-04-03,18:25,J0001,Desierto Neon,Ranked,Magnus,39,2,6,5,Derrota,330,2026,4,Friday,0,1
1396,2026-02-18,21:17,J0120,Desierto Neon,Ranked,Umbra,25,4,8,5,Derrota,490,2026,2,Wednesday,0,1
265,2026-01-23,19:27,J0024,Ciudadela,Casual,Vex,17,9,5,4,,1500,2026,1,Friday,2,1
3548,2026-04-03,03:37,J0101,Desierto Neon,Casual,,26,5,8,3,Derrota,490,2026,4,Friday,1,0
6845,2026-05-28,02:09,J0041,Desierto Neon,Casual,Magnus,30,4,7,2,Derrota,360,2026,5,Thursday,1,1
7758,2026-06-12,20:28,J0008,Puerto Escarlata,Casual,Vex,29,13,5,5,Victoria,1950,2026,6,Friday,3,1
6789,2026-05-27,19:54,J0064,Bosque Umbral,Ranked,Lienzo,45,8,4,4,,1420,2026,5,Wednesday,2,1
3070,2026-03-24,20:22,J0039,Ciudadela,Casual,Vex;Umbra,12,18,3,3,Victoria,24,2026,3,Tuesday,6,2
5026,2026-04-29,19:29,J0025,Desierto Neon,Ranked,Nadia;Lienzo;Vex,26,10,3,7,Victoria,1790,2026,4,Wednesday,3,3
8462,2026-06-22,16:16,J0093,Desierto Neon,Ranked,Brisa,37,4,6,3,Derrota,430,2026,6,Monday,1,1
3865,2026-04-08,18:43,J0026,Puerto Escarlata,Ranked,Koro,35,2,6,4,Victoria,780,2026,4,Wednesday,0,1
9143,2026-07-03,11:46,J0126,Estacion Orbital,Ranked,Vex,45,5,10,3,Victoria,950,2026,7,Friday,0,1
2401,2026-03-11,15:02,J0012,Estacion Orbital,Ranked,Brisa;Umbra,42,6,4,5,Derrota,770,2026,3,Wednesday,2,2
6275,2026-05-19,17:32,J0005,Ciudadela,Torneo,Vex,27,13,3,1,Victoria,1790,2026,5,Tuesday,4,1
8551,2026-06-24,04:53,J0034,Bosque Umbral,Ranked,Brisa,32,9,3,5,Victoria,1590,2026,6,Wednesday,3,1
3712,2026-04-06,19:09,J0024,Bosque Umbral,Casual,Nadia;Koro;Lienzo,16,4,3,3,Victoria,990,2026,4,Monday,1,3
247,2026-01-22,09:05,J0200,Bosque Umbral,Torneo,Lienzo,18,3,4,0,Derrota,220,2026,1,Thursday,1,1
1595,2026-02-22,01:05,J0095,Canales de Hielo,Casual,Koro,12,4,5,5,Derrota,550,2026,2,Sunday,1,1
9756,2026-07-12,00:14,J0198,Estacion Orbital,Casual,Tesla;Magnus,20,3,6,10,Victoria,1180,2026,7,Sunday,0,2
1530,2026-02-21,22:46,J0037,Estacion Orbital,Ranked,Koro,29,4,7,4,Derrota,460,2026,2,Saturday,1,1
8289,2026-06-20,01:06,J0163,Canales de Hielo,Ranked,Tesla,25,6,5,6,Derrota,800,2026,6,Saturday,1,1
924,2026-02-08,21:12,J0116,Puerto Escarlata,Ranked,Vex;Umbra,37,4,8,4,Victoria,940,2026,2,Sunday,0,2
7683,2026-06-10,19:06,J0009,Ciudadela,Casual,Tesla;Umbra;Vex,25,8,5,3,Derrota,850,2026,6,Wednesday,2,3
7330,2026-06-05,14:23,J0066,Bosque Umbral,Ranked,Lienzo;Magnus;Brisa,38,8,8,6,,1440,2026,6,Friday,1,3
4365,2026-04-18,00:50,J0067,Estacion Orbital,Casual,Brisa;Magnus,19,6,5,1,Derrota,550,2026,4,Saturday,1,2
670,2026-02-01,19:16,J0024,Desierto Neon,Ranked,Lienzo;Koro,31,4,4,5,Derrota,570,2026,2,Sunday,1,2
3605,2026-04-04,18:47,J0104,Ciudadela,Torneo,Koro,9,3,7,5,Derrota,410,2026,4,Saturday,0,1
5109,2026-05-01,11:45,J0200,Estacion Orbital,Ranked,Tesla,40,3,4,8,Victoria,1120,2026,5,Friday,1,1
1911,2026-03-01,22:59,J0078,Puerto Escarlata,Casual,Brisa,13,2,6,6,Derrota,380,2026,3,Sunday,0,1
7277,2026-06-04,17:28,J0075,Canales de Hielo,Torneo,Magnus,20,4,3,3,Victoria,990,2026,6,Thursday,1,1
8410,2026-06-22,18:07,J0169,Puerto Escarlata,Casual,Brisa,20,4,2,4,Victoria,1060,2026,6,Monday,2,1
5249,2026-05-03,18:44,J0200,Desierto Neon,Torneo,Umbra,8,5,6,3,Derrota,530,2026,5,Sunday,1,1
7184,2026-06-02,20:11,J0054,Canales de Hielo,Casual,Magnus,23,12,5,3,Victoria,1750,2026,6,Tuesday,2,1
3959,2026-04-10,02:19,J0004,Estacion Orbital,Casual,Lienzo,24,6,4,4,Victoria,1220,2026,4,Friday,2,1
6958,2026-05-30,19:18,J0061,Bosque Umbral,Casual,Umbra;Koro,19,9,6,2,Victoria,1380,2026,5,Saturday,2,2
6027,2026-05-16,18:35,J0108,Ciudadela,Ranked,Koro,42,7,8,3,Derrota,690,2026,5,Saturday,1,1
5644,2026-05-09,16:17,J0120,Desierto Neon,Casual,Magnus,29,4,4,6,Victoria,1120,2026,5,Saturday,1,1
2697,2026-03-17,08:58,J0070,Canales de Hielo,Torneo,Koro,19,5,4,4,,,2026,3,Tuesday,1,1
2592,2026-03-15,21:09,J0032,Estacion Orbital,Casual,Vex,28,12,1,5,Derrota,1430,2026,3,Sunday,12,1
5907,2026-05-13,00:10,J0133,Desierto Neon,Ranked,Umbra,31,5,6,3,Derrota,,2026,5,Wednesday,1,1
1782,2026-02-27,17:17,J0099,Puerto Escarlata,Casual,Nadia;Koro,28,3,6,3,Derrota,330,2026,2,Friday,0,2
6510,2026-05-23,19:56,J0074,Bosque Umbral,Ranked,,32,6,2,5,Victoria,1110,2026,5,Saturday,3,0
3014,2026-03-23,13:06,J0110,Estacion Orbital,Casual,Lienzo;Vex,15,5,4,3,Victoria,1070,2026,3,Monday,1,2
7134,2026-06-01,15:27,J0010,Puerto Escarlata,Ranked,Lienzo,45,4,5,5,Derrota,550,2026,6,Monday,1,1
2308,2026-03-09,22:55,J0034,Bosque Umbral,Casual,Vex,20,8,8,4,Victoria,1340,2026,3,Monday,1,1
7404,2026-06-06,17:56,J0053,Bosque Umbral,Ranked,Umbra,27,4,3,4,Victoria,1040,2026,6,Saturday,1,1
3691,2026-04-05,21:19,J0004,Bosque Umbral,Ranked,Koro;Nadia,29,6,5,5,Derrota,850,2026,4,Sunday,1,2
688,2026-02-02,00:37,J0038,Bosque Umbral,Ranked,Brisa,22,6,1,1,Derrota,630,2026,2,Monday,6,1
6012,2026-05-16,07:09,J0134,Bosque Umbral,Ranked,Vex,24,9,4,5,Derrota,1070,2026,5,Saturday,2,1
7072,2026-05-31,19:16,J0200,Canales de Hielo,Ranked,Koro,27,3,5,0,Derrota,200,2026,5,Sunday,1,1
613,2026-01-31,13:27,J0173,Puerto Escarlata,Casual,Brisa;Nadia,25,6,5,4,Victoria,1200,2026,1,Saturday,1,2
7168,2026-06-02,20:05,J0066,Canales de Hielo,Torneo,Lienzo;Nadia;Magnus,8,13,5,2,Derrota,1300,2026,6,Tuesday,3,3
7771,2026-06-12,21:07,J0084,Bosque Umbral,Ranked,Lienzo,28,7,3,0,,640,2026,6,Friday,2,1
3201,2026-03-27,13:09,J0009,Bosque Umbral,Ranked,Lienzo,32,4,4,9,Derrota,770,2026,3,Friday,1,1
2268,2026-03-08,13:31,J0010,Bosque Umbral,Casual,Nadia,15,2,2,5,Derrota,410,2026,3,Sunday,1,1
9855,2026-07-13,17:52,J0090,Ciudadela,Ranked,Tesla,33,6,6,4,Victoria,1180,2026,7,Monday,1,1
6630,2026-05-24,15:16,J0065,Bosque Umbral,Ranked,Umbra,30,3,5,3,Derrota,350,2026,5,Sunday,1,1
4136,2026-04-13,20:33,J0013,Bosque Umbral,Casual,Tesla,12,6,5,7,Victoria,1350,2026,4,Monday,1,1
1899,2026-03-01,18:12,J0027,Estacion Orbital,Ranked,Umbra;Tesla,44,4,2,1,Derrota,410,2026,3,Sunday,2,2
9603,2026-07-10,23:22,J0012,Estacion Orbital,Casual,Koro,22,4,4,3,Victoria,970,2026,7,Friday,1,1
8874,2026-06-29,20:18,J0035,Estacion Orbital,Ranked,Lienzo,26,9,7,5,Derrota,1010,2026,6,Monday,1,1
259,2026-01-23,14:48,J0001,Canales de Hielo,Casual,Vex,10,6,3,5,Derrota,490,2026,1,Friday,2,1
2925,2026-03-22,10:14,J0070,Ciudadela,Casual,Nadia,31,2,4,2,Derrota,220,2026,3,Sunday,0,1
9496,2026-07-08,08:06,J0198,Ciudadela,Ranked,Lienzo;Magnus,23,4,6,5,Derrota,530,2026,7,Wednesday,1,2
4944,2026-04-28,22:12,J0016,Canales de Hielo,Ranked,,31,9,4,5,Victoria,1570,2026,4,Tuesday,2,0
2823,2026-03-20,05:52,J0075,Desierto Neon,Ranked,Nadia,23,5,3,2,Victoria,1040,2026,3,Friday,2,1
6530,2026-05-23,01:25,J0004,Canales de Hielo,Casual,Magnus;Umbra,12,5,6,3,Victoria,1030,2026,5,Saturday,1,2
3340,2026-03-29,11:35,J0200,Puerto Escarlata,Casual,Brisa,12,7,5,0,Victoria,1100,2026,3,Sunday,1,1
3526,2026-04-02,15:34,J0019,Estacion Orbital,Ranked,Umbra,38,3,5,1,Derrota,250,2026,4,Thursday,1,1
4564,2026-04-21,17:39,J0006,Estacion Orbital,Ranked,,23,8,4,3,Derrota,870,2026,4,Tuesday,2,0
9730,2026-07-11,05:44,J0081,Puerto Escarlata,Casual,Koro,24,9,1,3,Derrota,1030,2026,7,Saturday,9,1
8945,2026-06-30,03:13,J0009,Canales de Hielo,Ranked,Tesla;Vex;Brisa,32,4,2,5,Victoria,1110,2026,6,Tuesday,2,3
5330,2026-05-04,16:57,J0032,Estacion Orbital,Casual,Nadia,21,5,3,4,Derrota,640,2026,5,Monday,2,1
5224,2026-05-02,16:49,J0018,Puerto Escarlata,Casual,Tesla,14,5,5,5,Victoria,1150,2026,5,Saturday,1,1
2286,2026-03-09,19:13,J0002,Puerto Escarlata,Casual,Nadia;Vex,15,8,4,5,,970,2026,3,Monday,2,2
6064,2026-05-16,14:26,J0200,Canales de Hielo,Ranked,Nadia;Tesla,41,6,6,3,Victoria,1130,2026,5,Saturday,1,2
4655,2026-04-23,09:29,J0002,Bosque Umbral,Casual,Brisa;Koro,13,7,4,3,Victoria,1270,2026,4,Thursday,2,2
5001,2026-04-29,20:29,J0048,Puerto Escarlata,Ranked,Brisa,38,11,5,2,Victoria,1600,2026,4,Wednesday,2,1
6711,2026-05-25,01:42,J0095,Ciudadela,Casual,Vex;Brisa,29,11,5,5,Victoria,1750,2026,5,Monday,2,2
9395,2026-07-07,07:04,J0056,Estacion Orbital,Casual,Magnus;Nadia;Tesla,32,5,5,4,Victoria,1100,2026,7,Tuesday,1,3
485,2026-01-28,19:28,J0114,Ciudadela,Ranked,Umbra,33,6,5,4,Victoria,1200,2026,1,Wednesday,1,1
2212,2026-03-07,12:17,J0093,Bosque Umbral,Casual,Nadia,31,2,7,5,Derrota,310,2026,3,Saturday,0,1
5417,2026-05-06,18:24,J0008,Ciudadela,Casual,Magnus,10,0,1,2,Derrota,80,2026,5,Wednesday,0,1
7693,2026-06-11,13:15,J0041,Ciudadela,Casual,Brisa;Koro,28,2,3,5,Victoria,890,2026,6,Thursday,1,2
2556,2026-03-14,16:37,J0071,Puerto Escarlata,Ranked,,29,9,8,2,Victoria,1340,2026,3,Saturday,1,0
8,2026-01-16,07:56,J0037,Estacion Orbital,Torneo,Koro;Nadia,27,8,4,6,Victoria,1520,2026,1,Friday,2,2
3658,2026-04-05,20:46,J0071,Bosque Umbral,Ranked,Umbra,33,6,7,3,Derrota,610,2026,4,Sunday,1,1
6412,2026-05-21,20:38,J0105,Canales de Hielo,Ranked,Magnus;Nadia,24,9,3,6,Derrota,1140,2026,5,Thursday,3,2
9235,2026-07-04,06:59,J0154,Puerto Escarlata,Ranked,Brisa,25,1,5,1,Derrota,50,2026,7,Saturday,0,1
4875,2026-04-26,13:23,J0048,Ciudadela,Ranked,Lienzo;Vex,25,6,3,2,Victoria,1140,2026,4,Sunday,2,2
4403,2026-04-18,20:36,J0020,Puerto Escarlata,Torneo,Magnus;Vex,15,12,6,5,Derrota,1330,2026,4,Saturday,2,2
8986,2026-06-30,12:45,J0033,Ciudadela,Ranked,Koro,28,7,2,8,Derrota,1060,2026,6,Tuesday,4,1
5547,2026-05-08,16:53,J0029,Ciudadela,Casual,Koro,32,5,10,7,Derrota,650,2026,5,Friday,0,1
5298,2026-05-03,21:58,J0084,Ciudadela,Casual,Brisa,32,6,1,5,Victoria,1330,2026,5,Sunday,6,1
2427,2026-03-12,10:37,J0047,Ciudadela,Ranked,Magnus,22,11,0,4,Derrota,1300,2026,3,Thursday,,1
6745,2026-05-26,15:47,J0021,Bosque Umbral,Casual,Lienzo,32,6,3,3,Victoria,1190,2026,5,Tuesday,2,1
1815,2026-02-27,16:15,J0042,Canales de Hielo,Casual,Magnus,8,2,2,2,Victoria,760,2026,2,Friday,1,1
6823,2026-05-27,18:55,J0008,Puerto Escarlata,Casual,Nadia,22,3,3,3,Derrota,390,2026,5,Wednesday,1,1
9699,2026-07-11,00:27,J0030,Desierto Neon,Casual,Nadia,26,5,6,2,Victoria,980,2026,7,Saturday,1,1
2275,2026-03-08,21:50,J0116,Desierto Neon,Casual,Tesla;Magnus,20,13,4,3,Derrota,1370,2026,3,Sunday,3,2
1012,2026-02-09,21:37,J0002,Bosque Umbral,Casual,Nadia,27,12,3,2,Derrota,1240,2026,2,Monday,4,1
1578,2026-02-22,20:46,J0021,Ciudadela,Torneo,Brisa;Koro,11,6,4,3,Derrota,670,2026,2,Sunday,2,2
7265,2026-06-04,19:12,J0019,Puerto Escarlata,Torneo,Brisa;Lienzo,30,4,7,0,Derrota,260,2026,6,Thursday,1,2
1068,2026-02-11,18:00,J0142,Ciudadela,Casual,Koro,10,10,3,4,Derrota,1140,2026,2,Wednesday,3,1
1992,2026-03-03,19:58,J0044,Ciudadela,Torneo,Koro,26,6,1,5,Victoria,1330,2026,3,Tuesday,6,1
3971,2026-04-10,14:20,J0046,Puerto Escarlata,Ranked,Tesla;Umbra,24,7,5,4,Derrota,800,2026,4,Friday,1,2
9144,2026-07-03,19:57,J0039,Estacion Orbital,Torneo,Koro,9,6,7,3,Victoria,1110,2026,7,Friday,1,1
5880,2026-05-13,17:02,J0016,Canales de Hielo,Casual,Vex;Koro,25,6,6,2,Derrota,580,2026,5,Wednesday,1,2
8496,2026-06-23,19:39,J0017,Canales de Hielo,Casual,Vex,27,5,5,4,Victoria,1100,2026,6,Tuesday,1,1
4543,2026-04-21,19:16,J0007,Desierto Neon,Casual,Lienzo,13,7,6,3,Derrota,730,2026,4,Tuesday,1,1
9397,2026-07-07,13:09,J0050,Puerto Escarlata,Torneo,Umbra,17,1,6,1,Victoria,530,2026,7,Tuesday,0,1
7194,2026-06-02,19:40,J0065,Puerto Escarlata,Ranked,Umbra;Koro,43,2,3,6,Victoria,940,2026,6,Tuesday,1,2
3868,2026-04-08,10:18,J0041,Canales de Hielo,Torneo,Magnus;Brisa,19,0,5,5,Victoria,650,2026,4,Wednesday,0,2
9487,2026-07-08,21:12,J0006,Estacion Orbital,Ranked,Lienzo,24,9,5,2,Derrota,,2026,7,Wednesday,2,1
6824,2026-05-27,15:11,J0138,Estacion Orbital,Ranked,Magnus,35,4,6,2,Derrota,380,2026,5,Wednesday,1,1
3049,2026-03-24,15:17,J0175,Canales de Hielo,Casual,Brisa,24,1,2,5,Victoria,810,2026,3,Tuesday,0,1
782,2026-02-04,19:40,J0037,Ciudadela,Ranked,,27,3,9,3,Victoria,770,2026,2,Wednesday,0,0
6748,2026-05-26,18:36,J0009,Puerto Escarlata,Ranked,Tesla;Magnus;Umbra,28,1,4,7,Derrota,370,2026,5,Tuesday,0,3
2676,2026-03-16,21:26,J0134,Estacion Orbital,Casual,,10,5,4,4,Derrota,620,2026,3,Monday,1,0
1750,2026-02-26,08:04,J0041,Desierto Neon,Casual,Tesla;Nadia,11,8,7,2,Derrota,760,2026,2,Thursday,1,2
6223,2026-05-18,19:36,J0070,Estacion Orbital,Casual,Brisa,27,6,4,7,Derrota,570,2026,5,Monday,2,1
8081,2026-06-17,20:30,J0134,Puerto Escarlata,Ranked,Tesla;Vex,35,7,8,5,Victoria,1290,2026,6,Wednesday,1,2
2792,2026-03-19,03:27,J0016,Puerto Escarlata,Casual,Tesla,13,9,3,8,Victoria,1740,2026,3,Thursday,3,1
6520,2026-05-23,00:46,J0059,Desierto Neon,Ranked,Tesla,22,2,3,3,Derrota,290,2026,5,Saturday,1,1
5775,2026-05-11,16:33,J0038,Puerto Escarlata,Casual,Lienzo;Tesla,14,2,5,9,Derrota,550,2026,5,Monday,0,2
6358,2026-05-21,18:32,J0009,Estacion Orbital,Ranked,Vex,41,3,7,2,Derrota,260,2026,5,Thursday,0,1
4980,2026-04-28,17:29,J0200,Bosque Umbral,Casual,Nadia,14,8,5,4,Derrota,900,2026,4,Tuesday,2,1
7718,2026-06-11,19:08,J0008,Canales de Hielo,Casual,Brisa,15,1,7,6,Victoria,760,2026,6,Thursday,0,1
1092,2026-02-11,05:53,J0044,Puerto Escarlata,Casual,Magnus,20,6,7,4,Victoria,1160,2026,2,Wednesday,1,1
6527,2026-05-23,13:23,J0200,Puerto Escarlata,Torneo,Vex,18,10,5,2,Derrota,1000,2026,5,Saturday,2,1
8374,2026-06-21,19:52,J0075,Estacion Orbital,Torneo,Lienzo,28,8,8,4,Victoria,1340,2026,6,Sunday,1,1
4628,2026-04-23,03:54,J0103,Ciudadela,Casual,Vex,23,14,4,7,Victoria,22,2026,4,Thursday,4,1
2325,2026-03-09,18:24,J0090,Desierto Neon,Torneo,Koro,29,2,4,6,Derrota,420,2026,3,Monday,0,1
6535,2026-05-23,15:29,J0045,Bosque Umbral,Ranked,,44,5,8,2,Victoria,940,2026,5,Saturday,1,0
9042,2026-07-01,10:11,J0001,Desierto Neon,Casual,Magnus,21,4,5,5,Derrota,550,2026,7,Wednesday,1,1
5056,2026-04-30,09:24,J0035,Puerto Escarlata,Ranked,Tesla,22,4,8,2,Derrota,340,2026,4,Thursday,0,1
2609,2026-03-15,17:32,J0109,Desierto Neon,Casual,Vex,10,8,1,2,Victoria,1380,2026,3,Sunday,8,1
9091,2026-07-02,18:09,J0002,Ciudadela,Ranked,Lienzo,38,6,8,4,Victoria,1140,2026,7,Thursday,1,1
2291,2026-03-09,16:03,J0145,Desierto Neon,Ranked,Tesla,37,6,4,2,Victoria,1320,2026,3,Monday,2,1
1728,2026-02-25,19:20,J0113,Puerto Escarlata,Ranked,Lienzo,35,9,2,5,Derrota,1110,2026,2,Wednesday,4,1
611,2026-01-31,19:16,J0009,Estacion Orbital,Torneo,Tesla;Vex,30,4,4,4,Victoria,1020,2026,1,Saturday,1,2
4667,2026-04-23,17:08,J0011,Estacion Orbital,Ranked,Magnus,24,6,7,3,Derrota,610,2026,4,Thursday,1,1
8187,2026-06-18,22:23,J0024,Canales de Hielo,Torneo,Lienzo,25,2,4,4,Derrota,320,2026,6,Thursday,0,1
5414,2026-05-06,11:51,J0132,Canales de Hielo,Torneo,Magnus;Lienzo;Brisa,26,10,5,5,Victoria,1650,2026,5,Wednesday,2,3
344,2026-01-24,09:21,J0151,Desierto Neon,Ranked,Umbra,36,8,1,2,Victoria,1380,2026,1,Saturday,8,1
4684,2026-04-24,19:32,J0121,Bosque Umbral,Ranked,Tesla,39,3,9,5,Victoria,870,2026,4,Friday,0,1
8854,2026-06-28,23:53,J0078,Canales de Hielo,Ranked,Vex,30,8,3,3,Derrota,890,2026,6,Sunday,3,1
3751,2026-04-06,19:14,J0162,Desierto Neon,Ranked,,42,6,9,3,Derrota,570,2026,4,Monday,1,0
8519,2026-06-23,14:37,J0001,Desierto Neon,Ranked,Vex,40,14,4,1,Derrota,1370,2026,6,Tuesday,4,1
9378,2026-07-06,17:00,J0030,Desierto Neon,Casual,Vex;Nadia,15,4,4,4,Victoria,1020,2026,7,Monday,1,2
6000,2026-05-15,19:32,J0025,Desierto Neon,Ranked,Magnus;Tesla,42,3,8,5,Victoria,890,2026,5,Friday,0,2
3216,2026-03-27,18:29,J0053,Ciudadela,Ranked,Vex;Magnus,22,5,8,3,Victoria,990,2026,3,Friday,1,2
98,2026-01-18,06:34,J0140,Puerto Escarlata,Casual,Koro,22,7,5,6,Derrota,900,2026,1,Sunday,1,1
7515,2026-06-07,22:09,J0061,Puerto Escarlata,Ranked,Vex;Brisa,33,7,3,2,Victoria,1240,2026,6,Sunday,2,2
7795,2026-06-12,17:42,J0126,Ciudadela,Ranked,Brisa,24,9,3,2,Victoria,1440,2026,6,Friday,3,1
5177,2026-05-02,18:57,J0061,Desierto Neon,Casual,Brisa;Umbra,10,3,3,6,Derrota,540,2026,5,Saturday,1,2
7280,2026-06-04,20:47,J0006,Canales de Hielo,Ranked,Brisa,27,5,2,7,Derrota,810,2026,6,Thursday,2,1
6166,2026-05-18,16:15,J0200,Canales de Hielo,Torneo,Koro,23,8,5,2,Derrota,800,2026,5,Monday,2,1
1538,2026-02-21,22:29,J0049,Estacion Orbital,Ranked,Umbra;Lienzo,31,2,7,3,Derrota,210,2026,2,Saturday,0,2
3589,2026-04-03,15:48,J0001,Ciudadela,Torneo,Nadia,27,5,4,7,Derrota,770,2026,4,Friday,1,1
7548,2026-06-08,19:05,J0151,Canales de Hielo,Casual,Umbra;Tesla;Brisa,25,5,9,6,Derrota,620,2026,6,Monday,1,3
6986,2026-05-30,14:10,J0008,Bosque Umbral,Casual,,21,1,6,5,Derrota,230,2026,5,Saturday,0,0
3649,2026-04-05,19:28,J0057,Estacion Orbital,Ranked,Brisa,32,8,5,2,Victoria,1300,2026,4,Sunday,2,1
2658,2026-03-16,17:55,J0054,Ciudadela,Casual,Magnus,21,4,5,1,Derrota,350,2026,3,Monday,1,1
9783,2026-07-12,13:44,J0002,Canales de Hielo,Casual,,17,7,7,0,,560,2026,7,Sunday,1,0
1518,2026-02-21,13:41,J0013,Puerto Escarlata,Ranked,Umbra,32,11,4,3,Victoria,1670,2026,2,Saturday,3,1
5062,2026-04-30,10:01,J0025,Bosque Umbral,Ranked,Tesla;Koro,34,0,8,3,Victoria,490,2026,4,Thursday,0,2
9420,2026-07-07,22:09,J0001,Desierto Neon,Casual,Umbra,25,6,7,6,Victoria,1160,2026,7,Tuesday,1,1
4625,2026-04-23,12:44,J0056,Bosque Umbral,Ranked,Lienzo;Magnus;Umbra,29,5,7,3,Victoria,1010,2026,4,Thursday,1,3
4273,2026-04-16,18:00,J0039,Bosque Umbral,Ranked,Nadia;Magnus,43,12,8,3,Victoria,1690,2026,4,Thursday,2,2
3670,2026-04-05,23:15,J0176,Puerto Escarlata,Ranked,Brisa;Magnus,36,5,2,5,Derrota,710,2026,4,Sunday,2,2
6567,2026-05-23,09:58,J0029,Puerto Escarlata,Ranked,Koro,26,2,4,4,Victoria,820,2026,5,Saturday,0,1
5801,2026-05-12,01:06,J0003,Estacion Orbital,Casual,Nadia,16,6,3,3,Derrota,590,2026,5,Tuesday,2,1
2091,2026-03-05,10:13,J0105,Canales de Hielo,Casual,Umbra,16,7,6,8,Derrota,980,2026,3,Thursday,1,1
7098,2026-06-01,21:16,J0003,Bosque Umbral,Ranked,Umbra,40,4,2,4,Derrota,560,2026,6,Monday,2,1
6172,2026-05-18,11:47,J0016,Canales de Hielo,Casual,Umbra,11,11,7,1,Victoria,1510,2026,5,Monday,2,1
7522,2026-06-08,12:36,J0016,Desierto Neon,Ranked,Vex;Lienzo,27,13,4,3,Victoria,1870,2026,6,Monday,3,2
573,2026-01-30,10:57,J0008,Estacion Orbital,Casual,Brisa;Umbra,16,5,9,5,Derrota,570,2026,1,Friday,1,2
9631,2026-07-10,23:32,J0017,Desierto Neon,Ranked,Koro,25,4,5,4,Victoria,1000,2026,7,Friday,1,1
4689,2026-04-24,08:13,J0007,Puerto Escarlata,Casual,Koro,11,4,8,3,Derrota,390,2026,4,Friday,0,1
9145,2026-07-03,08:13,J0062,Ciudadela,Casual,Vex,19,7,3,3,Victoria,1290,2026,7,Friday,2,1
3063,2026-03-24,21:07,J0017,Ciudadela,Ranked,Koro;Vex,44,5,6,1,Victoria,930,2026,3,Tuesday,1,2
7862,2026-06-13,19:43,J0088,Ciudadela,Torneo,Koro,22,4,4,4,Derrota,520,2026,6,Saturday,1,1
6471,2026-05-22,22:46,J0013,Canales de Hielo,Ranked,Magnus,30,7,4,1,Victoria,1170,2026,5,Friday,2,1
7161,2026-06-02,21:57,J0048,Estacion Orbital,Casual,Umbra,21,5,4,3,Victoria,1070,2026,6,Tuesday,1,1
6634,2026-05-24,17:24,J0196,Ciudadela,Casual,Magnus;Umbra,30,1,8,3,Derrota,90,2026,5,Sunday,0,2
8558,2026-06-24,19:07,J0054,Canales de Hielo,Casual,Tesla,27,5,5,3,Derrota,550,2026,6,Wednesday,1,1
8060,2026-06-16,19:24,J0021,Ciudadela,Ranked,Koro;Tesla,32,6,5,5,Victoria,1250,2026,6,Tuesday,1,2
7346,2026-06-05,11:40,J0024,Ciudadela,Casual,Umbra;Tesla;Magnus,18,3,8,5,Victoria,890,2026,6,Friday,0,3
6305,2026-05-20,13:54,J0032,Canales de Hielo,Casual,Magnus;Koro,11,8,5,1,Victoria,1250,2026,5,Wednesday,2,2
8034,2026-06-16,07:40,J0137,Bosque Umbral,Ranked,Koro,44,5,7,1,Victoria,910,2026,6,Tuesday,1,1
9512,2026-07-09,21:56,J0003,Bosque Umbral,Casual,Lienzo,11,5,3,4,Victoria,1140,2026,7,Thursday,2,1
9676,2026-07-11,18:39,J0063,Puerto Escarlata,Casual,Tesla;Magnus;Vex,24,6,3,1,Derrota,1590,2026,7,Saturday,2,3
4480,2026-04-20,22:56,J0061,Estacion Orbital,Ranked,Brisa;Umbra,45,6,5,1,Victoria,1050,2026,4,Monday,1,2
4949,2026-04-28,13:31,J0074,Desierto Neon,Casual,Umbra;Magnus;Koro,11,1,3,6,Victoria,840,2026,4,Tuesday,0,3
5977,2026-05-15,11:46,J0086,Ciudadela,Casual,Nadia,17,3,7,9,Victoria,1110,2026,5,Friday,0,1
371,2026-01-25,19:03,J0053,Puerto Escarlata,Ranked,Umbra,35,4,7,4,Victoria,960,2026,1,Sunday,1,1
1939,2026-03-01,18:16,J0040,Puerto Escarlata,Casual,Brisa;Nadia,31,4,4,8,Derrota,720,2026,3,Sunday,1,2
2353,2026-03-10,20:56,J0200,Desierto Neon,Casual,Nadia,29,11,3,3,Victoria,1690,2026,3,Tuesday,4,1
7128,2026-06-01,15:21,J0045,Ciudadela,Ranked,Vex;Nadia,29,6,4,5,Derrota,770,2026,6,Monday,2,2
1754,2026-02-26,19:50,J0200,Puerto Escarlata,Torneo,Tesla;Koro,27,6,1,5,Victoria,1330,2026,2,Thursday,6,2
3671,2026-04-05,18:21,J0018,Ciudadela,Casual,Nadia,15,2,4,3,Victoria,770,2026,4,Sunday,0,1
7299,2026-06-04,19:54,J0067,Canales de Hielo,Casual,Tesla;Magnus,25,7,4,2,Victoria,1220,2026,6,Thursday,2,2
3653,2026-04-05,12:58,J0005,Desierto Neon,Casual,Vex,16,13,5,3,Victoria,1850,2026,4,Sunday,3,1
5202,2026-05-02,19:40,J0038,Puerto Escarlata,Ranked,Lienzo;Vex,39,10,11,5,Derrota,1030,2026,5,Saturday,1,2
8043,2026-06-16,19:47,J0200,Canales de Hielo,Ranked,Lienzo,43,7,5,2,Derrota,700,2026,6,Tuesday,1,1
2362,2026-03-10,22:11,J0042,Puerto Escarlata,Ranked,Umbra,31,6,8,3,Derrota,490,2026,3,Tuesday,1,1
4261,2026-04-16,20:50,J0110,Puerto Escarlata,Torneo,Magnus,27,3,8,4,Derrota,340,2026,4,Thursday,0,1
5433,2026-05-06,13:31,J0047,Bosque Umbral,Casual,Umbra,23,10,8,3,Victoria,1490,2026,5,Wednesday,1,1
6286,2026-05-19,22:33,J0005,Ciudadela,Casual,Brisa;Lienzo,21,10,4,2,,,2026,5,Tuesday,2,2
4992,2026-04-28,18:04,J0040,Puerto Escarlata,Casual,Koro,31,3,6,2,Victoria,780,2026,4,Tuesday,0,1
7848,2026-06-13,19:32,J0017,Ciudadela,Ranked,Nadia,24,8,3,1,Derrota,790,2026,6,Saturday,3,1
9535,2026-07-09,15:38,J0036,Puerto Escarlata,Casual,Vex,29,2,4,6,Derrota,420,2026,7,Thursday,0,1
3738,2026-04-06,14:58,J0023,Estacion Orbital,Ranked,Magnus,27,9,3,4,Victoria,1540,2026,4,Monday,3,1
7650,2026-06-10,22:24,J0133,Puerto Escarlata,Casual,Magnus;Koro,25,10,6,4,Derrota,1080,2026,6,Wednesday,2,2
8628,2026-06-25,21:26,J0014,Canales de Hielo,Casual,Koro,23,7,2,2,Derrota,760,2026,6,Thursday,4,1
9969,2026-07-14,03:35,J0041,Ciudadela,Ranked,Tesla;Umbra,23,6,6,7,Victoria,1330,2026,7,Tuesday,1,2
8388,2026-06-21,20:28,J0012,Puerto Escarlata,Ranked,Brisa;Nadia,41,6,4,13,Victoria,1670,2026,6,Sunday,2,2
5592,2026-05-09,07:52,J0045,Puerto Escarlata,Casual,Lienzo,30,5,9,4,Derrota,520,2026,5,Saturday,1,1
1172,2026-02-14,17:03,J0012,Puerto Escarlata,Casual,Nadia;Umbra,24,6,3,9,Victoria,1390,2026,2,Saturday,2,2
7371,2026-06-05,19:57,J0027,Canales de Hielo,Torneo,Nadia,28,3,7,6,Victoria,960,2026,6,Friday,0,1
8072,2026-06-16,15:19,J0005,Bosque Umbral,Ranked,Nadia,45,8,4,3,Derrota,870,2026,6,Tuesday,2,1
8205,2026-06-18,20:08,J0066,Desierto Neon,Casual,Umbra,22,6,4,7,Derrota,770,2026,6,Thursday,2,1
1423,2026-02-19,14:04,J0041,Desierto Neon,Casual,Nadia;Lienzo,24,4,3,7,Derrota,690,2026,2,Thursday,1,2
6783,2026-05-27,11:35,J0123,Estacion Orbital,Casual,Magnus;Umbra;Koro,24,9,6,3,,1430,2026,5,Wednesday,2,3
9516,2026-07-09,00:01,J0015,Estacion Orbital,Casual,Nadia;Umbra;Brisa,18,11,4,4,Victoria,1720,2026,7,Thursday,3,3
6107,2026-05-17,15:40,J0129,Puerto Escarlata,Ranked,Koro,26,6,4,6,Victoria,1320,2026,5,Sunday,2,1
9421,2026-07-07,16:23,J0018,Desierto Neon,Casual,Magnus,17,4,6,0,Victoria,780,2026,7,Tuesday,1,1
8154,2026-06-18,15:20,J0200,Desierto Neon,Ranked,Nadia,22,6,6,2,Derrota,580,2026,6,Thursday,1,1
6340,2026-05-20,19:58,J0094,Canales de Hielo,Ranked,Umbra,25,8,6,8,Derrota,1080,2026,5,Wednesday,1,1
9234,2026-07-04,12:36,J0085,Bosque Umbral,Ranked,Magnus,26,7,6,5,Victoria,1330,2026,7,Saturday,1,1
875,2026-02-07,18:38,J0162,Puerto Escarlata,Ranked,Koro,24,5,2,4,,1160,2026,2,Saturday,2,1
2298,2026-03-09,11:02,J0096,Puerto Escarlata,Torneo,Nadia;Vex,18,10,5,5,Victoria,1650,2026,3,Monday,2,2
2644,2026-03-16,19:16,J0069,Estacion Orbital,Casual,Koro;Magnus,28,4,6,5,Victoria,1030,2026,3,Monday,1,2
7661,2026-06-10,22:53,J0029,Puerto Escarlata,Ranked,Nadia;Umbra,41,7,3,1,Victoria,1190,2026,6,Wednesday,2,2
1720,2026-02-25,17:45,J0015,Estacion Orbital,Casual,Vex;Koro,30,12,7,4,Derrota,1260,2026,2,Wednesday,2,2
5348,2026-05-05,11:59,J0004,Ciudadela,Ranked,Vex;Brisa,45,5,2,4,Victoria,1160,2026,5,Tuesday,2,2
5933,2026-05-14,10:34,J0030,Ciudadela,Casual,Nadia;Tesla;Umbra,24,2,8,4,Derrota,240,2026,5,Thursday,0,3
841,2026-02-06,14:29,J0010,Canales de Hielo,Casual,Nadia;Koro,26,8,7,2,Derrota,760,2026,2,Friday,1,2
582,2026-01-30,19:58,J0057,Puerto Escarlata,Casual,Umbra,16,13,5,3,Derrota,1350,2026,1,Friday,3,1
205,2026-01-21,19:53,J0045,Puerto Escarlata,Ranked,Koro,27,5,3,7,Victoria,1290,2026,1,Wednesday,2,1
1642,2026-02-23,20:32,J0009,Bosque Umbral,Casual,Vex,29,4,9,2,Derrota,320,2026,2,Monday,0,1
2015,2026-03-03,21:50,J0025,Desierto Neon,Ranked,Brisa;Nadia;Magnus,24,5,4,3,Derrota,570,2026,3,Tuesday,1,3
3254,2026-03-28,12:36,J0055,Estacion Orbital,Ranked,,35,5,5,6,Victoria,1200,2026,3,Saturday,1,0
7670,2026-06-10,19:19,J0001,Estacion Orbital,Torneo,Magnus,31,7,3,6,Derrota,940,2026,6,Wednesday,2,1
906,2026-02-07,00:15,J0010,Puerto Escarlata,Casual,Tesla;Brisa,26,7,6,7,Victoria,1430,2026,2,Saturday,1,2
632,2026-01-31,14:53,J0066,Desierto Neon,Torneo,Koro,32,12,6,5,Victoria,1830,2026,1,Saturday,2,1
8486,2026-06-23,18:32,J0027,Ciudadela,Ranked,,32,3,8,5,Victoria,,2026,6,Tuesday,0,0
9329,2026-07-06,07:53,J0061,Ciudadela,Casual,Brisa,27,5,5,4,Victoria,1100,2026,7,Monday,1,1
1975,2026-03-02,18:45,J0016,Puerto Escarlata,Torneo,Brisa;Koro,10,4,6,0,Derrota,280,2026,3,Monday,1,2
163,2026-01-20,06:53,J0200,Estacion Orbital,Ranked,Brisa;Umbra,43,7,2,4,Victoria,1360,2026,1,Tuesday,4,2
4999,2026-04-29,17:48,J0035,Ciudadela,Ranked,Brisa,34,6,3,3,Victoria,1890,2026,4,Wednesday,2,1
1244,2026-02-15,18:41,J0061,Desierto Neon,Ranked,Umbra,26,7,3,0,Derrota,640,2026,2,Sunday,2,1
9523,2026-07-09,10:34,J0160,Estacion Orbital,Casual,Magnus,11,9,8,9,Victoria,1690,2026,7,Thursday,1,1
7898,2026-06-14,12:30,J0010,Canales de Hielo,Ranked,Tesla;Lienzo,38,2,7,3,Victoria,710,2026,6,Sunday,0,2
4714,2026-04-24,21:31,J0107,Desierto Neon,Casual,,28,1,4,5,Derrota,270,2026,4,Friday,0,0
876,2026-02-07,18:47,J0101,Ciudadela,Ranked,,34,12,5,4,Victoria,1800,2026,2,Saturday,2,0
1432,2026-02-19,19:17,J0027,Estacion Orbital,Ranked,Brisa,30,2,5,5,Victoria,850,2026,2,Thursday,0,1
8807,2026-06-28,19:57,J0089,Desierto Neon,Ranked,Brisa;Umbra,26,1,6,4,Victoria,680,2026,6,Sunday,0,2
6869,2026-05-28,15:59,J0043,Ciudadela,Ranked,Nadia,22,3,7,2,Derrota,260,2026,5,Thursday,0,1
4644,2026-04-23,15:21,J0013,Puerto Escarlata,Ranked,Koro,33,12,5,6,Victoria,1900,2026,4,Thursday,2,1
5081,2026-04-30,20:24,J0067,Bosque Umbral,Ranked,Lienzo;Umbra,44,12,3,7,Victoria,1990,2026,4,Thursday,4,2
5784,2026-05-11,17:48,J0030,Bosque Umbral,Ranked,Brisa,23,6,3,2,Derrota,640,2026,5,Monday,2,1
9840,2026-07-12,13:31,J0166,Ciudadela,Casual,Koro;Umbra;Brisa,30,3,8,6,Victoria,940,2026,7,Sunday,0,3
7746,2026-06-12,18:35,J0006,Ciudadela,Ranked,Nadia;Brisa,40,7,6,6,Victoria,1380,2026,6,Friday,1,2
7532,2026-06-08,21:47,J0133,Canales de Hielo,Casual,Nadia,14,8,5,6,Derrota,1000,2026,6,Monday,2,1
8175,2026-06-18,15:09,J0040,Estacion Orbital,Ranked,Umbra,28,5,7,1,Victoria,910,2026,6,Thursday,1,1
9447,2026-07-08,15:14,J0027,Estacion Orbital,Ranked,Magnus;Koro;Tesla,29,2,2,1,Victoria,710,2026,7,Wednesday,1,3
9510,2026-07-08,20:02,J0031,Bosque Umbral,Ranked,Tesla;Nadia,41,2,3,4,Victoria,840,2026,7,Wednesday,1,2
2857,2026-03-20,19:10,J0031,Ciudadela,Ranked,Lienzo,45,5,6,4,Victoria,1080,2026,3,Friday,1,1
1862,2026-02-28,12:18,J0001,Bosque Umbral,Ranked,Lienzo,27,3,5,4,Victoria,900,2026,2,Saturday,1,1
2660,2026-03-16,11:43,J0047,Desierto Neon,Ranked,Umbra,41,10,6,6,Victoria,1680,2026,3,Monday,2,1
3385,2026-03-30,13:48,J0057,Bosque Umbral,Casual,Nadia,32,4,9,2,Derrota,320,2026,3,Monday,0,1
9637,2026-07-10,13:48,J0023,Desierto Neon,Ranked,Brisa;Vex;Magnus,45,10,6,4,Derrota,1080,2026,7,Friday,2,3
9850,2026-07-13,18:41,J0029,Canales de Hielo,Ranked,Umbra,28,3,2,4,Derrota,460,2026,7,Monday,2,1
8208,2026-06-19,20:40,J0098,Estacion Orbital,Casual,Brisa,31,11,10,3,Victoria,1550,2026,6,Friday,1,1
8413,2026-06-22,19:02,J0010,Estacion Orbital,Ranked,Nadia,41,5,4,5,Victoria,1170,2026,6,Monday,1,1
7463,2026-06-07,20:49,J0006,Ciudadela,Ranked,Umbra,38,6,4,6,Derrota,820,2026,6,Sunday,2,1
6887,2026-05-29,19:44,J0056,Puerto Escarlata,Ranked,Lienzo,43,3,6,4,Victoria,880,2026,5,Friday,0,1
4734,2026-04-24,20:51,J0021,Ciudadela,Casual,Nadia;Tesla;Magnus,11,2,8,4,Derrota,240,2026,4,Friday,0,3
3332,2026-03-29,03:27,J0020,Bosque Umbral,Casual,Umbra,31,8,2,5,Derrota,1010,2026,3,Sunday,4,1
9077,2026-07-02,01:44,J0019,Estacion Orbital,Ranked,Brisa;Vex,22,6,1,3,Derrota,730,2026,7,Thursday,6,2
8704,2026-06-26,21:39,J0011,Puerto Escarlata,Casual,Vex,14,7,8,2,Victoria,1140,2026,6,Friday,1,1
6405,2026-05-21,20:02,J0018,Ciudadela,Ranked,Nadia,30,2,2,6,Derrota,460,2026,5,Thursday,1,1
8412,2026-06-22,21:18,J0060,Bosque Umbral,Casual,Magnus;Nadia,30,3,4,3,Derrota,370,2026,6,Monday,1,2
9537,2026-07-09,17:51,J0152,Puerto Escarlata,Ranked,Brisa;Koro,22,1,5,1,Victoria,550,2026,7,Thursday,0,2
7061,2026-05-31,21:35,J0035,Estacion Orbital,Ranked,Nadia,22,10,6,4,Derrota,1080,2026,5,Sunday,2,1
2097,2026-03-05,22:06,J0008,Puerto Escarlata,Casual,Brisa,29,3,4,5,Derrota,470,2026,3,Thursday,1,1
2004,2026-03-03,22:44,J0094,Bosque Umbral,Ranked,Brisa,37,5,2,8,Victoria,1360,2026,3,Tuesday,2,1
9337,2026-07-06,18:33,J0075,Canales de Hielo,Ranked,Koro;Vex,41,8,4,2,Victoria,1320,2026,7,Monday,2,2
8823,2026-06-28,15:18,J0039,Canales de Hielo,Ranked,Magnus,31,11,4,3,Victoria,1670,2026,6,Sunday,3,1
4677,2026-04-23,20:07,J0012,Ciudadela,Ranked,Lienzo,31,7,6,6,Victoria,1380,2026,4,Thursday,1,1
5018,2026-04-29,19:54,J0052,Desierto Neon,Ranked,Nadia,41,5,3,3,Derrota,590,2026,4,Wednesday,2,1
7470,2026-06-07,19:22,J0075,Desierto Neon,Casual,Koro,13,6,6,7,Victoria,1330,2026,6,Sunday,1,1
547,2026-01-29,15:25,J0127,Bosque Umbral,Ranked,Vex;Umbra,32,6,4,3,Victoria,1670,2026,1,Thursday,2,2
1450,2026-02-20,23:46,J0030,Desierto Neon,Casual,Koro;Nadia,30,8,4,3,Victoria,1370,2026,2,Friday,2,2
3987,2026-04-11,11:58,J0030,Estacion Orbital,Casual,Tesla;Brisa,9,4,4,4,Derrota,520,2026,4,Saturday,1,2
6901,2026-05-29,23:38,J0200,Puerto Escarlata,Ranked,Tesla;Magnus,45,7,8,4,Victoria,1240,2026,5,Friday,1,2
2611,2026-03-15,22:41,J0133,Canales de Hielo,Ranked,Nadia,33,5,3,2,Victoria,1040,2026,3,Sunday,2,1
1901,2026-03-01,10:28,J0003,Ciudadela,Torneo,Magnus;Vex,11,6,7,7,Victoria,1310,2026,3,Sunday,1,2
3921,2026-04-09,01:42,J0028,Bosque Umbral,Ranked,Lienzo,24,2,4,4,Victoria,820,2026,4,Thursday,0,1
2758,2026-03-19,14:10,J0041,Ciudadela,Casual,Umbra;Lienzo,8,8,7,3,Victoria,1310,2026,3,Thursday,1,2
6125,2026-05-17,19:52,J0165,Ciudadela,Casual,Koro;Magnus,18,4,2,3,Derrota,510,2026,5,Sunday,2,2
6398,2026-05-21,12:31,J0056,Canales de Hielo,Casual,Brisa,25,9,6,3,Victoria,1430,2026,5,Thursday,2,1
1886,2026-03-01,20:44,J0042,Estacion Orbital,Ranked,Nadia,31,6,2,5,Victoria,1310,2026,3,Sunday,3,1
5739,2026-05-11,20:14,J0012,Bosque Umbral,Casual,Nadia;Vex,15,9,2,4,Derrota,1060,2026,5,Monday,4,2
8736,2026-06-27,19:55,J0115,Desierto Neon,Casual,Magnus;Nadia,12,6,6,4,Derrota,680,2026,6,Saturday,1,2
5891,2026-05-13,21:23,J0138,Ciudadela,Ranked,Nadia,35,3,6,3,Victoria,830,2026,5,Wednesday,0,1
2098,2026-03-05,17:43,J0117,Canales de Hielo,Casual,Magnus;Umbra,10,3,8,3,Victoria,790,2026,3,Thursday,0,2
9360,2026-07-06,20:44,J0028,Bosque Umbral,Casual,Tesla;Nadia,15,7,4,4,Victoria,1320,2026,7,Monday,2,2
5693,2026-05-10,00:27,J0172,Canales de Hielo,Casual,Brisa,20,8,2,4,Victoria,1460,2026,5,Sunday,4,1
500,2026-01-28,13:43,J0006,Estacion Orbital,Casual,Vex,25,12,8,3,Victoria,1690,2026,1,Wednesday,2,1
5625,2026-05-09,14:28,J0027,Canales de Hielo,Ranked,Tesla,29,6,2,4,Victoria,1260,2026,5,Saturday,3,1
837,2026-02-06,23:21,J0062,Ciudadela,Casual,Tesla,17,5,3,2,Derrota,540,2026,2,Friday,2,1
3472,2026-04-01,20:28,J0003,Ciudadela,Casual,Tesla,28,8,8,6,Derrota,940,2026,4,Wednesday,1,1
4698,2026-04-24,22:06,J0027,Estacion Orbital,Ranked,Lienzo;Nadia,27,5,3,6,Derrota,740,2026,4,Friday,2,2
6281,2026-05-19,22:18,J0016,Ciudadela,Torneo,Umbra,14,9,1,8,Victoria,1780,2026,5,Tuesday,9,1
8953,2026-06-30,17:17,J0095,Bosque Umbral,Ranked,Lienzo,37,5,5,4,Victoria,1100,2026,6,Tuesday,1,1
2172,2026-03-07,17:27,J0010,Canales de Hielo,Casual,Tesla,18,6,8,2,Victoria,1040,2026,3,Saturday,1,1
9302,2026-07-05,21:49,J0002,Bosque Umbral,Casual,Vex;Umbra,26,10,5,6,Derrota,1200,2026,7,Sunday,2,2
5679,2026-05-10,20:53,J0063,Puerto Escarlata,Ranked,Magnus;Koro,45,7,3,4,Victoria,1340,2026,5,Sunday,2,2
9255,2026-07-05,15:43,J0025,Bosque Umbral,Ranked,Umbra,25,4,3,3,Victoria,990,2026,7,Sunday,1,1
399,2026-01-25,16:34,J0123,Bosque Umbral,Casual,Vex,12,9,7,5,Victoria,1510,2026,1,Sunday,1,1
2011,2026-03-03,17:07,J0060,Bosque Umbral,Ranked,Lienzo,24,6,2,4,Derrota,760,2026,3,Tuesday,3,1
5167,2026-05-02,12:23,J0051,Ciudadela,Casual,Umbra;Vex,29,9,6,1,Victoria,1330,2026,5,Saturday,2,2
5872,2026-05-13,07:22,J0075,Bosque Umbral,Casual,Lienzo,26,4,5,4,Derrota,500,2026,5,Wednesday,1,1
9866,2026-07-13,12:00,J0139,Ciudadela,Casual,Magnus,19,11,3,3,Derrota,1190,2026,7,Monday,4,1
1284,2026-02-16,17:52,J0004,Canales de Hielo,Casual,Lienzo,14,8,8,4,Derrota,840,2026,2,Monday,1,1
8456,2026-06-22,21:11,J0073,Estacion Orbital,Ranked,Magnus,41,7,2,5,Derrota,910,2026,6,Monday,4,1
2449,2026-03-12,07:40,J0028,Bosque Umbral,Ranked,Tesla,40,7,9,5,Derrota,770,2026,3,Thursday,1,1
4257,2026-04-16,22:48,J0017,Estacion Orbital,Ranked,Vex,40,7,9,9,Victoria,1470,2026,4,Thursday,1,1
1837,2026-02-28,22:52,J0085,Estacion Orbital,Casual,Tesla,9,9,3,3,Derrota,990,2026,2,Saturday,3,1
9670,2026-07-11,14:56,J0038,Desierto Neon,Casual,Nadia;Umbra,17,3,5,2,Derrota,300,2026,7,Saturday,1,2
1020,2026-02-10,09:34,J0089,Desierto Neon,Ranked,Vex;Brisa;Koro,38,9,3,2,Victoria,1440,2026,2,Tuesday,3,3
5067,2026-04-30,12:12,J0129,Bosque Umbral,Ranked,Vex;Umbra,26,8,4,8,Derrota,1120,2026,4,Thursday,2,2
1327,2026-02-17,09:20,J0067,Puerto Escarlata,Casual,Umbra;Tesla,29,7,1,3,Victoria,1330,2026,2,Tuesday,7,2
8366,2026-06-21,17:14,J0070,Canales de Hielo,Ranked,Umbra,30,4,6,3,Derrota,430,2026,6,Sunday,1,1
476,2026-01-27,17:49,J0113,Puerto Escarlata,Casual,Umbra,13,6,6,3,Derrota,630,2026,1,Tuesday,1,1
2811,2026-03-20,19:13,J0175,Canales de Hielo,Casual,Nadia,19,4,6,5,Victoria,1030,2026,3,Friday,1,1
8701,2026-06-26,11:49,J0004,Estacion Orbital,Casual,Tesla,32,7,6,3,Victoria,1230,2026,6,Friday,1,1
1652,2026-02-23,20:55,J0031,Canales de Hielo,Casual,Lienzo,16,7,5,2,Derrota,700,2026,2,Monday,1,1
9685,2026-07-11,22:22,J0003,Puerto Escarlata,Ranked,Nadia;Vex,29,15,7,4,Victoria,2060,2026,7,Saturday,2,2
1170,2026-02-14,16:06,J0075,Desierto Neon,Casual,Vex;Tesla,23,6,3,1,Victoria,1090,2026,2,Saturday,2,2
2529,2026-03-14,14:55,J0025,Canales de Hielo,Ranked,Tesla,30,6,11,3,Derrota,530,2026,3,Saturday,1,1
1207,2026-02-14,18:51,J0076,Bosque Umbral,Ranked,Umbra;Lienzo,24,6,5,5,Derrota,750,2026,2,Saturday,1,2
6257,2026-05-19,11:25,J0008,Canales de Hielo,Casual,Tesla,26,2,3,2,Victoria,740,2026,5,Tuesday,1,1
8061,2026-06-16,21:45,J0060,Ciudadela,Casual,Lienzo,23,1,3,2,Victoria,640,2026,6,Tuesday,0,1
5470,2026-05-07,13:03,J0179,Estacion Orbital,Casual,Brisa;Tesla;Umbra,26,4,5,4,Derrota,500,2026,5,Thursday,1,3
9454,2026-07-08,17:11,J0049,Estacion Orbital,Casual,Magnus,11,2,5,2,Derrota,200,2026,7,Wednesday,0,1
432,2026-01-26,19:33,J0200,Ciudadela,Torneo,Koro;Magnus,24,1,6,2,Victoria,580,2026,1,Monday,0,2
9344,2026-07-06,18:48,J0099,Desierto Neon,Torneo,Lienzo,23,1,2,2,Derrota,160,2026,7,Monday,0,1
868,2026-02-06,19:55,J0025,Ciudadela,Ranked,Tesla,31,5,10,4,Victoria,1000,2026,2,Friday,0,1
2975,2026-03-22,16:21,J0018,Estacion Orbital,Casual,Lienzo,20,5,5,4,Derrota,600,2026,3,Sunday,1,1
5237,2026-05-03,13:28,J0178,Canales de Hielo,Casual,Tesla,20,7,2,5,Victoria,1410,2026,5,Sunday,4,1
5094,2026-04-30,20:55,J0068,Puerto Escarlata,Casual,Vex;Magnus,16,9,9,6,Victoria,1520,2026,4,Thursday,1,2
5434,2026-05-06,14:00,J0008,Puerto Escarlata,Ranked,Vex;Brisa,24,4,7,3,Victoria,910,2026,5,Wednesday,1,2
542,2026-01-29,02:25,J0024,Puerto Escarlata,Ranked,Koro,41,5,6,5,Derrota,630,2026,1,Thursday,1,1
5196,2026-05-02,09:57,J0020,Desierto Neon,Ranked,Magnus;Vex,35,6,4,6,Victoria,1320,2026,5,Saturday,2,2
1133,2026-02-12,17:37,J0038,Canales de Hielo,Ranked,Tesla;Vex,40,4,5,3,Victoria,950,2026,2,Thursday,1,2
9911,2026-07-13,22:03,J0001,Puerto Escarlata,Casual,Koro;Brisa,22,2,3,3,Victoria,790,2026,7,Monday,1,2
4502,2026-04-20,20:32,J0003,Desierto Neon,Casual,Nadia,24,7,5,3,Derrota,750,2026,4,Monday,1,1
6355,2026-05-21,00:12,J0188,Bosque Umbral,Casual,Lienzo;Vex,20,2,9,3,Derrota,170,2026,5,Thursday,0,2
9404,2026-07-07,20:34,J0011,Puerto Escarlata,Torneo,Brisa,21,3,0,9,Victoria,1250,2026,7,Tuesday,,1
3391,2026-03-30,18:47,J0155,Estacion Orbital,Ranked,Tesla;Koro,35,1,5,8,Derrota,400,2026,3,Monday,0,2
3889,2026-04-09,05:30,J0052,Ciudadela,Torneo,Brisa;Nadia,14,6,5,3,Derrota,650,2026,4,Thursday,1,2
2963,2026-03-22,01:24,J0002,Canales de Hielo,Casual,Umbra,21,5,4,8,Victoria,1320,2026,3,Sunday,1,1
4156,2026-04-14,15:17,J0002,Estacion Orbital,Ranked,Umbra,30,9,5,5,Derrota,1050,2026,4,Tuesday,2,1
3260,2026-03-28,18:46,J0039,Desierto Neon,Casual,Nadia,16,7,6,4,Derrota,780,2026,3,Saturday,1,1
6303,2026-05-20,11:24,J0200,Desierto Neon,Ranked,Magnus,39,3,5,2,Victoria,800,2026,5,Wednesday,1,1
6035,2026-05-16,13:08,J0041,Puerto Escarlata,Casual,Brisa,28,5,6,7,Derrota,730,2026,5,Saturday,1,1
8052,2026-06-16,21:37,J0078,Bosque Umbral,Ranked,Nadia,37,4,7,7,Derrota,610,2026,6,Tuesday,1,1
2584,2026-03-15,04:22,J0126,Desierto Neon,Casual,Vex;Nadia,28,4,3,2,Derrota,440,2026,3,Sunday,1,2
2814,2026-03-20,17:36,J0007,Ciudadela,Ranked,Brisa,24,6,6,9,Derrota,930,2026,3,Friday,1,1
3960,2026-04-10,11:00,J0038,Bosque Umbral,Casual,Koro;Nadia;Magnus,24,2,9,2,Victoria,620,2026,4,Friday,0,3
2948,2026-03-22,07:56,J0010,Desierto Neon,Ranked,Lienzo;Koro,23,4,6,4,Derrota,480,2026,3,Sunday,1,2
6644,2026-05-24,23:46,J0058,Canales de Hielo,Casual,Koro,28,5,3,2,Derrota,540,2026,5,Sunday,2,1
5175,2026-05-02,23:36,J0022,Ciudadela,Ranked,Nadia,31,5,4,7,Derrota,770,2026,5,Saturday,1,1
6842,2026-05-28,10:16,J0004,Ciudadela,Casual,Lienzo;Tesla;Magnus,13,8,6,6,Derrota,980,2026,5,Thursday,1,3
8889,2026-06-29,16:29,J0004,Ciudadela,Torneo,Brisa,19,4,5,1,Derrota,350,2026,6,Monday,1,1
3587,2026-04-03,11:42,J0017,Desierto Neon,Casual,Nadia,14,7,5,4,Derrota,800,2026,4,Friday,1,1
9299,2026-07-05,23:44,J0200,Estacion Orbital,Ranked,Nadia,34,13,5,2,Victoria,1800,2026,7,Sunday,3,1
8124,2026-06-17,08:44,J0200,Desierto Neon,Casual,Magnus,15,4,6,4,Victoria,980,2026,6,Wednesday,1,1
2564,2026-03-15,20:45,J0018,Ciudadela,Casual,Lienzo;Magnus,12,7,5,3,Derrota,750,2026,3,Sunday,1,2
2631,2026-03-16,11:34,J0027,Canales de Hielo,Torneo,Brisa,9,8,4,2,Victoria,1320,2026,3,Monday,2,1
3191,2026-03-27,09:07,J0200,Canales de Hielo,Casual,Lienzo;Magnus,24,6,5,3,Derrota,850,2026,3,Friday,1,2
7912,2026-06-14,15:15,J0025,Ciudadela,Ranked,Koro,42,2,6,8,Victoria,980,2026,6,Sunday,0,1
7775,2026-06-12,20:40,J0014,Desierto Neon,Casual,Nadia,13,5,6,8,Victoria,1280,2026,6,Friday,1,1
5037,2026-04-29,02:19,J0003,Bosque Umbral,Casual,Vex,28,5,4,7,Victoria,1270,2026,4,Wednesday,1,1
1081,2026-02-11,06:38,J0014,Estacion Orbital,Ranked,Tesla,39,3,8,3,Victoria,790,2026,2,Wednesday,0,1
4284,2026-04-16,22:35,J0018,Bosque Umbral,Casual,Lienzo,10,2,7,3,,210,2026,4,Thursday,0,1
8132,2026-06-17,10:05,J0013,Canales de Hielo,Casual,Lienzo,21,10,4,2,Victoria,1520,2026,6,Wednesday,2,1
7086,2026-06-01,18:49,J0017,Puerto Escarlata,Casual,Lienzo;Vex,30,8,3,2,Derrota,840,2026,6,Monday,3,2
2086,2026-03-05,19:20,J0091,Bosque Umbral,Ranked,Nadia,28,5,5,2,Derrota,500,2026,3,Thursday,1,1
6346,2026-05-20,18:38,J0200,Ciudadela,Casual,Vex,18,8,5,7,Victoria,1550,2026,5,Wednesday,2,1
2453,2026-03-12,13:30,J0042,Desierto Neon,Casual,Nadia,11,1,6,5,Derrota,230,2026,3,Thursday,0,1
4967,2026-04-28,18:15,J0187,Puerto Escarlata,Ranked,Koro,24,6,4,8,Derrota,720,2026,4,Tuesday,2,1
2024,2026-03-04,20:35,J0116,Estacion Orbital,Ranked,,43,4,3,4,Derrota,540,2026,3,Wednesday,1,0
8201,2026-06-18,17:47,J0114,Ciudadela,Casual,Koro,17,6,6,5,Victoria,1230,2026,6,Thursday,1,1
9058,2026-07-01,19:10,J0005,Puerto Escarlata,Ranked,Lienzo,37,7,6,6,Derrota,880,2026,7,Wednesday,1,1
8787,2026-06-27,20:30,J0200,Ciudadela,Casual,Brisa;Nadia,14,8,4,7,Derrota,1070,2026,6,Saturday,2,2
7322,2026-06-05,16:08,J0013,Ciudadela,Torneo,Tesla;Umbra,17,4,3,5,Derrota,590,2026,6,Friday,1,2
227,2026-01-22,18:24,J0144,Canales de Hielo,Ranked,Nadia;Koro,42,6,5,5,Derrota,750,2026,1,Thursday,1,2
1014,2026-02-10,14:22,J0035,Ciudadela,Casual,Lienzo,25,15,8,1,Victoria,1890,2026,2,Tuesday,2,1
6680,2026-05-25,17:03,J0058,Bosque Umbral,Ranked,Vex;Brisa;Magnus,37,7,7,1,Derrota,610,2026,5,Monday,1,3
1930,2026-03-01,01:16,J0192,Estacion Orbital,Casual,Magnus,18,6,2,2,Victoria,1160,2026,3,Sunday,3,1
1044,2026-02-10,03:42,J0082,Canales de Hielo,Ranked,Tesla,31,4,4,8,Derrota,720,2026,2,Tuesday,1,1
5252,2026-05-03,08:57,J0024,Puerto Escarlata,Casual,Tesla;Koro;Umbra,12,6,3,2,Victoria,1140,2026,5,Sunday,2,3
1405,2026-02-19,08:28,J0067,Ciudadela,Ranked,,37,11,10,5,Victoria,1650,2026,2,Thursday,1,0
2180,2026-03-07,18:48,J0200,Puerto Escarlata,Casual,Umbra;Tesla,27,4,4,5,,570,2026,3,Saturday,1,2
698,2026-02-02,17:29,J0071,Bosque Umbral,Ranked,Koro;Magnus,26,3,6,4,Derrota,380,2026,2,Monday,0,2
1125,2026-02-12,16:37,J0031,Ciudadela,Ranked,Magnus,25,5,4,5,,1170,2026,2,Thursday,1,1
7379,2026-06-06,14:19,J0021,Ciudadela,Casual,Lienzo;Koro,16,6,7,3,Victoria,1110,2026,6,Saturday,1,2
3896,2026-04-09,21:38,J0027,Estacion Orbital,Torneo,Koro,14,7,6,4,Victoria,1280,2026,4,Thursday,1,1
8283,2026-06-20,22:02,J0039,Ciudadela,Ranked,Brisa,34,12,5,6,Derrota,1400,2026,6,Saturday,2,1
5111,2026-05-01,14:19,J0020,Bosque Umbral,Ranked,Magnus,31,9,5,6,Derrota,1100,2026,5,Friday,2,1
1779,2026-02-26,18:19,J0107,Ciudadela,Casual,Magnus,8,6,5,8,Derrota,900,2026,2,Thursday,1,1
7920,2026-06-14,18:33,J0019,Canales de Hielo,Casual,Vex;Brisa,22,3,4,6,Derrota,520,2026,6,Sunday,1,2
2635,2026-03-16,17:08,J0027,Estacion Orbital,Casual,Magnus;Lienzo,8,7,7,1,Victoria,1110,2026,3,Monday,1,2
7188,2026-06-02,18:42,J0056,Puerto Escarlata,Casual,Brisa,32,2,4,3,Derrota,270,2026,6,Tuesday,0,1
7545,2026-06-08,17:33,J0055,Bosque Umbral,Casual,,17,6,4,6,Victoria,1220,2026,6,Monday,2,0
7605,2026-06-09,15:39,J0014,Bosque Umbral,Casual,Vex;Nadia;Umbra,12,9,5,4,Derrota,1000,2026,6,Tuesday,2,3
3490,2026-04-01,19:47,J0003,Estacion Orbital,Casual,Vex,16,8,9,8,Victoria,1520,2026,4,Wednesday,1,1
8325,2026-06-21,21:58,J0131,Estacion Orbital,Ranked,Vex,25,6,3,4,Victoria,1240,2026,6,Sunday,2,1
1038,2026-02-10,15:20,J0024,Desierto Neon,Ranked,Koro;Tesla,30,5,9,4,Derrota,520,2026,2,Tuesday,1,2
6094,2026-05-17,18:14,J0200,Puerto Escarlata,Casual,Vex,10,4,3,8,Victoria,1240,2026,5,Sunday,1,1
2257,2026-03-08,07:21,J0137,Desierto Neon,Ranked,Tesla;Magnus,30,6,7,5,Derrota,710,2026,3,Sunday,1,2
8255,2026-06-20,14:11,J0031,Estacion Orbital,Casual,Nadia,30,5,3,3,Derrota,590,2026,6,Saturday,2,1
2614,2026-03-15,08:31,J0048,Desierto Neon,Casual,Nadia,8,6,3,2,Derrota,640,2026,3,Sunday,2,1
314,2026-01-24,19:11,J0015,Desierto Neon,Ranked,Tesla,39,5,3,4,Victoria,1140,2026,1,Saturday,2,1
2650,2026-03-16,21:09,J0173,Estacion Orbital,Casual,Nadia,26,11,3,11,Victoria,,2026,3,Monday,4,1
2282,2026-03-09,17:07,J0098,Bosque Umbral,Ranked,Vex,22,10,5,3,Derrota,1050,2026,3,Monday,2,1
6742,2026-05-26,19:37,J0040,Canales de Hielo,Casual,Nadia,19,9,8,6,Derrota,1040,2026,5,Tuesday,1,1
2980,2026-03-22,18:55,J0052,Ciudadela,Ranked,Nadia;Vex;Koro,27,6,7,4,Victoria,1160,2026,3,Sunday,1,3
2548,2026-03-14,20:36,J0007,Canales de Hielo,Casual,Lienzo;Vex,19,9,6,4,Derrota,980,2026,3,Saturday,2,2
5513,2026-05-07,06:35,J0116,Bosque Umbral,Casual,Magnus,10,6,6,3,Victoria,1130,2026,5,Thursday,1,1
5133,2026-05-01,19:45,J0081,Ciudadela,Casual,Brisa,27,13,6,3,Derrota,1330,2026,5,Friday,2,1
2160,2026-03-06,15:36,J0001,Puerto Escarlata,Ranked,Nadia;Lienzo,24,8,4,7,Derrota,,2026,3,Friday,2,2
7081,2026-06-01,12:11,J0040,Puerto Escarlata,Casual,,10,1,8,3,Derrota,90,2026,6,Monday,0,0
3138,2026-03-25,00:21,J0007,Ciudadela,Casual,Tesla;Nadia,9,10,3,1,,1490,2026,3,Wednesday,3,2
9150,2026-07-03,16:40,J0200,Bosque Umbral,Ranked,Brisa,32,4,3,3,Victoria,990,2026,7,Friday,1,1
5851,2026-05-12,20:14,J0020,Ciudadela,Casual,Magnus,16,5,11,2,Victoria,880,2026,5,Tuesday,0,1
9940,2026-07-14,12:37,J0026,Puerto Escarlata,Casual,Magnus;Koro,12,6,8,1,Victoria,790,2026,7,Tuesday,1,2
6446,2026-05-22,20:04,J0005,Ciudadela,Ranked,Brisa;Lienzo,33,5,6,5,Derrota,630,2026,5,Friday,1,2
3968,2026-04-10,19:49,J0011,Canales de Hielo,Ranked,Koro;Nadia,29,2,4,3,Victoria,770,2026,4,Friday,0,2
1429,2026-02-19,17:13,J0012,Bosque Umbral,Casual,Lienzo,19,6,5,4,Derrota,700,2026,2,Thursday,1,1
8488,2026-06-23,22:12,J0165,Bosque Umbral,Ranked,Umbra,31,7,4,2,Victoria,1220,2026,6,Tuesday,2,1
2521,2026-03-14,15:13,J0044,Puerto Escarlata,Casual,Tesla,24,8,6,2,,780,2026,3,Saturday,1,1
8892,2026-06-29,12:48,J0028,Ciudadela,Ranked,Nadia;Lienzo;Umbra,24,4,5,5,Derrota,550,2026,6,Monday,1,3
4970,2026-04-28,13:56,J0079,Canales de Hielo,Casual,Magnus,25,5,7,3,Victoria,1010,2026,4,Tuesday,1,1
1856,2026-02-28,14:23,J0065,Canales de Hielo,Casual,Brisa,13,2,3,1,Derrota,190,2026,2,Saturday,1,1
8702,2026-06-26,16:53,J0188,Ciudadela,Ranked,,27,5,5,4,Victoria,1100,2026,6,Friday,1,0
5603,2026-05-09,23:11,J0186,Estacion Orbital,Ranked,Umbra,41,10,4,4,Derrota,1120,2026,5,Saturday,2,1
7272,2026-06-04,17:19,J0004,Ciudadela,Ranked,Koro;Nadia;Magnus,26,10,5,5,Victoria,1650,2026,6,Thursday,2,3
9943,2026-07-14,11:31,J0032,Canales de Hielo,Ranked,Brisa,45,5,5,5,Derrota,650,2026,7,Tuesday,1,1
449,2026-01-27,16:51,J0200,Bosque Umbral,Torneo,Vex;Lienzo,24,9,4,1,Derrota,870,2026,1,Tuesday,2,2
8585,2026-06-25,19:24,J0053,Bosque Umbral,Casual,Umbra,17,2,5,6,Derrota,400,2026,6,Thursday,0,1
1285,2026-02-16,19:43,J0009,Puerto Escarlata,Casual,Lienzo,28,5,4,2,Victoria,1020,2026,2,Monday,1,1
5996,2026-05-15,23:32,J0080,Canales de Hielo,Casual,Tesla,17,2,4,1,Derrota,170,2026,5,Friday,0,1
8590,2026-06-25,08:04,J0200,Ciudadela,Ranked,Lienzo;Koro,26,5,4,7,Derrota,770,2026,6,Thursday,1,2
7752,2026-06-12,21:58,J0073,Bosque Umbral,Casual,Umbra;Koro,27,3,4,8,Derrota,620,2026,6,Friday,1,2
3728,2026-04-06,17:04,J0103,Puerto Escarlata,Casual,Magnus;Vex;Koro,13,8,4,9,Derrota,1170,2026,4,Monday,2,3
7354,2026-06-05,00:23,J0098,Ciudadela,Casual,Tesla;Magnus,30,10,4,4,Derrota,1120,2026,6,Friday,2,2
362,2026-01-25,18:55,J0004,Bosque Umbral,Ranked,Brisa,41,5,8,4,Derrota,540,2026,1,Sunday,1,1
6280,2026-05-19,17:47,J0057,Puerto Escarlata,Ranked,Nadia;Umbra,38,11,4,3,Victoria,1670,2026,5,Tuesday,3,2
5231,2026-05-03,19:44,J0055,Puerto Escarlata,Ranked,Nadia;Brisa;Vex,30,9,4,4,Victoria,1520,2026,5,Sunday,2,3
9013,2026-07-01,00:41,J0016,Estacion Orbital,Ranked,Tesla,38,5,7,6,Derrota,660,2026,7,Wednesday,1,1
7296,2026-06-04,21:08,J0175,Ciudadela,Ranked,Koro,23,6,3,6,Derrota,840,2026,6,Thursday,2,1
8961,2026-06-30,10:26,J0014,Estacion Orbital,Casual,,22,1,4,6,Victoria,820,2026,6,Tuesday,0,0
7535,2026-06-08,19:00,J0073,Canales de Hielo,Casual,Magnus,19,3,3,4,Victoria,940,2026,6,Monday,1,1
6252,2026-05-19,01:44,J0124,Estacion Orbital,Ranked,Umbra;Brisa,24,2,3,3,Derrota,290,2026,5,Tuesday,1,2
5927,2026-05-14,20:32,J0009,Estacion Orbital,Casual,Magnus,23,4,5,2,Derrota,400,2026,5,Thursday,1,1
5150,2026-05-01,17:41,J0041,Puerto Escarlata,Ranked,Koro,45,1,3,4,Derrota,240,2026,5,Friday,0,1
2461,2026-03-13,16:32,J0068,Ciudadela,Casual,Brisa,27,4,9,6,Derrota,520,2026,3,Friday,0,1
23,2026-01-16,11:50,J0028,Puerto Escarlata,Ranked,Magnus,41,2,10,3,Derrota,150,2026,1,Friday,0,1
2067,2026-03-04,20:03,J0034,Estacion Orbital,Ranked,Umbra,31,2,3,7,Victoria,990,2026,3,Wednesday,1,1
1654,2026-02-23,19:42,J0183,Estacion Orbital,Torneo,Vex,19,16,3,7,Victoria,,2026,2,Monday,5,1
703,2026-02-02,17:16,J0100,Desierto Neon,Ranked,Lienzo,28,5,4,2,Victoria,1020,2026,2,Monday,1,1
8557,2026-06-24,21:57,J0012,Ciudadela,Casual,Brisa,26,5,1,1,Victoria,1030,2026,6,Wednesday,5,1
2744,2026-03-18,10:14,J0121,Bosque Umbral,Ranked,Tesla,25,6,10,2,Derrota,500,2026,3,Wednesday,1,1
1377,2026-02-18,18:17,J0200,Puerto Escarlata,Casual,Magnus;Umbra,31,6,7,3,Derrota,610,2026,2,Wednesday,1,2
1725,2026-02-25,21:28,J0010,Desierto Neon,Ranked,Tesla,29,3,6,1,Victoria,730,2026,2,Wednesday,0,1
2469,2026-03-13,19:33,J0097,Desierto Neon,Ranked,Nadia,40,6,3,3,Victoria,1190,2026,3,Friday,2,1
3755,2026-04-06,19:04,J0036,Bosque Umbral,Ranked,Brisa;Umbra,36,2,3,6,Derrota,440,2026,4,Monday,1,2
2326,2026-03-09,14:23,J0019,Ciudadela,Casual,Magnus,19,3,1,3,Victoria,930,2026,3,Monday,3,1
461,2026-01-27,21:30,J0007,Ciudadela,Ranked,Vex,36,12,5,1,,1650,2026,1,Tuesday,2,1
5164,2026-05-02,21:29,J0013,Puerto Escarlata,Torneo,Nadia;Umbra,28,9,6,1,Victoria,1330,2026,5,Saturday,2,2
4184,2026-04-14,07:45,J0009,Desierto Neon,Casual,Lienzo;Tesla;Vex,21,7,4,9,Victoria,1570,2026,4,Tuesday,2,3
5527,2026-05-08,19:52,J0019,Ciudadela,Ranked,Nadia,28,2,5,4,Derrota,300,2026,5,Friday,0,1
4083,2026-04-12,23:57,J0150,Canales de Hielo,Torneo,Nadia;Lienzo,27,13,6,4,Victoria,1880,2026,4,Sunday,2,2
1487,2026-02-20,23:32,J0124,Canales de Hielo,Ranked,Lienzo;Vex,34,2,5,2,Victoria,700,2026,2,Friday,0,2
3679,2026-04-05,17:25,J0118,Ciudadela,Ranked,Brisa;Umbra,32,8,6,6,Derrota,980,2026,4,Sunday,1,2
7730,2026-06-11,21:32,J0018,Desierto Neon,Casual,Nadia,8,1,4,3,Victoria,670,2026,6,Thursday,0,1
283,2026-01-23,18:27,J0086,Puerto Escarlata,Ranked,Vex;Tesla,30,5,5,7,Derrota,750,2026,1,Friday,1,2
6580,2026-05-23,20:59,J0087,Ciudadela,Ranked,Brisa;Vex,30,6,8,1,Victoria,990,2026,5,Saturday,1,2
4559,2026-04-21,22:35,J0020,Desierto Neon,Casual,Vex;Magnus,14,8,4,5,Derrota,970,2026,4,Tuesday,2,2
4309,2026-04-17,19:47,J0013,Estacion Orbital,Casual,Lienzo;Koro;Vex,14,6,7,4,Victoria,1360,2026,4,Friday,1,3
6685,2026-05-25,20:02,J0133,Estacion Orbital,Torneo,Umbra,26,4,12,7,Derrota,510,2026,5,Monday,0,1
4866,2026-04-26,20:47,J0023,Desierto Neon,Ranked,Tesla,34,9,5,5,Victoria,1550,2026,4,Sunday,2,1
3538,2026-04-02,20:10,J0155,Estacion Orbital,Casual,Magnus,13,4,6,7,Derrota,630,2026,4,Thursday,1,1
3869,2026-04-08,15:05,J0037,Estacion Orbital,Ranked,Nadia,34,3,5,3,Victoria,850,2026,4,Wednesday,1,1
7004,2026-05-31,21:53,J0053,Ciudadela,Casual,Nadia,13,6,10,3,Victoria,750,2026,5,Sunday,1,1
2582,2026-03-15,20:56,J0029,Puerto Escarlata,Casual,Nadia,27,3,4,6,Victoria,1020,2026,3,Sunday,1,1
1369,2026-02-18,19:43,J0088,Bosque Umbral,Ranked,Nadia;Lienzo,42,6,3,2,Victoria,1140,2026,2,Wednesday,2,2
9542,2026-07-09,18:11,J0089,Estacion Orbital,Casual,Vex,9,10,2,3,Derrota,1110,2026,7,Thursday,5,1
8262,2026-06-20,02:17,J0120,Canales de Hielo,Ranked,Nadia;Lienzo,32,8,5,1,Victoria,1250,2026,6,Saturday,2,2
598,2026-01-31,07:48,J0107,Puerto Escarlata,Casual,Koro;Nadia,24,1,4,2,Victoria,620,2026,1,Saturday,0,2
4352,2026-04-18,18:23,J0009,Bosque Umbral,Casual,Koro,19,3,7,1,Victoria,710,2026,4,Saturday,0,1
6347,2026-05-21,17:28,J0027,Estacion Orbital,Torneo,Lienzo,32,4,4,6,Derrota,620,2026,5,Thursday,1,1
9047,2026-07-01,20:03,J0004,Puerto Escarlata,Ranked,Magnus,44,10,4,5,Derrota,1170,2026,7,Wednesday,2,1
6380,2026-05-21,21:50,J0058,Estacion Orbital,Casual,Magnus;Lienzo,30,9,1,5,Derrota,1130,2026,5,Thursday,9,2
4759,2026-04-25,19:56,J0067,Ciudadela,Ranked,Magnus,29,11,4,3,Victoria,1670,2026,4,Saturday,3,1
647,2026-02-01,15:49,J0082,Desierto Neon,Ranked,Magnus,30,10,4,6,Victoria,1720,2026,2,Sunday,2,1
6382,2026-05-21,16:01,J0038,Bosque Umbral,Ranked,Tesla;Nadia,29,5,5,4,Derrota,600,2026,5,Thursday,1,2
7528,2026-06-08,19:50,J0068,Desierto Neon,Ranked,Umbra,37,9,4,6,Derrota,1120,2026,6,Monday,2,1
9771,2026-07-12,18:51,J0069,Canales de Hielo,Ranked,Nadia,32,4,7,2,Victoria,860,2026,7,Sunday,1,1
6024,2026-05-16,17:12,J0127,Canales de Hielo,Ranked,Umbra,26,8,7,3,Derrota,810,2026,5,Saturday,1,1
8090,2026-06-17,22:26,J0010,Desierto Neon,Ranked,Lienzo,26,6,3,7,Derrota,890,2026,6,Wednesday,2,1
7166,2026-06-02,17:57,J0033,Bosque Umbral,Casual,Lienzo,19,10,7,4,Victoria,1560,2026,6,Tuesday,1,1
3469,2026-03-31,20:15,J0023,Ciudadela,Casual,Tesla;Koro,28,7,4,7,Victoria,1470,2026,3,Tuesday,2,2
7931,2026-06-14,21:08,J0121,Canales de Hielo,Ranked,Nadia,36,1,5,2,Victoria,600,2026,6,Sunday,0,1
7698,2026-06-11,14:41,J0064,Desierto Neon,Casual,Lienzo,19,4,5,5,Derrota,550,2026,6,Thursday,1,1
2991,2026-03-22,23:36,J0058,Desierto Neon,Ranked,Umbra,35,7,3,5,Victoria,1390,2026,3,Sunday,2,1
9478,2026-07-08,23:20,J0062,Desierto Neon,Ranked,Nadia,38,5,4,3,Victoria,1070,2026,7,Wednesday,1,1
4876,2026-04-26,20:34,J0200,Bosque Umbral,Casual,Nadia,24,11,5,2,Victoria,1600,2026,4,Sunday,2,1
2545,2026-03-14,03:07,J0104,Puerto Escarlata,Ranked,Vex;Tesla;Lienzo,39,10,8,1,Victoria,1390,2026,3,Saturday,1,3
8664,2026-06-26,15:18,J0022,Puerto Escarlata,Casual,Nadia,9,4,6,4,Victoria,980,2026,6,Friday,1,1
7799,2026-06-12,20:14,J0020,Ciudadela,Ranked,Brisa,45,8,4,1,Derrota,770,2026,6,Friday,2,1
5342,2026-05-04,19:57,J0001,Bosque Umbral,Casual,Brisa,32,5,4,6,Victoria,1220,2026,5,Monday,1,1
1568,2026-02-22,12:53,J0004,Estacion Orbital,Casual,Umbra,15,6,4,5,Derrota,870,2026,2,Sunday,2,1
4067,2026-04-12,19:34,J0058,Canales de Hielo,Ranked,Lienzo,24,1,2,6,Victoria,860,2026,4,Sunday,0,1
3989,2026-04-11,17:57,J0026,Bosque Umbral,Ranked,Nadia,26,2,10,4,Victoria,700,2026,4,Saturday,0,1
7032,2026-05-31,09:50,J0090,Desierto Neon,Casual,Lienzo,23,2,4,7,Derrota,470,2026,5,Sunday,0,1
2161,2026-03-06,22:34,J0074,Bosque Umbral,Casual,Koro;Magnus,19,10,5,5,Derrota,1150,2026,3,Friday,2,2
686,2026-02-02,20:29,J0004,Estacion Orbital,Ranked,Koro,36,2,2,5,Victoria,910,2026,2,Monday,1,1
7603,2026-06-09,21:25,J0002,Bosque Umbral,Casual,Koro;Lienzo;Vex,22,6,5,5,Victoria,1250,2026,6,Tuesday,1,3
7918,2026-06-14,16:18,J0009,Canales de Hielo,Casual,Nadia,27,1,10,5,Derrota,150,2026,6,Sunday,0,1
3244,2026-03-28,18:11,J0049,Bosque Umbral,Ranked,Umbra,23,2,3,4,Victoria,840,2026,3,Saturday,1,1
5845,2026-05-12,21:13,J0028,Ciudadela,Casual,Umbra;Vex,30,3,8,2,Victoria,740,2026,5,Tuesday,0,2
8247,2026-06-20,11:02,J0015,Ciudadela,Ranked,Magnus;Lienzo,34,3,3,5,Derrota,490,2026,6,Saturday,1,2
2462,2026-03-13,18:49,J0034,Bosque Umbral,Ranked,Vex,30,6,6,6,Victoria,1480,2026,3,Friday,1,1
4084,2026-04-12,22:08,J0010,Desierto Neon,Ranked,Koro,31,6,5,4,Derrota,700,2026,4,Sunday,1,1
2838,2026-03-20,23:02,J0086,Estacion Orbital,Casual,Umbra;Vex,8,6,6,5,Victoria,1430,2026,3,Friday,1,2
3698,2026-04-05,18:13,J0006,Puerto Escarlata,Ranked,Lienzo;Umbra,40,13,2,7,Victoria,2110,2026,4,Sunday,6,2
7129,2026-06-01,15:24,J0058,Desierto Neon,Casual,Umbra;Tesla;Magnus,15,4,5,3,Derrota,450,2026,6,Monday,1,3
6268,2026-05-19,23:53,J0028,Desierto Neon,Ranked,Magnus,42,4,4,3,Victoria,970,2026,5,Tuesday,1,1
4942,2026-04-27,16:07,J0070,Estacion Orbital,Ranked,Umbra,25,4,3,3,Derrota,490,2026,4,Monday,1,1
5947,2026-05-14,17:32,J0034,Canales de Hielo,Casual,Tesla,29,2,5,7,Derrota,450,2026,5,Thursday,0,1
4584,2026-04-22,08:52,J0002,Ciudadela,Ranked,Umbra,35,4,2,3,Victoria,1010,2026,4,Wednesday,2,1
5785,2026-05-11,17:58,J0040,Puerto Escarlata,Casual,Brisa,9,5,7,9,Derrota,,2026,5,Monday,1,1
4041,2026-04-12,20:26,J0056,Canales de Hielo,Casual,Umbra;Brisa,28,6,3,7,Victoria,1390,2026,4,Sunday,2,2
2231,2026-03-08,17:42,J0093,Desierto Neon,Ranked,Magnus,28,4,5,4,Victoria,1000,2026,3,Sunday,1,1
7570,2026-06-08,20:53,J0086,Ciudadela,Ranked,Koro,43,1,4,2,Victoria,620,2026,6,Monday,0,1
936,2026-02-08,15:08,J0061,Bosque Umbral,Casual,Tesla;Umbra,25,2,4,5,Victoria,870,2026,2,Sunday,0,2
2321,2026-03-09,08:35,J0128,Estacion Orbital,Casual,Magnus;Umbra,27,5,7,2,Derrota,460,2026,3,Monday,1,2
4879,2026-04-26,20:49,J0061,Puerto Escarlata,Ranked,Lienzo,37,5,3,7,Victoria,1290,2026,4,Sunday,2,1
522,2026-01-29,13:20,J0093,Bosque Umbral,Casual,Umbra,11,4,6,3,Derrota,430,2026,1,Thursday,1,1
523,2026-01-29,18:29,J0028,Puerto Escarlata,Ranked,Brisa,35,7,3,4,Victoria,1340,2026,1,Thursday,2,1
5346,2026-05-05,18:57,J0102,Estacion Orbital,Ranked,Magnus,35,2,8,3,Victoria,690,2026,5,Tuesday,0,1
9951,2026-07-14,21:50,J0070,Estacion Orbital,Torneo,Magnus;Nadia,25,1,4,3,Victoria,670,2026,7,Tuesday,0,2
3360,2026-03-29,07:58,J0090,Bosque Umbral,Ranked,Vex,26,7,5,3,Victoria,1250,2026,3,Sunday,1,1
1312,2026-02-17,10:57,J0060,Ciudadela,Casual,Nadia;Lienzo,17,4,5,2,Derrota,400,2026,2,Tuesday,1,2
3984,2026-04-11,22:20,J0104,Bosque Umbral,Casual,Brisa;Nadia;Vex,31,11,7,4,Derrota,1160,2026,4,Saturday,2,3
6495,2026-05-22,10:08,J0007,Desierto Neon,Casual,Umbra,9,11,5,2,Derrota,1100,2026,5,Friday,2,1
9633,2026-07-10,19:02,J0022,Puerto Escarlata,Ranked,Brisa;Tesla,34,7,5,6,Derrota,900,2026,7,Friday,1,2
1717,2026-02-25,21:15,J0083,Puerto Escarlata,Casual,Vex,14,5,4,2,Victoria,1020,2026,2,Wednesday,1,1
781,2026-02-04,15:27,J0118,Ciudadela,Casual,Magnus,28,7,2,2,Derrota,760,2026,2,Wednesday,4,1
9597,2026-07-10,20:28,J0015,Bosque Umbral,Ranked,Tesla;Magnus,40,9,10,5,Derrota,950,2026,7,Friday,1,2
8297,2026-06-20,08:04,J0002,Ciudadela,Casual,Brisa,27,6,7,5,Victoria,,2026,6,Saturday,1,1
5608,2026-05-09,20:01,J0027,Estacion Orbital,Casual,Vex,28,9,7,2,Derrota,860,2026,5,Saturday,1,1
5979,2026-05-15,16:11,J0088,Desierto Neon,Torneo,Koro,26,4,3,4,Derrota,540,2026,5,Friday,1,1
652,2026-02-01,11:18,J0002,Desierto Neon,Ranked,Nadia,31,6,6,5,Victoria,1230,2026,2,Sunday,1,1
3748,2026-04-06,20:41,J0128,Ciudadela,Torneo,Koro;Tesla,29,5,5,8,Derrota,800,2026,4,Monday,1,2
2197,2026-03-07,09:20,J0035,Ciudadela,Ranked,Koro,42,7,2,3,Derrota,810,2026,3,Saturday,4,1
8484,2026-06-23,02:08,J0059,Desierto Neon,Ranked,Umbra;Lienzo;Koro,25,5,7,3,Derrota,510,2026,6,Tuesday,1,3
370,2026-01-25,09:57,J0022,Estacion Orbital,Ranked,Brisa;Nadia,34,6,5,3,Derrota,650,2026,1,Sunday,1,2
9959,2026-07-14,21:12,J0200,Ciudadela,Casual,Tesla;Vex,16,7,5,4,Derrota,800,2026,7,Tuesday,1,2
8141,2026-06-17,20:16,J0200,Puerto Escarlata,Ranked,Lienzo;Umbra,33,5,1,4,Victoria,1180,2026,6,Wednesday,5,2
4215,2026-04-15,11:05,J0013,Puerto Escarlata,Ranked,Vex;Umbra,43,10,4,5,Derrota,1170,2026,4,Wednesday,2,2
378,2026-01-25,07:17,J0157,Ciudadela,Casual,Brisa;Vex,20,5,3,3,Victoria,1090,2026,1,Sunday,2,2
9519,2026-07-09,16:24,J0015,Bosque Umbral,Casual,Koro,16,5,5,1,Derrota,450,2026,7,Thursday,1,1
2217,2026-03-07,20:21,J0056,Estacion Orbital,Casual,Nadia,30,2,3,6,Victoria,940,2026,3,Saturday,1,1
8751,2026-06-27,20:07,J0045,Desierto Neon,Ranked,Brisa;Magnus,36,4,8,3,Victoria,890,2026,6,Saturday,0,2
1614,2026-02-22,11:34,J0023,Estacion Orbital,Casual,Lienzo;Brisa,14,9,5,2,Derrota,900,2026,2,Sunday,2,2
6980,2026-05-30,23:25,J0131,Estacion Orbital,Casual,Nadia,21,3,2,4,Victoria,,2026,5,Saturday,2,1
7550,2026-06-08,18:23,J0150,Puerto Escarlata,Ranked,Magnus,27,11,5,5,Victoria,1750,2026,6,Monday,2,1
1828,2026-02-28,16:59,J0055,Estacion Orbital,Casual,Lienzo,31,6,5,2,Derrota,0,2026,2,Saturday,1,1
3633,2026-04-04,19:40,J0029,Puerto Escarlata,Casual,Vex,30,9,2,1,Derrota,910,2026,4,Saturday,4,1
963,2026-02-08,18:30,J0059,Ciudadela,Torneo,Lienzo;Koro,8,2,10,1,Derrota,50,2026,2,Sunday,0,2
2994,2026-03-22,22:29,J0200,Ciudadela,Ranked,Umbra,45,3,3,1,Derrota,290,2026,3,Sunday,1,1
6607,2026-05-24,19:01,J0042,Desierto Neon,Casual,Lienzo;Koro,26,6,9,5,Victoria,1170,2026,5,Sunday,1,2
9746,2026-07-11,04:16,J0074,Estacion Orbital,Casual,Brisa;Koro,10,5,2,5,Victoria,1210,2026,7,Saturday,2,2
2377,2026-03-11,00:06,J0017,Estacion Orbital,Ranked,Magnus;Umbra,22,8,5,6,Victoria,1500,2026,3,Wednesday,2,2
8298,2026-06-20,21:14,J0004,Canales de Hielo,Ranked,,42,5,3,7,Victoria,1290,2026,6,Saturday,2,0
360,2026-01-25,20:41,J0011,Desierto Neon,Ranked,Nadia,28,4,5,5,Derrota,550,2026,1,Sunday,1,1
3840,2026-04-08,19:37,J0004,Ciudadela,Casual,Vex,9,3,6,4,Victoria,880,2026,4,Wednesday,0,1
8254,2026-06-20,15:18,J0046,Estacion Orbital,Ranked,Vex,39,9,6,2,Derrota,880,2026,6,Saturday,2,1
1247,2026-02-15,15:50,J0200,Estacion Orbital,Casual,Vex;Nadia;Koro,24,8,5,5,Derrota,950,2026,2,Sunday,2,3
7505,2026-06-07,19:00,J0072,Puerto Escarlata,Torneo,Brisa,28,6,5,1,Victoria,550,2026,6,Sunday,1,1
8415,2026-06-22,19:18,J0064,Ciudadela,Ranked,Magnus,41,4,7,3,Derrota,410,2026,6,Monday,1,1
6512,2026-05-23,22:06,J0021,Bosque Umbral,Casual,Brisa,18,2,7,2,Victoria,660,2026,5,Saturday,0,1
5088,2026-04-30,20:48,J0200,Bosque Umbral,Casual,Brisa,16,9,4,3,Derrota,970,2026,4,Thursday,2,1
3695,2026-04-05,21:29,J0115,Puerto Escarlata,Ranked,Tesla,38,6,6,2,Victoria,880,2026,4,Sunday,1,1
1574,2026-02-22,00:41,J0026,Desierto Neon,Casual,Tesla,15,7,3,2,Victoria,1240,2026,2,Sunday,2,1
6282,2026-05-19,13:10,J0005,Bosque Umbral,Casual,Magnus,9,5,5,2,Victoria,1000,2026,5,Tuesday,1,1
5440,2026-05-06,04:43,J0001,Canales de Hielo,Ranked,Brisa,22,4,3,3,Derrota,490,2026,5,Wednesday,1,1
2568,2026-03-15,23:44,J0080,Puerto Escarlata,Casual,Tesla,12,7,6,3,Victoria,1230,2026,3,Sunday,1,1
3424,2026-03-31,00:40,J0102,Canales de Hielo,Ranked,Vex,23,5,9,3,Victoria,970,2026,3,Tuesday,1,1
2038,2026-03-04,16:45,J0068,Canales de Hielo,Ranked,Koro;Lienzo,24,3,7,2,Derrota,260,2026,3,Wednesday,0,2
9314,2026-07-05,19:34,J0003,Ciudadela,Ranked,Nadia;Umbra,31,3,7,10,Derrota,660,2026,7,Sunday,0,2
773,2026-02-04,07:58,J0113,Bosque Umbral,Ranked,Tesla;Brisa,23,4,7,4,Derrota,460,2026,2,Wednesday,1,2
5381,2026-05-05,21:45,J0001,Desierto Neon,Casual,Tesla;Lienzo,10,5,7,0,Victoria,860,2026,5,Tuesday,1,2
9641,2026-07-10,20:44,J0060,Estacion Orbital,Casual,Brisa,13,4,6,4,Derrota,480,2026,7,Friday,1,1
3563,2026-04-03,17:13,J0067,Bosque Umbral,Casual,Magnus;Brisa;Umbra,16,7,7,7,Victoria,1410,2026,4,Friday,1,3
563,2026-01-30,19:45,J0074,Canales de Hielo,Ranked,Umbra,35,6,5,2,Victoria,1100,2026,1,Friday,1,1
6684,2026-05-25,12:03,J0126,Puerto Escarlata,Ranked,Vex;Lienzo;Koro,37,5,4,5,Victoria,1170,2026,5,Monday,1,3
2547,2026-03-14,08:48,J0074,Bosque Umbral,Ranked,Tesla,23,5,4,3,Derrota,570,2026,3,Saturday,1,1
5511,2026-05-07,07:56,J0099,Bosque Umbral,Casual,Umbra;Magnus,22,1,7,5,Victoria,710,2026,5,Thursday,0,2
5331,2026-05-04,14:17,J0123,Canales de Hielo,Torneo,Koro;Brisa,27,5,6,4,Derrota,580,2026,5,Monday,1,2
8790,2026-06-27,02:07,J0010,Ciudadela,Casual,Magnus,15,8,2,3,Victoria,1410,2026,6,Saturday,4,1
4532,2026-04-21,16:26,J0024,Canales de Hielo,Ranked,Brisa,22,3,4,5,Victoria,970,2026,4,Tuesday,1,1
1675,2026-02-24,19:18,J0200,Puerto Escarlata,Torneo,Vex,26,8,1,3,Derrota,930,2026,2,Tuesday,8,1
7396,2026-06-06,13:24,J0086,Bosque Umbral,Casual,Umbra;Brisa,24,4,5,8,Derrota,700,2026,6,Saturday,1,2
366,2026-01-25,20:21,J0018,Canales de Hielo,Torneo,Umbra,14,4,4,3,Victoria,970,2026,1,Sunday,1,1
8152,2026-06-18,21:10,J0002,Estacion Orbital,Casual,Magnus;Tesla,10,3,7,1,Victoria,710,2026,6,Thursday,0,2
8025,2026-06-16,13:03,J0091,Desierto Neon,Casual,Brisa,14,4,5,8,Victoria,,2026,6,Tuesday,1,1
4328,2026-04-17,19:49,J0192,Ciudadela,Casual,Brisa,11,11,2,4,Derrota,1260,2026,4,Friday,6,1
148,2026-01-20,23:55,J0050,Bosque Umbral,Casual,Koro,21,2,5,6,Victoria,900,2026,1,Tuesday,0,1
1669,2026-02-24,13:10,J0007,Desierto Neon,Casual,Vex,18,13,5,7,Derrota,1550,2026,2,Tuesday,3,1
3089,2026-03-24,20:26,J0015,Estacion Orbital,Torneo,Magnus;Brisa,11,7,5,9,Derrota,1050,2026,3,Tuesday,1,2
8914,2026-06-29,22:09,J0043,Desierto Neon,Ranked,Lienzo,45,1,10,3,Derrota,50,2026,6,Monday,0,1
7651,2026-06-10,16:33,J0079,Puerto Escarlata,Casual,Umbra;Lienzo,19,7,6,2,Derrota,680,2026,6,Wednesday,1,2
408,2026-01-26,16:33,J0016,Bosque Umbral,Torneo,Koro;Lienzo,25,11,7,4,Victoria,1660,2026,1,Monday,2,2
9657,2026-07-11,11:40,J0078,Bosque Umbral,Ranked,Brisa,34,5,11,4,Derrota,480,2026,7,Saturday,0,1
7789,2026-06-12,19:23,J0024,Estacion Orbital,Torneo,Nadia;Brisa,19,5,6,4,Derrota,580,2026,6,Friday,1,2
3457,2026-03-31,20:55,J0006,Estacion Orbital,Ranked,Koro,30,6,5,0,Derrota,500,2026,3,Tuesday,1,1
6187,2026-05-18,10:40,J0060,Ciudadela,Ranked,Tesla;Vex,40,3,4,6,Victoria,1020,2026,5,Monday,1,2
4183,2026-04-14,18:40,J0044,Ciudadela,Ranked,Vex;Tesla;Brisa,41,10,5,5,Victoria,1650,2026,4,Tuesday,2,3
3577,2026-04-03,10:30,J0016,Ciudadela,Casual,,17,11,8,5,Derrota,1190,2026,4,Friday,1,0
3272,2026-03-28,23:56,J0160,Ciudadela,Ranked,Nadia;Tesla,38,3,5,5,Derrota,450,2026,3,Saturday,1,2
4941,2026-04-27,01:34,J0034,Desierto Neon,Casual,Tesla;Nadia,10,5,3,4,Derrota,640,2026,4,Monday,2,2
1032,2026-02-10,08:42,J0010,Bosque Umbral,Casual,Umbra,10,6,7,1,Derrota,510,2026,2,Tuesday,1,1
8128,2026-06-17,19:52,J0102,Estacion Orbital,Ranked,Tesla;Brisa,45,6,7,1,Victoria,1010,2026,6,Wednesday,1,2
6231,2026-05-19,21:24,J0050,Estacion Orbital,Casual,Magnus;Tesla,16,4,6,2,Victoria,880,2026,5,Tuesday,1,2
6593,2026-05-24,11:37,J0098,Puerto Escarlata,Ranked,Nadia,45,5,9,5,Derrota,570,2026,5,Sunday,1,1
8976,2026-06-30,21:07,J0013,Estacion Orbital,Casual,Koro,18,7,6,3,Derrota,730,2026,6,Tuesday,1,1
9885,2026-07-13,19:05,J0084,Estacion Orbital,Torneo,Brisa,27,6,2,2,Victoria,1160,2026,7,Monday,3,1
6725,2026-05-26,09:22,J0019,Estacion Orbital,Ranked,Magnus,26,6,6,4,Derrota,680,2026,5,Tuesday,1,1
9893,2026-07-13,15:41,J0001,Bosque Umbral,Ranked,Tesla,30,4,6,1,Derrota,330,2026,7,Monday,1,1
856,2026-02-06,08:23,J0047,Puerto Escarlata,Torneo,Nadia,11,10,5,7,Derrota,1250,2026,2,Friday,2,1
3927,2026-04-10,17:21,J0160,Puerto Escarlata,Ranked,Brisa,26,7,5,2,Derrota,700,2026,4,Friday,1,1
8616,2026-06-25,18:05,J0008,Canales de Hielo,Casual,Umbra;Nadia,29,3,8,1,Victoria,690,2026,6,Thursday,0,2
79,2026-01-18,14:53,J0038,Estacion Orbital,Ranked,,26,4,9,5,Victoria,970,2026,1,Sunday,0,0
7089,2026-06-01,14:51,J0077,Bosque Umbral,Casual,Magnus,8,3,4,2,,820,2026,6,Monday,1,1
2248,2026-03-08,21:49,J0029,Canales de Hielo,Ranked,Magnus,27,5,10,5,Derrota,550,2026,3,Sunday,0,1
4027,2026-04-11,00:53,J0041,Bosque Umbral,Casual,Magnus;Brisa,21,2,5,1,Victoria,650,2026,4,Saturday,0,2
9644,2026-07-10,19:40,J0046,Bosque Umbral,Casual,Koro,19,6,8,5,Victoria,1190,2026,7,Friday,1,1
9366,2026-07-06,19:48,J0048,Desierto Neon,Ranked,Magnus,23,3,9,2,Derrota,220,2026,7,Monday,0,1
715,2026-02-02,10:06,J0027,Estacion Orbital,Ranked,Brisa,45,10,4,3,Derrota,1070,2026,2,Monday,2,1
7452,2026-06-06,20:40,J0200,Bosque Umbral,Casual,Koro;Lienzo,29,9,2,3,Victoria,1510,2026,6,Saturday,4,2
789,2026-02-04,19:28,J0041,Desierto Neon,Casual,Magnus,20,8,2,2,Derrota,860,2026,2,Wednesday,4,1
2280,2026-03-08,09:45,J0096,Desierto Neon,Ranked,Umbra;Tesla,24,4,6,4,Victoria,980,2026,3,Sunday,1,2
4096,2026-04-12,08:43,J0105,Ciudadela,Casual,Vex;Koro,29,8,3,4,Victoria,1440,2026,4,Sunday,3,2
3898,2026-04-09,15:57,J0059,Bosque Umbral,Casual,Tesla;Nadia,21,5,5,4,Victoria,1100,2026,4,Thursday,1,2
8079,2026-06-17,21:57,J0043,Desierto Neon,Casual,Koro;Brisa,15,8,9,1,Derrota,670,2026,6,Wednesday,1,2
7178,2026-06-02,22:47,J0001,Estacion Orbital,Ranked,Koro,39,4,8,5,Derrota,490,2026,6,Tuesday,0,1
9800,2026-07-12,19:03,J0008,Puerto Escarlata,Ranked,Tesla;Nadia,32,2,5,7,Victoria,950,2026,7,Sunday,0,2
9525,2026-07-09,00:40,J0040,Bosque Umbral,Casual,Lienzo,22,6,5,5,Derrota,650,2026,7,Thursday,1,1
3632,2026-04-04,13:38,J0003,Canales de Hielo,Casual,Lienzo;Tesla,13,3,5,2,Victoria,800,2026,4,Saturday,1,2
8693,2026-06-26,09:47,J0013,Desierto Neon,Casual,Nadia;Vex,30,7,1,5,Victoria,1430,2026,6,Friday,7,2
7298,2026-06-04,15:16,J0104,Bosque Umbral,Torneo,Vex;Umbra,22,8,2,3,Victoria,1410,2026,6,Thursday,4,2
6273,2026-05-19,20:58,J0014,Bosque Umbral,Casual,Brisa,13,4,6,1,Victoria,830,2026,5,Tuesday,1,1
425,2026-01-26,00:25,J0021,Desierto Neon,Torneo,Brisa,18,8,9,2,Victoria,1220,2026,1,Monday,1,1
393,2026-01-25,10:59,J0109,Ciudadela,Casual,Magnus;Koro,21,4,4,6,Derrota,620,2026,1,Sunday,1,2
3192,2026-03-27,19:46,J0025,Ciudadela,Casual,Koro,13,8,7,2,Derrota,760,2026,3,Friday,1,1
17,2026-01-16,15:48,J0028,Bosque Umbral,Ranked,Umbra,32,3,4,5,Victoria,970,2026,1,Friday,1,1
6336,2026-05-20,16:42,J0031,Bosque Umbral,Ranked,Umbra;Lienzo,44,7,4,8,Derrota,1020,2026,5,Wednesday,2,2
4201,2026-04-15,20:33,J0052,Puerto Escarlata,Casual,Umbra,13,4,1,5,Derrota,630,2026,4,Wednesday,4,1
2673,2026-03-16,10:44,J0032,Puerto Escarlata,Ranked,Koro,30,7,8,4,,1240,2026,3,Monday,1,1
2445,2026-03-12,23:55,J0056,Ciudadela,Casual,Tesla,30,5,6,2,Victoria,980,2026,3,Thursday,1,1
6698,2026-05-25,14:01,J0021,Ciudadela,Ranked,Tesla,31,11,4,2,Derrota,1120,2026,5,Monday,3,1
6165,2026-05-17,01:38,J0053,Estacion Orbital,Torneo,Koro,32,5,5,4,Victoria,1100,2026,5,Sunday,1,1
2602,2026-03-15,17:49,J0038,Puerto Escarlata,Ranked,Umbra;Tesla;Magnus,22,4,3,3,Derrota,490,2026,3,Sunday,1,3
3494,2026-04-01,13:59,J0200,Bosque Umbral,Ranked,Lienzo,36,8,7,1,Derrota,710,2026,4,Wednesday,1,1
6045,2026-05-16,01:20,J0063,Desierto Neon,Ranked,Umbra,42,6,4,0,Victoria,1620,2026,5,Saturday,2,1
1460,2026-02-20,12:40,J0037,Canales de Hielo,Ranked,Koro,29,5,4,6,Victoria,1220,2026,2,Friday,1,1
3805,2026-04-08,15:44,J0044,Estacion Orbital,Torneo,Vex,23,8,1,5,Victoria,1530,2026,4,Wednesday,8,1
9919,2026-07-13,18:03,J0170,Canales de Hielo,Casual,Tesla,29,7,4,3,Victoria,1270,2026,7,Monday,2,1
7395,2026-06-06,19:48,J0059,Ciudadela,Ranked,Tesla,35,2,7,2,Derrota,160,2026,6,Saturday,0,1
4840,2026-04-26,14:01,J0008,Bosque Umbral,Casual,Magnus,10,2,4,4,Victoria,820,2026,4,Sunday,0,1
594,2026-01-31,09:45,J0046,Bosque Umbral,Ranked,Vex,41,9,5,3,Victoria,1450,2026,1,Saturday,2,1
3836,2026-04-08,16:13,J0035,Canales de Hielo,Ranked,Tesla;Umbra;Vex,26,7,10,4,Victoria,,2026,4,Wednesday,1,3
9384,2026-07-07,19:10,J0064,Ciudadela,Casual,Brisa;Umbra,28,9,1,8,Derrota,1280,2026,7,Tuesday,9,2
5684,2026-05-10,23:15,J0029,Ciudadela,Ranked,Tesla,28,2,4,2,Victoria,,2026,5,Sunday,0,1
8817,2026-06-28,23:20,J0005,Desierto Neon,Casual,Umbra,16,10,7,6,Derrota,1160,2026,6,Sunday,1,1
5828,2026-05-12,10:49,J0182,Bosque Umbral,Ranked,Magnus,24,14,3,5,Derrota,1590,2026,5,Tuesday,5,1
9822,2026-07-12,21:15,J0029,Estacion Orbital,Torneo,Koro,24,0,5,5,Derrota,150,2026,7,Sunday,0,1
7962,2026-06-15,22:28,J0011,Bosque Umbral,Casual,Vex;Lienzo,13,7,3,2,Victoria,1240,2026,6,Monday,2,2
4725,2026-04-24,22:50,J0040,Canales de Hielo,Ranked,Tesla,27,3,3,2,Victoria,840,2026,4,Friday,1,1
8828,2026-06-28,21:16,J0012,Puerto Escarlata,Casual,Nadia,13,6,10,2,Derrota,500,2026,6,Sunday,1,1
5888,2026-05-13,22:10,J0131,Desierto Neon,Torneo,Magnus;Nadia,27,8,6,5,Victoria,1430,2026,5,Wednesday,1,2
2356,2026-03-10,23:27,J0045,Estacion Orbital,Casual,Brisa,16,4,5,2,Victoria,900,2026,3,Tuesday,1,1
6037,2026-05-16,20:30,J0128,Puerto Escarlata,Casual,Koro,21,5,6,3,Victoria,1030,2026,5,Saturday,1,1
4799,2026-04-25,09:41,J0128,Estacion Orbital,Torneo,Koro,17,3,3,2,Victoria,840,2026,4,Saturday,1,1
2443,2026-03-12,21:17,J0002,Puerto Escarlata,Ranked,Magnus,24,2,7,3,Victoria,710,2026,3,Thursday,0,1
8714,2026-06-27,20:51,J0030,Bosque Umbral,Casual,Brisa,15,7,3,5,Victoria,1390,2026,6,Saturday,2,1
4593,2026-04-22,12:42,J0028,Puerto Escarlata,Ranked,Lienzo,34,2,3,7,Derrota,490,2026,4,Wednesday,1,1
8841,2026-06-28,21:04,J0052,Desierto Neon,Ranked,Koro;Tesla;Lienzo,38,3,7,3,Victoria,810,2026,6,Sunday,0,3
465,2026-01-27,17:00,J0015,Bosque Umbral,Casual,Tesla,12,3,4,5,Derrota,470,2026,1,Tuesday,1,1
164,2026-01-20,19:04,J0007,Canales de Hielo,Ranked,Koro;Magnus,25,7,6,5,Derrota,830,2026,1,Tuesday,1,2
9766,2026-07-12,17:52,J0041,Bosque Umbral,Casual,Brisa,14,5,8,5,Derrota,590,2026,7,Sunday,1,1
9506,2026-07-08,18:21,J0020,Canales de Hielo,Casual,Vex,23,10,4,3,Derrota,1070,2026,7,Wednesday,2,1
8471,2026-06-23,19:14,J0009,Puerto Escarlata,Casual,Vex;Koro,28,6,7,1,Victoria,1010,2026,6,Tuesday,1,2
9851,2026-07-13,07:37,J0056,Canales de Hielo,Casual,Umbra;Tesla,29,3,3,5,,990,2026,7,Monday,1,2
9551,2026-07-09,17:24,J0083,Estacion Orbital,Casual,Tesla;Umbra,27,1,4,7,Victoria,870,2026,7,Thursday,0,2
7381,2026-06-06,22:08,J0077,Puerto Escarlata,Ranked,Nadia,28,1,5,4,Derrota,200,2026,6,Saturday,0,1
6637,2026-05-24,19:46,J0139,Canales de Hielo,Ranked,Koro,26,8,6,3,Victoria,1330,2026,5,Sunday,1,1
242,2026-01-22,03:22,J0039,Canales de Hielo,Ranked,Tesla,30,10,5,3,Derrota,1050,2026,1,Thursday,2,1
2010,2026-03-03,17:49,J0026,Desierto Neon,Torneo,Nadia,30,2,7,1,Derrota,110,2026,3,Tuesday,0,1
6357,2026-05-21,18:29,J0078,Desierto Neon,Casual,Lienzo,26,5,6,2,Derrota,480,2026,5,Thursday,1,1
3085,2026-03-24,17:29,J0052,Canales de Hielo,Ranked,Magnus,33,6,6,3,Derrota,230,2026,3,Tuesday,1,1
6209,2026-05-18,15:51,J0050,Desierto Neon,Casual,Lienzo;Vex,8,9,6,4,Derrota,980,2026,5,Monday,2,2
901,2026-02-07,14:02,J0086,Canales de Hielo,Casual,Koro,8,8,7,2,Derrota,760,2026,2,Saturday,1,1
5543,2026-05-08,18:20,J0090,Ciudadela,Torneo,Nadia,15,6,7,1,Victoria,1210,2026,5,Friday,1,1
6008,2026-05-16,16:10,J0051,Canales de Hielo,Ranked,Brisa,28,2,4,9,Victoria,,2026,5,Saturday,0,1
7994,2026-06-15,11:03,J0031,Desierto Neon,Ranked,Nadia,41,7,4,4,Victoria,1320,2026,6,Monday,2,1
7639,2026-06-10,20:24,J0103,Estacion Orbital,Ranked,Umbra,37,7,3,9,Victoria,1590,2026,6,Wednesday,2,1
6794,2026-05-27,15:42,J0093,Puerto Escarlata,Casual,Koro;Brisa,9,3,10,4,Victoria,800,2026,5,Wednesday,0,2
8871,2026-06-28,09:44,J0046,Desierto Neon,Torneo,Brisa,15,7,2,5,Derrota,910,2026,6,Sunday,4,1
7759,2026-06-12,22:43,J0026,Canales de Hielo,Casual,Brisa,23,11,5,2,Derrota,1100,2026,6,Friday,2,1
4838,2026-04-26,17:23,J0200,Ciudadela,Casual,Umbra,16,12,4,0,Victoria,1620,2026,4,Sunday,3,1
2294,2026-03-09,22:26,J0200,Ciudadela,Casual,Vex;Magnus,9,2,6,4,Victoria,780,2026,3,Monday,0,2
6549,2026-05-23,15:40,J0080,Puerto Escarlata,Casual,Lienzo;Koro;Tesla,11,11,5,5,Victoria,1750,2026,5,Saturday,2,3
7899,2026-06-14,21:54,J0007,Ciudadela,Casual,Nadia,32,9,6,5,Victoria,1530,2026,6,Sunday,2,1
8113,2026-06-17,13:38,J0001,Puerto Escarlata,Casual,Lienzo;Brisa,31,6,3,5,Derrota,790,2026,6,Wednesday,2,2
4482,2026-04-20,22:01,J0097,Canales de Hielo,Casual,Lienzo,15,5,5,1,Victoria,950,2026,4,Monday,1,1
5303,2026-05-04,07:27,J0011,Estacion Orbital,Ranked,Umbra;Koro,29,6,6,5,Victoria,1230,2026,5,Monday,1,2
4606,2026-04-22,02:48,J0010,Bosque Umbral,Ranked,Brisa;Nadia,43,13,3,2,Derrota,1340,2026,4,Wednesday,4,2
3717,2026-04-06,18:29,J0020,Ciudadela,Casual,Umbra;Koro,17,7,9,7,Victoria,1370,2026,4,Monday,1,2
9142,2026-07-03,11:43,J0073,Ciudadela,Ranked,Koro;Umbra,24,3,3,4,,440,2026,7,Friday,1,2
6141,2026-05-17,20:31,J0096,Bosque Umbral,Casual,Brisa;Vex,32,9,5,2,Victoria,1400,2026,5,Sunday,2,2
1765,2026-02-26,20:46,J0200,Estacion Orbital,Casual,Nadia,27,9,2,9,Victoria,1810,2026,2,Thursday,4,1
6599,2026-05-24,20:58,J0039,Desierto Neon,Casual,Tesla;Nadia,22,6,13,5,Derrota,590,2026,5,Sunday,0,2
1550,2026-02-21,19:42,J0123,Estacion Orbital,Ranked,Lienzo,34,5,7,7,,1210,2026,2,Saturday,1,1
3030,2026-03-23,11:05,J0142,Desierto Neon,Ranked,Lienzo,29,4,1,2,Derrota,480,2026,3,Monday,4,1
8722,2026-06-27,19:13,J0064,Ciudadela,Ranked,Brisa,26,6,4,8,Derrota,920,2026,6,Saturday,2,1
6299,2026-05-20,04:51,J0002,Ciudadela,Casual,Koro,22,9,7,0,Victoria,1260,2026,5,Wednesday,1,1
6663,2026-05-25,23:36,J0025,Bosque Umbral,Ranked,Magnus,40,3,4,2,Derrota,320,2026,5,Monday,1,1
6627,2026-05-24,19:35,J0011,Estacion Orbital,Ranked,Magnus,24,4,5,3,Victoria,950,2026,5,Sunday,1,1
2045,2026-03-04,21:38,J0030,Estacion Orbital,Casual,Brisa,28,10,4,5,Derrota,1170,2026,3,Wednesday,2,1
768,2026-02-04,17:22,J0031,Estacion Orbital,Casual,Vex,10,7,5,2,Victoria,1200,2026,2,Wednesday,1,1
5694,2026-05-10,23:17,J0071,Ciudadela,Casual,Lienzo,10,6,9,0,Victoria,920,2026,5,Sunday,1,1
7871,2026-06-13,08:22,J0200,Canales de Hielo,Ranked,Koro;Magnus,29,3,4,1,Derrota,270,2026,6,Saturday,1,2
7796,2026-06-12,12:18,J0078,Canales de Hielo,Torneo,Umbra;Brisa,27,4,9,5,,470,2026,6,Friday,0,2
1509,2026-02-21,16:19,J0054,Puerto Escarlata,Ranked,Nadia;Lienzo,45,5,3,5,Derrota,690,2026,2,Saturday,2,2
7231,2026-06-03,02:37,J0021,Ciudadela,Casual,Tesla;Magnus,9,4,5,5,Derrota,550,2026,6,Wednesday,1,2
7858,2026-06-13,23:20,J0004,Bosque Umbral,Casual,Vex;Koro,23,8,2,2,Derrota,860,2026,6,Saturday,4,2
3303,2026-03-28,03:09,J0001,Desierto Neon,Ranked,Tesla,36,6,5,3,Victoria,1150,2026,3,Saturday,1,1
4518,2026-04-20,20:12,J0023,Bosque Umbral,Ranked,Tesla,22,5,2,2,Derrota,560,2026,4,Monday,2,1
4220,2026-04-15,02:45,J0098,Canales de Hielo,Casual,Brisa,19,4,7,6,Victoria,1060,2026,4,Wednesday,1,1
9149,2026-07-03,22:20,J0066,Canales de Hielo,Ranked,Vex,41,10,5,3,Victoria,1550,2026,7,Friday,2,1
8125,2026-06-17,09:56,J0008,Bosque Umbral,Casual,Koro,17,3,5,5,Derrota,450,2026,6,Wednesday,1,1
3293,2026-03-28,23:52,J0061,Canales de Hielo,Casual,Vex,26,3,5,1,Derrota,250,2026,3,Saturday,1,1
820,2026-02-05,13:39,J0138,Canales de Hielo,Casual,Umbra,8,3,4,4,Derrota,420,2026,2,Thursday,1,1
1404,2026-02-19,00:27,J0030,Bosque Umbral,Casual,Umbra;Tesla,28,9,2,4,Victoria,1560,2026,2,Thursday,4,2
1383,2026-02-18,01:12,J0032,Desierto Neon,Casual,Vex,28,10,13,3,Derrota,890,2026,2,Wednesday,1,1
2149,2026-03-06,17:46,J0007,Puerto Escarlata,Ranked,Lienzo,29,5,5,5,Derrota,650,2026,3,Friday,1,1
6929,2026-05-30,19:46,J0096,Puerto Escarlata,Ranked,Vex,27,5,10,3,Victoria,950,2026,5,Saturday,0,1
5672,2026-05-10,20:45,J0015,Puerto Escarlata,Casual,Tesla,15,3,7,3,Victoria,810,2026,5,Sunday,0,1
1639,2026-02-23,22:04,J0085,Canales de Hielo,Casual,Koro,17,5,6,3,Victoria,1030,2026,2,Monday,1,1
5892,2026-05-13,17:50,J0034,Ciudadela,Ranked,Umbra,43,5,5,3,Victoria,1050,2026,5,Wednesday,1,1
7428,2026-06-06,06:27,J0079,Desierto Neon,Ranked,Lienzo;Koro,34,5,3,2,Victoria,1040,2026,6,Saturday,2,2
609,2026-01-31,07:25,J0026,Ciudadela,Ranked,Umbra;Brisa,36,3,7,2,Victoria,760,2026,1,Saturday,0,2
6908,2026-05-29,16:06,J0200,Bosque Umbral,Casual,Nadia,31,7,6,5,Victoria,1330,2026,5,Friday,1,1
400,2026-01-25,18:56,J0056,Desierto Neon,Torneo,Lienzo,25,7,4,3,Victoria,1270,2026,1,Sunday,2,1
7248,2026-06-03,18:49,J0002,Desierto Neon,Casual,,23,7,1,4,Derrota,880,2026,6,Wednesday,7,0
6407,2026-05-21,21:32,J0001,Ciudadela,Ranked,Tesla,35,1,6,4,Victoria,680,2026,5,Thursday,0,1
883,2026-02-07,20:56,J0088,Bosque Umbral,Casual,Brisa;Vex,17,6,6,2,Derrota,580,2026,2,Saturday,1,2
3566,2026-04-03,17:54,J0049,Canales de Hielo,Casual,Tesla;Magnus,12,6,5,5,Derrota,750,2026,4,Friday,1,2
4286,2026-04-16,21:12,J0038,Puerto Escarlata,Ranked,Vex,27,10,4,5,Victoria,1670,2026,4,Thursday,2,1
1180,2026-02-14,19:47,J0166,Bosque Umbral,Ranked,Lienzo;Umbra,41,2,3,2,Victoria,740,2026,2,Saturday,1,2
5449,2026-05-06,17:57,J0021,Desierto Neon,Casual,Lienzo;Nadia,29,2,10,1,Victoria,,2026,5,Wednesday,0,2
4245,2026-04-16,22:36,J0122,Canales de Hielo,Torneo,Umbra;Koro;Tesla,23,13,5,5,Derrota,1450,2026,4,Thursday,3,3
5219,2026-05-02,15:42,J0007,Estacion Orbital,Casual,,19,17,6,7,Derrota,1930,2026,5,Saturday,3,0
3977,2026-04-11,22:26,J0002,Puerto Escarlata,Ranked,Umbra,28,5,4,5,Victoria,1170,2026,4,Saturday,1,1
2131,2026-03-06,19:10,J0200,Puerto Escarlata,Ranked,Brisa;Magnus;Lienzo,28,9,6,2,Derrota,880,2026,3,Friday,2,3
5079,2026-04-30,19:12,J0176,Canales de Hielo,Ranked,Lienzo;Umbra,45,10,4,6,Derrota,1220,2026,4,Thursday,2,2
457,2026-01-27,05:56,J0012,Ciudadela,Torneo,Tesla;Lienzo,29,2,3,2,Victoria,740,2026,1,Tuesday,1,2
5583,2026-05-09,20:19,J0010,Ciudadela,Ranked,Koro,42,7,2,3,Victoria,1310,2026,5,Saturday,4,1
5176,2026-05-02,18:34,J0010,Ciudadela,Casual,Umbra,11,10,3,3,Derrota,1090,2026,5,Saturday,3,1
1951,2026-03-02,09:13,J0024,Puerto Escarlata,Torneo,Lienzo,30,6,4,6,Derrota,820,2026,3,Monday,2,1
5373,2026-05-05,21:42,J0200,Desierto Neon,Ranked,Vex,26,9,4,7,Victoria,1670,2026,5,Tuesday,2,1
690,2026-02-02,08:16,J0045,Puerto Escarlata,Ranked,Vex,29,6,2,4,Victoria,1260,2026,2,Monday,3,1
8922,2026-06-29,07:46,J0002,Ciudadela,Ranked,Tesla,41,5,6,2,Victoria,980,2026,6,Monday,1,1
6526,2026-05-23,15:25,J0099,Ciudadela,Casual,Brisa;Lienzo,8,2,2,6,Victoria,960,2026,5,Saturday,1,2
9895,2026-07-13,21:07,J0045,Bosque Umbral,Ranked,Koro;Vex,31,6,3,5,Victoria,1290,2026,7,Monday,2,2
6489,2026-05-22,19:56,J0053,Canales de Hielo,Casual,Umbra,10,4,5,0,Victoria,800,2026,5,Friday,1,1
6922,2026-05-29,15:43,J0039,Ciudadela,Ranked,Koro;Nadia,24,6,6,1,Victoria,1630,2026,5,Friday,1,2
1954,2026-03-02,21:46,J0093,Canales de Hielo,Ranked,Vex,37,4,4,3,Victoria,970,2026,3,Monday,1,1
7635,2026-06-10,12:11,J0020,Puerto Escarlata,Casual,Lienzo;Brisa,28,9,4,3,Victoria,1470,2026,6,Wednesday,2,2
5637,2026-05-09,12:28,J0031,Bosque Umbral,Ranked,Vex;Lienzo,43,4,9,5,Victoria,970,2026,5,Saturday,0,2
7155,2026-06-02,16:29,J0007,Bosque Umbral,Ranked,Tesla,39,11,6,5,Derrota,1230,2026,6,Tuesday,2,1
8490,2026-06-23,21:48,J0025,Estacion Orbital,Casual,Umbra;Brisa,8,1,4,4,Victoria,720,2026,6,Tuesday,0,2
6611,2026-05-24,08:53,J0127,Canales de Hielo,Casual,Brisa;Koro,8,3,7,5,Derrota,410,2026,5,Sunday,0,2
2711,2026-03-17,17:31,J0006,Ciudadela,Casual,Vex;Lienzo;Brisa,12,10,6,1,,930,2026,3,Tuesday,2,3
8636,2026-06-25,16:19,J0022,Puerto Escarlata,Casual,Vex;Brisa;Koro,23,8,6,4,Victoria,1380,2026,6,Thursday,1,3
3202,2026-03-27,15:56,J0120,Canales de Hielo,Casual,Vex,13,7,4,2,Derrota,720,2026,3,Friday,2,1
4350,2026-04-18,23:39,J0065,Bosque Umbral,Torneo,Umbra;Brisa,11,3,4,6,Derrota,520,2026,4,Saturday,1,2
4139,2026-04-13,11:38,J0140,Bosque Umbral,Casual,Tesla;Koro,23,9,3,6,Derrota,1140,2026,4,Monday,3,2
1885,2026-03-01,17:06,J0045,Estacion Orbital,Torneo,Vex,15,6,6,6,Derrota,780,2026,3,Sunday,1,1
8708,2026-06-27,16:46,J0015,Ciudadela,Casual,Tesla;Koro;Magnus,20,6,7,3,Victoria,1110,2026,6,Saturday,1,3
4486,2026-04-20,09:27,J0028,Desierto Neon,Ranked,Brisa,41,4,6,1,Derrota,330,2026,4,Monday,1,1
2495,2026-03-13,15:32,J0053,Estacion Orbital,Ranked,Magnus;Koro;Lienzo,26,7,7,1,Victoria,1110,2026,3,Friday,1,3
5948,2026-05-14,14:47,J0200,Desierto Neon,Ranked,Lienzo;Koro,34,5,7,1,Derrota,410,2026,5,Thursday,1,2
3037,2026-03-23,21:38,J0092,Puerto Escarlata,Ranked,,44,3,2,5,Victoria,1010,2026,3,Monday,2,0
5778,2026-05-11,12:29,J0070,Ciudadela,Casual,Nadia,32,1,6,2,Derrota,80,2026,5,Monday,0,1
3604,2026-04-04,19:15,J0127,Bosque Umbral,Ranked,Magnus,33,6,7,4,Derrota,560,2026,4,Saturday,1,1
846,2026-02-06,16:35,J0042,Bosque Umbral,Casual,Nadia;Vex;Magnus,19,9,4,6,Victoria,1620,2026,2,Friday,2,3
543,2026-01-29,14:32,J0088,Desierto Neon,Ranked,Vex,36,8,4,4,Derrota,920,2026,1,Thursday,2,1
3725,2026-04-06,20:27,J0200,Estacion Orbital,Ranked,Koro;Nadia;Lienzo,22,6,3,4,Derrota,640,2026,4,Monday,2,3
4188,2026-04-14,15:58,J0082,Bosque Umbral,Ranked,Vex,24,12,6,5,Victoria,1830,2026,4,Tuesday,2,1
3680,2026-04-05,21:25,J0003,Puerto Escarlata,Ranked,Umbra,35,11,4,6,Derrota,1320,2026,4,Sunday,3,1
8969,2026-06-30,17:29,J0024,Canales de Hielo,Ranked,Brisa,35,4,3,6,Derrota,640,2026,6,Tuesday,1,1
7968,2026-06-15,18:54,J0099,Bosque Umbral,Casual,Umbra,24,1,4,1,Victoria,570,2026,6,Monday,0,1
8552,2026-06-24,17:53,J0069,Ciudadela,Casual,Koro;Brisa;Umbra,32,5,6,4,Victoria,1080,2026,6,Wednesday,1,3
6076,2026-05-16,16:27,J0020,Ciudadela,Ranked,Umbra,43,3,5,1,Victoria,750,2026,5,Saturday,1,1
7341,2026-06-05,12:05,J0039,Ciudadela,Ranked,Lienzo;Koro,23,4,9,4,Victoria,920,2026,6,Friday,0,2
8291,2026-06-20,19:42,J0132,Bosque Umbral,Ranked,Brisa;Lienzo,28,10,4,3,Victoria,1570,2026,6,Saturday,2,2
7247,2026-06-03,17:49,J0029,Ciudadela,Ranked,Lienzo,23,2,3,6,Derrota,440,2026,6,Wednesday,1,1
9078,2026-07-02,00:24,J0181,Canales de Hielo,Ranked,Koro,35,7,4,4,Derrota,820,2026,7,Thursday,2,1
8356,2026-06-21,20:03,J0009,Canales de Hielo,Casual,Tesla,21,3,2,3,Victoria,910,2026,6,Sunday,2,1
7138,2026-06-02,21:39,J0003,Estacion Orbital,Casual,Umbra;Tesla,32,4,5,7,Victoria,1150,2026,6,Tuesday,1,2
2965,2026-03-22,20:19,J0106,Puerto Escarlata,Torneo,Nadia;Lienzo,14,10,4,3,Victoria,1570,2026,3,Sunday,2,2
2530,2026-03-14,04:10,J0131,Estacion Orbital,Casual,Lienzo,18,5,4,5,Derrota,670,2026,3,Saturday,1,1
5773,2026-05-11,18:28,J0175,Ciudadela,Casual,Umbra,13,0,3,2,,540,2026,5,Monday,0,1
1049,2026-02-11,14:15,J0016,Puerto Escarlata,Ranked,Nadia;Magnus;Lienzo,37,12,5,5,Victoria,,2026,2,Wednesday,2,3
7046,2026-05-31,18:57,J0003,Desierto Neon,Ranked,Tesla;Umbra,43,7,4,4,Victoria,1320,2026,5,Sunday,2,2
1961,2026-03-02,15:14,J0025,Canales de Hielo,Casual,Umbra,26,2,2,2,Derrota,260,2026,3,Monday,1,1
2531,2026-03-14,12:01,J0031,Desierto Neon,Ranked,Tesla,25,6,3,9,Victoria,1490,2026,3,Saturday,2,1
4918,2026-04-27,20:49,J0063,Estacion Orbital,Torneo,Nadia,32,10,7,3,Victoria,1510,2026,4,Monday,1,1
5902,2026-05-13,11:48,J0051,Ciudadela,Ranked,Vex,22,9,7,7,Victoria,1610,2026,5,Wednesday,1,1
4260,2026-04-16,05:29,J0049,Canales de Hielo,Casual,Koro;Magnus,20,2,4,0,Derrota,120,2026,4,Thursday,0,2
5657,2026-05-10,19:58,J0013,Canales de Hielo,Ranked,Vex,34,6,4,3,,1170,2026,5,Sunday,2,1
6098,2026-05-17,18:48,J0023,Ciudadela,Casual,Umbra;Lienzo,10,6,4,8,Victoria,22,2026,5,Sunday,2,2
5908,2026-05-14,16:39,J0045,Puerto Escarlata,Casual,Brisa,28,7,6,1,Victoria,1130,2026,5,Thursday,1,1
7374,2026-06-05,18:09,J0001,Bosque Umbral,Ranked,Umbra;Brisa,28,4,4,4,Derrota,,2026,6,Friday,1,2
2979,2026-03-22,11:30,J0007,Estacion Orbital,Casual,Umbra;Brisa,9,4,4,4,Victoria,1020,2026,3,Sunday,1,2
8931,2026-06-29,20:27,J0020,Estacion Orbital,Ranked,Vex;Nadia,39,9,3,4,Victoria,1540,2026,6,Monday,3,2
9372,2026-07-06,00:32,J0113,Canales de Hielo,Ranked,Tesla,44,6,9,4,Victoria,1120,2026,7,Monday,1,1
6722,2026-05-25,00:48,J0039,Ciudadela,Casual,Koro,15,9,8,4,Derrota,940,2026,5,Monday,1,1
7843,2026-06-13,10:22,J0200,Desierto Neon,Ranked,Tesla;Umbra,45,10,8,6,,1140,2026,6,Saturday,1,2
8835,2026-06-28,18:09,J0194,Canales de Hielo,Casual,Magnus,25,3,7,3,Victoria,810,2026,6,Sunday,0,1
3139,2026-03-25,15:02,J0030,Ciudadela,Ranked,Lienzo,25,3,5,4,Victoria,900,2026,3,Wednesday,1,1
1827,2026-02-28,21:31,J0129,Desierto Neon,Casual,Koro;Vex,13,8,5,3,Victoria,1350,2026,2,Saturday,2,2
5549,2026-05-08,18:03,J0075,Estacion Orbital,Casual,Brisa,8,5,2,5,Victoria,1210,2026,5,Friday,2,1
561,2026-01-30,17:48,J0067,Bosque Umbral,Ranked,Lienzo;Nadia,25,6,6,3,Derrota,630,2026,1,Friday,1,2
8876,2026-06-29,15:26,J0029,Ciudadela,Torneo,Nadia;Lienzo,14,0,3,4,Victoria,640,2026,6,Monday,0,2
5436,2026-05-06,18:23,J0012,Bosque Umbral,Ranked,Magnus;Lienzo;Nadia,22,6,3,4,Victoria,1240,2026,5,Wednesday,2,3
4438,2026-04-19,13:51,J0022,Bosque Umbral,Ranked,Umbra,34,8,8,9,Derrota,1090,2026,4,Sunday,1,1
1443,2026-02-20,17:32,J0051,Ciudadela,Ranked,Vex,22,2,6,4,Derrota,280,2026,2,Friday,0,1
4407,2026-04-19,17:31,J0012,Bosque Umbral,Torneo,Koro;Magnus;Nadia,28,2,9,5,Victoria,770,2026,4,Sunday,0,3
9606,2026-07-10,08:48,J0047,Ciudadela,Casual,Nadia;Magnus,10,5,6,4,Victoria,1080,2026,7,Friday,1,2
1690,2026-02-24,22:51,J0092,Desierto Neon,Casual,Brisa,8,7,4,2,Derrota,720,2026,2,Tuesday,2,1
9941,2026-07-14,05:34,J0199,Ciudadela,Ranked,Tesla,31,6,3,4,Victoria,1240,2026,7,Tuesday,2,1
9187,2026-07-04,18:24,J0017,Ciudadela,Casual,Vex,22,13,2,6,Derrota,1560,2026,7,Saturday,6,1
5963,2026-05-14,19:06,J0083,Bosque Umbral,Casual,Umbra;Nadia,9,3,2,4,Victoria,960,2026,5,Thursday,2,2
2497,2026-03-13,06:19,J0090,Ciudadela,Ranked,Magnus,38,5,4,5,Victoria,1170,2026,3,Friday,1,1
8265,2026-06-20,16:39,J0122,Ciudadela,Casual,Nadia;Koro;Brisa,8,7,5,4,Victoria,1300,2026,6,Saturday,1,3
341,2026-01-24,12:25,J0012,Bosque Umbral,Casual,Koro,30,4,2,5,Derrota,610,2026,1,Saturday,2,1
2409,2026-03-12,02:08,J0060,Estacion Orbital,Ranked,Magnus,22,1,6,5,Victoria,730,2026,3,Thursday,0,1
8425,2026-06-22,22:12,J0048,Puerto Escarlata,Casual,Tesla;Umbra;Brisa,23,4,11,4,Victoria,880,2026,6,Monday,0,3
5783,2026-05-11,18:57,J0050,Desierto Neon,Ranked,Brisa;Nadia,38,1,6,3,Victoria,630,2026,5,Monday,0,2
4577,2026-04-22,20:53,J0034,Desierto Neon,Ranked,Magnus,28,6,5,6,Derrota,800,2026,4,Wednesday,1,1
3726,2026-04-06,19:47,J0029,Canales de Hielo,Ranked,Tesla;Lienzo;Magnus,27,2,5,3,Victoria,750,2026,4,Monday,0,3
2786,2026-03-19,18:15,J0022,Desierto Neon,Ranked,Lienzo;Magnus,35,6,4,6,Victoria,1320,2026,3,Thursday,2,2
1013,2026-02-09,21:53,J0036,Ciudadela,Ranked,Lienzo,26,5,5,1,Derrota,450,2026,2,Monday,1,1
5281,2026-05-03,23:38,J0003,Ciudadela,Ranked,Magnus;Koro;Brisa,37,2,7,3,Victoria,710,2026,5,Sunday,0,3
4896,2026-04-27,17:22,J0077,Bosque Umbral,Ranked,,36,1,4,4,Derrota,220,2026,4,Monday,0,0
7122,2026-06-01,15:25,J0074,Puerto Escarlata,Casual,Lienzo,13,4,7,5,Derrota,510,2026,6,Monday,1,1
6550,2026-05-23,16:51,J0023,Bosque Umbral,Ranked,Umbra,22,6,5,5,Victoria,1250,2026,5,Saturday,1,1
4038,2026-04-12,23:53,J0020,Canales de Hielo,Ranked,Koro;Umbra,41,8,11,3,Derrota,730,2026,4,Sunday,1,2
149,2026-01-20,15:13,J0122,Puerto Escarlata,Ranked,Tesla;Nadia,23,9,9,5,Derrota,970,2026,1,Tuesday,1,2
286,2026-01-23,18:34,J0036,Bosque Umbral,Casual,Vex,32,8,4,4,Victoria,1420,2026,1,Friday,2,1
9725,2026-07-11,23:43,J0127,Estacion Orbital,Casual,Lienzo;Vex;Nadia,24,9,7,5,,1510,2026,7,Saturday,1,3
8476,2026-06-23,12:22,J0043,Bosque Umbral,Ranked,Magnus;Brisa,31,6,7,10,Victoria,1460,2026,6,Tuesday,1,2
6771,2026-05-26,09:17,J0004,Canales de Hielo,Casual,Lienzo,27,2,4,3,Victoria,770,2026,5,Tuesday,0,1
4444,2026-04-19,16:47,J0086,Puerto Escarlata,Ranked,Lienzo;Umbra,45,4,2,4,Derrota,560,2026,4,Sunday,2,2
7447,2026-06-06,02:36,J0200,Puerto Escarlata,Ranked,Lienzo,23,6,3,5,Derrota,790,2026,6,Saturday,2,1
237,2026-01-22,21:27,J0007,Bosque Umbral,Casual,Nadia,18,9,9,5,Derrota,970,2026,1,Thursday,1,1
9658,2026-07-11,21:30,J0031,Puerto Escarlata,Ranked,Nadia,24,4,7,4,Victoria,960,2026,7,Saturday,1,1
7124,2026-06-01,17:49,J0024,Desierto Neon,Casual,Brisa,9,4,5,3,Victoria,950,2026,6,Monday,1,1
8423,2026-06-22,10:26,J0118,Bosque Umbral,Torneo,Tesla,17,7,5,2,Derrota,700,2026,6,Monday,1,1
3084,2026-03-24,01:25,J0013,Puerto Escarlata,Casual,Nadia;Koro,25,5,6,4,Derrota,580,2026,3,Tuesday,1,2
633,2026-01-31,20:25,J0049,Puerto Escarlata,Casual,Brisa,17,4,5,2,Victoria,900,2026,1,Saturday,1,1
6814,2026-05-27,15:43,J0081,Desierto Neon,Casual,Brisa;Nadia,29,4,9,2,Victoria,820,2026,5,Wednesday,0,2
2494,2026-03-13,17:36,J0018,Bosque Umbral,Ranked,Nadia;Lienzo,45,4,4,3,Victoria,970,2026,3,Friday,1,2
2666,2026-03-16,11:17,J0095,Canales de Hielo,Casual,Tesla;Vex,21,10,8,4,Victoria,1540,2026,3,Monday,1,2
8561,2026-06-24,13:37,J0044,Bosque Umbral,Ranked,Lienzo,40,7,6,10,Derrota,1080,2026,6,Wednesday,1,1
8491,2026-06-23,18:42,J0015,Ciudadela,Ranked,Umbra;Nadia,37,8,5,3,Derrota,850,2026,6,Tuesday,2,2
8539,2026-06-24,11:35,J0006,Canales de Hielo,Casual,Umbra,18,8,5,8,Victoria,1600,2026,6,Wednesday,2,1
4212,2026-04-15,14:27,J0035,Puerto Escarlata,Ranked,Koro,26,11,9,1,Derrota,970,2026,4,Wednesday,1,1
3875,2026-04-09,22:45,J0082,Desierto Neon,Casual,Koro;Nadia,18,9,6,5,Derrota,1030,2026,4,Thursday,2,2
2818,2026-03-20,20:17,J0014,Estacion Orbital,Casual,Koro;Lienzo,12,2,2,3,Victoria,810,2026,3,Friday,1,2
8334,2026-06-21,17:46,J0019,Desierto Neon,Casual,Brisa;Tesla,15,4,2,1,Derrota,410,2026,6,Sunday,2,2
9889,2026-07-13,18:31,J0035,Bosque Umbral,Casual,Umbra;Tesla,14,6,4,6,Victoria,1320,2026,7,Monday,2,2
7427,2026-06-06,00:53,J0056,Estacion Orbital,Casual,Lienzo,8,5,4,3,Derrota,570,2026,6,Saturday,1,1
8671,2026-06-26,18:36,J0200,Canales de Hielo,Ranked,Vex;Lienzo,37,10,6,1,Derrota,930,2026,6,Friday,2,2
8542,2026-06-24,00:02,J0184,Desierto Neon,Ranked,Koro,45,5,4,6,Victoria,1220,2026,6,Wednesday,1,1
9998,2026-07-14,22:36,J0052,Bosque Umbral,Ranked,Nadia,24,5,1,3,Derrota,630,2026,7,Tuesday,5,1
1736,2026-02-25,23:55,J0086,Bosque Umbral,Ranked,Vex,38,4,10,6,Derrota,500,2026,2,Wednesday,0,1
7398,2026-06-06,19:00,J0009,Canales de Hielo,Ranked,Tesla,39,3,4,6,Derrota,520,2026,6,Saturday,1,1
4256,2026-04-16,17:55,J0102,Canales de Hielo,Casual,Vex,24,5,9,3,Derrota,470,2026,4,Thursday,1,1
8354,2026-06-21,21:58,J0001,Puerto Escarlata,Casual,Umbra,32,5,2,2,Victoria,1060,2026,6,Sunday,2,1
2476,2026-03-13,21:30,J0091,Puerto Escarlata,Casual,Lienzo,22,2,5,4,Victoria,800,2026,3,Friday,0,1
3714,2026-04-06,20:55,J0055,Desierto Neon,Ranked,Koro;Magnus,39,0,5,12,Victoria,1000,2026,4,Monday,0,2
9049,2026-07-01,00:47,J0002,Bosque Umbral,Casual,Lienzo;Magnus,9,10,3,5,Victoria,1690,2026,7,Wednesday,3,2
1805,2026-02-27,21:03,J0005,Puerto Escarlata,Casual,Lienzo,19,3,5,3,Derrota,350,2026,2,Friday,1,1
708,2026-02-02,16:56,J0129,Puerto Escarlata,Casual,Vex;Magnus,31,7,4,3,Victoria,1270,2026,2,Monday,2,2
9262,2026-07-05,18:13,J0087,Ciudadela,Casual,Tesla,14,4,9,2,Victoria,820,2026,7,Sunday,0,1
5190,2026-05-02,15:26,J0021,Canales de Hielo,Ranked,Nadia;Brisa,40,5,4,1,Victoria,970,2026,5,Saturday,1,2
5473,2026-05-07,07:25,J0087,Puerto Escarlata,Casual,Magnus;Nadia,16,10,2,7,Derrota,1310,2026,5,Thursday,5,2
73,2026-01-17,20:33,J0064,Estacion Orbital,Ranked,Brisa,34,4,8,2,Derrota,340,2026,1,Saturday,0,1
7844,2026-06-13,21:26,J0040,Ciudadela,Casual,Vex,11,9,2,4,Derrota,1060,2026,6,Saturday,4,1
5102,2026-04-30,18:05,J0018,Bosque Umbral,Casual,Nadia,12,4,5,7,Derrota,650,2026,4,Thursday,1,1
6765,2026-05-26,23:35,J0009,Canales de Hielo,Casual,Brisa,18,2,4,4,Victoria,820,2026,5,Tuesday,0,1
1126,2026-02-12,20:47,J0013,Estacion Orbital,Casual,Brisa,8,8,8,6,Derrota,940,2026,2,Thursday,1,1
1242,2026-02-15,08:54,J0021,Puerto Escarlata,Torneo,Magnus,14,7,1,7,Derrota,1030,2026,2,Sunday,7,1
8319,2026-06-20,00:49,J0100,Desierto Neon,Ranked,Vex;Koro,32,3,4,2,Derrota,320,2026,6,Saturday,1,2
2350,2026-03-10,03:32,J0019,Puerto Escarlata,Ranked,Magnus,37,6,2,3,Derrota,710,2026,3,Tuesday,3,1
6603,2026-05-24,18:38,J0043,Puerto Escarlata,Casual,Magnus,21,5,5,3,Derrota,550,2026,5,Sunday,1,1
6781,2026-05-27,11:09,J0114,Puerto Escarlata,Ranked,Koro;Tesla;Nadia,23,2,7,1,Victoria,610,2026,5,Wednesday,0,3
4359,2026-04-18,18:51,J0002,Desierto Neon,Torneo,Magnus;Umbra,16,7,6,2,Victoria,1180,2026,4,Saturday,1,2
1344,2026-02-17,01:13,J0004,Bosque Umbral,Casual,Umbra,28,3,7,2,Derrota,260,2026,2,Tuesday,0,1
8748,2026-06-27,17:25,J0029,Desierto Neon,Casual,Vex,17,4,7,2,Derrota,360,2026,6,Saturday,1,1
9648,2026-07-11,19:37,J0200,Bosque Umbral,Ranked,Umbra;Brisa,43,2,7,4,Derrota,260,2026,7,Saturday,0,2
6653,2026-05-24,18:00,J0003,Canales de Hielo,Casual,Vex,9,14,3,4,Victoria,2040,2026,5,Sunday,5,1
1101,2026-02-12,22:29,J0014,Canales de Hielo,Casual,,27,2,4,0,Victoria,620,2026,2,Thursday,0,0
7328,2026-06-05,19:51,J0072,Puerto Escarlata,Ranked,Koro,26,1,5,5,Derrota,250,2026,6,Friday,0,1
7623,2026-06-09,22:19,J0018,Bosque Umbral,Ranked,Vex,40,6,4,4,Derrota,620,2026,6,Tuesday,2,1
988,2026-02-09,07:26,J0076,Canales de Hielo,Casual,Brisa;Lienzo,31,4,2,5,Derrota,610,2026,2,Monday,2,2
2853,2026-03-20,19:34,J0011,Estacion Orbital,Casual,Vex;Tesla,25,7,5,5,,1350,2026,3,Friday,1,2
631,2026-01-31,22:37,J0130,Desierto Neon,Casual,Umbra,27,4,4,4,Derrota,520,2026,1,Saturday,1,1
1250,2026-02-15,20:22,J0076,Desierto Neon,Casual,Tesla,26,9,3,5,Victoria,1590,2026,2,Sunday,3,1
3180,2026-03-26,00:06,J0013,Estacion Orbital,Casual,Lienzo,19,3,3,5,Derrota,490,2026,3,Thursday,1,1
483,2026-01-27,21:44,J0050,Desierto Neon,Casual,Koro,20,3,5,1,Victoria,750,2026,1,Tuesday,1,1
3041,2026-03-23,18:39,J0143,Desierto Neon,Ranked,Magnus,32,5,7,6,Victoria,1160,2026,3,Monday,1,1
5011,2026-04-29,18:56,J0051,Estacion Orbital,Ranked,Magnus,27,5,5,7,Derrota,750,2026,4,Wednesday,1,1
9106,2026-07-02,08:43,J0026,Puerto Escarlata,Ranked,Lienzo,33,4,1,3,Victoria,1030,2026,7,Thursday,4,1
7001,2026-05-30,12:46,J0002,Bosque Umbral,Torneo,Nadia;Koro;Tesla,11,10,4,5,Victoria,1670,2026,5,Saturday,2,3
3274,2026-03-28,16:01,J0036,Estacion Orbital,Ranked,Lienzo,31,2,6,3,Victoria,730,2026,3,Saturday,0,1
7228,2026-06-03,16:46,J0049,Ciudadela,Casual,Lienzo,20,2,1,3,Victoria,830,2026,6,Wednesday,2,1
3684,2026-04-05,11:58,J0032,Estacion Orbital,Ranked,Tesla,36,6,3,4,Victoria,1240,2026,4,Sunday,2,1
6675,2026-05-25,00:41,J0105,Canales de Hielo,Ranked,Vex,31,16,5,4,Victoria,22,2026,5,Monday,3,1
6808,2026-05-27,18:10,J0083,Desierto Neon,Ranked,,30,4,6,4,Derrota,480,2026,5,Wednesday,1,0
9812,2026-07-12,09:10,J0011,Estacion Orbital,Ranked,Nadia,41,3,4,2,Victoria,820,2026,7,Sunday,1,1
1317,2026-02-17,21:36,J0006,Bosque Umbral,Casual,Lienzo;Umbra,20,8,3,4,Victoria,1440,2026,2,Tuesday,3,2
3226,2026-03-27,16:28,J0095,Canales de Hielo,Casual,Lienzo,19,4,5,7,Derrota,650,2026,3,Friday,1,1
1073,2026-02-11,21:26,J0115,Desierto Neon,Casual,Tesla,9,7,4,0,Derrota,620,2026,2,Wednesday,2,1
4816,2026-04-25,17:26,J0058,Canales de Hielo,Casual,Brisa,31,6,6,5,Victoria,1130,2026,4,Saturday,1,1
8525,2026-06-23,19:22,J0087,Bosque Umbral,Ranked,Lienzo;Koro;Magnus,37,6,5,3,Derrota,650,2026,6,Tuesday,1,3
5753,2026-05-11,18:39,J0200,Puerto Escarlata,Ranked,Vex,30,5,5,4,Derrota,600,2026,5,Monday,1,1
9216,2026-07-04,15:12,J0011,Ciudadela,Torneo,Vex,9,6,7,9,,1410,2026,7,Saturday,1,1
4617,2026-04-22,10:55,J0076,Estacion Orbital,Ranked,Koro;Umbra,30,5,5,2,Victoria,1000,2026,4,Wednesday,1,2
3098,2026-03-25,06:56,J0077,Estacion Orbital,Casual,Tesla,14,1,7,8,Derrota,360,2026,3,Wednesday,0,1
6870,2026-05-28,16:24,J0187,Bosque Umbral,Torneo,Koro,15,1,4,5,Derrota,270,2026,5,Thursday,0,1
1301,2026-02-16,16:16,J0039,Desierto Neon,Ranked,Magnus;Umbra,40,8,9,9,Derrota,1070,2026,2,Monday,1,2
7286,2026-06-04,14:25,J0130,Puerto Escarlata,Casual,Nadia;Umbra,21,4,5,7,Derrota,650,2026,6,Thursday,1,2
6285,2026-05-19,18:00,J0055,Canales de Hielo,Ranked,Tesla;Brisa,42,2,6,7,Victoria,930,2026,5,Tuesday,0,2
5496,2026-05-07,16:14,J0035,Puerto Escarlata,Torneo,Brisa;Lienzo,30,10,7,5,Derrota,1110,2026,5,Thursday,1,2
5292,2026-05-03,21:53,J0011,Desierto Neon,Casual,Umbra,16,3,4,2,Derrota,320,2026,5,Sunday,1,1
1799,2026-02-27,17:44,J0030,Desierto Neon,Ranked,Nadia,43,9,4,6,Derrota,1120,2026,2,Friday,2,1
5204,2026-05-02,03:03,J0069,Estacion Orbital,Casual,Tesla,13,2,8,6,,840,2026,5,Saturday,0,1
8228,2026-06-19,19:02,J0012,Canales de Hielo,Casual,Umbra;Tesla,30,5,5,3,Derrota,550,2026,6,Friday,1,2
5048,2026-04-30,19:34,J0123,Canales de Hielo,Casual,Tesla,29,5,5,3,Victoria,1050,2026,4,Thursday,1,1
6442,2026-05-22,18:42,J0033,Estacion Orbital,Ranked,Brisa,35,9,6,4,Victoria,1480,2026,5,Friday,2,1
8106,2026-06-17,14:11,J0031,Bosque Umbral,Casual,Brisa;Koro;Tesla,26,3,3,8,Derrota,640,2026,6,Wednesday,1,3
2360,2026-03-10,20:54,J0092,Desierto Neon,Casual,,29,15,2,2,Derrota,1560,2026,3,Tuesday,8,0
9451,2026-07-08,14:36,J0028,Puerto Escarlata,Casual,Nadia;Brisa,27,2,6,1,Derrota,130,2026,7,Wednesday,0,2
3655,2026-04-05,15:19,J0037,Ciudadela,Casual,Tesla,16,3,2,6,Victoria,1060,2026,4,Sunday,2,1
7053,2026-05-31,22:20,J0008,Desierto Neon,Casual,Vex,31,9,10,3,Derrota,850,2026,5,Sunday,1,1
1287,2026-02-16,15:05,J0134,Estacion Orbital,Ranked,Nadia;Magnus,22,6,8,1,Derrota,690,2026,2,Monday,1,2
9197,2026-07-04,09:27,J0048,Bosque Umbral,Casual,Brisa,11,7,4,3,,1270,2026,7,Saturday,2,1
4446,2026-04-19,19:55,J0021,Canales de Hielo,Ranked,Umbra,28,9,4,6,Victoria,1620,2026,4,Sunday,2,1
2138,2026-03-06,20:27,J0040,Desierto Neon,Casual,Magnus;Lienzo,19,5,5,5,Derrota,650,2026,3,Friday,1,2
6788,2026-05-27,04:33,J0020,Desierto Neon,Ranked,Vex,31,9,6,7,Victoria,1630,2026,5,Wednesday,2,1
9826,2026-07-12,23:39,J0069,Desierto Neon,Ranked,Brisa,31,6,4,5,,1270,2026,7,Sunday,2,1
9075,2026-07-02,00:27,J0014,Bosque Umbral,Casual,Tesla,29,3,6,7,Victoria,1030,2026,7,Thursday,0,1
9038,2026-07-01,12:41,J0013,Estacion Orbital,Casual,Magnus,27,2,4,2,Victoria,720,2026,7,Wednesday,0,1
6895,2026-05-29,15:36,J0034,Estacion Orbital,Ranked,Umbra,41,8,3,4,Derrota,940,2026,5,Friday,3,1
8638,2026-06-25,17:27,J0020,Bosque Umbral,Ranked,Umbra;Nadia;Magnus,26,8,10,4,Victoria,1300,2026,6,Thursday,1,3
7152,2026-06-02,20:36,J0200,Estacion Orbital,Casual,Koro;Tesla,18,5,6,4,Derrota,580,2026,6,Tuesday,1,2
964,2026-02-08,22:51,J0029,Puerto Escarlata,Ranked,Umbra;Brisa,22,2,3,6,Victoria,940,2026,2,Sunday,1,2
6013,2026-05-16,00:43,J0101,Ciudadela,Ranked,Vex;Nadia,31,12,4,3,Derrota,,2026,5,Saturday,3,2
4883,2026-04-26,06:05,J0020,Ciudadela,Casual,Koro,9,13,8,2,Derrota,1240,2026,4,Sunday,2,1
141,2026-01-19,21:12,J0003,Canales de Hielo,Casual,Koro;Brisa,23,9,11,0,Victoria,1180,2026,1,Monday,1,2
9103,2026-07-02,12:45,J0009,Estacion Orbital,Ranked,Umbra,44,2,5,3,Derrota,250,2026,7,Thursday,0,1
6937,2026-05-30,01:22,J0020,Ciudadela,Ranked,Lienzo;Tesla,41,6,3,7,Derrota,890,2026,5,Saturday,2,2
6543,2026-05-23,20:55,J0008,Desierto Neon,Casual,Brisa,20,3,5,5,Derrota,450,2026,5,Saturday,1,1
5244,2026-05-03,20:31,J0134,Ciudadela,Casual,Lienzo,14,2,7,6,Derrota,360,2026,5,Sunday,0,1
4432,2026-04-19,03:24,J0001,Puerto Escarlata,Ranked,Brisa,30,6,4,4,Victoria,1220,2026,4,Sunday,2,1
407,2026-01-26,10:33,J0028,Estacion Orbital,Ranked,Brisa,23,5,6,9,Victoria,1330,2026,1,Monday,1,1
8213,2026-06-19,13:34,J0022,Bosque Umbral,Ranked,Umbra;Magnus;Nadia,23,2,1,7,Victoria,1030,2026,6,Friday,2,3
8442,2026-06-22,23:21,J0005,Canales de Hielo,Casual,Tesla,10,4,5,3,Derrota,450,2026,6,Monday,1,1
8696,2026-06-26,19:31,J0083,Bosque Umbral,Ranked,Umbra,32,4,3,6,Victoria,1140,2026,6,Friday,1,1
8235,2026-06-19,06:58,J0016,Ciudadela,Ranked,Magnus,23,10,2,3,Derrota,1110,2026,6,Friday,5,1
4400,2026-04-18,17:03,J0065,Canales de Hielo,Casual,Nadia;Magnus,26,6,5,3,Victoria,750,2026,4,Saturday,1,2
5253,2026-05-03,17:35,J0007,Puerto Escarlata,Casual,,31,7,3,4,,1340,2026,5,Sunday,2,0
12,2026-01-16,18:18,J0016,Canales de Hielo,Ranked,Nadia,35,6,4,3,Derrota,670,2026,1,Friday,2,1
4761,2026-04-25,19:20,J0200,Estacion Orbital,Casual,Koro,31,6,7,4,Victoria,1360,2026,4,Saturday,1,1
1178,2026-02-14,00:02,J0137,Bosque Umbral,Torneo,Koro;Magnus,27,8,8,4,Victoria,1340,2026,2,Saturday,1,2
2864,2026-03-21,09:05,J0018,Estacion Orbital,Torneo,Koro;Tesla;Nadia,31,1,2,6,Victoria,860,2026,3,Saturday,0,3
6472,2026-05-22,19:17,J0193,Desierto Neon,Casual,,16,6,4,6,Victoria,1320,2026,5,Friday,2,0
6229,2026-05-19,11:12,J0022,Puerto Escarlata,Ranked,Brisa;Nadia;Vex,24,5,6,4,Victoria,1080,2026,5,Tuesday,1,3
2990,2026-03-22,00:20,J0063,Bosque Umbral,Ranked,Vex;Lienzo;Koro,38,7,5,6,Victoria,1400,2026,3,Sunday,1,3
7118,2026-06-01,14:09,J0027,Estacion Orbital,Ranked,Koro;Vex,37,5,5,6,Victoria,1200,2026,6,Monday,1,2
7011,2026-05-31,18:17,J0002,Bosque Umbral,Ranked,Magnus;Koro;Brisa,44,7,5,4,Derrota,800,2026,5,Sunday,1,3
8626,2026-06-25,21:17,J0143,Desierto Neon,Casual,Brisa,17,3,6,8,Derrota,580,2026,6,Thursday,0,1
1441,2026-02-20,14:41,J0054,Puerto Escarlata,Ranked,Tesla;Lienzo;Brisa,31,3,4,4,Victoria,920,2026,2,Friday,1,3
9821,2026-07-12,16:25,J0041,Bosque Umbral,Ranked,Tesla,32,4,3,4,,540,2026,7,Sunday,1,1
2876,2026-03-21,20:18,J0057,Desierto Neon,Casual,Brisa;Magnus;Lienzo,29,5,4,1,Victoria,970,2026,3,Saturday,1,3
9169,2026-07-04,16:57,J0049,Canales de Hielo,Ranked,Brisa;Vex;Lienzo,41,5,4,5,Derrota,670,2026,7,Saturday,1,3
8858,2026-06-28,01:15,J0003,Estacion Orbital,Casual,Magnus,24,10,6,7,Derrota,1230,2026,6,Sunday,2,1
7233,2026-06-03,02:20,J0024,Puerto Escarlata,Ranked,Lienzo,43,7,4,8,Derrota,1020,2026,6,Wednesday,2,1
3727,2026-04-06,19:41,J0077,Puerto Escarlata,Torneo,Magnus,9,4,5,6,Derrota,600,2026,4,Monday,1,1
2773,2026-03-19,10:49,J0022,Ciudadela,Ranked,Lienzo;Vex,39,5,8,4,Derrota,540,2026,3,Thursday,1,2
455,2026-01-27,18:53,J0072,Desierto Neon,Ranked,Umbra,45,3,10,7,Victoria,950,2026,1,Tuesday,0,1
8190,2026-06-18,17:32,J0080,Canales de Hielo,Ranked,Umbra;Magnus,31,2,3,2,Victoria,740,2026,6,Thursday,1,2
1368,2026-02-18,16:06,J0045,Estacion Orbital,Casual,Nadia;Umbra,29,6,5,5,Victoria,1250,2026,2,Wednesday,1,2
3713,2026-04-06,11:22,J0086,Ciudadela,Ranked,Umbra,31,6,4,5,,770,2026,4,Monday,2,1
9926,2026-07-13,19:23,J0011,Estacion Orbital,Ranked,Magnus;Koro,40,2,4,3,Victoria,770,2026,7,Monday,0,2
1389,2026-02-18,16:40,J0002,Estacion Orbital,Casual,Nadia,9,6,8,5,Victoria,1190,2026,2,Wednesday,1,1
1001,2026-02-09,08:20,J0121,Desierto Neon,Casual,Umbra,21,3,7,5,Derrota,410,2026,2,Monday,0,1
7762,2026-06-12,10:53,J0159,Ciudadela,Casual,Koro,8,5,7,2,Victoria,960,2026,6,Friday,1,1
3554,2026-04-03,22:40,J0010,Ciudadela,Torneo,Vex,27,13,2,3,Derrota,1410,2026,4,Friday,6,1
4115,2026-04-13,23:12,J0059,Desierto Neon,Ranked,Nadia;Tesla,23,4,4,0,Victoria,820,2026,4,Monday,1,2
1668,2026-02-24,17:49,J0061,Bosque Umbral,Ranked,Nadia,43,10,5,6,Derrota,1200,2026,2,Tuesday,2,1
3174,2026-03-26,20:50,J0125,Ciudadela,Torneo,Tesla;Koro,19,11,7,4,Victoria,1660,2026,3,Thursday,2,2
489,2026-01-28,21:14,J0004,Bosque Umbral,Torneo,Nadia,12,4,4,4,Victoria,1020,2026,1,Wednesday,1,1
3231,2026-03-27,20:37,J0002,Ciudadela,Ranked,,25,9,3,2,Victoria,1440,2026,3,Friday,3,0
3829,2026-04-08,20:05,J0198,Bosque Umbral,Casual,Umbra;Lienzo,20,6,7,7,Derrota,810,2026,4,Wednesday,1,2
8720,2026-06-27,16:57,J0076,Desierto Neon,Ranked,Vex;Tesla,45,8,4,2,Victoria,1320,2026,6,Saturday,2,2
5209,2026-05-02,19:31,J0115,Bosque Umbral,Casual,Tesla,14,7,5,5,Derrota,850,2026,5,Saturday,1,1
7849,2026-06-13,21:27,J0086,Estacion Orbital,Casual,Brisa,13,1,6,4,Derrota,180,2026,6,Saturday,0,1
5705,2026-05-10,19:32,J0040,Desierto Neon,Ranked,Brisa;Lienzo,37,2,8,1,Derrota,90,2026,5,Sunday,0,2
9713,2026-07-11,18:14,J0015,Ciudadela,Ranked,Magnus,22,6,8,4,Victoria,1140,2026,7,Saturday,1,1
8134,2026-06-17,21:21,J0075,Estacion Orbital,Ranked,Vex,26,8,8,4,Victoria,1340,2026,6,Wednesday,1,1
704,2026-02-02,19:12,J0048,Desierto Neon,Ranked,Tesla;Brisa,26,8,3,4,Derrota,940,2026,2,Monday,3,2
5106,2026-05-01,22:56,J0051,Ciudadela,Ranked,Tesla;Vex,41,5,4,4,Derrota,620,2026,5,Friday,1,2
8963,2026-06-30,21:27,J0031,Estacion Orbital,Ranked,Magnus,38,3,12,2,Victoria,660,2026,6,Tuesday,0,1
3292,2026-03-28,13:17,J0146,Desierto Neon,Ranked,Magnus;Umbra;Brisa,35,4,5,3,,950,2026,3,Saturday,1,3
8126,2026-06-17,14:44,J0026,Canales de Hielo,Ranked,Brisa;Umbra;Koro,32,3,6,3,,830,2026,6,Wednesday,0,3
9705,2026-07-11,23:47,J0014,Puerto Escarlata,Casual,Nadia;Lienzo,15,0,3,9,Victoria,890,2026,7,Saturday,0,2
9461,2026-07-08,00:42,J0126,Desierto Neon,Casual,Koro,23,3,6,3,Derrota,330,2026,7,Wednesday,0,1
4910,2026-04-27,17:44,J0075,Estacion Orbital,Ranked,Koro;Umbra,45,8,5,5,Derrota,950,2026,4,Monday,2,2
4441,2026-04-19,22:29,J0002,Ciudadela,Ranked,Vex;Umbra,32,5,11,4,Derrota,480,2026,4,Sunday,0,2
987,2026-02-09,21:06,J0123,Puerto Escarlata,Casual,Tesla;Magnus;Koro,13,3,4,0,Derrota,220,2026,2,Monday,1,3
9307,2026-07-05,20:47,J0028,Estacion Orbital,Torneo,Vex;Brisa;Magnus,13,7,8,3,Victoria,1190,2026,7,Sunday,1,3
9133,2026-07-03,19:51,J0028,Desierto Neon,Casual,Brisa,23,6,2,4,Derrota,760,2026,7,Friday,3,1
7706,2026-06-11,20:02,J0086,Bosque Umbral,Casual,Brisa;Tesla;Nadia,21,6,6,1,Victoria,1030,2026,6,Thursday,1,3
6258,2026-05-19,17:02,J0131,Estacion Orbital,Casual,Nadia,32,5,7,3,Derrota,510,2026,5,Tuesday,1,1
6090,2026-05-17,12:17,J0120,Estacion Orbital,Ranked,,32,5,4,4,Derrota,620,2026,5,Sunday,1,0
5239,2026-05-03,19:04,J0034,Bosque Umbral,Ranked,Brisa,23,8,6,4,Derrota,880,2026,5,Sunday,1,1
1199,2026-02-14,19:27,J0051,Puerto Escarlata,Ranked,Brisa,23,5,6,9,Derrota,830,2026,2,Saturday,1,1
9141,2026-07-03,15:47,J0151,Puerto Escarlata,Ranked,Vex;Koro,43,3,4,2,Derrota,320,2026,7,Friday,1,2
7520,2026-06-07,22:23,J0024,Bosque Umbral,Ranked,Magnus,36,5,2,3,Derrota,610,2026,6,Sunday,2,1
6813,2026-05-27,12:00,J0018,Ciudadela,Casual,Umbra,11,1,2,3,Victoria,710,2026,5,Wednesday,0,1
8321,2026-06-20,14:25,J0085,Canales de Hielo,Casual,Lienzo;Umbra,10,8,2,2,Derrota,860,2026,6,Saturday,4,2
7176,2026-06-02,18:15,J0020,Ciudadela,Casual,Lienzo,28,5,8,1,Victoria,890,2026,6,Tuesday,1,1
4471,2026-04-20,08:33,J0133,Puerto Escarlata,Casual,Nadia,25,3,2,6,Victoria,1060,2026,4,Monday,2,1
892,2026-02-07,19:32,J0044,Canales de Hielo,Ranked,Tesla,40,10,4,3,Derrota,1070,2026,2,Saturday,2,1
1970,2026-03-02,22:21,J0029,Canales de Hielo,Ranked,Vex,34,5,5,3,Derrota,550,2026,3,Monday,1,1
5758,2026-05-11,12:11,J0087,Puerto Escarlata,Ranked,Koro,30,4,0,2,Victoria,1000,2026,5,Monday,,1
6528,2026-05-23,19:10,J0014,Estacion Orbital,Casual,Lienzo,21,3,6,9,Victoria,1130,2026,5,Saturday,0,1
6295,2026-05-20,20:11,J0067,Estacion Orbital,Casual,Vex;Tesla;Nadia,30,4,6,3,Victoria,930,2026,5,Wednesday,1,3
7596,2026-06-09,20:05,J0024,Puerto Escarlata,Ranked,Nadia,27,4,1,4,Derrota,580,2026,6,Tuesday,4,1
3250,2026-03-28,13:37,J0200,Ciudadela,Casual,Koro,15,6,3,3,Victoria,1190,2026,3,Saturday,2,1
6571,2026-05-23,19:17,J0027,Estacion Orbital,Casual,Vex,29,9,5,4,Derrota,1000,2026,5,Saturday,2,1
6639,2026-05-24,17:41,J0102,Puerto Escarlata,Ranked,Lienzo,44,3,5,7,Victoria,1050,2026,5,Sunday,1,1
7352,2026-06-05,19:09,J0044,Desierto Neon,Ranked,Vex,41,17,3,6,Victoria,24,2026,6,Friday,6,1
9243,2026-07-05,03:49,J0007,Canales de Hielo,Casual,Vex;Nadia,18,11,2,3,Victoria,1710,2026,7,Sunday,6,2
7474,2026-06-07,17:20,J0106,Canales de Hielo,Ranked,Umbra,39,5,6,3,Victoria,1030,2026,6,Sunday,1,1
8742,2026-06-27,17:31,J0044,Bosque Umbral,Casual,Brisa,27,9,6,4,Victoria,1480,2026,6,Saturday,2,1
1240,2026-02-15,12:25,J0033,Bosque Umbral,Ranked,Brisa,27,11,5,4,Derrota,1200,2026,2,Sunday,2,1
2290,2026-03-09,15:45,J0044,Estacion Orbital,Casual,Koro;Tesla;Umbra,20,7,2,3,Derrota,810,2026,3,Monday,4,3
2741,2026-03-18,13:49,J0040,Estacion Orbital,Casual,Lienzo,12,1,2,4,Derrota,260,2026,3,Wednesday,0,1
4586,2026-04-22,15:55,J0071,Estacion Orbital,Ranked,Magnus;Brisa,34,6,3,3,Derrota,690,2026,4,Wednesday,2,2
1230,2026-02-15,20:18,J0036,Desierto Neon,Ranked,Brisa,36,5,4,1,Victoria,970,2026,2,Sunday,1,1
6981,2026-05-30,10:31,J0021,Bosque Umbral,Torneo,Koro,22,12,6,8,Derrota,1480,2026,5,Saturday,2,1
5179,2026-05-02,19:11,J0092,Desierto Neon,Casual,Vex,14,8,7,5,Derrota,910,2026,5,Saturday,1,1
4294,2026-04-17,19:39,J0034,Bosque Umbral,Casual,Koro,8,8,6,5,,930,2026,4,Friday,1,1
1059,2026-02-11,00:00,J0095,Bosque Umbral,Casual,Magnus,31,11,5,5,Derrota,1250,2026,2,Wednesday,2,1
6263,2026-05-19,20:54,J0107,Desierto Neon,Casual,Brisa;Umbra,16,3,4,3,Victoria,870,2026,5,Tuesday,1,2
282,2026-01-23,19:17,J0091,Canales de Hielo,Torneo,Lienzo;Nadia;Umbra,20,5,5,8,Victoria,1300,2026,1,Friday,1,3
969,2026-02-08,20:00,J0033,Estacion Orbital,Ranked,Magnus,37,7,7,4,Victoria,1260,2026,2,Sunday,1,1
3954,2026-04-10,15:55,J0006,Bosque Umbral,Torneo,Koro,13,7,6,4,Victoria,1280,2026,4,Friday,1,1
1940,2026-03-01,17:06,J0015,Ciudadela,Casual,Magnus,12,12,5,7,Derrota,1450,2026,3,Sunday,2,1
10000,2026-07-14,23:47,J0044,Desierto Neon,Torneo,Vex;Brisa,20,10,4,4,Victoria,1620,2026,7,Tuesday,2,2
1275,2026-02-15,17:20,J0058,Puerto Escarlata,Ranked,Lienzo;Tesla,27,2,5,8,,500,2026,2,Sunday,0,2
620,2026-01-31,20:48,J0069,Estacion Orbital,Ranked,Nadia;Umbra,39,3,6,5,Victoria,930,2026,1,Saturday,0,2
9994,2026-07-14,21:42,J0025,Canales de Hielo,Ranked,Koro,35,7,3,5,Derrota,890,2026,7,Tuesday,2,1
1743,2026-02-25,14:54,J0080,Bosque Umbral,Ranked,Nadia,26,4,4,6,Derrota,620,2026,2,Wednesday,1,1
1391,2026-02-18,17:53,J0083,Estacion Orbital,Ranked,Magnus,26,3,5,3,Victoria,850,2026,2,Wednesday,1,1
2204,2026-03-07,21:53,J0005,Desierto Neon,Ranked,Lienzo,40,4,6,2,Victoria,880,2026,3,Saturday,1,1
3569,2026-04-03,21:55,J0120,Estacion Orbital,Ranked,Koro;Vex,34,6,5,1,Victoria,650,2026,4,Friday,1,2
6117,2026-05-17,20:51,J0010,Desierto Neon,Casual,Umbra,8,4,5,3,Victoria,950,2026,5,Sunday,1,1
6053,2026-05-16,18:26,J0037,Canales de Hielo,Casual,Vex,8,8,3,4,,940,2026,5,Saturday,3,1
3179,2026-03-26,15:36,J0076,Estacion Orbital,Ranked,Tesla,26,6,10,3,Derrota,450,2026,3,Thursday,1,1
3193,2026-03-27,11:16,J0037,Estacion Orbital,Ranked,Brisa,35,1,3,7,Derrota,390,2026,3,Friday,0,1
6100,2026-05-17,20:12,J0066,Puerto Escarlata,Ranked,Magnus;Koro;Umbra,40,13,4,8,Victoria,,2026,5,Sunday,3,3
7030,2026-05-31,23:56,J0143,Ciudadela,Torneo,Nadia;Brisa,31,3,2,5,Derrota,510,2026,5,Sunday,2,2
576,2026-01-30,21:10,J0031,Estacion Orbital,Ranked,Umbra,22,4,1,1,Derrota,,2026,1,Friday,4,1
6657,2026-05-25,17:52,J0007,Bosque Umbral,Ranked,Magnus,42,6,6,5,Derrota,730,2026,5,Monday,1,1
7116,2026-06-01,21:40,J0040,Canales de Hielo,Casual,Koro,23,2,3,2,Victoria,740,2026,6,Monday,1,1
8872,2026-06-28,16:36,J0095,Ciudadela,Torneo,Brisa,9,11,5,3,Derrota,1150,2026,6,Sunday,2,1
6277,2026-05-19,22:41,J0101,Estacion Orbital,Casual,Magnus,9,5,4,9,Derrota,870,2026,5,Tuesday,1,1
9055,2026-07-01,12:35,J0002,Desierto Neon,Ranked,Umbra,35,6,6,1,Derrota,530,2026,7,Wednesday,1,1
5898,2026-05-13,16:28,J0047,Puerto Escarlata,Ranked,Vex,32,12,6,2,Victoria,1680,2026,5,Wednesday,2,1
5725,2026-05-10,21:43,J0011,Estacion Orbital,Casual,Magnus;Umbra,20,5,2,0,Victoria,960,2026,5,Sunday,2,2
270,2026-01-23,10:44,J0074,Canales de Hielo,Ranked,Brisa,32,4,7,2,Victoria,860,2026,1,Friday,1,1
630,2026-01-31,08:55,J0086,Estacion Orbital,Ranked,Tesla,29,4,6,6,Derrota,580,2026,1,Saturday,1,1
3082,2026-03-24,23:02,J0022,Bosque Umbral,Casual,Vex;Brisa,29,13,2,9,Victoria,22,2026,3,Tuesday,6,2
3467,2026-03-31,16:54,J0082,Ciudadela,Casual,Lienzo,23,7,5,3,Victoria,1250,2026,3,Tuesday,1,1
6431,2026-05-21,21:00,J0066,Ciudadela,Ranked,Vex,32,16,7,4,Victoria,22,2026,5,Thursday,2,1
9382,2026-07-07,08:05,J0084,Ciudadela,Torneo,Umbra,13,6,7,4,Derrota,660,2026,7,Tuesday,1,1
7063,2026-05-31,23:15,J0011,Puerto Escarlata,Ranked,Umbra,38,5,7,4,Derrota,560,2026,5,Sunday,1,1
9801,2026-07-12,20:29,J0032,Ciudadela,Casual,Magnus;Umbra;Koro,17,3,2,3,Victoria,910,2026,7,Sunday,2,3
5544,2026-05-08,08:22,J0200,Puerto Escarlata,Ranked,Magnus,25,4,7,4,Derrota,460,2026,5,Friday,1,1
4357,2026-04-18,10:09,J0025,Ciudadela,Ranked,Koro,24,6,3,2,Victoria,1140,2026,4,Saturday,2,1
2114,2026-03-05,22:12,J0016,Puerto Escarlata,Casual,Tesla,28,5,2,5,Derrota,710,2026,3,Thursday,2,1
8220,2026-06-19,18:36,J0068,Puerto Escarlata,Casual,Nadia,29,5,3,6,Derrota,740,2026,6,Friday,2,1
3217,2026-03-27,19:36,J0165,Puerto Escarlata,Casual,Nadia,10,2,5,3,Victoria,750,2026,3,Friday,0,1
3815,2026-04-08,17:07,J0200,Desierto Neon,Casual,Umbra,17,9,5,4,Victoria,,2026,4,Wednesday,2,1
8322,2026-06-20,18:57,J0074,Puerto Escarlata,Torneo,Brisa,18,3,2,8,Derrota,660,2026,6,Saturday,2,1
8658,2026-06-26,22:42,J0033,Estacion Orbital,Ranked,Magnus,38,9,5,4,Victoria,1500,2026,6,Friday,2,1
2279,2026-03-08,17:41,J0197,Puerto Escarlata,Ranked,Koro,23,4,2,4,Victoria,1060,2026,3,Sunday,2,1
4600,2026-04-22,16:18,J0180,Estacion Orbital,Casual,Vex,20,14,6,8,Derrota,1680,2026,4,Wednesday,2,1
14,2026-01-16,13:55,J0066,Canales de Hielo,Ranked,Magnus;Umbra,26,4,1,4,Derrota,580,2026,1,Friday,4,2
9296,2026-07-05,17:43,J0101,Ciudadela,Ranked,Lienzo;Tesla,33,7,4,3,Victoria,1270,2026,7,Sunday,2,2
1526,2026-02-21,09:54,J0028,Desierto Neon,Casual,Lienzo,19,8,6,5,Derrota,930,2026,2,Saturday,1,1
2366,2026-03-10,07:06,J0077,Desierto Neon,Ranked,Magnus,39,4,9,5,Victoria,970,2026,3,Tuesday,0,1
4649,2026-04-23,22:59,J0081,Estacion Orbital,Casual,Koro;Nadia,29,8,8,4,Victoria,1340,2026,4,Thursday,1,2
375,2026-01-25,20:17,J0093,Desierto Neon,Torneo,Koro,9,4,5,6,Derrota,600,2026,1,Sunday,1,1
8589,2026-06-25,09:57,J0067,Ciudadela,Ranked,Koro,38,5,3,5,Derrota,690,2026,6,Thursday,2,1
6478,2026-05-22,13:33,J0148,Puerto Escarlata,Ranked,Koro,38,5,5,2,Victoria,1000,2026,5,Friday,1,1
526,2026-01-29,20:16,J0017,Puerto Escarlata,Ranked,Brisa;Nadia,43,6,9,3,Derrota,570,2026,1,Thursday,1,2
6896,2026-05-29,23:43,J0032,Estacion Orbital,Casual,Vex,13,11,3,8,Victoria,1940,2026,5,Friday,4,1
3592,2026-04-04,19:55,J0028,Puerto Escarlata,Ranked,Lienzo,27,6,5,4,Derrota,700,2026,4,Saturday,1,1
7905,2026-06-14,18:13,J0014,Estacion Orbital,Casual,Koro,31,7,3,0,Derrota,640,2026,6,Sunday,2,1
2959,2026-03-22,20:19,J0070,Bosque Umbral,Casual,Brisa;Vex;Magnus,13,4,3,4,Victoria,1040,2026,3,Sunday,1,3
530,2026-01-29,20:14,J0112,Ciudadela,Ranked,Nadia;Umbra;Vex,41,6,4,5,Victoria,1270,2026,1,Thursday,2,3
3715,2026-04-06,19:23,J0039,Puerto Escarlata,Ranked,Lienzo;Umbra;Koro,27,8,5,7,Derrota,1050,2026,4,Monday,2,3
4733,2026-04-24,23:37,J0035,Desierto Neon,Ranked,Nadia;Magnus,36,9,5,5,Victoria,1550,2026,4,Friday,2,2
1395,2026-02-18,13:59,J0080,Desierto Neon,Casual,Brisa;Lienzo,15,7,6,3,Victoria,1230,2026,2,Wednesday,1,2
5632,2026-05-09,14:26,J0021,Desierto Neon,Ranked,Umbra,23,7,2,6,Derrota,960,2026,5,Saturday,4,1
6564,2026-05-23,18:33,J0002,Bosque Umbral,Ranked,Umbra,31,12,2,0,,1160,2026,5,Saturday,6,1
4704,2026-04-24,20:17,J0065,Estacion Orbital,Casual,Koro,24,4,6,6,Derrota,580,2026,4,Friday,1,1
1713,2026-02-25,20:43,J0029,Estacion Orbital,Ranked,Nadia,40,8,9,1,Victoria,1170,2026,2,Wednesday,1,1
9829,2026-07-12,01:50,J0051,Ciudadela,Ranked,Umbra,22,1,4,2,Victoria,620,2026,7,Sunday,0,1
956,2026-02-08,02:00,J0046,Canales de Hielo,Casual,Magnus;Umbra,27,6,5,8,Derrota,900,2026,2,Sunday,1,2
6676,2026-05-25,18:44,J0017,Ciudadela,Casual,Umbra,19,3,5,5,Derrota,450,2026,5,Monday,1,1
3454,2026-03-31,16:22,J0036,Estacion Orbital,Torneo,Koro,21,4,5,4,Derrota,500,2026,3,Tuesday,1,1
2072,2026-03-04,18:30,J0071,Canales de Hielo,Casual,Vex;Brisa,24,9,8,5,Derrota,990,2026,3,Wednesday,1,2
9814,2026-07-12,18:03,J0016,Estacion Orbital,Ranked,Tesla,25,9,4,6,Derrota,1120,2026,7,Sunday,2,1
159,2026-01-20,17:54,J0109,Canales de Hielo,Torneo,Nadia,10,5,8,8,Victoria,1240,2026,1,Tuesday,1,1
7006,2026-05-31,20:08,J0031,Bosque Umbral,Casual,Magnus,10,3,3,9,Victoria,1190,2026,5,Sunday,1,1
353,2026-01-25,13:02,J0005,Puerto Escarlata,Casual,Nadia,12,14,8,1,Derrota,1290,2026,1,Sunday,2,1
6079,2026-05-16,17:07,J0124,Puerto Escarlata,Ranked,Lienzo;Umbra,37,1,5,3,Victoria,650,2026,5,Saturday,0,2
6237,2026-05-19,23:22,J0078,Bosque Umbral,Casual,Vex;Nadia,29,10,4,4,Derrota,1120,2026,5,Tuesday,2,2
2921,2026-03-21,16:34,J0006,Bosque Umbral,Casual,Lienzo;Tesla,10,4,6,3,Derrota,430,2026,3,Saturday,1,2
8504,2026-06-23,23:22,J0009,Canales de Hielo,Casual,,24,4,8,2,Derrota,340,2026,6,Tuesday,0,0
4645,2026-04-23,21:35,J0021,Ciudadela,Ranked,Nadia;Magnus,34,7,8,0,Derrota,540,2026,4,Thursday,1,2
662,2026-02-01,17:38,J0066,Bosque Umbral,Casual,Lienzo,17,9,7,3,Victoria,1410,2026,2,Sunday,1,1
7058,2026-05-31,20:21,J0012,Puerto Escarlata,Ranked,Koro,37,5,4,6,Derrota,720,2026,5,Sunday,1,1
3666,2026-04-05,15:24,J0122,Bosque Umbral,Casual,Magnus;Brisa;Umbra,26,6,4,2,Derrota,620,2026,4,Sunday,2,3
7980,2026-06-15,15:24,J0073,Ciudadela,Casual,Umbra;Vex,23,4,6,2,Derrota,380,2026,6,Monday,1,2
307,2026-01-24,17:14,J0109,Bosque Umbral,Ranked,Tesla;Brisa,24,6,4,5,Victoria,1270,2026,1,Saturday,2,2
4791,2026-04-25,19:54,J0087,Ciudadela,Ranked,Tesla;Vex;Koro,25,7,4,3,Victoria,1270,2026,4,Saturday,2,3
2357,2026-03-10,15:25,J0154,Estacion Orbital,Casual,Vex,21,7,6,6,Victoria,1380,2026,3,Tuesday,1,1
1928,2026-03-01,19:49,J0105,Desierto Neon,Ranked,Koro,28,8,6,5,Victoria,1430,2026,3,Sunday,1,1
9402,2026-07-07,18:47,J0086,Canales de Hielo,Ranked,Umbra;Lienzo,24,5,5,5,Victoria,1150,2026,7,Tuesday,1,2
3428,2026-03-31,07:54,J0004,Ciudadela,Casual,Magnus,24,6,7,4,Victoria,,2026,3,Tuesday,1,1
3639,2026-04-04,18:25,J0113,Estacion Orbital,Ranked,Tesla,33,3,4,2,Derrota,320,2026,4,Saturday,1,1
1267,2026-02-15,21:39,J0128,Ciudadela,Casual,Vex;Tesla,27,5,2,2,Derrota,560,2026,2,Sunday,2,2
1561,2026-02-21,19:42,J0071,Bosque Umbral,Torneo,Koro,10,5,6,8,Victoria,1280,2026,2,Saturday,1,1
7180,2026-06-02,17:46,J0038,Ciudadela,Casual,Nadia;Brisa,21,4,1,3,Derrota,530,2026,6,Tuesday,4,2
4110,2026-04-13,18:57,J0041,Estacion Orbital,Casual,Vex,24,8,7,4,Victoria,1360,2026,4,Monday,1,1
7868,2026-06-13,21:33,J0015,Bosque Umbral,Ranked,Tesla,39,1,5,5,Victoria,750,2026,6,Saturday,0,1
4905,2026-04-27,22:48,J0045,Ciudadela,Casual,Umbra,14,6,6,3,Derrota,830,2026,4,Monday,1,1
7295,2026-06-04,18:32,J0127,Ciudadela,Ranked,Tesla,32,4,6,1,Victoria,830,2026,6,Thursday,1,1
515,2026-01-28,08:49,J0200,Desierto Neon,Casual,Lienzo,10,6,4,3,Derrota,670,2026,1,Wednesday,2,1
895,2026-02-07,10:41,J0137,Ciudadela,Casual,Brisa,11,4,8,2,Victoria,840,2026,2,Saturday,0,1
22,2026-01-16,20:11,J0075,Puerto Escarlata,Ranked,Vex,38,8,8,2,Victoria,1240,2026,1,Friday,1,1
900,2026-02-07,17:39,J0002,Estacion Orbital,Ranked,,25,5,1,4,Derrota,680,2026,2,Saturday,5,0
208,2026-01-21,19:20,J0040,Desierto Neon,Casual,Koro,26,2,6,1,Derrota,130,2026,1,Wednesday,0,1
459,2026-01-27,22:38,J0002,Ciudadela,Casual,Nadia,22,10,7,3,Victoria,1510,2026,1,Tuesday,1,1
2431,2026-03-12,23:29,J0002,Desierto Neon,Ranked,Tesla,44,7,7,3,Victoria,1210,2026,3,Thursday,1,1
8443,2026-06-22,22:21,J0077,Ciudadela,Ranked,Brisa,25,5,12,2,Victoria,860,2026,6,Monday,0,1
3390,2026-03-30,22:00,J0010,Puerto Escarlata,Ranked,Nadia;Vex;Lienzo,26,10,8,6,Victoria,1640,2026,3,Monday,1,3
3912,2026-04-09,09:23,J0200,Bosque Umbral,Casual,Brisa;Nadia;Tesla,11,9,8,6,Victoria,1540,2026,4,Thursday,1,3
5384,2026-05-05,01:03,J0047,Estacion Orbital,Ranked,Nadia;Tesla;Koro,36,5,5,4,Derrota,600,2026,5,Tuesday,1,3
553,2026-01-29,12:12,J0092,Desierto Neon,Torneo,Tesla;Vex,23,7,5,3,Victoria,1250,2026,1,Thursday,1,2
3145,2026-03-25,19:54,J0056,Puerto Escarlata,Casual,Umbra,14,4,5,1,Victoria,850,2026,3,Wednesday,1,1
6918,2026-05-29,19:33,J0001,Puerto Escarlata,Casual,Magnus,30,3,5,4,Derrota,400,2026,5,Friday,1,1
2057,2026-03-04,22:08,J0027,Canales de Hielo,Casual,Umbra,29,5,7,5,Victoria,1110,2026,3,Wednesday,1,1
1926,2026-03-01,05:31,J0014,Desierto Neon,Ranked,Magnus;Umbra,30,1,6,5,Victoria,730,2026,3,Sunday,0,2
635,2026-01-31,02:36,J0074,Desierto Neon,Ranked,Vex,39,7,3,4,Derrota,840,2026,1,Saturday,2,1
6083,2026-05-16,20:49,J0016,Canales de Hielo,Casual,Umbra,8,12,7,4,Derrota,1260,2026,5,Saturday,2,1
8509,2026-06-23,18:25,J0050,Canales de Hielo,Ranked,Vex,42,5,7,3,Victoria,1010,2026,6,Tuesday,1,1
9341,2026-07-06,20:36,J0159,Puerto Escarlata,Ranked,Vex,33,10,4,3,Derrota,1070,2026,7,Monday,2,1
9752,2026-07-12,18:49,J0009,Ciudadela,Ranked,Tesla,41,2,3,2,Derrota,240,2026,7,Sunday,1,1
106,2026-01-18,16:07,J0197,Estacion Orbital,Ranked,Magnus;Lienzo,28,4,7,5,Derrota,510,2026,1,Sunday,1,2
3042,2026-03-23,16:41,J0179,Bosque Umbral,Ranked,Magnus;Vex,30,17,3,5,Victoria,24,2026,3,Monday,6,2
1710,2026-02-25,08:30,J0015,Canales de Hielo,Ranked,Nadia,23,6,2,4,Victoria,1260,2026,2,Wednesday,3,1
90,2026-01-18,14:37,J0063,Canales de Hielo,Casual,Koro,23,7,5,4,Victoria,1300,2026,1,Sunday,1,1
7015,2026-05-31,20:02,J0084,Ciudadela,Ranked,Magnus,42,10,7,1,Victoria,1410,2026,5,Sunday,1,1
3175,2026-03-26,05:31,J0050,Estacion Orbital,Casual,Koro,32,2,3,4,Derrota,340,2026,3,Thursday,1,1
918,2026-02-07,09:46,J0010,Canales de Hielo,Ranked,Magnus,43,1,4,3,Victoria,670,2026,2,Saturday,0,1
7834,2026-06-13,23:22,J0021,Bosque Umbral,Ranked,Lienzo,44,7,5,4,Derrota,800,2026,6,Saturday,1,1
6733,2026-05-26,05:38,J0014,Estacion Orbital,Casual,Koro;Lienzo,26,5,8,9,Victoria,1290,2026,5,Tuesday,1,2
1950,2026-03-02,20:44,J0080,Puerto Escarlata,Torneo,Koro,23,3,8,4,Derrota,340,2026,3,Monday,0,1
6369,2026-05-21,08:17,J0065,Puerto Escarlata,Casual,Vex,27,9,5,1,Derrota,,2026,5,Thursday,2,1
2,2026-01-16,17:44,J0022,Ciudadela,Ranked,Nadia;Lienzo,30,10,7,1,Victoria,1410,2026,1,Friday,1,2
8033,2026-06-16,21:08,J0034,Estacion Orbital,Casual,Umbra,14,11,3,2,Derrota,1140,2026,6,Tuesday,4,1
6048,2026-05-16,19:52,J0014,Desierto Neon,Ranked,Magnus;Vex,42,4,7,9,Derrota,710,2026,5,Saturday,1,2
2721,2026-03-17,17:46,J0041,Desierto Neon,Ranked,Magnus;Tesla;Brisa,38,2,7,1,Derrota,110,2026,3,Tuesday,0,3
9886,2026-07-13,16:30,J0163,Bosque Umbral,Casual,Nadia,30,12,5,2,Derrota,1200,2026,7,Monday,2,1
3118,2026-03-25,18:14,J0200,Ciudadela,Ranked,Tesla;Brisa,39,6,6,2,Victoria,1080,2026,3,Wednesday,1,2
9538,2026-07-09,20:06,J0017,Bosque Umbral,Torneo,Lienzo;Vex,30,1,3,5,Victoria,790,2026,7,Thursday,0,2
3763,2026-04-07,13:30,J0012,Bosque Umbral,Casual,Umbra;Vex,14,8,4,2,,1320,2026,4,Tuesday,2,2
214,2026-01-21,20:36,J0024,Bosque Umbral,Casual,Umbra,12,4,7,3,Derrota,410,2026,1,Wednesday,1,1
779,2026-02-04,14:05,J0033,Estacion Orbital,Ranked,Tesla,42,5,5,5,Derrota,650,2026,2,Wednesday,1,1
3497,2026-04-01,21:15,J0155,Bosque Umbral,Ranked,Vex;Lienzo;Magnus,31,10,4,4,Derrota,1120,2026,4,Wednesday,2,3
8887,2026-06-29,19:23,J0001,Ciudadela,Ranked,Lienzo;Nadia,27,9,11,2,Derrota,,2026,6,Monday,1,2
2044,2026-03-04,14:43,J0032,Bosque Umbral,Ranked,Vex;Umbra,31,14,7,6,Victoria,2060,2026,3,Wednesday,2,2
5421,2026-05-06,20:53,J0005,Ciudadela,Ranked,Tesla;Umbra,23,9,5,6,Victoria,1600,2026,5,Wednesday,2,2
6155,2026-05-17,21:14,J0008,Bosque Umbral,Casual,Brisa;Lienzo,25,2,8,2,Victoria,640,2026,5,Sunday,0,2
8358,2026-06-21,00:55,J0041,Bosque Umbral,Casual,Nadia,28,3,2,5,Victoria,1010,2026,6,Sunday,2,1
8776,2026-06-27,09:22,J0067,Desierto Neon,Ranked,Magnus,24,5,7,2,Victoria,960,2026,6,Saturday,1,1
8466,2026-06-22,18:00,J0042,Puerto Escarlata,Casual,Lienzo,13,3,1,3,Derrota,430,2026,6,Monday,3,1
4168,2026-04-14,18:25,J0017,Estacion Orbital,Casual,Vex,13,13,6,2,Derrota,1280,2026,4,Tuesday,2,1
3789,2026-04-07,17:14,J0010,Ciudadela,Casual,Magnus,10,6,8,2,Victoria,1040,2026,4,Tuesday,1,1
8587,2026-06-25,03:46,J0147,Bosque Umbral,Ranked,Umbra;Magnus,23,5,2,3,Victoria,1110,2026,6,Thursday,2,2
584,2026-01-30,16:40,J0041,Puerto Escarlata,Casual,Brisa,13,0,9,6,Derrota,120,2026,1,Friday,0,1
9986,2026-07-14,18:08,J0191,Desierto Neon,Ranked,Koro;Nadia;Lienzo,28,8,1,3,Victoria,1430,2026,7,Tuesday,8,3
117,2026-01-19,15:37,J0033,Estacion Orbital,Ranked,Brisa;Magnus,35,2,3,4,Victoria,840,2026,1,Monday,1,2
6645,2026-05-24,19:27,J0087,Puerto Escarlata,Ranked,Lienzo;Brisa,33,9,6,5,Derrota,1030,2026,5,Sunday,2,2
9104,2026-07-02,16:16,J0075,Estacion Orbital,Casual,Vex,26,8,3,4,Victoria,1440,2026,7,Thursday,3,1
9030,2026-07-01,14:24,J0157,Desierto Neon,Ranked,Vex;Lienzo,42,6,3,4,Derrota,740,2026,7,Wednesday,2,2
1764,2026-02-26,00:44,J0084,Puerto Escarlata,Casual,Koro,8,9,4,2,Victoria,1420,2026,2,Thursday,2,1
1876,2026-02-28,07:55,J0060,Ciudadela,Casual,Brisa;Koro,19,4,9,6,Derrota,520,2026,2,Saturday,0,2
3225,2026-03-27,22:09,J0034,Estacion Orbital,Ranked,Koro;Lienzo,40,2,5,7,Derrota,450,2026,3,Friday,0,2
527,2026-01-29,19:26,J0094,Estacion Orbital,Casual,Nadia,23,7,0,5,Victoria,1450,2026,1,Thursday,,1
7726,2026-06-11,19:52,J0167,Puerto Escarlata,Casual,Lienzo;Tesla,30,8,7,1,Victoria,1210,2026,6,Thursday,1,2
2947,2026-03-22,13:25,J0049,Desierto Neon,Casual,Magnus,30,1,4,4,Derrota,220,2026,3,Sunday,0,1
4474,2026-04-20,00:11,J0011,Puerto Escarlata,Casual,Brisa;Umbra,13,3,5,1,Derrota,250,2026,4,Monday,1,2
5656,2026-05-10,12:44,J0109,Canales de Hielo,Ranked,Umbra;Koro,40,5,3,6,,1240,2026,5,Sunday,2,2
6060,2026-05-16,18:45,J0062,Ciudadela,Torneo,Magnus;Tesla;Brisa,25,3,2,2,Victoria,860,2026,5,Saturday,2,3
960,2026-02-08,20:42,J0057,Estacion Orbital,Casual,Magnus,9,9,6,2,Victoria,1380,2026,2,Sunday,2,1
6343,2026-05-20,18:28,J0200,Estacion Orbital,Casual,Vex,16,9,7,3,Victoria,1410,2026,5,Wednesday,1,1
3634,2026-04-04,22:12,J0061,Puerto Escarlata,Torneo,Tesla,19,4,2,7,Derrota,710,2026,4,Saturday,2,1
1051,2026-02-11,10:17,J0013,Ciudadela,Casual,Vex,30,11,3,4,Derrota,1240,2026,2,Wednesday,4,1
3381,2026-03-30,18:28,J0013,Estacion Orbital,Ranked,Koro;Nadia,32,4,3,1,Victoria,890,2026,3,Monday,1,2
3677,2026-04-05,21:12,J0146,Bosque Umbral,Torneo,Nadia;Tesla;Umbra,18,4,8,4,Derrota,440,2026,4,Sunday,0,3
5777,2026-05-11,21:04,J0076,Estacion Orbital,Ranked,Tesla,36,6,1,3,Victoria,1230,2026,5,Monday,6,1
9116,2026-07-03,17:38,J0066,Desierto Neon,Ranked,,28,11,2,1,Derrota,1110,2026,7,Friday,6,0
6574,2026-05-23,19:57,J0059,Ciudadela,Torneo,Nadia,10,2,7,2,Victoria,660,2026,5,Saturday,0,1
5180,2026-05-02,05:44,J0001,Estacion Orbital,Casual,Magnus,26,3,4,4,Derrota,420,2026,5,Saturday,1,1
1608,2026-02-22,21:53,J0047,Canales de Hielo,Casual,Koro;Lienzo,12,8,2,3,Victoria,1410,2026,2,Sunday,4,2
3611,2026-04-04,22:59,J0200,Canales de Hielo,Casual,Lienzo;Brisa,9,13,3,2,Victoria,1840,2026,4,Saturday,4,2
9832,2026-07-12,11:06,J0200,Estacion Orbital,Casual,Vex,20,3,6,4,Derrota,380,2026,7,Sunday,0,1
6636,2026-05-24,20:43,J0049,Canales de Hielo,Casual,Magnus,13,4,9,5,Derrota,470,2026,5,Sunday,0,1
792,2026-02-05,18:24,J0071,Desierto Neon,Casual,Lienzo,11,3,4,3,Derrota,370,2026,2,Thursday,1,1
3057,2026-03-24,20:37,J0038,Desierto Neon,Ranked,Vex;Magnus,23,5,10,5,Derrota,550,2026,3,Tuesday,0,2
1981,2026-03-03,08:04,J0026,Puerto Escarlata,Ranked,Brisa;Koro,43,7,4,5,Victoria,1370,2026,3,Tuesday,2,2
3599,2026-04-04,22:03,J0005,Ciudadela,Ranked,Lienzo;Umbra,41,8,7,4,Derrota,,2026,4,Saturday,1,2
934,2026-02-08,20:44,J0006,Bosque Umbral,Casual,Brisa,29,5,2,4,Victoria,1160,2026,2,Sunday,2,1
7425,2026-06-06,12:09,J0064,Ciudadela,Ranked,Koro,30,0,4,4,Derrota,120,2026,6,Saturday,0,1
5627,2026-05-09,20:34,J0043,Puerto Escarlata,Ranked,Nadia;Vex,30,10,2,4,Victoria,1660,2026,5,Saturday,5,2
1683,2026-02-24,18:57,J0167,Estacion Orbital,Casual,Koro,10,6,1,3,Derrota,730,2026,2,Tuesday,6,1
4180,2026-04-14,23:15,J0040,Canales de Hielo,Casual,Nadia,27,3,1,1,Victoria,830,2026,4,Tuesday,3,1
6447,2026-05-22,05:45,J0007,Estacion Orbital,Casual,Brisa,24,15,9,1,Victoria,1870,2026,5,Friday,2,1
4117,2026-04-13,21:54,J0029,Desierto Neon,Casual,Tesla;Nadia,17,1,2,6,Victoria,860,2026,4,Monday,0,2
989,2026-02-09,03:26,J0046,Puerto Escarlata,Torneo,Koro,19,7,10,6,Victoria,1300,2026,2,Monday,1,1
2897,2026-03-21,19:25,J0063,Estacion Orbital,Casual,Vex,8,14,11,2,Victoria,1780,2026,3,Saturday,1,1
3779,2026-04-07,20:32,J0014,Bosque Umbral,Ranked,Nadia,22,2,2,11,Victoria,1210,2026,4,Tuesday,1,1
5659,2026-05-10,16:34,J0069,Canales de Hielo,Ranked,Brisa;Vex;Lienzo,25,5,3,1,Derrota,490,2026,5,Sunday,2,3
3094,2026-03-24,21:33,J0156,Canales de Hielo,Ranked,Brisa;Vex;Umbra,33,8,5,1,Victoria,1250,2026,3,Tuesday,2,3
3156,2026-03-26,18:37,J0159,Desierto Neon,Casual,Lienzo,11,9,7,2,Victoria,1360,2026,3,Thursday,1,1
1824,2026-02-28,17:25,J0004,Estacion Orbital,Ranked,Umbra,30,6,12,2,Victoria,960,2026,2,Saturday,0,1
9696,2026-07-11,18:10,J0020,Estacion Orbital,Casual,Nadia,8,5,5,7,Victoria,1250,2026,7,Saturday,1,1
1099,2026-02-12,22:21,J0011,Ciudadela,Ranked,Lienzo;Vex,39,6,0,4,Victoria,1300,2026,2,Thursday,,2
2845,2026-03-20,05:12,J0058,Canales de Hielo,Casual,Umbra,13,4,10,2,Victoria,800,2026,3,Friday,0,1
3343,2026-03-29,12:02,J0068,Canales de Hielo,Casual,Tesla,29,8,3,6,Victoria,1540,2026,3,Sunday,3,1
39,2026-01-17,11:00,J0075,Ciudadela,Casual,Koro;Tesla,13,10,3,6,Derrota,1240,2026,1,Saturday,3,2
6541,2026-05-23,13:24,J0034,Ciudadela,Ranked,Umbra;Magnus,24,2,5,3,Victoria,750,2026,5,Saturday,0,2
9419,2026-07-07,20:55,J0001,Puerto Escarlata,Ranked,Vex;Magnus,34,13,5,6,Derrota,1500,2026,7,Tuesday,3,2
3357,2026-03-29,18:23,J0025,Ciudadela,Casual,Nadia,22,6,4,8,Derrota,920,2026,3,Sunday,2,1
7814,2026-06-13,02:53,J0047,Canales de Hielo,Casual,Vex;Nadia,12,13,4,3,Victoria,1870,2026,6,Saturday,3,2
8221,2026-06-19,22:42,J0043,Bosque Umbral,Ranked,Brisa,29,3,8,8,Derrota,540,2026,6,Friday,0,1
9298,2026-07-05,16:01,J0059,Desierto Neon,Casual,Umbra,13,2,4,4,Derrota,320,2026,7,Sunday,0,1
2429,2026-03-12,09:12,J0017,Puerto Escarlata,Ranked,Brisa;Lienzo,31,10,7,4,Derrota,1060,2026,3,Thursday,1,2
5044,2026-04-30,09:29,J0032,Puerto Escarlata,Ranked,Umbra;Nadia,44,8,7,5,Derrota,910,2026,4,Thursday,1,2
5347,2026-05-05,18:19,J0072,Bosque Umbral,Ranked,Magnus;Vex,38,5,3,5,Victoria,1190,2026,5,Tuesday,2,2
4812,2026-04-25,12:56,J0038,Ciudadela,Casual,Umbra;Koro;Tesla,26,2,4,3,Derrota,270,2026,4,Saturday,0,3
8477,2026-06-23,19:37,J0052,Bosque Umbral,Casual,Magnus;Umbra,15,8,3,2,Derrota,840,2026,6,Tuesday,3,2
687,2026-02-02,00:08,J0071,Bosque Umbral,Ranked,Vex,30,7,7,5,Victoria,1310,2026,2,Monday,1,1
4800,2026-04-25,19:32,J0006,Desierto Neon,Ranked,Nadia,34,9,5,4,Victoria,1500,2026,4,Saturday,2,1
7438,2026-06-06,12:04,J0071,Bosque Umbral,Ranked,Brisa,26,3,6,4,Derrota,380,2026,6,Saturday,0,1
2354,2026-03-10,22:11,J0007,Ciudadela,Casual,Magnus,16,10,11,2,Derrota,880,2026,3,Tuesday,1,1
6354,2026-05-21,17:49,J0074,Bosque Umbral,Torneo,Magnus;Koro,11,3,8,2,Derrota,240,2026,5,Thursday,0,2
4570,2026-04-21,21:59,J0087,Bosque Umbral,Casual,Vex;Lienzo,30,10,1,2,,1080,2026,4,Tuesday,10,2
8214,2026-06-19,19:41,J0027,Estacion Orbital,Casual,Magnus;Tesla,8,4,4,5,Victoria,1070,2026,6,Friday,1,2
2753,2026-03-18,20:47,J0043,Desierto Neon,Casual,Koro;Brisa,9,4,3,0,Victoria,840,2026,3,Wednesday,1,2
8074,2026-06-17,15:02,J0075,Estacion Orbital,Ranked,Vex;Brisa,32,11,5,3,Victoria,1650,2026,6,Wednesday,2,2
1041,2026-02-10,13:44,J0137,Desierto Neon,Ranked,Koro,38,6,2,5,Victoria,1310,2026,2,Tuesday,3,1
7492,2026-06-07,16:26,J0010,Puerto Escarlata,Casual,Koro,18,9,6,2,Victoria,1380,2026,6,Sunday,2,1
1266,2026-02-15,11:50,J0033,Desierto Neon,Casual,Magnus;Vex;Lienzo,26,10,7,4,Derrota,1060,2026,2,Sunday,1,3
9336,2026-07-06,20:36,J0100,Canales de Hielo,Casual,Tesla,29,6,2,1,,1110,2026,7,Monday,3,1
7060,2026-05-31,19:28,J0014,Estacion Orbital,Torneo,Magnus,19,2,2,6,,960,2026,5,Sunday,1,1
278,2026-01-23,16:49,J0097,Bosque Umbral,Casual,Vex;Umbra,18,4,4,3,Victoria,970,2026,1,Friday,1,2
5085,2026-04-30,15:58,J0074,Desierto Neon,Ranked,Vex,28,9,2,4,Derrota,1060,2026,4,Thursday,4,1
2383,2026-03-11,20:55,J0145,Bosque Umbral,Casual,Lienzo,25,4,5,4,Derrota,500,2026,3,Wednesday,1,1
572,2026-01-30,12:21,J0114,Puerto Escarlata,Casual,Lienzo;Umbra,13,1,3,3,Derrota,190,2026,1,Friday,0,2
1436,2026-02-19,10:44,J0020,Estacion Orbital,Torneo,Brisa;Magnus,14,7,6,6,Victoria,1380,2026,2,Thursday,1,2
5353,2026-05-05,21:02,J0004,Desierto Neon,Casual,Brisa,20,6,3,7,Victoria,1390,2026,5,Tuesday,2,1
5446,2026-05-06,18:19,J0156,Estacion Orbital,Casual,Vex;Nadia;Lienzo,10,5,9,4,Derrota,520,2026,5,Wednesday,1,3
1008,2026-02-09,21:05,J0006,Puerto Escarlata,Ranked,Lienzo,36,6,8,3,Derrota,590,2026,2,Monday,1,1
4544,2026-04-21,20:07,J0015,Desierto Neon,Casual,Tesla,8,6,3,5,Victoria,1290,2026,4,Tuesday,2,1
8886,2026-06-29,19:11,J0025,Desierto Neon,Casual,Tesla,29,6,5,6,Victoria,1100,2026,6,Monday,1,1
2065,2026-03-04,09:03,J0008,Bosque Umbral,Casual,Umbra,11,1,4,4,Derrota,220,2026,3,Wednesday,0,1
1137,2026-02-13,20:35,J0062,Estacion Orbital,Ranked,Lienzo,23,1,6,4,Victoria,680,2026,2,Friday,0,1
5344,2026-05-05,19:09,J0012,Puerto Escarlata,Casual,Tesla;Brisa,26,6,3,4,Victoria,1140,2026,5,Tuesday,2,2
295,2026-01-24,21:16,J0124,Bosque Umbral,Casual,Vex;Koro;Brisa,14,5,9,4,Victoria,1020,2026,1,Saturday,1,3
2404,2026-03-11,08:29,J0200,Estacion Orbital,Torneo,Umbra,24,7,5,5,Victoria,1350,2026,3,Wednesday,1,1
3999,2026-04-11,13:32,J0023,Estacion Orbital,Casual,Koro,8,3,6,0,Derrota,180,2026,4,Saturday,0,1
3742,2026-04-06,14:18,J0005,Estacion Orbital,Torneo,Koro;Vex,23,8,7,2,Victoria,1260,2026,4,Monday,1,2
9293,2026-07-05,13:22,J0020,Puerto Escarlata,Ranked,Vex;Nadia;Koro,45,9,7,2,Victoria,1360,2026,7,Sunday,1,3
2720,2026-03-17,02:58,J0200,Estacion Orbital,Casual,Lienzo,29,9,5,1,Victoria,1350,2026,3,Tuesday,2,1
9270,2026-07-05,01:37,J0044,Bosque Umbral,Ranked,Brisa,26,15,5,3,Victoria,2050,2026,7,Sunday,3,1
5151,2026-05-01,18:51,J0027,Bosque Umbral,Casual,Nadia,20,4,8,3,Derrota,390,2026,5,Friday,0,1
2809,2026-03-20,10:29,J0003,Estacion Orbital,Casual,Vex;Nadia,22,9,3,4,Derrota,1040,2026,3,Friday,3,2
557,2026-01-30,17:37,J0015,Estacion Orbital,Casual,Umbra,30,9,9,3,Derrota,870,2026,1,Friday,1,1
8996,2026-06-30,17:05,J0033,Desierto Neon,Casual,Lienzo,8,9,2,7,Victoria,1710,2026,6,Tuesday,4,1
4796,2026-04-25,19:59,J0048,Desierto Neon,Ranked,Umbra;Magnus;Brisa,37,3,2,3,Victoria,,2026,4,Saturday,2,3
2470,2026-03-13,12:41,J0131,Desierto Neon,Torneo,Lienzo;Brisa,17,9,9,5,Derrota,970,2026,3,Friday,1,2
3739,2026-04-06,22:27,J0090,Desierto Neon,Casual,Brisa;Vex,29,6,7,2,,1060,2026,4,Monday,1,2
4287,2026-04-17,19:05,J0020,Puerto Escarlata,Ranked,Vex;Brisa,31,7,5,0,,600,2026,4,Friday,1,2
2605,2026-03-15,17:39,J0010,Ciudadela,Casual,Tesla,13,8,2,3,Derrota,910,2026,3,Sunday,4,1
363,2026-01-25,19:54,J0092,Puerto Escarlata,Ranked,Brisa,32,1,11,2,Victoria,480,2026,1,Sunday,0,1
6925,2026-05-30,20:56,J0023,Ciudadela,Torneo,Koro,13,6,6,5,Victoria,1230,2026,5,Saturday,1,1
1705,2026-02-24,13:30,J0200,Estacion Orbital,Ranked,Brisa,38,9,11,2,Derrota,780,2026,2,Tuesday,1,1
2140,2026-03-06,20:36,J0002,Ciudadela,Casual,Nadia;Umbra;Vex,19,8,9,4,Derrota,820,2026,3,Friday,1,3
3240,2026-03-28,19:40,J0028,Canales de Hielo,Ranked,Koro,43,5,7,6,Victoria,1160,2026,3,Saturday,1,1
2384,2026-03-11,01:29,J0014,Bosque Umbral,Ranked,Vex,43,3,6,4,Derrota,380,2026,3,Wednesday,0,1
7315,2026-06-04,17:18,J0189,Ciudadela,Torneo,Umbra;Brisa,16,9,9,3,Derrota,870,2026,6,Thursday,1,2
4312,2026-04-17,21:01,J0040,Estacion Orbital,Ranked,,42,4,5,4,Derrota,500,2026,4,Friday,1,0
1313,2026-02-17,19:44,J0008,Bosque Umbral,Casual,Tesla,27,4,4,5,Victoria,1070,2026,2,Tuesday,1,1
3931,2026-04-10,09:54,J0038,Bosque Umbral,Casual,Brisa;Nadia;Magnus,10,2,2,3,Victoria,810,2026,4,Friday,1,3
6184,2026-05-18,08:48,J0159,Bosque Umbral,Ranked,Vex,45,8,8,6,Victoria,1440,2026,5,Monday,1,1
1592,2026-02-22,02:56,J0027,Estacion Orbital,Casual,Tesla,11,3,3,4,Derrota,440,2026,2,Sunday,1,1
9458,2026-07-08,06:40,J0051,Canales de Hielo,Ranked,Vex;Tesla,28,7,4,4,Victoria,1320,2026,7,Wednesday,2,2
2163,2026-03-06,11:58,J0010,Ciudadela,Ranked,Magnus;Koro;Nadia,39,6,7,3,Victoria,1110,2026,3,Friday,1,3
2397,2026-03-11,19:37,J0156,Puerto Escarlata,Torneo,Lienzo;Umbra,12,5,1,2,Victoria,1080,2026,3,Wednesday,5,2
318,2026-01-24,20:58,J0015,Estacion Orbital,Ranked,Umbra;Tesla,39,6,4,4,Victoria,1220,2026,1,Saturday,2,2
5234,2026-05-03,19:40,J0003,Puerto Escarlata,Ranked,,23,2,4,6,Derrota,420,2026,5,Sunday,0,0
5069,2026-04-30,17:48,J0045,Puerto Escarlata,Ranked,Tesla,40,5,2,6,Victoria,1260,2026,4,Thursday,2,1
4037,2026-04-12,14:42,J0163,Puerto Escarlata,Casual,Lienzo,31,13,5,5,Derrota,1450,2026,4,Sunday,3,1
3021,2026-03-23,18:30,J0099,Puerto Escarlata,Casual,Koro,24,6,3,6,Victoria,1340,2026,3,Monday,2,1
8229,2026-06-19,18:16,J0032,Estacion Orbital,Torneo,Lienzo,31,2,2,3,Victoria,810,2026,6,Friday,1,1
5296,2026-05-03,21:47,J0030,Puerto Escarlata,Casual,Brisa,8,5,6,2,Victoria,980,2026,5,Sunday,1,1
3973,2026-04-11,00:24,J0021,Bosque Umbral,Casual,Nadia,31,6,4,1,Victoria,1070,2026,4,Saturday,2,1
5371,2026-05-05,22:32,J0200,Canales de Hielo,Torneo,Umbra;Lienzo;Vex,27,7,2,4,Victoria,1360,2026,5,Tuesday,4,3
4134,2026-04-13,20:31,J0048,Desierto Neon,Ranked,Nadia,45,5,5,2,Derrota,500,2026,4,Monday,1,1
975,2026-02-08,20:02,J0076,Puerto Escarlata,Ranked,Koro,39,9,6,6,Victoria,1580,2026,2,Sunday,2,1
7292,2026-06-04,12:05,J0001,Ciudadela,Casual,Koro;Tesla,10,10,1,6,Derrota,1280,2026,6,Thursday,10,2
955,2026-02-08,17:41,J0011,Canales de Hielo,Ranked,Lienzo,28,2,4,3,Derrota,270,2026,2,Sunday,0,1
9377,2026-07-06,15:47,J0001,Bosque Umbral,Casual,,8,5,3,1,,490,2026,7,Monday,2,0
5017,2026-04-29,18:21,J0045,Bosque Umbral,Ranked,Koro;Vex;Nadia,43,5,5,0,Derrota,400,2026,4,Wednesday,1,3
9804,2026-07-12,19:21,J0136,Estacion Orbital,Casual,Umbra,26,10,7,3,Victoria,1510,2026,7,Sunday,1,1
7491,2026-06-07,17:47,J0126,Puerto Escarlata,Ranked,Lienzo,27,10,3,4,Derrota,1140,2026,6,Sunday,3,1
1641,2026-02-23,21:20,J0107,Desierto Neon,Casual,Magnus;Lienzo;Nadia,10,6,5,3,Victoria,1150,2026,2,Monday,1,3
1291,2026-02-16,18:22,J0017,Desierto Neon,Torneo,Magnus;Nadia;Tesla,20,8,7,1,Derrota,710,2026,2,Monday,1,3
1381,2026-02-18,07:38,J0067,Ciudadela,Casual,Nadia;Brisa;Magnus,11,6,7,2,Victoria,1060,2026,2,Wednesday,1,3
1934,2026-03-01,16:39,J0064,Estacion Orbital,Ranked,Umbra;Vex;Magnus,26,6,3,2,Victoria,,2026,3,Sunday,2,3
4676,2026-04-23,16:17,J0006,Puerto Escarlata,Torneo,Vex,29,4,5,6,Victoria,1100,2026,4,Thursday,1,1
893,2026-02-07,19:12,J0047,Estacion Orbital,Ranked,Koro,30,6,2,1,Derrota,610,2026,2,Saturday,3,1
7288,2026-06-04,19:56,J0146,Bosque Umbral,Casual,Tesla,15,8,8,2,Derrota,740,2026,6,Thursday,1,1
4877,2026-04-26,08:48,J0087,Ciudadela,Casual,Brisa,11,10,2,3,Derrota,1110,2026,4,Sunday,5,1
7907,2026-06-14,20:59,J0045,Estacion Orbital,Casual,Koro;Lienzo,10,5,7,4,Derrota,560,2026,6,Sunday,1,2
8195,2026-06-18,20:55,J0033,Ciudadela,Casual,Magnus,10,8,2,2,Victoria,1360,2026,6,Thursday,4,1
9450,2026-07-08,19:16,J0165,Ciudadela,Ranked,Umbra;Brisa,23,1,4,3,Victoria,670,2026,7,Wednesday,0,2
2467,2026-03-13,17:30,J0018,Puerto Escarlata,Casual,Lienzo,22,7,6,6,Derrota,880,2026,3,Friday,1,1
7658,2026-06-10,08:25,J0066,Estacion Orbital,Ranked,Lienzo;Magnus,33,6,8,2,Derrota,540,2026,6,Wednesday,1,2
1914,2026-03-01,19:05,J0018,Bosque Umbral,Ranked,Magnus;Vex,31,6,8,4,Derrota,640,2026,3,Sunday,1,2
2737,2026-03-18,03:54,J0003,Bosque Umbral,Casual,Vex,31,8,4,4,Victoria,1420,2026,3,Wednesday,2,1
727,2026-02-03,17:32,J0043,Estacion Orbital,Ranked,Nadia,27,8,8,3,Derrota,790,2026,2,Tuesday,1,1
7215,2026-06-03,08:53,J0031,Bosque Umbral,Ranked,Umbra;Nadia,40,5,4,2,Victoria,1020,2026,6,Wednesday,1,2
8246,2026-06-20,15:22,J0117,Desierto Neon,Casual,Brisa;Umbra,24,5,4,6,Derrota,720,2026,6,Saturday,1,2
1797,2026-02-27,13:27,J0100,Canales de Hielo,Torneo,Tesla,14,7,3,3,Victoria,1290,2026,2,Friday,2,1
3846,2026-04-08,07:10,J0081,Ciudadela,Ranked,Koro,24,2,3,4,Derrota,340,2026,4,Wednesday,1,1
6403,2026-05-21,20:41,J0118,Ciudadela,Casual,Lienzo,17,12,4,3,Victoria,1770,2026,5,Thursday,3,1
937,2026-02-08,07:38,J0030,Bosque Umbral,Torneo,Vex;Umbra,27,17,3,3,Derrota,1790,2026,2,Sunday,6,2
2266,2026-03-08,14:35,J0085,Canales de Hielo,Ranked,Lienzo,34,6,1,4,Victoria,1280,2026,3,Sunday,6,1
825,2026-02-05,23:10,J0068,Desierto Neon,Ranked,Nadia,40,10,5,5,Derrota,1150,2026,2,Thursday,2,1
7275,2026-06-04,10:29,J0010,Puerto Escarlata,Ranked,Brisa;Tesla,27,2,5,4,Victoria,800,2026,6,Thursday,0,2
1390,2026-02-18,18:47,J0146,Bosque Umbral,Ranked,Brisa;Tesla,29,7,6,3,Derrota,730,2026,2,Wednesday,1,2
3565,2026-04-03,17:46,J0089,Bosque Umbral,Ranked,Umbra,36,11,4,5,Victoria,1770,2026,4,Friday,3,1
5430,2026-05-06,16:37,J0074,Estacion Orbital,Ranked,Magnus,40,4,2,3,Victoria,1010,2026,5,Wednesday,2,1
7828,2026-06-13,22:11,J0017,Ciudadela,Casual,Lienzo,14,6,5,7,Derrota,850,2026,6,Saturday,1,1
5691,2026-05-10,01:10,J0086,Bosque Umbral,Casual,Vex,31,6,12,10,Derrota,860,2026,5,Sunday,0,1
7879,2026-06-13,20:13,J0062,Canales de Hielo,Torneo,Tesla,8,2,2,0,Victoria,660,2026,6,Saturday,1,1
1869,2026-02-28,19:34,J0026,Puerto Escarlata,Torneo,Koro,32,5,10,9,Derrota,750,2026,2,Saturday,0,1
8203,2026-06-18,15:56,J0056,Estacion Orbital,Casual,Brisa,31,1,4,1,Derrota,70,2026,6,Thursday,0,1
7487,2026-06-07,10:26,J0007,Desierto Neon,Casual,Vex,29,10,3,1,Victoria,1490,2026,6,Sunday,3,1
807,2026-02-05,18:05,J0034,Puerto Escarlata,Ranked,Umbra,34,6,7,5,Derrota,710,2026,2,Thursday,1,1
4806,2026-04-25,20:27,J0057,Puerto Escarlata,Casual,Umbra,19,5,4,4,Victoria,1120,2026,4,Saturday,1,1
9223,2026-07-04,10:58,J0153,Bosque Umbral,Ranked,Nadia,23,7,5,5,Victoria,1350,2026,7,Saturday,1,1
7512,2026-06-07,12:59,J0022,Bosque Umbral,Casual,Koro;Lienzo;Tesla,8,7,9,6,Derrota,820,2026,6,Sunday,1,3
8057,2026-06-16,13:00,J0070,Estacion Orbital,Ranked,Vex,38,6,3,5,Victoria,690,2026,6,Tuesday,2,1
4495,2026-04-20,18:08,J0035,Estacion Orbital,Casual,Koro,9,14,6,1,Victoria,1830,2026,4,Monday,2,1
2633,2026-03-16,19:02,J0029,Ciudadela,Torneo,Nadia,25,2,2,3,Derrota,,2026,3,Monday,1,1
8970,2026-06-30,20:35,J0008,Canales de Hielo,Casual,Koro;Lienzo,14,4,9,2,Victoria,820,2026,6,Tuesday,0,2
8624,2026-06-25,20:40,J0038,Bosque Umbral,Casual,Brisa;Magnus,17,1,3,3,Victoria,690,2026,6,Thursday,0,2
7833,2026-06-13,19:23,J0044,Desierto Neon,Ranked,Magnus,37,7,3,3,Derrota,790,2026,6,Saturday,2,1
4389,2026-04-18,20:45,J0158,Estacion Orbital,Casual,Tesla,22,9,12,5,Victoria,1410,2026,4,Saturday,1,1
146,2026-01-20,01:41,J0104,Desierto Neon,Casual,Brisa;Tesla,28,7,7,6,Derrota,860,2026,1,Tuesday,1,2
6468,2026-05-22,20:59,J0115,Ciudadela,Casual,Umbra;Nadia,27,8,7,3,Victoria,1310,2026,5,Friday,1,2
2034,2026-03-04,20:55,J0153,Bosque Umbral,Ranked,Brisa;Koro,28,5,2,4,Victoria,1160,2026,3,Wednesday,2,2
9198,2026-07-04,10:28,J0042,Canales de Hielo,Ranked,Koro;Magnus,22,1,7,3,Victoria,610,2026,7,Saturday,0,2
1166,2026-02-13,15:40,J0013,Ciudadela,Casual,Brisa,26,9,5,4,Derrota,,2026,2,Friday,2,1
2051,2026-03-04,08:35,J0011,Desierto Neon,Casual,Nadia;Brisa,11,5,6,8,Derrota,780,2026,3,Wednesday,1,2
3761,2026-04-07,18:44,J0019,Estacion Orbital,Casual,Nadia,24,1,4,3,Derrota,170,2026,4,Tuesday,0,1
4436,2026-04-19,21:25,J0200,Estacion Orbital,Ranked,Koro,45,6,2,1,Victoria,1110,2026,4,Sunday,3,1
3431,2026-03-31,02:30,J0006,Canales de Hielo,Ranked,Magnus,39,4,8,8,Victoria,1140,2026,3,Tuesday,0,1
8191,2026-06-18,02:45,J0140,Ciudadela,Ranked,Nadia,34,5,8,1,Victoria,890,2026,6,Thursday,1,1
8822,2026-06-28,18:25,J0109,Bosque Umbral,Casual,Brisa,29,7,5,5,Derrota,,2026,6,Sunday,1,1
7070,2026-05-31,14:11,J0043,Desierto Neon,Ranked,,24,4,4,2,Victoria,920,2026,5,Sunday,1,0
4362,2026-04-18,16:09,J0100,Ciudadela,Ranked,Umbra,28,14,7,6,Derrota,,2026,4,Saturday,2,1
1772,2026-02-26,20:11,J0051,Ciudadela,Ranked,Vex;Nadia,28,8,8,2,Victoria,1240,2026,2,Thursday,1,2
3512,2026-04-02,10:25,J0003,Bosque Umbral,Casual,Koro;Lienzo,22,3,8,13,Victoria,1290,2026,4,Thursday,0,2
272,2026-01-23,12:44,J0006,Desierto Neon,Casual,Brisa,29,9,2,5,Derrota,1110,2026,1,Friday,4,1
8437,2026-06-22,18:55,J0070,Desierto Neon,Casual,Nadia,20,2,4,6,Derrota,420,2026,6,Monday,0,1
2033,2026-03-04,20:16,J0110,Puerto Escarlata,Casual,Umbra,18,4,2,4,Derrota,560,2026,3,Wednesday,2,1
9738,2026-07-11,23:06,J0006,Bosque Umbral,Ranked,Koro,24,8,2,5,Victoria,1510,2026,7,Saturday,4,1
3811,2026-04-08,11:29,J0045,Bosque Umbral,Ranked,Lienzo;Magnus;Nadia,40,6,5,3,Victoria,1150,2026,4,Wednesday,1,3
4347,2026-04-18,13:52,J0126,Desierto Neon,Casual,Brisa,12,7,8,4,Derrota,740,2026,4,Saturday,1,1
546,2026-01-29,22:44,J0054,Ciudadela,Casual,Vex,25,6,4,2,Derrota,620,2026,1,Thursday,2,1
3242,2026-03-28,06:21,J0055,Bosque Umbral,Ranked,Umbra;Vex,29,5,9,2,Victoria,920,2026,3,Saturday,1,2
8503,2026-06-23,16:58,J0042,Bosque Umbral,Casual,Umbra;Vex;Nadia,28,8,7,5,Victoria,1410,2026,6,Tuesday,1,3
9993,2026-07-14,16:51,J0034,Canales de Hielo,Ranked,Tesla;Vex;Magnus,22,4,11,3,Victoria,830,2026,7,Tuesday,0,3
7565,2026-06-08,17:00,J0111,Estacion Orbital,Ranked,Magnus;Tesla,38,4,3,5,Victoria,1090,2026,6,Monday,1,2
921,2026-02-07,01:17,J0048,Desierto Neon,Ranked,Koro,39,4,4,8,Derrota,720,2026,2,Saturday,1,1
9189,2026-07-04,18:50,J0200,Puerto Escarlata,Casual,Koro;Tesla;Lienzo,29,9,9,7,Victoria,1570,2026,7,Saturday,1,3
6641,2026-05-24,13:54,J0005,Ciudadela,Ranked,Koro;Lienzo,26,2,2,5,Derrota,410,2026,5,Sunday,1,2
7695,2026-06-11,13:27,J0008,Estacion Orbital,Ranked,Lienzo,45,4,4,1,Victoria,870,2026,6,Thursday,1,1
8231,2026-06-19,21:24,J0104,Ciudadela,Casual,Lienzo,32,10,4,4,Derrota,1120,2026,6,Friday,2,1
7127,2026-06-01,06:14,J0075,Bosque Umbral,Casual,Umbra,31,10,3,4,Derrota,1140,2026,6,Monday,3,1
4279,2026-04-16,17:49,J0061,Desierto Neon,Ranked,Koro;Brisa,31,8,5,7,Derrota,1050,2026,4,Thursday,2,2
2984,2026-03-22,17:32,J0125,Puerto Escarlata,Ranked,Vex;Magnus,38,9,3,1,Victoria,1390,2026,3,Sunday,3,2
131,2026-01-19,01:48,J0012,Estacion Orbital,Casual,Koro,20,5,3,2,Derrota,540,2026,1,Monday,2,1
7981,2026-06-15,21:31,J0068,Desierto Neon,Casual,Nadia,20,3,4,2,Victoria,820,2026,6,Monday,1,1
2668,2026-03-16,17:18,J0030,Desierto Neon,Ranked,Lienzo;Magnus,40,8,4,6,Victoria,1520,2026,3,Monday,2,2
7139,2026-06-02,20:49,J0200,Ciudadela,Casual,Magnus,25,9,5,5,Victoria,1550,2026,6,Tuesday,2,1
3224,2026-03-27,07:18,J0011,Estacion Orbital,Torneo,Nadia,11,5,5,4,Victoria,1100,2026,3,Friday,1,1
7694,2026-06-11,21:20,J0005,Bosque Umbral,Casual,Lienzo,24,6,8,1,Victoria,1590,2026,6,Thursday,1,1
5393,2026-05-05,17:07,J0121,Puerto Escarlata,Ranked,Brisa;Koro;Nadia,41,1,10,2,Derrota,0,2026,5,Tuesday,0,3
615,2026-01-31,19:45,J0013,Desierto Neon,Casual,Tesla,8,8,5,4,Victoria,1400,2026,1,Saturday,2,1
9977,2026-07-14,16:16,J0115,Bosque Umbral,Ranked,Magnus,24,5,8,5,Victoria,1090,2026,7,Tuesday,1,1
1467,2026-02-20,18:37,J0150,Desierto Neon,Casual,Umbra;Magnus,14,10,4,3,Derrota,1070,2026,2,Friday,2,2
4498,2026-04-20,22:52,J0200,Desierto Neon,Ranked,Nadia,23,6,3,3,Victoria,1190,2026,4,Monday,2,1
3043,2026-03-23,22:48,J0055,Puerto Escarlata,Casual,Umbra,13,4,7,1,Derrota,310,2026,3,Monday,1,1
2420,2026-03-12,23:22,J0004,Bosque Umbral,Casual,Umbra;Vex,19,6,2,3,Victoria,1210,2026,3,Thursday,3,2
5086,2026-04-30,17:27,J0005,Desierto Neon,Torneo,Tesla;Umbra,8,6,3,3,Victoria,1190,2026,4,Thursday,2,2
3295,2026-03-28,17:26,J0004,Ciudadela,Casual,Nadia,13,5,8,3,Derrota,490,2026,3,Saturday,1,1
6738,2026-05-26,21:13,J0109,Ciudadela,Casual,Nadia,10,2,5,7,Victoria,950,2026,5,Tuesday,0,1
1501,2026-02-21,21:55,J0002,Desierto Neon,Casual,Lienzo;Vex;Umbra,23,13,8,4,Victoria,1840,2026,2,Saturday,2,3
1522,2026-02-21,22:52,J0089,Canales de Hielo,Ranked,Brisa,35,6,7,3,Derrota,,2026,2,Saturday,1,1
9188,2026-07-04,08:20,J0056,Desierto Neon,Ranked,,42,5,5,4,Derrota,600,2026,7,Saturday,1,0
4233,2026-04-15,22:52,J0009,Ciudadela,Casual,Umbra;Koro,13,3,3,2,Derrota,340,2026,4,Wednesday,1,2
7687,2026-06-10,05:44,J0200,Canales de Hielo,Ranked,Umbra;Koro;Brisa,43,6,8,4,Victoria,1140,2026,6,Wednesday,1,3
8821,2026-06-28,20:04,J0016,Canales de Hielo,Ranked,Koro,33,8,5,3,Derrota,850,2026,6,Sunday,2,1
4431,2026-04-19,19:16,J0045,Puerto Escarlata,Ranked,Tesla,23,7,3,4,Derrota,840,2026,4,Sunday,2,1
391,2026-01-25,19:41,J0075,Puerto Escarlata,Casual,Brisa,24,6,4,2,Derrota,920,2026,1,Sunday,2,1
9932,2026-07-14,11:53,J0200,Puerto Escarlata,Ranked,Umbra,30,8,7,3,Derrota,810,2026,7,Tuesday,1,1
7125,2026-06-01,20:45,J0017,Ciudadela,Casual,Koro,29,12,7,1,Derrota,1110,2026,6,Monday,2,1
5914,2026-05-14,21:03,J0058,Puerto Escarlata,Torneo,Tesla,11,6,4,3,Victoria,1170,2026,5,Thursday,2,1
8593,2026-06-25,13:09,J0028,Puerto Escarlata,Casual,Umbra,13,6,7,5,Derrota,710,2026,6,Thursday,1,1
4807,2026-04-25,07:03,J0152,Estacion Orbital,Ranked,Umbra;Tesla,42,2,4,3,Derrota,270,2026,4,Saturday,0,2
9025,2026-07-01,05:44,J0006,Desierto Neon,Casual,Nadia;Magnus;Umbra,29,8,1,3,Derrota,930,2026,7,Wednesday,8,3
8239,2026-06-19,19:06,J0069,Estacion Orbital,Ranked,Nadia,33,4,7,3,Victoria,910,2026,6,Friday,1,1
8045,2026-06-16,08:19,J0200,Puerto Escarlata,Casual,Brisa;Magnus,15,7,3,2,Derrota,740,2026,6,Tuesday,2,2
9856,2026-07-13,14:14,J0023,Estacion Orbital,Ranked,Magnus,45,10,5,2,Derrota,1000,2026,7,Monday,2,1
3994,2026-04-11,16:00,J0200,Desierto Neon,Torneo,Umbra,26,6,3,2,Victoria,1140,2026,4,Saturday,2,1
9624,2026-07-10,20:45,J0019,Bosque Umbral,Ranked,Lienzo;Magnus,22,0,5,2,Victoria,,2026,7,Friday,0,2
6610,2026-05-24,22:03,J0146,Canales de Hielo,Ranked,Magnus,27,2,5,4,Victoria,800,2026,5,Sunday,0,1
5320,2026-05-04,21:39,J0017,Ciudadela,Ranked,Koro,28,7,6,4,Derrota,780,2026,5,Monday,1,1
7120,2026-06-01,08:35,J0054,Canales de Hielo,Ranked,Koro;Umbra;Tesla,26,8,8,7,Derrota,990,2026,6,Monday,1,3
2422,2026-03-12,17:59,J0088,Bosque Umbral,Ranked,Brisa,42,6,7,5,Derrota,710,2026,3,Thursday,1,1
5605,2026-05-09,10:53,J0027,Canales de Hielo,Torneo,Koro,28,3,5,7,Derrota,550,2026,5,Saturday,1,1
1751,2026-02-26,17:21,J0015,Bosque Umbral,Casual,Lienzo;Koro;Brisa,9,9,4,2,Derrota,920,2026,2,Thursday,2,3
9086,2026-07-02,21:32,J0024,Desierto Neon,Ranked,Magnus;Lienzo,25,1,9,2,Derrota,20,2026,7,Thursday,0,2
9792,2026-07-12,16:54,J0017,Estacion Orbital,Ranked,,45,3,7,4,Victoria,860,2026,7,Sunday,0,0
339,2026-01-24,20:20,J0008,Bosque Umbral,Casual,Tesla,11,4,3,5,Derrota,590,2026,1,Saturday,1,1
8408,2026-06-22,17:37,J0019,Bosque Umbral,Torneo,Brisa;Lienzo,15,3,7,6,Derrota,460,2026,6,Monday,0,2
1342,2026-02-17,19:49,J0117,Canales de Hielo,Ranked,Koro,31,3,6,5,,930,2026,2,Tuesday,0,1
9617,2026-07-10,17:29,J0019,Estacion Orbital,Ranked,Lienzo,28,2,7,7,Victoria,910,2026,7,Friday,0,1
7983,2026-06-15,00:45,J0015,Estacion Orbital,Casual,Vex,21,11,5,3,Victoria,1650,2026,6,Monday,2,1
3641,2026-04-04,21:18,J0005,Puerto Escarlata,Ranked,Tesla,22,7,3,5,Victoria,1390,2026,4,Saturday,2,1
330,2026-01-24,00:34,J0011,Desierto Neon,Casual,Tesla,9,2,3,1,Victoria,690,2026,1,Saturday,1,1
8898,2026-06-29,22:01,J0015,Desierto Neon,Casual,Umbra;Brisa,22,6,1,3,Victoria,1230,2026,6,Monday,6,2
3005,2026-03-23,19:02,J0200,Canales de Hielo,Casual,Umbra,10,12,2,3,Derrota,1310,2026,3,Monday,6,1
6961,2026-05-30,17:32,J0024,Ciudadela,Ranked,Vex,23,13,8,4,Derrota,1340,2026,5,Saturday,2,1
4091,2026-04-12,16:06,J0055,Estacion Orbital,Ranked,Umbra,34,3,6,0,Derrota,180,2026,4,Sunday,0,1
2323,2026-03-09,17:00,J0095,Desierto Neon,Casual,Tesla;Nadia,13,5,5,8,Derrota,800,2026,3,Monday,1,2
6668,2026-05-25,07:45,J0021,Ciudadela,Casual,Umbra;Lienzo;Magnus,27,10,6,6,Derrota,1180,2026,5,Monday,2,3
7010,2026-05-31,03:24,J0193,Bosque Umbral,Casual,Brisa,16,5,6,3,Derrota,530,2026,5,Sunday,1,1
4198,2026-04-15,18:36,J0032,Estacion Orbital,Ranked,Vex,31,10,5,3,Victoria,1550,2026,4,Wednesday,2,1
3550,2026-04-03,11:52,J0077,Desierto Neon,Torneo,Brisa;Tesla,19,6,6,3,Victoria,1130,2026,4,Friday,1,2
8364,2026-06-21,16:07,J0075,Bosque Umbral,Ranked,Vex,26,8,2,4,Victoria,,2026,6,Sunday,4,1
4204,2026-04-15,21:29,J0028,Bosque Umbral,Casual,Lienzo;Nadia,26,5,4,2,Derrota,520,2026,4,Wednesday,1,2
9381,2026-07-06,20:33,J0017,Bosque Umbral,Casual,Koro,29,7,6,1,Derrota,630,2026,7,Monday,1,1
9007,2026-07-01,19:32,J0099,Puerto Escarlata,Casual,Magnus,22,2,2,0,Victoria,660,2026,7,Wednesday,1,1
6186,2026-05-18,20:05,J0073,Puerto Escarlata,Ranked,Brisa;Lienzo,26,1,8,4,Victoria,640,2026,5,Monday,0,2
1640,2026-02-23,10:27,J0003,Desierto Neon,Ranked,Brisa,44,4,3,2,Victoria,940,2026,2,Monday,1,1
61,2026-01-17,19:31,J0053,Bosque Umbral,Ranked,Lienzo,45,3,5,2,Derrota,300,2026,1,Saturday,1,1
1241,2026-02-15,14:46,J0038,Ciudadela,Casual,Koro;Nadia;Brisa,12,4,4,4,Victoria,1020,2026,2,Sunday,1,3
5761,2026-05-11,06:41,J0043,Estacion Orbital,Ranked,Magnus;Vex,44,11,5,8,Derrota,1400,2026,5,Monday,2,2
5137,2026-05-01,16:12,J0019,Estacion Orbital,Ranked,Nadia;Koro,33,3,6,1,Derrota,230,2026,5,Friday,0,2
2344,2026-03-10,08:06,J0033,Estacion Orbital,Torneo,Tesla,15,4,7,2,Victoria,860,2026,3,Tuesday,1,1
2121,2026-03-06,20:33,J0007,Puerto Escarlata,Casual,Magnus,12,12,5,4,Victoria,1800,2026,3,Friday,2,1
1525,2026-02-21,18:00,J0098,Estacion Orbital,Ranked,Tesla;Nadia,31,13,10,6,Derrota,1400,2026,2,Saturday,1,2
7618,2026-06-09,16:15,J0096,Desierto Neon,Ranked,Koro,25,6,6,3,Derrota,330,2026,6,Tuesday,1,1
154,2026-01-20,18:51,J0045,Ciudadela,Ranked,Magnus;Vex,35,13,8,5,Victoria,1890,2026,1,Tuesday,2,2
482,2026-01-27,18:40,J0106,Bosque Umbral,Torneo,Vex,14,11,6,3,Derrota,1130,2026,1,Tuesday,2,1
6123,2026-05-17,20:40,J0015,Bosque Umbral,Casual,Koro;Tesla,24,11,3,2,Victoria,1640,2026,5,Sunday,4,2
7675,2026-06-10,22:34,J0068,Ciudadela,Ranked,Koro,36,8,4,2,Victoria,1320,2026,6,Wednesday,2,1
7102,2026-06-01,14:20,J0093,Puerto Escarlata,Ranked,,42,3,6,3,Victoria,830,2026,6,Monday,0,0
1763,2026-02-26,07:29,J0200,Canales de Hielo,Ranked,Nadia,31,9,3,6,Derrota,1140,2026,2,Thursday,3,1
7716,2026-06-11,19:34,J0030,Ciudadela,Torneo,Vex,22,7,5,1,Derrota,650,2026,6,Thursday,1,1
9787,2026-07-12,01:52,J0106,Estacion Orbital,Ranked,Vex,29,4,6,2,Victoria,880,2026,7,Sunday,1,1
7480,2026-06-07,15:20,J0064,Desierto Neon,Ranked,Umbra;Nadia,41,5,7,5,Victoria,1110,2026,6,Sunday,1,2
6213,2026-05-18,19:53,J0061,Ciudadela,Casual,Brisa;Umbra,23,1,5,6,Derrota,300,2026,5,Monday,0,2
4854,2026-04-26,17:10,J0006,Estacion Orbital,Ranked,Vex,32,9,2,7,Victoria,1710,2026,4,Sunday,4,1
2712,2026-03-17,13:38,J0005,Desierto Neon,Ranked,Nadia,40,5,8,0,Victoria,840,2026,3,Tuesday,1,1
6767,2026-05-26,16:14,J0040,Ciudadela,Ranked,Tesla,40,10,4,4,Derrota,1120,2026,5,Tuesday,2,1
4151,2026-04-14,22:13,J0161,Puerto Escarlata,Casual,Lienzo,24,5,7,2,Derrota,460,2026,4,Tuesday,1,1
1334,2026-02-17,10:20,J0001,Ciudadela,Torneo,Tesla;Umbra,9,4,7,2,Derrota,360,2026,2,Tuesday,1,2
8379,2026-06-21,13:41,J0030,Canales de Hielo,Torneo,Vex;Koro,9,10,4,4,Victoria,1620,2026,6,Sunday,2,2
9460,2026-07-08,21:37,J0144,Canales de Hielo,Casual,Vex,16,6,5,5,Victoria,1150,2026,7,Wednesday,1,1
9781,2026-07-12,20:12,J0168,Bosque Umbral,Ranked,Vex,35,9,2,3,Victoria,1510,2026,7,Sunday,4,1
9192,2026-07-04,22:40,J0023,Desierto Neon,Ranked,Tesla,25,5,6,6,Victoria,1180,2026,7,Saturday,1,1
3851,2026-04-08,13:12,J0040,Canales de Hielo,Casual,Brisa,29,9,3,6,Victoria,1640,2026,4,Wednesday,3,1
8341,2026-06-21,14:17,J0073,Desierto Neon,Ranked,Nadia,38,4,2,5,Derrota,610,2026,6,Sunday,2,1
4125,2026-04-13,21:25,J0133,Puerto Escarlata,Torneo,Tesla;Vex,27,11,2,2,Derrota,1160,2026,4,Monday,6,2
9034,2026-07-01,19:07,J0107,Desierto Neon,Ranked,Vex,41,1,3,4,Victoria,740,2026,7,Wednesday,0,1
4789,2026-04-25,16:36,J0057,Bosque Umbral,Ranked,Lienzo,22,6,4,1,,1070,2026,4,Saturday,2,1
2867,2026-03-21,12:04,J0042,Canales de Hielo,Casual,Lienzo;Vex,15,2,4,7,Derrota,470,2026,3,Saturday,0,2
1387,2026-02-18,21:55,J0003,Puerto Escarlata,Torneo,Nadia,29,4,3,3,Victoria,990,2026,2,Wednesday,1,1
5942,2026-05-14,17:39,J0113,Estacion Orbital,Torneo,Lienzo;Tesla,30,5,10,3,Derrota,450,2026,5,Thursday,0,2
3068,2026-03-24,23:09,J0124,Canales de Hielo,Ranked,Brisa;Magnus,36,1,2,3,,710,2026,3,Tuesday,0,2
9129,2026-07-03,17:45,J0163,Bosque Umbral,Casual,Brisa;Koro,10,7,10,1,Victoria,1050,2026,7,Friday,1,2
3630,2026-04-04,09:19,J0038,Puerto Escarlata,Casual,Tesla;Nadia,12,4,1,4,Derrota,580,2026,4,Saturday,4,2
9528,2026-07-09,21:48,J0088,Canales de Hielo,Ranked,Magnus,42,8,5,3,Victoria,1350,2026,7,Thursday,2,1
9020,2026-07-01,19:25,J0006,Bosque Umbral,Torneo,,13,9,8,5,Victoria,1490,2026,7,Wednesday,1,0
3029,2026-03-23,15:35,J0186,Ciudadela,Casual,Lienzo;Vex;Tesla,17,9,6,2,Victoria,1380,2026,3,Monday,2,3
2970,2026-03-22,21:07,J0027,Ciudadela,Casual,Koro;Umbra;Tesla,23,3,6,3,Victoria,830,2026,3,Sunday,0,3
8647,2026-06-26,21:23,J0130,Ciudadela,Casual,Brisa,22,6,10,4,Derrota,600,2026,6,Friday,1,1
6137,2026-05-17,14:40,J0024,Puerto Escarlata,Casual,,22,10,3,2,,1540,2026,5,Sunday,3,0
8802,2026-06-28,13:54,J0141,Bosque Umbral,Ranked,Koro,26,10,7,3,Victoria,1510,2026,6,Sunday,1,1
4264,2026-04-16,11:57,J0079,Puerto Escarlata,Ranked,Brisa;Umbra,41,6,4,0,Derrota,720,2026,4,Thursday,2,2
646,2026-02-01,19:24,J0045,Estacion Orbital,Ranked,Tesla;Koro,28,2,7,3,Victoria,710,2026,2,Sunday,0,2
9727,2026-07-11,21:11,J0059,Estacion Orbital,Casual,Nadia;Brisa;Tesla,14,9,4,5,Derrota,1070,2026,7,Saturday,2,3
2075,2026-03-05,22:42,J0127,Ciudadela,Ranked,Koro;Vex,32,6,2,5,Victoria,1310,2026,3,Thursday,3,2
342,2026-01-24,20:51,J0041,Canales de Hielo,Ranked,,38,1,3,6,Derrota,340,2026,1,Saturday,0,0
8042,2026-06-16,20:43,J0014,Ciudadela,Ranked,Brisa,45,2,5,4,Derrota,300,2026,6,Tuesday,0,1
1623,2026-02-23,14:25,J0012,Estacion Orbital,Ranked,Magnus,27,8,2,4,Victoria,1460,2026,2,Monday,4,1
7142,2026-06-02,23:23,J0075,Bosque Umbral,Casual,Umbra,27,6,2,5,,1310,2026,6,Tuesday,3,1
5797,2026-05-12,22:22,J0036,Puerto Escarlata,Torneo,Koro;Tesla;Vex,18,5,5,10,Victoria,1400,2026,5,Tuesday,1,3
7185,2026-06-02,14:00,J0027,Estacion Orbital,Casual,Brisa,27,1,3,4,Victoria,740,2026,6,Tuesday,0,1
8233,2026-06-19,17:44,J0064,Ciudadela,Torneo,Vex;Magnus,11,11,7,2,Victoria,1560,2026,6,Friday,2,2
5476,2026-05-07,05:01,J0011,Desierto Neon,Torneo,Tesla,11,12,6,4,Derrota,1280,2026,5,Thursday,2,1
9323,2026-07-06,23:02,J0014,Ciudadela,Casual,Tesla,17,4,7,0,Victoria,760,2026,7,Monday,1,1
75,2026-01-17,15:31,J0047,Estacion Orbital,Torneo,Umbra;Brisa,31,11,6,5,Derrota,1230,2026,1,Saturday,2,2
8634,2026-06-25,07:41,J0091,Puerto Escarlata,Ranked,Nadia;Koro,37,6,7,10,,1460,2026,6,Thursday,1,2
9300,2026-07-05,16:44,J0032,Canales de Hielo,Casual,Nadia,21,6,3,7,Derrota,890,2026,7,Sunday,2,1
2052,2026-03-04,20:44,J0011,Desierto Neon,Ranked,Umbra;Lienzo,42,4,5,9,Victoria,1250,2026,3,Wednesday,1,2
2542,2026-03-14,07:06,J0021,Canales de Hielo,Casual,Brisa;Tesla;Koro,17,7,3,2,Derrota,740,2026,3,Saturday,2,3
1302,2026-02-16,20:34,J0074,Puerto Escarlata,Casual,Tesla,14,1,6,4,Derrota,180,2026,2,Monday,0,1
5878,2026-05-13,18:11,J0200,Canales de Hielo,Casual,Brisa,20,6,3,5,Victoria,1290,2026,5,Wednesday,2,1
7369,2026-06-05,17:09,J0161,Estacion Orbital,Torneo,Vex;Brisa;Koro,12,2,3,1,Derrota,190,2026,6,Friday,1,3
1305,2026-02-16,13:47,J0082,Puerto Escarlata,Ranked,Vex,40,10,5,2,Victoria,1500,2026,2,Monday,2,1
8429,2026-06-22,23:16,J0045,Desierto Neon,Ranked,Koro;Lienzo,25,3,5,2,Derrota,300,2026,6,Monday,1,2
9165,2026-07-03,16:42,J0020,Estacion Orbital,Casual,Nadia;Umbra,23,7,3,6,Victoria,1440,2026,7,Friday,2,2
2600,2026-03-15,17:11,J0033,Bosque Umbral,Ranked,Tesla;Umbra,31,5,5,3,Victoria,1050,2026,3,Sunday,1,2
2574,2026-03-15,10:55,J0009,Bosque Umbral,Casual,Umbra,30,4,2,2,Victoria,960,2026,3,Sunday,2,1
3187,2026-03-26,00:48,J0121,Estacion Orbital,Ranked,Lienzo;Umbra,35,3,8,3,Derrota,290,2026,3,Thursday,0,2
2769,2026-03-19,00:44,J0099,Puerto Escarlata,Casual,Lienzo,30,6,7,7,Victoria,1310,2026,3,Thursday,1,1
4832,2026-04-26,21:19,J0127,Desierto Neon,Casual,Nadia;Umbra;Vex,19,9,6,4,Victoria,1480,2026,4,Sunday,2,3
4224,2026-04-15,22:53,J0067,Ciudadela,Ranked,Vex,36,8,5,5,,1450,2026,4,Wednesday,2,1
9723,2026-07-11,18:07,J0013,Desierto Neon,Casual,Lienzo,14,7,2,2,Derrota,760,2026,7,Saturday,4,1
2107,2026-03-05,20:11,J0020,Ciudadela,Casual,Lienzo;Nadia;Umbra,12,8,4,2,Victoria,1320,2026,3,Thursday,2,3
2680,2026-03-17,20:23,J0067,Puerto Escarlata,Casual,Koro,10,4,7,2,Victoria,860,2026,3,Tuesday,1,1
1388,2026-02-18,16:56,J0091,Puerto Escarlata,Ranked,Lienzo,40,5,7,3,Victoria,1010,2026,2,Wednesday,1,1
9002,2026-07-01,13:58,J0045,Puerto Escarlata,Ranked,Umbra,28,6,4,5,Victoria,1270,2026,7,Wednesday,2,1
9733,2026-07-11,18:04,J0020,Ciudadela,Ranked,Tesla;Koro,31,7,4,2,Victoria,1220,2026,7,Saturday,2,2
7084,2026-06-01,18:22,J0031,Estacion Orbital,Ranked,Umbra;Brisa,43,7,3,2,Victoria,1240,2026,6,Monday,2,2
1280,2026-02-16,22:21,J0127,Puerto Escarlata,Torneo,Brisa;Magnus;Lienzo,32,2,8,1,Victoria,590,2026,2,Monday,0,3
805,2026-02-05,17:19,J0049,Desierto Neon,Casual,Magnus,22,3,4,1,Derrota,270,2026,2,Thursday,1,1
1556,2026-02-21,08:03,J0200,Estacion Orbital,Ranked,Umbra,43,10,3,4,Victoria,1640,2026,2,Saturday,3,1
9559,2026-07-09,19:00,J0006,Estacion Orbital,Casual,Koro;Tesla,19,6,7,1,Derrota,510,2026,7,Thursday,1,2
4567,2026-04-21,12:24,J0200,Desierto Neon,Ranked,Umbra;Brisa,26,5,6,2,Victoria,980,2026,4,Tuesday,1,2
9743,2026-07-11,17:02,J0122,Canales de Hielo,Casual,Tesla;Nadia,13,7,4,6,Derrota,920,2026,7,Saturday,2,2
4842,2026-04-26,12:07,J0200,Estacion Orbital,Ranked,Umbra;Lienzo;Tesla,33,8,5,3,Victoria,1350,2026,4,Sunday,2,3
3595,2026-04-04,01:19,J0079,Canales de Hielo,Casual,Koro,30,8,5,3,Derrota,850,2026,4,Saturday,2,1
6036,2026-05-16,18:28,J0003,Canales de Hielo,Ranked,Nadia;Koro,29,4,6,2,Derrota,380,2026,5,Saturday,1,2
6853,2026-05-28,16:59,J0102,Bosque Umbral,Ranked,Nadia,28,3,7,7,Derrota,510,2026,5,Thursday,0,1
8706,2026-06-27,17:33,J0006,Estacion Orbital,Torneo,Lienzo,19,7,4,2,Derrota,720,2026,6,Saturday,2,1
4178,2026-04-14,17:28,J0049,Desierto Neon,Ranked,Koro,30,5,6,2,Victoria,980,2026,4,Tuesday,1,1
1309,2026-02-16,17:42,J0026,Desierto Neon,Casual,Magnus;Vex,9,10,6,2,Victoria,1480,2026,2,Monday,2,2
3453,2026-03-31,17:59,J0001,Bosque Umbral,Casual,Lienzo;Umbra,24,5,2,6,Victoria,1260,2026,3,Tuesday,2,2
3696,2026-04-05,22:35,J0011,Bosque Umbral,Torneo,Tesla;Lienzo,29,7,2,1,Victoria,1210,2026,4,Sunday,4,2
4243,2026-04-16,22:13,J0009,Desierto Neon,Casual,Lienzo;Nadia,20,5,3,5,Victoria,1190,2026,4,Thursday,2,2
2199,2026-03-07,23:28,J0022,Desierto Neon,Ranked,Umbra;Koro;Tesla,44,3,11,7,Victoria,930,2026,3,Saturday,0,3
8967,2026-06-30,18:07,J0009,Estacion Orbital,Ranked,Lienzo,22,3,3,4,Derrota,440,2026,6,Tuesday,1,1
4426,2026-04-19,13:56,J0016,Estacion Orbital,Ranked,Nadia,36,7,4,2,Victoria,1220,2026,4,Sunday,2,1
6151,2026-05-17,07:46,J0156,Ciudadela,Casual,Brisa;Umbra,21,5,2,7,Victoria,1310,2026,5,Sunday,2,2
944,2026-02-08,19:13,J0092,Puerto Escarlata,Ranked,Magnus,41,5,6,5,Victoria,1130,2026,2,Sunday,1,1
823,2026-02-05,11:22,J0004,Ciudadela,Ranked,Tesla,25,7,4,3,Victoria,1270,2026,2,Thursday,2,1
5006,2026-04-29,22:35,J0006,Bosque Umbral,Casual,Nadia;Vex,16,13,3,4,Victoria,1940,2026,4,Wednesday,4,2
6613,2026-05-24,16:12,J0003,Bosque Umbral,Casual,Tesla,25,2,6,0,Victoria,580,2026,5,Sunday,0,1
8357,2026-06-21,22:55,J0049,Canales de Hielo,Ranked,Nadia;Koro,23,1,1,4,Victoria,780,2026,6,Sunday,1,2
5620,2026-05-09,22:05,J0016,Bosque Umbral,Torneo,Brisa,10,5,4,3,Victoria,1070,2026,5,Saturday,1,1
4548,2026-04-21,22:47,J0090,Bosque Umbral,Casual,Lienzo;Brisa,20,3,6,7,Derrota,530,2026,4,Tuesday,0,2
2539,2026-03-14,21:25,J0087,Ciudadela,Torneo,Lienzo,29,9,10,4,Victoria,1400,2026,3,Saturday,1,1
5208,2026-05-02,20:59,J0009,Desierto Neon,Casual,Umbra,16,5,6,3,Derrota,530,2026,5,Saturday,1,1
9587,2026-07-10,16:34,J0066,Canales de Hielo,Ranked,Koro,41,9,4,7,Victoria,1670,2026,7,Friday,2,1
9080,2026-07-02,13:41,J0032,Bosque Umbral,Torneo,,16,7,4,4,Derrota,820,2026,7,Thursday,2,0
3055,2026-03-24,17:08,J0126,Puerto Escarlata,Casual,Brisa;Vex,19,8,5,3,Victoria,1350,2026,3,Tuesday,2,2
3676,2026-04-05,01:59,J0130,Puerto Escarlata,Casual,Brisa;Lienzo,27,3,7,2,Derrota,260,2026,4,Sunday,0,2
7777,2026-06-12,18:10,J0200,Puerto Escarlata,Ranked,Umbra;Koro,33,5,3,2,Derrota,540,2026,6,Friday,2,2
7219,2026-06-03,19:44,J0033,Ciudadela,Casual,Magnus,22,5,4,3,Derrota,570,2026,6,Wednesday,1,1
6723,2026-05-26,20:39,J0093,Estacion Orbital,Torneo,Umbra,10,3,4,3,Victoria,870,2026,5,Tuesday,1,1
3301,2026-03-28,19:54,J0059,Desierto Neon,Ranked,Umbra;Vex,32,8,3,2,Victoria,1340,2026,3,Saturday,3,2
3311,2026-03-29,19:31,J0168,Ciudadela,Casual,Koro;Umbra,11,3,6,4,Victoria,880,2026,3,Sunday,0,2
7222,2026-06-03,17:46,J0036,Canales de Hielo,Ranked,Brisa;Nadia,43,4,5,5,Victoria,1050,2026,6,Wednesday,1,2
8520,2026-06-23,19:00,J0052,Desierto Neon,Casual,Koro,14,4,3,2,Victoria,,2026,6,Tuesday,1,1
5955,2026-05-14,21:53,J0005,Desierto Neon,Ranked,Brisa,37,6,5,2,Derrota,600,2026,5,Thursday,1,1
833,2026-02-06,03:41,J0162,Puerto Escarlata,Ranked,Nadia,32,5,1,5,Victoria,1230,2026,2,Friday,5,1
3463,2026-03-31,19:59,J0037,Canales de Hielo,Ranked,Magnus,44,5,4,1,Derrota,470,2026,3,Tuesday,1,1
7644,2026-06-10,12:09,J0021,Estacion Orbital,Casual,Nadia,24,7,5,2,,1200,2026,6,Wednesday,1,1
55,2026-01-17,02:31,J0072,Puerto Escarlata,Ranked,Koro;Brisa;Umbra,30,1,4,2,Derrota,120,2026,1,Saturday,0,3
3452,2026-03-31,09:50,J0039,Desierto Neon,Ranked,Vex;Brisa,36,11,8,1,Derrota,990,2026,3,Tuesday,1,2
6306,2026-05-20,14:03,J0062,Estacion Orbital,Ranked,Magnus,43,3,6,4,Victoria,880,2026,5,Wednesday,0,1
1482,2026-02-20,02:02,J0040,Puerto Escarlata,Ranked,,39,8,5,5,Derrota,950,2026,2,Friday,2,0
4874,2026-04-26,18:33,J0023,Ciudadela,Torneo,Nadia,27,5,5,1,Victoria,950,2026,4,Sunday,1,1
8039,2026-06-16,10:32,J0007,Puerto Escarlata,Casual,Umbra,28,11,6,4,Victoria,1680,2026,6,Tuesday,2,1
3336,2026-03-29,10:01,J0044,Ciudadela,Ranked,Koro;Magnus,24,7,4,6,Derrota,920,2026,3,Sunday,2,2
6017,2026-05-16,01:48,J0028,Desierto Neon,Ranked,Vex;Koro,42,11,4,6,Victoria,1820,2026,5,Saturday,3,2
4927,2026-04-27,16:57,J0005,Desierto Neon,Ranked,Umbra;Brisa,23,8,3,8,Victoria,1640,2026,4,Monday,3,2
5798,2026-05-12,14:22,J0010,Ciudadela,Casual,Tesla;Brisa,14,6,6,4,Derrota,780,2026,5,Tuesday,1,2
9905,2026-07-13,02:00,J0077,Canales de Hielo,Ranked,Vex;Umbra,37,2,4,3,Victoria,770,2026,7,Monday,0,2
5084,2026-04-30,18:27,J0026,Desierto Neon,Casual,Tesla;Koro,22,3,3,4,Derrota,,2026,4,Thursday,1,2
6646,2026-05-24,09:59,J0003,Ciudadela,Casual,Umbra;Magnus,24,3,8,5,Victoria,890,2026,5,Sunday,0,2
5491,2026-05-07,16:04,J0114,Estacion Orbital,Casual,Magnus,9,3,12,4,Derrota,260,2026,5,Thursday,0,1
769,2026-02-04,15:08,J0066,Estacion Orbital,Torneo,Lienzo;Tesla;Vex,14,10,5,2,Derrota,1000,2026,2,Wednesday,2,3
2066,2026-03-04,17:24,J0013,Puerto Escarlata,Torneo,Koro;Magnus;Umbra,26,5,4,8,Victoria,1320,2026,3,Wednesday,1,3
9573,2026-07-09,22:26,J0200,Desierto Neon,Torneo,Koro;Nadia,9,10,5,6,Derrota,1200,2026,7,Thursday,2,2
7312,2026-06-04,17:26,J0058,Puerto Escarlata,Casual,Brisa,12,3,4,5,Victoria,970,2026,6,Thursday,1,1
8478,2026-06-23,19:35,J0075,Estacion Orbital,Casual,Brisa;Koro;Umbra,15,6,5,7,Derrota,850,2026,6,Tuesday,1,3
4525,2026-04-21,16:39,J0010,Ciudadela,Ranked,Tesla,31,11,3,3,Victoria,1690,2026,4,Tuesday,4,1
2718,2026-03-17,10:00,J0016,Canales de Hielo,Casual,Nadia,26,5,3,4,Victoria,1140,2026,3,Tuesday,2,1
2080,2026-03-05,21:09,J0066,Desierto Neon,Ranked,Tesla,22,6,5,3,Derrota,650,2026,3,Thursday,1,1
8915,2026-06-29,13:30,J0098,Canales de Hielo,Casual,Lienzo,17,3,3,0,Derrota,240,2026,6,Monday,1,1
952,2026-02-08,22:40,J0011,Ciudadela,Ranked,Brisa;Umbra;Tesla,41,5,7,2,Victoria,960,2026,2,Sunday,1,3
8059,2026-06-16,18:05,J0005,Canales de Hielo,Casual,Umbra;Koro;Nadia,21,6,5,1,Derrota,550,2026,6,Tuesday,1,3
2483,2026-03-13,21:14,J0028,Canales de Hielo,Casual,Lienzo,13,5,7,3,Derrota,510,2026,3,Friday,1,1
1760,2026-02-26,19:20,J0044,Desierto Neon,Casual,Brisa,27,7,8,4,Derrota,740,2026,2,Thursday,1,1
4423,2026-04-19,05:28,J0025,Puerto Escarlata,Torneo,Lienzo,23,3,10,5,Victoria,850,2026,4,Sunday,0,1
6705,2026-05-25,18:36,J0004,Desierto Neon,Casual,Brisa,14,5,6,4,Victoria,1080,2026,5,Monday,1,1
5183,2026-05-02,11:29,J0132,Puerto Escarlata,Casual,,28,14,6,4,Victoria,1980,2026,5,Saturday,2,0
8534,2026-06-24,19:42,J0063,Ciudadela,Casual,Tesla;Umbra;Lienzo,17,4,4,5,Derrota,570,2026,6,Wednesday,1,3
3702,2026-04-05,21:08,J0025,Canales de Hielo,Casual,Vex;Umbra,16,9,4,4,Victoria,1520,2026,4,Sunday,2,2
4244,2026-04-16,18:39,J0074,Bosque Umbral,Casual,Brisa;Umbra;Magnus,12,3,4,7,Derrota,570,2026,4,Thursday,1,3
689,2026-02-02,23:46,J0078,Desierto Neon,Casual,Koro,8,4,8,2,Victoria,840,2026,2,Monday,0,1
3433,2026-03-31,16:49,J0023,Canales de Hielo,Ranked,Koro,38,2,5,2,Victoria,700,2026,3,Tuesday,0,1
4945,2026-04-28,21:27,J0069,Desierto Neon,Ranked,Nadia;Brisa;Tesla,28,3,5,2,Victoria,800,2026,4,Tuesday,1,3
967,2026-02-08,16:22,J0200,Puerto Escarlata,Ranked,Vex,40,6,5,4,Victoria,1200,2026,2,Sunday,1,1
9557,2026-07-09,10:17,J0061,Estacion Orbital,Ranked,Vex,43,11,5,4,Victoria,1700,2026,7,Thursday,2,1
2714,2026-03-17,15:42,J0200,Canales de Hielo,Ranked,Koro,28,12,7,3,Derrota,1210,2026,3,Tuesday,2,1
4758,2026-04-25,11:20,J0017,Desierto Neon,Casual,,25,6,9,0,Derrota,420,2026,4,Saturday,1,0
9618,2026-07-10,10:50,J0200,Bosque Umbral,Ranked,Magnus,30,4,6,2,Victoria,880,2026,7,Friday,1,1
6321,2026-05-20,01:51,J0056,Estacion Orbital,Ranked,Magnus,29,1,6,7,Victoria,830,2026,5,Wednesday,0,1
5976,2026-05-15,18:19,J0057,Estacion Orbital,Ranked,Nadia,43,8,5,8,Victoria,1600,2026,5,Friday,2,1
3573,2026-04-03,21:59,J0155,Desierto Neon,Ranked,Lienzo;Brisa,23,5,2,5,Victoria,,2026,4,Friday,2,2
5300,2026-05-04,22:07,J0014,Bosque Umbral,Ranked,Magnus;Brisa,32,1,7,4,Derrota,160,2026,5,Monday,0,2
1991,2026-03-03,20:16,J0008,Canales de Hielo,Casual,Brisa;Magnus,29,2,6,8,Victoria,980,2026,3,Tuesday,0,2
1206,2026-02-14,19:36,J0036,Canales de Hielo,Ranked,Brisa,24,4,6,9,Derrota,730,2026,2,Saturday,1,1
4972,2026-04-28,18:43,J0092,Bosque Umbral,Casual,Magnus,18,3,4,2,Victoria,820,2026,4,Tuesday,1,1
6784,2026-05-27,19:53,J0090,Estacion Orbital,Casual,Umbra;Koro,11,2,4,3,Victoria,770,2026,5,Wednesday,0,2
3601,2026-04-04,17:35,J0047,Canales de Hielo,Torneo,Nadia;Tesla;Magnus,25,11,5,3,Derrota,1150,2026,4,Saturday,2,3
6491,2026-05-22,17:16,J0015,Canales de Hielo,Casual,Tesla,30,6,3,4,Victoria,1240,2026,5,Friday,2,1
8610,2026-06-25,11:39,J0045,Canales de Hielo,Casual,Brisa,18,8,8,7,Victoria,1490,2026,6,Thursday,1,1
8071,2026-06-16,19:51,J0020,Bosque Umbral,Torneo,Lienzo,8,9,4,6,Derrota,1120,2026,6,Tuesday,2,1
8578,2026-06-25,20:37,J0044,Puerto Escarlata,Ranked,Umbra,31,5,8,7,Derrota,690,2026,6,Thursday,1,1
7974,2026-06-15,14:09,J0082,Puerto Escarlata,Torneo,Tesla,28,3,11,3,Derrota,230,2026,6,Monday,0,1
1626,2026-02-23,17:01,J0016,Ciudadela,Casual,Koro;Brisa,16,9,4,2,Derrota,920,2026,2,Monday,2,2
537,2026-01-29,23:13,J0009,Puerto Escarlata,Casual,Magnus;Vex,25,4,7,2,Derrota,360,2026,1,Thursday,1,2
8767,2026-06-27,21:10,J0019,Puerto Escarlata,Casual,Tesla,18,8,6,7,Victoria,,2026,6,Saturday,1,1
7971,2026-06-15,22:01,J0078,Bosque Umbral,Casual,Lienzo;Umbra,14,3,7,6,Derrota,460,2026,6,Monday,0,2
4213,2026-04-15,19:46,J0001,Canales de Hielo,Torneo,Koro;Magnus,25,6,9,2,Victoria,1020,2026,4,Wednesday,1,2
6457,2026-05-22,12:35,J0060,Estacion Orbital,Casual,Tesla,8,3,6,2,Victoria,780,2026,5,Friday,0,1
3508,2026-04-02,22:14,J0054,Bosque Umbral,Casual,Nadia;Vex,30,10,3,4,Victoria,1640,2026,4,Thursday,3,2
8394,2026-06-21,22:12,J0093,Estacion Orbital,Casual,Brisa,23,0,7,5,Victoria,610,2026,6,Sunday,0,1
7113,2026-06-01,19:19,J0039,Puerto Escarlata,Casual,Koro,31,3,3,4,Derrota,440,2026,6,Monday,1,1
2709,2026-03-17,13:46,J0011,Ciudadela,Ranked,Brisa;Nadia,33,3,6,1,Derrota,230,2026,3,Tuesday,0,2
5032,2026-04-29,16:59,J0158,Desierto Neon,Ranked,Nadia,34,11,1,4,,1280,2026,4,Wednesday,11,1
6515,2026-05-23,19:40,J0030,Ciudadela,Ranked,Nadia;Tesla;Umbra,27,7,9,2,Derrota,620,2026,5,Saturday,1,3
4663,2026-04-23,05:57,J0051,Puerto Escarlata,Casual,Vex;Brisa,15,2,7,8,Victoria,960,2026,4,Thursday,0,2
4022,2026-04-11,20:10,J0189,Bosque Umbral,Casual,Lienzo,25,8,6,8,Victoria,1580,2026,4,Saturday,1,1
1855,2026-02-28,12:29,J0008,Estacion Orbital,Casual,Magnus,12,3,5,5,Derrota,450,2026,2,Saturday,1,1
9497,2026-07-08,21:12,J0045,Ciudadela,Ranked,Umbra,45,5,7,3,Derrota,510,2026,7,Wednesday,1,1
2873,2026-03-21,00:08,J0191,Estacion Orbital,Torneo,Nadia,13,4,5,3,Derrota,450,2026,3,Saturday,1,1
3031,2026-03-23,21:34,J0060,Canales de Hielo,Torneo,Vex;Koro;Lienzo,25,7,6,2,Derrota,680,2026,3,Monday,1,3
1646,2026-02-23,11:59,J0095,Desierto Neon,Ranked,Umbra,23,5,3,1,Victoria,990,2026,2,Monday,2,1
3418,2026-03-30,09:00,J0058,Canales de Hielo,Ranked,Lienzo,27,6,3,2,Victoria,1140,2026,3,Monday,2,1
3477,2026-04-01,12:59,J0052,Bosque Umbral,Casual,Vex;Tesla;Koro,18,7,5,1,,1150,2026,4,Wednesday,1,3
9625,2026-07-10,17:04,J0077,Estacion Orbital,Casual,Magnus,17,7,2,2,Derrota,760,2026,7,Friday,4,1
1793,2026-02-27,23:43,J0004,Desierto Neon,Casual,Lienzo,23,9,5,6,Victoria,1600,2026,2,Friday,2,1
3798,2026-04-07,20:12,J0007,Puerto Escarlata,Casual,Magnus,25,12,9,4,Victoria,1720,2026,4,Tuesday,1,1
3369,2026-03-30,00:41,J0015,Ciudadela,Casual,Brisa,12,6,3,5,Victoria,1290,2026,3,Monday,2,1
7197,2026-06-02,21:11,J0176,Canales de Hielo,Torneo,Vex,23,7,3,5,Victoria,1390,2026,6,Tuesday,2,1
9715,2026-07-11,16:46,J0007,Estacion Orbital,Ranked,Magnus,36,6,2,5,Victoria,1310,2026,7,Saturday,3,1
5110,2026-05-01,17:55,J0010,Puerto Escarlata,Ranked,Tesla;Umbra;Lienzo,39,8,2,4,Derrota,960,2026,5,Friday,4,3
6025,2026-05-16,18:40,J0015,Canales de Hielo,Torneo,Koro;Tesla,25,6,4,3,Derrota,670,2026,5,Saturday,2,2
8796,2026-06-28,22:10,J0037,Estacion Orbital,Casual,Umbra,18,10,5,3,Derrota,1050,2026,6,Sunday,2,1
9365,2026-07-06,21:47,J0039,Puerto Escarlata,Casual,Tesla,21,4,2,4,Derrota,560,2026,7,Monday,2,1
127,2026-01-19,19:28,J0143,Bosque Umbral,Casual,Brisa,11,6,6,7,Victoria,1330,2026,1,Monday,1,1
5960,2026-05-14,12:40,J0014,Canales de Hielo,Ranked,Nadia;Magnus,36,4,5,4,Derrota,500,2026,5,Thursday,1,2
3877,2026-04-09,18:08,J0012,Bosque Umbral,Casual,Lienzo,31,6,4,2,Victoria,1120,2026,4,Thursday,2,1
4452,2026-04-19,18:54,J0082,Canales de Hielo,Ranked,Lienzo,24,6,5,3,Victoria,1150,2026,4,Sunday,1,1
7148,2026-06-02,22:05,J0037,Bosque Umbral,Casual,Vex,23,7,8,5,Victoria,1290,2026,6,Tuesday,1,1
3532,2026-04-02,07:33,J0064,Bosque Umbral,Torneo,Tesla,29,3,3,7,Victoria,1090,2026,4,Thursday,1,1
828,2026-02-05,18:54,J0166,Desierto Neon,Casual,Vex,31,7,2,11,Derrota,1210,2026,2,Thursday,4,1
7791,2026-06-12,12:16,J0095,Ciudadela,Casual,Lienzo,11,4,1,2,Victoria,980,2026,6,Friday,4,1
985,2026-02-09,11:02,J0047,Bosque Umbral,Ranked,Brisa;Lienzo,23,9,2,1,Derrota,910,2026,2,Monday,4,2
7784,2026-06-12,20:44,J0032,Puerto Escarlata,Casual,Magnus;Koro,26,4,1,3,Victoria,1030,2026,6,Friday,4,2
2444,2026-03-12,14:46,J0018,Estacion Orbital,Ranked,Umbra;Brisa;Magnus,34,2,2,4,Derrota,360,2026,3,Thursday,1,3
8555,2026-06-24,19:21,J0026,Canales de Hielo,Casual,Magnus,28,3,7,9,Victoria,1110,2026,6,Wednesday,0,1
346,2026-01-25,18:26,J0087,Canales de Hielo,Ranked,Umbra;Lienzo;Koro,23,7,4,6,Victoria,1420,2026,1,Sunday,2,3
815,2026-02-05,21:09,J0200,Desierto Neon,Casual,,26,10,5,5,Derrota,1150,2026,2,Thursday,2,0
6167,2026-05-18,20:47,J0133,Estacion Orbital,Ranked,Vex;Umbra;Nadia,35,3,0,2,Victoria,900,2026,5,Monday,,3
5780,2026-05-11,18:26,J0081,Puerto Escarlata,Casual,Nadia,25,4,1,1,Victoria,930,2026,5,Monday,4,1
2117,2026-03-05,17:33,J0071,Ciudadela,Ranked,Brisa,42,6,7,3,Derrota,610,2026,3,Thursday,1,1
794,2026-02-05,20:37,J0077,Ciudadela,Casual,Umbra,16,6,6,2,Victoria,880,2026,2,Thursday,1,1
6899,2026-05-29,11:22,J0009,Ciudadela,Ranked,Tesla,31,6,6,4,Victoria,1180,2026,5,Friday,1,1
2675,2026-03-16,22:35,J0134,Puerto Escarlata,Casual,Koro;Brisa,15,9,13,4,Victoria,1340,2026,3,Monday,1,2
95,2026-01-18,22:30,J0113,Estacion Orbital,Ranked,Lienzo;Koro,37,3,9,7,Victoria,970,2026,1,Sunday,0,2
4226,2026-04-15,13:28,J0007,Estacion Orbital,Casual,Brisa,26,5,7,4,Derrota,560,2026,4,Wednesday,1,1
3757,2026-04-06,18:10,J0073,Puerto Escarlata,Ranked,Umbra;Koro;Nadia,22,4,8,2,Derrota,340,2026,4,Monday,0,3
2892,2026-03-21,12:40,J0070,Canales de Hielo,Casual,Koro,13,2,8,2,Derrota,140,2026,3,Saturday,0,1
2372,2026-03-10,14:29,J0027,Desierto Neon,Ranked,Vex,23,9,4,6,Victoria,1620,2026,3,Tuesday,2,1
9459,2026-07-08,20:39,J0025,Desierto Neon,Ranked,Koro,42,4,4,4,Victoria,1020,2026,7,Wednesday,1,1
3229,2026-03-27,16:13,J0022,Desierto Neon,Torneo,Koro,31,5,5,6,Derrota,700,2026,3,Friday,1,1
7864,2026-06-13,20:42,J0200,Canales de Hielo,Ranked,Magnus,32,7,2,3,Victoria,1310,2026,6,Saturday,4,1
6360,2026-05-21,10:57,J0071,Canales de Hielo,Casual,Umbra,20,4,4,1,Victoria,870,2026,5,Thursday,1,1
9267,2026-07-05,23:36,J0021,Bosque Umbral,Ranked,Lienzo,38,2,3,7,Victoria,990,2026,7,Sunday,1,1
7327,2026-06-05,12:03,J0009,Puerto Escarlata,Casual,Tesla,29,6,5,5,Derrota,750,2026,6,Friday,1,1
6029,2026-05-16,14:31,J0002,Canales de Hielo,Casual,Koro,24,7,2,3,Derrota,810,2026,5,Saturday,4,1
1866,2026-02-28,21:35,J0034,Ciudadela,Ranked,Umbra;Koro;Lienzo,41,10,7,3,Derrota,1010,2026,2,Saturday,1,3
4613,2026-04-22,14:53,J0188,Bosque Umbral,Ranked,Nadia,38,4,5,2,Victoria,900,2026,4,Wednesday,1,1
2646,2026-03-16,20:55,J0065,Ciudadela,Torneo,Nadia,19,1,5,3,Victoria,650,2026,3,Monday,0,1
2244,2026-03-08,23:54,J0004,Desierto Neon,Ranked,Umbra,30,5,8,1,,,2026,3,Sunday,1,1
5374,2026-05-05,15:31,J0112,Desierto Neon,Ranked,Tesla,22,3,10,2,Derrota,200,2026,5,Tuesday,0,1
2337,2026-03-10,20:55,J0008,Puerto Escarlata,Ranked,Tesla,28,1,7,3,Derrota,110,2026,3,Tuesday,0,1
951,2026-02-08,15:46,J0004,Canales de Hielo,Ranked,Lienzo,32,8,2,2,Victoria,1360,2026,2,Sunday,4,1
1121,2026-02-12,21:34,J0183,Puerto Escarlata,Casual,Vex;Lienzo,25,5,4,7,Derrota,770,2026,2,Thursday,1,2
2205,2026-03-07,00:15,J0030,Ciudadela,Ranked,Vex,38,8,3,3,Derrota,890,2026,3,Saturday,3,1
420,2026-01-26,19:23,J0071,Ciudadela,Ranked,Umbra,38,4,9,3,Derrota,370,2026,1,Monday,0,1
923,2026-02-08,10:20,J0023,Puerto Escarlata,Casual,Tesla;Brisa,15,12,7,4,Victoria,1760,2026,2,Sunday,2,2
8670,2026-06-26,06:44,J0123,Puerto Escarlata,Casual,Koro,17,2,6,8,Derrota,480,2026,6,Friday,0,1
5409,2026-05-06,07:11,J0010,Canales de Hielo,Casual,Vex,19,12,4,4,Derrota,1320,2026,5,Wednesday,3,1
5789,2026-05-11,13:16,J0112,Canales de Hielo,Torneo,Magnus;Lienzo;Nadia,23,8,1,2,Victoria,1380,2026,5,Monday,8,3
5743,2026-05-11,21:46,J0029,Bosque Umbral,Casual,Tesla,19,3,5,4,Derrota,400,2026,5,Monday,1,1
7668,2026-06-10,19:42,J0029,Desierto Neon,Ranked,Nadia;Brisa,43,3,9,5,,870,2026,6,Wednesday,0,2
5568,2026-05-09,23:44,J0001,Puerto Escarlata,Casual,Brisa,26,6,7,8,Victoria,1360,2026,5,Saturday,1,1
8136,2026-06-17,08:35,J0067,Puerto Escarlata,Ranked,Umbra,28,7,6,5,Derrota,830,2026,6,Wednesday,1,1
1203,2026-02-14,13:00,J0002,Puerto Escarlata,Ranked,Koro,28,7,9,4,Victoria,1220,2026,2,Saturday,1,1
5766,2026-05-11,19:29,J0011,Desierto Neon,Ranked,Magnus;Lienzo;Brisa,22,3,2,6,Victoria,1060,2026,5,Monday,2,3
8390,2026-06-21,22:05,J0072,Puerto Escarlata,Ranked,Lienzo,24,2,4,3,Derrota,270,2026,6,Sunday,0,1
1971,2026-03-02,10:19,J0137,Ciudadela,Ranked,Nadia,32,4,4,4,Derrota,520,2026,3,Monday,1,1
4019,2026-04-11,18:35,J0097,Estacion Orbital,Ranked,Koro,26,3,8,4,Victoria,840,2026,4,Saturday,0,1
3688,2026-04-05,12:24,J0086,Estacion Orbital,Casual,Koro,13,5,9,3,Victoria,970,2026,4,Sunday,1,1
1998,2026-03-03,21:20,J0022,Puerto Escarlata,Torneo,Lienzo,26,2,6,2,Derrota,180,2026,3,Tuesday,0,1
4034,2026-04-11,18:07,J0012,Ciudadela,Ranked,Lienzo,28,6,5,3,Victoria,,2026,4,Saturday,1,1
1249,2026-02-15,16:03,J0013,Estacion Orbital,Ranked,Nadia,33,12,7,10,Derrota,1560,2026,2,Sunday,2,1
2193,2026-03-07,10:36,J0128,Puerto Escarlata,Ranked,Tesla,33,10,6,4,Derrota,1080,2026,3,Saturday,2,1
2713,2026-03-17,12:45,J0006,Bosque Umbral,Casual,Koro,18,11,12,4,Derrota,1060,2026,3,Tuesday,1,1
2191,2026-03-07,18:47,J0060,Desierto Neon,Casual,Umbra,14,6,3,7,Derrota,890,2026,3,Saturday,2,1
4671,2026-04-23,04:57,J0042,Puerto Escarlata,Casual,Magnus,9,7,7,3,Victoria,1210,2026,4,Thursday,1,1
5143,2026-05-01,07:25,J0011,Estacion Orbital,Ranked,Tesla,41,1,7,6,Victoria,760,2026,5,Friday,0,1
5985,2026-05-15,09:45,J0048,Canales de Hielo,Casual,Tesla,12,6,2,9,Derrota,1010,2026,5,Friday,3,1
6566,2026-05-23,13:45,J0067,Bosque Umbral,Ranked,Brisa;Koro,44,4,4,4,Victoria,,2026,5,Saturday,1,2
7805,2026-06-12,16:20,J0003,Ciudadela,Casual,Magnus,11,6,12,1,Derrota,410,2026,6,Friday,0,1
6944,2026-05-30,00:01,J0034,Desierto Neon,Casual,Umbra,16,3,9,4,Victoria,,2026,5,Saturday,0,1
2137,2026-03-06,23:04,J0030,Bosque Umbral,Ranked,Magnus,37,5,4,5,Derrota,670,2026,3,Friday,1,1
1066,2026-02-11,16:14,J0148,Puerto Escarlata,Ranked,Tesla;Koro,24,2,2,5,,910,2026,2,Wednesday,1,2
601,2026-01-31,14:04,J0080,Estacion Orbital,Ranked,,24,5,7,4,Victoria,1060,2026,1,Saturday,1,0
4228,2026-04-15,16:03,J0088,Canales de Hielo,Torneo,Magnus,28,3,4,5,Derrota,470,2026,4,Wednesday,1,1
7578,2026-06-09,10:41,J0014,Bosque Umbral,Casual,Nadia,20,2,2,4,Derrota,360,2026,6,Tuesday,1,1
78,2026-01-18,22:52,J0169,Desierto Neon,Casual,Tesla;Umbra,17,4,5,7,,650,2026,1,Sunday,1,2
7547,2026-06-08,19:58,J0046,Desierto Neon,Torneo,Nadia,32,6,7,9,,1410,2026,6,Monday,1,1
2899,2026-03-21,01:35,J0040,Bosque Umbral,Ranked,Koro;Vex,31,9,5,5,Victoria,1550,2026,3,Saturday,2,2
4821,2026-04-25,20:50,J0159,Ciudadela,Casual,Lienzo;Umbra;Brisa,21,7,6,4,Victoria,1280,2026,4,Saturday,1,3
9373,2026-07-06,00:41,J0023,Estacion Orbital,Casual,Magnus,8,10,4,4,Victoria,1620,2026,7,Monday,2,1
6414,2026-05-21,12:49,J0035,Desierto Neon,Casual,Vex;Tesla,12,9,6,3,Victoria,1430,2026,5,Thursday,2,2
9065,2026-07-02,07:07,J0019,Bosque Umbral,Casual,Lienzo,27,4,5,3,Derrota,450,2026,7,Thursday,1,1
8008,2026-06-15,07:07,J0004,Desierto Neon,Ranked,Magnus,43,5,6,3,Derrota,530,2026,6,Monday,1,1
5469,2026-05-07,12:01,J0052,Puerto Escarlata,Casual,Brisa,26,7,3,2,Derrota,740,2026,5,Thursday,2,1
5952,2026-05-14,20:29,J0013,Bosque Umbral,Casual,Umbra,28,6,6,2,Derrota,580,2026,5,Thursday,1,1
3392,2026-03-30,19:52,J0092,Estacion Orbital,Casual,Vex,9,5,7,3,Victoria,1010,2026,3,Monday,1,1
5416,2026-05-06,20:49,J0029,Puerto Escarlata,Ranked,Umbra;Nadia,35,4,2,4,Victoria,1060,2026,5,Wednesday,2,2
2561,2026-03-15,05:29,J0052,Puerto Escarlata,Ranked,Nadia,39,6,8,5,Derrota,690,2026,3,Sunday,1,1
8163,2026-06-18,05:23,J0004,Desierto Neon,Ranked,Lienzo,23,2,6,6,Derrota,380,2026,6,Thursday,0,1
2636,2026-03-16,00:16,J0009,Bosque Umbral,Torneo,Koro;Magnus,32,2,2,3,Victoria,810,2026,3,Monday,1,2
5257,2026-05-03,22:59,J0133,Bosque Umbral,Casual,Lienzo;Magnus,12,1,5,3,Victoria,650,2026,5,Sunday,0,2
3531,2026-04-02,19:11,J0025,Ciudadela,Ranked,Lienzo;Nadia,30,1,4,3,Derrota,170,2026,4,Thursday,0,2
8568,2026-06-24,20:57,J0014,Estacion Orbital,Casual,Magnus,18,6,9,9,Derrota,870,2026,6,Wednesday,1,1
1909,2026-03-01,09:11,J0059,Puerto Escarlata,Casual,Vex;Magnus,12,5,4,6,Victoria,1220,2026,3,Sunday,1,2
236,2026-01-22,20:12,J0070,Bosque Umbral,Casual,Nadia,12,6,5,3,Victoria,1150,2026,1,Thursday,1,1
1605,2026-02-22,18:26,J0059,Estacion Orbital,Torneo,Umbra,21,5,6,3,Derrota,530,2026,2,Sunday,1,1
7985,2026-06-15,03:18,J0018,Ciudadela,Casual,Nadia,12,3,2,3,Derrota,410,2026,6,Monday,2,1
3491,2026-04-01,20:47,J0009,Canales de Hielo,Casual,Nadia;Vex;Lienzo,22,8,4,4,Victoria,1420,2026,4,Wednesday,2,3
1995,2026-03-03,22:59,J0001,Puerto Escarlata,Ranked,Nadia,39,9,3,5,Derrota,1090,2026,3,Tuesday,3,1
2825,2026-03-20,23:00,J0085,Estacion Orbital,Ranked,Magnus,34,6,4,3,Victoria,1170,2026,3,Friday,2,1
9356,2026-07-06,06:20,J0021,Canales de Hielo,Ranked,Koro,24,7,3,4,Derrota,840,2026,7,Monday,2,1
1343,2026-02-17,03:50,J0087,Puerto Escarlata,Casual,Nadia;Koro,25,11,3,6,Derrota,1340,2026,2,Tuesday,4,2
8513,2026-06-23,15:45,J0035,Estacion Orbital,Torneo,Tesla,31,7,6,6,Derrota,880,2026,6,Tuesday,1,1
1620,2026-02-23,11:35,J0024,Desierto Neon,Ranked,Koro,39,4,6,3,Victoria,930,2026,2,Monday,1,1
5288,2026-05-03,21:35,J0003,Bosque Umbral,Casual,Nadia,32,9,5,5,Victoria,1550,2026,5,Sunday,2,1
2061,2026-03-04,20:58,J0086,Desierto Neon,Torneo,Lienzo;Nadia,31,2,7,6,Derrota,360,2026,3,Wednesday,0,2
2220,2026-03-07,22:19,J0005,Estacion Orbital,Casual,Nadia;Koro,25,3,5,4,Victoria,900,2026,3,Saturday,1,2
6039,2026-05-16,17:54,J0035,Desierto Neon,Ranked,Nadia,43,9,1,4,Victoria,1580,2026,5,Saturday,9,1
261,2026-01-23,17:09,J0071,Canales de Hielo,Casual,Tesla;Magnus;Brisa,10,8,7,3,Victoria,1310,2026,1,Friday,1,3
9503,2026-07-08,03:12,J0011,Estacion Orbital,Casual,Nadia,13,5,2,3,Derrota,610,2026,7,Wednesday,2,1
9094,2026-07-02,22:07,J0045,Desierto Neon,Ranked,Lienzo,31,1,6,4,Derrota,180,2026,7,Thursday,0,1
3745,2026-04-06,14:25,J0011,Ciudadela,Torneo,Koro;Umbra,23,1,10,6,Derrota,200,2026,4,Monday,0,2
2027,2026-03-04,12:04,J0146,Puerto Escarlata,Ranked,Nadia;Koro,22,7,3,3,Derrota,790,2026,3,Wednesday,2,2
6989,2026-05-30,15:07,J0038,Bosque Umbral,Casual,Tesla,12,4,5,3,Derrota,450,2026,5,Saturday,1,1
4235,2026-04-16,00:44,J0162,Ciudadela,Ranked,Brisa;Tesla,40,4,4,2,Derrota,420,2026,4,Thursday,1,2
1918,2026-03-01,20:04,J0001,Canales de Hielo,Ranked,Tesla;Lienzo,23,4,6,6,Derrota,580,2026,3,Sunday,1,2
1829,2026-02-28,22:19,J0024,Canales de Hielo,Ranked,Brisa,29,2,12,5,Derrota,210,2026,2,Saturday,0,1
6234,2026-05-19,16:05,J0027,Canales de Hielo,Ranked,Tesla;Nadia,27,3,7,4,Derrota,360,2026,5,Tuesday,0,2
9403,2026-07-07,19:20,J0200,Puerto Escarlata,Ranked,Magnus;Koro,34,9,6,3,Victoria,1430,2026,7,Tuesday,2,2
6284,2026-05-19,15:39,J0043,Bosque Umbral,Casual,Magnus;Nadia,26,9,4,4,Derrota,1020,2026,5,Tuesday,2,2
4209,2026-04-15,18:14,J0055,Ciudadela,Ranked,Umbra,23,6,2,4,Derrota,760,2026,4,Wednesday,3,1
225,2026-01-22,00:18,J0135,Desierto Neon,Torneo,Lienzo;Nadia,18,4,4,4,Victoria,1020,2026,1,Thursday,1,2
8916,2026-06-29,12:48,J0006,Estacion Orbital,Casual,Umbra,18,6,6,3,Derrota,630,2026,6,Monday,1,1
6470,2026-05-22,19:48,J0001,Ciudadela,Ranked,Magnus,28,7,5,8,,1000,2026,5,Friday,1,1
9485,2026-07-08,13:32,J0200,Desierto Neon,Ranked,Koro;Vex,22,6,7,5,Victoria,1510,2026,7,Wednesday,1,2
847,2026-02-06,22:13,J0087,Ciudadela,Ranked,Vex,39,10,6,4,Victoria,1580,2026,2,Friday,2,1
4290,2026-04-17,14:28,J0121,Estacion Orbital,Casual,Vex,32,9,2,2,Derrota,960,2026,4,Friday,4,1
5561,2026-05-08,00:48,J0028,Desierto Neon,Ranked,Lienzo,30,3,4,3,Derrota,370,2026,5,Friday,1,1
2552,2026-03-14,18:01,J0086,Bosque Umbral,Ranked,Lienzo,32,6,3,1,Victoria,690,2026,3,Saturday,2,1
118,2026-01-19,17:49,J0098,Puerto Escarlata,Torneo,Umbra,14,6,7,0,Victoria,860,2026,1,Monday,1,1
8838,2026-06-28,16:38,J0186,Canales de Hielo,Casual,Nadia,29,4,2,2,Derrota,460,2026,6,Sunday,2,1
5967,2026-05-14,17:17,J0056,Canales de Hielo,Casual,Koro,17,2,5,6,Victoria,900,2026,5,Thursday,0,1
8196,2026-06-18,19:39,J0003,Puerto Escarlata,Ranked,Vex,32,5,9,3,Victoria,970,2026,6,Thursday,1,1
8660,2026-06-26,17:44,J0001,Puerto Escarlata,Ranked,Tesla;Brisa;Umbra,41,6,5,4,Victoria,1600,2026,6,Friday,1,3
7490,2026-06-07,23:28,J0186,Canales de Hielo,Ranked,Brisa,38,10,6,3,Derrota,1030,2026,6,Sunday,2,1
6,2026-01-16,10:04,J0010,Estacion Orbital,Casual,Umbra,21,8,4,6,Derrota,1020,2026,1,Friday,2,1
5343,2026-05-05,21:10,J0144,Canales de Hielo,Ranked,Koro,39,5,6,4,Derrota,580,2026,5,Tuesday,1,1
9112,2026-07-03,21:25,J0200,Desierto Neon,Casual,Koro;Brisa;Tesla,20,4,3,2,Derrota,440,2026,7,Friday,1,3
4325,2026-04-17,08:54,J0097,Puerto Escarlata,Ranked,Vex,36,9,3,4,Victoria,1540,2026,4,Friday,3,1
1064,2026-02-11,01:25,J0018,Ciudadela,Ranked,Koro,30,1,3,5,Victoria,790,2026,2,Wednesday,0,1
2591,2026-03-15,12:20,J0200,Desierto Neon,Ranked,Magnus,31,2,7,3,Victoria,710,2026,3,Sunday,0,1
8435,2026-06-22,22:07,J0037,Desierto Neon,Ranked,Umbra;Koro,31,5,8,5,Victoria,1090,2026,6,Monday,1,2
3736,2026-04-06,01:41,J0001,Canales de Hielo,Casual,Lienzo;Tesla,17,6,5,6,Derrota,800,2026,4,Monday,1,2
3518,2026-04-02,19:52,J0052,Puerto Escarlata,Casual,Vex,12,6,6,5,Victoria,1230,2026,4,Thursday,1,1
6987,2026-05-30,21:39,J0028,Puerto Escarlata,Casual,Tesla,15,5,6,7,Victoria,1230,2026,5,Saturday,1,1
6768,2026-05-26,16:54,J0022,Bosque Umbral,Casual,Koro;Vex,13,13,5,3,Victoria,1850,2026,5,Tuesday,3,2
5623,2026-05-09,19:35,J0023,Puerto Escarlata,Ranked,Nadia,30,6,7,3,Victoria,1110,2026,5,Saturday,1,1
1606,2026-02-22,02:25,J0023,Estacion Orbital,Ranked,Tesla;Koro,34,11,3,2,Victoria,1640,2026,2,Sunday,4,2
1734,2026-02-25,16:45,J0079,Ciudadela,Casual,Koro;Magnus,22,3,10,3,Victoria,750,2026,2,Wednesday,0,2
9412,2026-07-07,12:28,J0027,Estacion Orbital,Casual,Magnus;Umbra,23,3,2,6,Victoria,1060,2026,7,Tuesday,2,2
3813,2026-04-08,17:07,J0066,Puerto Escarlata,Ranked,Vex,40,10,5,4,Victoria,1600,2026,4,Wednesday,2,1
9698,2026-07-11,01:09,J0033,Desierto Neon,Ranked,Koro;Brisa;Magnus,38,3,7,3,Derrota,310,2026,7,Saturday,0,3
1762,2026-02-26,10:25,J0015,Canales de Hielo,Ranked,Magnus,42,5,5,6,Derrota,700,2026,2,Thursday,1,1
5402,2026-05-05,13:32,J0008,Estacion Orbital,Ranked,Tesla,32,2,5,2,Victoria,700,2026,5,Tuesday,0,1
2740,2026-03-18,21:16,J0061,Canales de Hielo,Ranked,,27,2,3,5,Derrota,390,2026,3,Wednesday,1,0
2473,2026-03-13,12:44,J0040,Estacion Orbital,Casual,Lienzo,18,6,5,5,Derrota,750,2026,3,Friday,1,1
6739,2026-05-26,20:22,J0086,Canales de Hielo,Ranked,Koro;Tesla,29,1,4,6,Victoria,820,2026,5,Tuesday,0,2
6892,2026-05-29,20:53,J0007,Estacion Orbital,Casual,Tesla,32,8,4,6,,,2026,5,Friday,2,1
7944,2026-06-14,19:31,J0029,Canales de Hielo,Casual,Koro,17,4,4,2,Derrota,420,2026,6,Sunday,1,1
4207,2026-04-15,20:21,J0092,Desierto Neon,Torneo,Koro,10,3,7,5,Derrota,410,2026,4,Wednesday,0,1
6372,2026-05-21,10:43,J0090,Estacion Orbital,Ranked,Brisa;Vex,26,7,5,4,Derrota,800,2026,5,Thursday,1,2
233,2026-01-22,03:38,J0060,Canales de Hielo,Ranked,Lienzo;Umbra;Koro,34,2,5,4,Victoria,800,2026,1,Thursday,0,3
8259,2026-06-20,20:29,J0038,Ciudadela,Casual,Lienzo;Tesla;Vex,23,7,6,5,Derrota,830,2026,6,Saturday,1,3
7562,2026-06-08,09:58,J0006,Bosque Umbral,Casual,Vex,32,10,8,3,Victoria,1490,2026,6,Monday,1,1
6169,2026-05-18,23:42,J0002,Ciudadela,Ranked,Lienzo;Brisa,22,5,14,3,Derrota,370,2026,5,Monday,0,2
3597,2026-04-04,10:14,J0091,Ciudadela,Casual,Brisa;Umbra,12,7,4,5,Derrota,870,2026,4,Saturday,2,2
6289,2026-05-19,12:21,J0017,Ciudadela,Ranked,Koro;Tesla;Vex,37,6,8,7,Derrota,1190,2026,5,Tuesday,1,3
4633,2026-04-23,18:27,J0074,Bosque Umbral,Casual,Lienzo,32,3,5,3,Derrota,350,2026,4,Thursday,1,1
126,2026-01-19,16:49,J0010,Puerto Escarlata,Casual,Umbra,29,3,2,4,Victoria,960,2026,1,Monday,2,1
7642,2026-06-10,20:29,J0031,Ciudadela,Casual,Nadia,32,6,8,5,Victoria,1190,2026,6,Wednesday,1,1
6230,2026-05-19,23:18,J0053,Ciudadela,Casual,Lienzo,12,5,8,2,Victoria,940,2026,5,Tuesday,1,1
1297,2026-02-16,20:47,J0052,Canales de Hielo,Ranked,Magnus;Tesla,44,7,11,4,,680,2026,2,Monday,1,2
1977,2026-03-02,08:07,J0016,Canales de Hielo,Ranked,Umbra,41,12,5,6,Victoria,1900,2026,3,Monday,2,1
9553,2026-07-09,13:08,J0050,Puerto Escarlata,Ranked,Vex;Magnus;Lienzo,41,7,3,3,Victoria,1290,2026,7,Thursday,2,3
9508,2026-07-08,21:59,J0005,Puerto Escarlata,Torneo,Lienzo;Brisa,27,5,5,3,Derrota,550,2026,7,Wednesday,1,2
5751,2026-05-11,17:47,J0020,Bosque Umbral,Casual,Brisa,21,5,9,8,Derrota,720,2026,5,Monday,1,1
8153,2026-06-18,07:03,J0055,Ciudadela,Torneo,Koro,28,6,4,7,Derrota,570,2026,6,Thursday,2,1
3087,2026-03-24,10:42,J0059,Bosque Umbral,Casual,Magnus,9,6,4,3,Victoria,1170,2026,3,Tuesday,2,1
9347,2026-07-06,13:42,J0052,Estacion Orbital,Casual,Tesla;Koro,14,4,5,4,Derrota,500,2026,7,Monday,1,2
6883,2026-05-29,17:31,J0063,Desierto Neon,Torneo,Tesla;Umbra,13,7,9,4,Victoria,1220,2026,5,Friday,1,2
9376,2026-07-06,21:31,J0200,Ciudadela,Ranked,Magnus,28,8,9,5,Derrota,870,2026,7,Monday,1,1
7674,2026-06-10,19:33,J0095,Puerto Escarlata,Casual,Koro,22,10,4,4,Derrota,1120,2026,6,Wednesday,2,1
3346,2026-03-29,19:15,J0054,Estacion Orbital,Ranked,Koro,36,9,4,4,Derrota,1020,2026,3,Sunday,2,1
8173,2026-06-18,03:49,J0042,Puerto Escarlata,Torneo,Tesla,28,5,5,3,Derrota,550,2026,6,Thursday,1,1
9809,2026-07-12,15:18,J0103,Desierto Neon,Casual,Koro,10,7,3,4,Victoria,1340,2026,7,Sunday,2,1
5871,2026-05-13,13:23,J0031,Bosque Umbral,Casual,Nadia;Magnus,19,6,5,5,Victoria,1250,2026,5,Wednesday,1,2
6507,2026-05-23,17:45,J0200,Canales de Hielo,Ranked,Tesla,44,5,4,3,Victoria,1070,2026,5,Saturday,1,1
2798,2026-03-19,04:48,J0192,Canales de Hielo,Casual,Koro;Umbra,26,6,5,5,Derrota,750,2026,3,Thursday,1,2
919,2026-02-07,12:56,J0007,Bosque Umbral,Ranked,Lienzo,45,3,5,3,Derrota,350,2026,2,Saturday,1,1
1647,2026-02-23,20:31,J0015,Estacion Orbital,Casual,Umbra,13,5,5,4,Victoria,1100,2026,2,Monday,1,1
5123,2026-05-01,10:17,J0077,Canales de Hielo,Ranked,Vex,38,3,3,4,Derrota,440,2026,5,Friday,1,1
5127,2026-05-01,11:08,J0003,Bosque Umbral,Ranked,Umbra,42,7,3,4,Victoria,1340,2026,5,Friday,2,1
4622,2026-04-23,14:23,J0009,Desierto Neon,Casual,Tesla,15,4,5,3,Derrota,450,2026,4,Thursday,1,1
6810,2026-05-27,21:02,J0044,Desierto Neon,Casual,Nadia,20,5,8,2,Derrota,440,2026,5,Wednesday,1,1
365,2026-01-25,16:04,J0031,Bosque Umbral,Casual,Magnus,30,4,4,5,Derrota,570,2026,1,Sunday,1,1
2126,2026-03-06,22:01,J0200,Canales de Hielo,Casual,Lienzo,18,7,1,4,Derrota,880,2026,3,Friday,7,1
8151,2026-06-18,00:58,J0070,Puerto Escarlata,Ranked,Tesla,38,2,6,7,Derrota,430,2026,6,Thursday,0,1
8718,2026-06-27,20:04,J0045,Desierto Neon,Ranked,Magnus,40,3,4,4,Victoria,,2026,6,Saturday,1,1
56,2026-01-17,19:03,J0200,Puerto Escarlata,Casual,Koro;Nadia;Tesla,28,6,8,5,Derrota,690,2026,1,Saturday,1,3
639,2026-02-01,13:47,J0151,Bosque Umbral,Casual,Tesla,17,9,3,4,Victoria,1540,2026,2,Sunday,3,1
303,2026-01-24,01:10,J0108,Puerto Escarlata,Ranked,Tesla,40,4,6,3,Derrota,430,2026,1,Saturday,1,1
5812,2026-05-12,06:43,J0044,Bosque Umbral,Ranked,Brisa;Lienzo,35,5,10,6,Victoria,1100,2026,5,Tuesday,0,2
1277,2026-02-15,08:41,J0053,Estacion Orbital,Torneo,Brisa,23,4,4,5,Derrota,570,2026,2,Sunday,1,1
4433,2026-04-19,15:45,J0003,Canales de Hielo,Ranked,Umbra,43,2,6,5,Victoria,830,2026,4,Sunday,0,1
3645,2026-04-04,21:02,J0007,Estacion Orbital,Casual,Vex,21,8,6,4,Victoria,1380,2026,4,Saturday,1,1
4144,2026-04-14,21:25,J0012,Canales de Hielo,Ranked,Tesla,45,7,6,5,Victoria,1330,2026,4,Tuesday,1,1
2879,2026-03-21,18:40,J0019,Bosque Umbral,Torneo,Brisa;Vex,29,5,3,2,Victoria,1040,2026,3,Saturday,2,2
6494,2026-05-22,18:09,J0057,Estacion Orbital,Ranked,Magnus,28,6,7,4,Derrota,660,2026,5,Friday,1,1
5241,2026-05-03,09:31,J0200,Estacion Orbital,Casual,Umbra;Lienzo,8,8,6,3,Victoria,1330,2026,5,Sunday,1,2
9479,2026-07-08,00:09,J0200,Canales de Hielo,Casual,Koro,26,5,10,2,Derrota,400,2026,7,Wednesday,0,1
6938,2026-05-30,22:09,J0107,Canales de Hielo,Torneo,Lienzo,16,5,7,2,Victoria,960,2026,5,Saturday,1,1
7241,2026-06-03,20:17,J0053,Desierto Neon,Casual,Nadia,18,12,7,6,Victoria,1860,2026,6,Wednesday,2,1
2594,2026-03-15,17:14,J0130,Puerto Escarlata,Ranked,Lienzo,29,2,10,4,Victoria,700,2026,3,Sunday,0,1
2394,2026-03-11,17:36,J0039,Canales de Hielo,Ranked,Umbra;Brisa,22,9,5,3,Derrota,950,2026,3,Wednesday,2,2
524,2026-01-29,18:46,J0116,Canales de Hielo,Ranked,Brisa,23,6,6,2,Victoria,1080,2026,1,Thursday,1,1
6377,2026-05-21,18:00,J0062,Ciudadela,Torneo,Lienzo,21,1,3,10,Derrota,540,2026,5,Thursday,0,1
6982,2026-05-30,07:19,J0133,Desierto Neon,Ranked,Tesla;Umbra;Brisa,42,6,7,2,Victoria,1060,2026,5,Saturday,1,3
6678,2026-05-25,01:05,J0012,Bosque Umbral,Ranked,Umbra;Vex,44,4,8,2,Victoria,840,2026,5,Monday,0,2
3901,2026-04-09,14:25,J0104,Desierto Neon,Casual,Koro;Nadia,14,4,3,3,Derrota,490,2026,4,Thursday,1,2
9708,2026-07-11,14:08,J0017,Estacion Orbital,Ranked,Nadia,35,13,5,5,Derrota,1450,2026,7,Saturday,3,1
5586,2026-05-09,14:12,J0057,Ciudadela,Ranked,Brisa;Magnus;Tesla,41,6,9,4,Victoria,1120,2026,5,Saturday,1,3
9431,2026-07-07,22:44,J0066,Desierto Neon,Torneo,Vex,16,12,2,5,Victoria,1910,2026,7,Tuesday,6,1
7957,2026-06-15,10:06,J0019,Puerto Escarlata,Ranked,Brisa,23,1,5,2,Victoria,600,2026,6,Monday,0,1
7571,2026-06-08,19:29,J0013,Canales de Hielo,Casual,Vex,11,11,3,3,Derrota,1190,2026,6,Monday,4,1
6778,2026-05-27,18:53,J0002,Estacion Orbital,Casual,Magnus;Lienzo;Umbra,18,7,6,3,Derrota,730,2026,5,Wednesday,1,3
672,2026-02-01,13:22,J0200,Estacion Orbital,Casual,Brisa,26,10,6,6,Victoria,1680,2026,2,Sunday,2,1
4189,2026-04-14,21:49,J0077,Desierto Neon,Casual,Lienzo,30,5,3,7,Derrota,790,2026,4,Tuesday,2,1
667,2026-02-01,21:32,J0086,Ciudadela,Ranked,Koro,25,2,3,5,Victoria,890,2026,2,Sunday,1,1
3267,2026-03-28,19:45,J0037,Ciudadela,Ranked,Koro;Tesla,43,6,6,6,Derrota,1180,2026,3,Saturday,1,2
1888,2026-03-01,17:53,J0113,Ciudadela,Ranked,Brisa;Tesla,32,4,11,5,Victoria,930,2026,3,Sunday,0,2
8473,2026-06-23,20:50,J0031,Canales de Hielo,Ranked,Koro,36,3,1,3,Victoria,930,2026,6,Tuesday,3,1
9092,2026-07-02,22:52,J0012,Desierto Neon,Torneo,Tesla,10,7,6,5,Victoria,1330,2026,7,Thursday,1,1
7688,2026-06-10,18:25,J0014,Canales de Hielo,Ranked,Brisa;Umbra,43,4,1,2,Derrota,480,2026,6,Wednesday,4,2
6032,2026-05-16,22:50,J0072,Ciudadela,Casual,Brisa,23,4,7,4,Victoria,960,2026,5,Saturday,1,1
6091,2026-05-17,17:26,J0020,Canales de Hielo,Ranked,Koro,35,12,8,3,Derrota,1190,2026,5,Sunday,2,1
6239,2026-05-19,00:55,J0003,Desierto Neon,Casual,Magnus;Brisa,14,8,3,9,Victoria,1690,2026,5,Tuesday,3,2
7351,2026-06-05,18:39,J0020,Puerto Escarlata,Casual,Magnus;Umbra;Brisa,18,7,7,4,Victoria,1260,2026,6,Friday,1,3
7831,2026-06-13,22:59,J0045,Puerto Escarlata,Casual,Koro,10,1,3,3,Victoria,690,2026,6,Saturday,0,1
761,2026-02-04,19:39,J0043,Puerto Escarlata,Torneo,Koro;Vex,10,8,5,5,Derrota,950,2026,2,Wednesday,2,2
6255,2026-05-19,18:17,J0007,Puerto Escarlata,Casual,Koro,19,12,2,3,Derrota,1310,2026,5,Tuesday,6,1
1907,2026-03-01,02:41,J0014,Bosque Umbral,Ranked,Brisa;Tesla;Lienzo,30,6,2,4,Derrota,760,2026,3,Sunday,3,3
3819,2026-04-08,19:13,J0019,Ciudadela,Ranked,Tesla,29,2,8,6,Derrota,340,2026,4,Wednesday,0,1
6270,2026-05-19,00:05,J0125,Canales de Hielo,Casual,Nadia;Brisa;Lienzo,21,2,3,1,Victoria,690,2026,5,Tuesday,1,3
4301,2026-04-17,07:21,J0071,Puerto Escarlata,Ranked,Umbra,29,4,5,9,Derrota,750,2026,4,Friday,1,1
5570,2026-05-09,18:40,J0124,Desierto Neon,Ranked,Magnus;Brisa,27,7,3,2,Victoria,1240,2026,5,Saturday,2,2
7942,2026-06-14,17:09,J0032,Bosque Umbral,Ranked,Nadia,30,8,4,3,Victoria,1370,2026,6,Sunday,2,1
4165,2026-04-14,21:58,J0026,Estacion Orbital,Ranked,Koro;Magnus,23,3,3,5,Victoria,990,2026,4,Tuesday,1,2
5972,2026-05-15,15:19,J0140,Canales de Hielo,Torneo,Tesla;Magnus,10,7,5,4,Derrota,800,2026,5,Friday,1,2
3580,2026-04-03,22:31,J0006,Bosque Umbral,Ranked,Umbra;Koro;Magnus,38,2,6,3,Derrota,230,2026,4,Friday,0,3
2833,2026-03-20,19:10,J0013,Canales de Hielo,Casual,Nadia;Lienzo,31,9,7,5,Derrota,1010,2026,3,Friday,1,2
5450,2026-05-06,21:30,J0008,Puerto Escarlata,Ranked,Brisa,33,4,8,2,Victoria,840,2026,5,Wednesday,0,1
3473,2026-04-01,19:23,J0063,Desierto Neon,Ranked,Brisa;Nadia,22,7,5,3,Victoria,1250,2026,4,Wednesday,1,2
6328,2026-05-20,04:44,J0062,Bosque Umbral,Torneo,Tesla;Magnus,22,4,6,7,Victoria,1130,2026,5,Wednesday,1,2
138,2026-01-19,11:32,J0005,Estacion Orbital,Torneo,Vex,22,7,5,8,Derrota,1000,2026,1,Monday,1,1
7044,2026-05-31,10:17,J0167,Estacion Orbital,Casual,Nadia;Koro,24,6,3,3,Victoria,990,2026,5,Sunday,2,2
4893,2026-04-26,21:23,J0008,Bosque Umbral,Casual,Nadia,20,9,1,2,Victoria,1480,2026,4,Sunday,9,1
2181,2026-03-07,11:17,J0146,Estacion Orbital,Casual,Nadia,24,2,2,5,Derrota,410,2026,3,Saturday,1,1
7731,2026-06-11,16:57,J0108,Desierto Neon,Torneo,Magnus,22,4,6,5,Derrota,530,2026,6,Thursday,1,1
3178,2026-03-26,13:21,J0025,Bosque Umbral,Ranked,Vex,38,10,4,2,Derrota,1020,2026,3,Thursday,2,1
4855,2026-04-26,18:40,J0001,Bosque Umbral,Torneo,Nadia,10,6,7,4,Derrota,660,2026,4,Sunday,1,1
4638,2026-04-23,18:40,J0010,Desierto Neon,Casual,Magnus,13,9,7,2,Victoria,1360,2026,4,Thursday,1,1
5116,2026-05-01,17:52,J0126,Bosque Umbral,Casual,Brisa,32,4,4,3,Derrota,470,2026,5,Friday,1,1
7649,2026-06-10,21:32,J0042,Desierto Neon,Casual,,29,6,3,6,Victoria,1340,2026,6,Wednesday,2,0
4262,2026-04-16,17:09,J0012,Ciudadela,Casual,Magnus;Nadia,14,5,9,2,Derrota,420,2026,4,Thursday,1,2
1332,2026-02-17,19:59,J0052,Ciudadela,Ranked,,33,3,3,3,,390,2026,2,Tuesday,1,0
7003,2026-05-30,19:01,J0046,Ciudadela,Ranked,Vex,24,9,3,4,Victoria,1540,2026,5,Saturday,3,1
6942,2026-05-30,17:10,J0088,Ciudadela,Ranked,Lienzo;Magnus,36,5,4,2,Victoria,1020,2026,5,Saturday,1,2
8018,2026-06-16,21:13,J0028,Bosque Umbral,Casual,Umbra,25,5,8,3,Derrota,490,2026,6,Tuesday,1,1
6242,2026-05-19,22:54,J0045,Estacion Orbital,Ranked,Magnus,40,8,6,3,Victoria,1330,2026,5,Tuesday,1,1
6882,2026-05-29,18:14,J0051,Estacion Orbital,Ranked,Nadia;Magnus,34,4,3,5,Victoria,1090,2026,5,Friday,1,2
4531,2026-04-21,22:21,J0012,Puerto Escarlata,Casual,Brisa,31,6,6,4,Victoria,,2026,4,Tuesday,1,1
4674,2026-04-23,02:01,J0069,Puerto Escarlata,Ranked,Koro,41,6,4,3,Victoria,1170,2026,4,Thursday,2,1
6997,2026-05-30,06:31,J0193,Ciudadela,Ranked,,28,3,2,4,Victoria,960,2026,5,Saturday,2,0
1253,2026-02-15,04:19,J0012,Ciudadela,Casual,Tesla;Nadia,14,3,4,2,Derrota,320,2026,2,Sunday,1,2
3375,2026-03-30,12:55,J0004,Canales de Hielo,Torneo,Lienzo;Magnus,18,6,3,3,Victoria,1190,2026,3,Monday,2,2
2815,2026-03-20,17:03,J0200,Canales de Hielo,Casual,Nadia;Lienzo,23,6,6,6,Victoria,1280,2026,3,Friday,1,2
4720,2026-04-24,15:42,J0124,Canales de Hielo,Casual,Magnus,11,8,6,8,Derrota,1080,2026,4,Friday,1,1
6545,2026-05-23,11:25,J0009,Desierto Neon,Casual,Brisa,32,4,9,6,Derrota,520,2026,5,Saturday,0,1
4859,2026-04-26,19:08,J0089,Estacion Orbital,Casual,Koro,28,6,7,2,Victoria,1060,2026,4,Sunday,1,1
7902,2026-06-14,16:38,J0048,Ciudadela,Casual,Koro;Lienzo;Magnus,11,4,6,9,Victoria,1230,2026,6,Sunday,1,3
8581,2026-06-25,17:38,J0073,Bosque Umbral,Ranked,Koro,35,3,6,3,Derrota,330,2026,6,Thursday,0,1
8428,2026-06-22,23:30,J0165,Bosque Umbral,Casual,Vex,29,4,3,8,Derrota,740,2026,6,Monday,1,1
1078,2026-02-11,07:04,J0200,Estacion Orbital,Ranked,Lienzo;Magnus;Umbra,43,8,6,5,Derrota,930,2026,2,Wednesday,1,3
4364,2026-04-18,18:03,J0104,Ciudadela,Casual,Tesla,22,6,5,7,Victoria,1350,2026,4,Saturday,1,1
771,2026-02-04,20:31,J0193,Canales de Hielo,Casual,Umbra,32,2,6,5,Victoria,830,2026,2,Wednesday,0,1
8866,2026-06-28,14:36,J0113,Estacion Orbital,Ranked,Umbra,40,5,2,3,Derrota,610,2026,6,Sunday,2,1
250,2026-01-22,18:57,J0035,Bosque Umbral,Ranked,Koro,29,5,7,4,Derrota,560,2026,1,Thursday,1,1
7240,2026-06-03,13:31,J0095,Estacion Orbital,Ranked,Koro;Tesla,45,9,3,3,Derrota,990,2026,6,Wednesday,3,2
3420,2026-03-30,11:33,J0026,Estacion Orbital,Torneo,Koro,31,6,10,3,Victoria,1050,2026,3,Monday,1,1
4977,2026-04-28,17:54,J0008,Bosque Umbral,Ranked,Brisa;Nadia;Tesla,45,6,4,6,Derrota,820,2026,4,Tuesday,2,3
4545,2026-04-21,00:30,J0022,Bosque Umbral,Casual,Umbra,23,4,5,4,Victoria,1000,2026,4,Tuesday,1,1
5566,2026-05-09,19:54,J0102,Estacion Orbital,Ranked,Vex;Koro,42,8,5,2,Victoria,1300,2026,5,Saturday,2,2
7940,2026-06-14,19:56,J0200,Estacion Orbital,Ranked,Koro,37,7,8,5,Victoria,1290,2026,6,Sunday,1,1
717,2026-02-03,11:05,J0100,Bosque Umbral,Casual,Koro,26,14,5,3,Derrota,1450,2026,2,Tuesday,3,1
9726,2026-07-11,02:17,J0138,Canales de Hielo,Ranked,Nadia;Umbra;Magnus,31,7,7,3,Victoria,1210,2026,7,Saturday,1,3
2049,2026-03-04,09:56,J0091,Bosque Umbral,Casual,Brisa,22,9,6,2,Derrota,880,2026,3,Wednesday,2,1
5998,2026-05-15,20:39,J0040,Estacion Orbital,Torneo,Koro;Nadia;Lienzo,11,5,5,7,Victoria,1250,2026,5,Friday,1,3
6601,2026-05-24,03:12,J0004,Desierto Neon,Ranked,Lienzo,31,8,5,0,Victoria,1200,2026,5,Sunday,2,1
7246,2026-06-03,18:21,J0168,Desierto Neon,Ranked,Vex,22,3,3,5,Victoria,990,2026,6,Wednesday,1,1
4179,2026-04-14,20:39,J0091,Bosque Umbral,Casual,Nadia;Koro,16,5,4,3,Derrota,570,2026,4,Tuesday,1,2
4810,2026-04-25,11:56,J0200,Desierto Neon,Casual,Magnus;Koro;Vex,17,8,3,4,Derrota,940,2026,4,Saturday,3,3
9555,2026-07-09,21:52,J0021,Ciudadela,Ranked,Magnus,43,8,3,3,Derrota,890,2026,7,Thursday,3,1
7141,2026-06-02,20:40,J0002,Estacion Orbital,Ranked,Lienzo,41,3,1,5,Derrota,530,2026,6,Tuesday,3,1
7191,2026-06-02,20:37,J0021,Puerto Escarlata,Casual,Tesla,10,4,5,4,Derrota,500,2026,6,Tuesday,1,1
1461,2026-02-20,00:09,J0104,Desierto Neon,Ranked,Koro;Lienzo,31,9,6,4,Derrota,980,2026,2,Friday,2,2
5990,2026-05-15,21:39,J0004,Bosque Umbral,Ranked,Lienzo,22,5,4,7,Derrota,770,2026,5,Friday,1,1
2001,2026-03-03,20:04,J0055,Puerto Escarlata,Ranked,Vex,24,7,5,4,Victoria,,2026,3,Tuesday,1,1
8176,2026-06-18,22:43,J0061,Estacion Orbital,Casual,Magnus,9,3,3,5,Derrota,490,2026,6,Thursday,1,1
405,2026-01-26,20:26,J0044,Ciudadela,Ranked,Lienzo,32,7,3,4,Victoria,1340,2026,1,Monday,2,1
385,2026-01-25,11:53,J0014,Estacion Orbital,Ranked,Magnus,27,6,6,6,Victoria,1280,2026,1,Sunday,1,1
9521,2026-07-09,16:15,J0158,Puerto Escarlata,Torneo,Lienzo,28,7,7,7,Victoria,1410,2026,7,Thursday,1,1
9560,2026-07-09,22:20,J0053,Estacion Orbital,Casual,Nadia,31,4,4,4,Derrota,520,2026,7,Thursday,1,1
1634,2026-02-23,16:02,J0058,Bosque Umbral,Casual,Nadia,24,11,4,2,Derrota,1120,2026,2,Monday,3,1
9628,2026-07-10,20:46,J0123,Bosque Umbral,Casual,Brisa,10,5,5,6,Victoria,1200,2026,7,Friday,1,1
4785,2026-04-25,07:37,J0118,Estacion Orbital,Ranked,Lienzo,25,4,3,2,Derrota,440,2026,4,Saturday,1,1
9529,2026-07-09,21:42,J0073,Desierto Neon,Ranked,Koro;Nadia,43,4,3,1,Victoria,890,2026,7,Thursday,1,2
6971,2026-05-30,23:36,J0196,Desierto Neon,Casual,Vex;Brisa,26,10,5,4,Victoria,1600,2026,5,Saturday,2,2
3926,2026-04-10,14:35,J0104,Estacion Orbital,Ranked,Lienzo;Brisa,26,7,5,0,Victoria,1100,2026,4,Friday,1,2
4159,2026-04-14,12:25,J0055,Puerto Escarlata,Casual,Vex,21,2,5,6,Victoria,900,2026,4,Tuesday,0,1
7450,2026-06-06,23:03,J0035,Puerto Escarlata,Casual,Lienzo,24,5,5,1,Victoria,950,2026,6,Saturday,1,1
8416,2026-06-22,20:24,J0200,Bosque Umbral,Ranked,Nadia,25,7,4,6,Victoria,1420,2026,6,Monday,2,1
2194,2026-03-07,20:39,J0033,Ciudadela,Ranked,Vex,44,13,3,3,Victoria,1890,2026,3,Saturday,4,1
1016,2026-02-10,18:21,J0030,Estacion Orbital,Ranked,Vex,32,13,7,5,Derrota,1410,2026,2,Tuesday,2,1
5125,2026-05-01,17:35,J0003,Estacion Orbital,Ranked,Nadia,26,6,6,7,Derrota,830,2026,5,Friday,1,1
7419,2026-06-06,15:33,J0044,Desierto Neon,Ranked,,32,14,5,3,Victoria,1950,2026,6,Saturday,3,0
7410,2026-06-06,18:03,J0008,Desierto Neon,Torneo,Umbra,19,4,4,6,Victoria,1120,2026,6,Saturday,1,1
8990,2026-06-30,18:43,J0088,Puerto Escarlata,Ranked,Lienzo,26,3,2,3,Victoria,910,2026,6,Tuesday,2,1
2872,2026-03-21,14:08,J0052,Ciudadela,Casual,Vex,8,4,3,3,Derrota,490,2026,3,Saturday,1,1
10,2026-01-16,22:42,J0070,Puerto Escarlata,Casual,Koro;Nadia;Umbra,22,4,3,7,Derrota,690,2026,1,Friday,1,3
1839,2026-02-28,22:49,J0011,Bosque Umbral,Ranked,Magnus;Vex;Umbra,43,6,5,4,Victoria,1200,2026,2,Saturday,1,3
4805,2026-04-25,20:06,J0188,Bosque Umbral,Ranked,Umbra;Brisa,40,4,7,2,Derrota,360,2026,4,Saturday,1,2
256,2026-01-22,22:01,J0073,Puerto Escarlata,Ranked,Nadia,37,2,7,2,Victoria,660,2026,1,Thursday,0,1
7027,2026-05-31,21:21,J0029,Desierto Neon,Casual,Brisa,9,3,5,5,Derrota,,2026,5,Sunday,1,1
5714,2026-05-10,16:41,J0047,Puerto Escarlata,Casual,Vex,13,14,5,8,Derrota,1700,2026,5,Sunday,3,1
3325,2026-03-29,20:18,J0077,Canales de Hielo,Casual,Tesla,29,4,2,3,Victoria,1010,2026,3,Sunday,2,1
7715,2026-06-11,18:28,J0047,Ciudadela,Casual,Vex,25,15,6,4,Derrota,1580,2026,6,Thursday,2,1
1582,2026-02-22,16:36,J0116,Puerto Escarlata,Torneo,Umbra;Koro,31,9,4,3,Derrota,970,2026,2,Sunday,2,2
925,2026-02-08,04:30,J0030,Bosque Umbral,Ranked,Magnus,34,9,4,3,Derrota,970,2026,2,Sunday,2,1
2780,2026-03-19,17:26,J0154,Puerto Escarlata,Casual,Magnus;Brisa;Tesla,14,6,7,5,Victoria,1210,2026,3,Thursday,1,3
7892,2026-06-14,21:40,J0080,Ciudadela,Ranked,Brisa;Vex,22,6,5,4,Victoria,1600,2026,6,Sunday,1,2
6133,2026-05-17,22:11,J0119,Puerto Escarlata,Torneo,Brisa;Vex;Umbra,21,16,3,6,Victoria,23,2026,5,Sunday,5,3
5321,2026-05-04,13:12,J0042,Bosque Umbral,Casual,Brisa;Lienzo,14,6,3,5,Victoria,1290,2026,5,Monday,2,2
7313,2026-06-04,10:58,J0009,Bosque Umbral,Ranked,Lienzo,22,1,7,5,Derrota,210,2026,6,Thursday,0,1
7103,2026-06-01,13:21,J0119,Canales de Hielo,Casual,Koro;Tesla,29,5,2,4,,660,2026,6,Monday,2,2
6043,2026-05-16,20:25,J0043,Puerto Escarlata,Torneo,Magnus;Umbra;Vex,11,3,3,1,Victoria,790,2026,5,Saturday,1,3
3776,2026-04-07,14:44,J0200,Estacion Orbital,Casual,Lienzo;Nadia,20,5,7,5,Derrota,610,2026,4,Tuesday,1,2
4836,2026-04-26,15:33,J0016,Puerto Escarlata,Casual,Magnus,32,8,4,6,Victoria,1520,2026,4,Sunday,2,1
4965,2026-04-28,21:01,J0147,Estacion Orbital,Casual,Brisa,16,5,5,1,Victoria,950,2026,4,Tuesday,1,1
540,2026-01-29,17:22,J0091,Estacion Orbital,Ranked,Nadia,28,10,1,6,Victoria,,2026,1,Thursday,10,1
7484,2026-06-07,19:12,J0018,Desierto Neon,Torneo,Umbra;Nadia,27,3,5,7,Derrota,550,2026,6,Sunday,1,2
2746,2026-03-18,15:45,J0004,Desierto Neon,Ranked,Umbra,33,4,6,6,Derrota,580,2026,3,Wednesday,1,1
3720,2026-04-06,17:58,J0077,Canales de Hielo,Casual,Lienzo;Brisa;Magnus,23,3,7,3,Victoria,810,2026,4,Monday,0,3
6820,2026-05-27,18:13,J0038,Ciudadela,Ranked,Lienzo,32,5,6,2,,480,2026,5,Wednesday,1,1
9338,2026-07-06,18:43,J0084,Bosque Umbral,Ranked,Vex,45,7,3,4,Derrota,840,2026,7,Monday,2,1
4469,2026-04-20,23:38,J0104,Estacion Orbital,Casual,Brisa,20,8,4,6,Victoria,1520,2026,4,Monday,2,1
668,2026-02-01,07:17,J0144,Puerto Escarlata,Ranked,Tesla,24,2,7,2,Derrota,160,2026,2,Sunday,0,1
7576,2026-06-08,01:00,J0015,Ciudadela,Casual,Nadia,10,6,4,6,Victoria,1320,2026,6,Monday,2,1
8550,2026-06-24,20:48,J0100,Estacion Orbital,Casual,Koro,18,12,7,3,Victoria,1710,2026,6,Wednesday,2,1
5064,2026-04-30,13:36,J0061,Desierto Neon,Casual,Nadia;Lienzo,17,7,5,4,Derrota,800,2026,4,Thursday,1,2
1354,2026-02-18,10:12,J0072,Desierto Neon,Ranked,Koro,26,2,7,4,Derrota,260,2026,2,Wednesday,0,1
7115,2026-06-01,16:21,J0010,Puerto Escarlata,Torneo,Umbra,24,3,4,4,Victoria,920,2026,6,Monday,1,1
9847,2026-07-12,20:15,J0100,Bosque Umbral,Ranked,Magnus,33,5,6,3,Derrota,530,2026,7,Sunday,1,1
8663,2026-06-26,14:29,J0067,Bosque Umbral,Ranked,Vex,33,6,6,6,Derrota,1080,2026,6,Friday,1,1
2704,2026-03-17,00:09,J0087,Desierto Neon,Casual,Umbra,26,6,9,6,Victoria,1220,2026,3,Tuesday,1,1
3331,2026-03-29,18:53,J0010,Ciudadela,Ranked,Vex;Lienzo;Brisa,24,11,2,4,Victoria,1760,2026,3,Sunday,6,3
8054,2026-06-16,21:32,J0005,Estacion Orbital,Casual,Umbra;Brisa,28,4,1,4,Victoria,1080,2026,6,Tuesday,4,2
3585,2026-04-03,23:21,J0002,Canales de Hielo,Torneo,Koro;Brisa;Umbra,25,4,5,6,Victoria,1100,2026,4,Friday,1,3
9514,2026-07-09,16:36,J0059,Puerto Escarlata,Casual,Umbra,24,5,2,5,Derrota,710,2026,7,Thursday,2,1
5646,2026-05-09,07:02,J0049,Desierto Neon,Casual,Lienzo,26,3,4,5,Derrota,470,2026,5,Saturday,1,1
3377,2026-03-30,10:49,J0200,Bosque Umbral,Ranked,Brisa;Koro,35,9,3,4,Derrota,1040,2026,3,Monday,3,2
1257,2026-02-15,21:00,J0063,Ciudadela,Ranked,Brisa;Umbra;Vex,30,15,5,5,,22,2026,2,Sunday,3,3
6191,2026-05-18,19:51,J0006,Desierto Neon,Ranked,Nadia;Magnus,36,13,2,5,Derrota,1510,2026,5,Monday,6,2
9443,2026-07-08,20:59,J0014,Estacion Orbital,Ranked,Magnus,31,4,2,5,Victoria,1110,2026,7,Wednesday,2,1
5349,2026-05-05,16:28,J0061,Estacion Orbital,Casual,Brisa,19,4,4,2,Victoria,920,2026,5,Tuesday,1,1
4176,2026-04-14,23:20,J0039,Puerto Escarlata,Torneo,Lienzo;Magnus,20,5,8,5,Derrota,590,2026,4,Tuesday,1,2
4911,2026-04-27,14:02,J0056,Bosque Umbral,Torneo,Vex;Magnus,32,6,4,3,Victoria,1170,2026,4,Monday,2,2
1853,2026-02-28,19:30,J0144,Ciudadela,Ranked,Koro,33,9,3,2,Victoria,1440,2026,2,Saturday,3,1
6317,2026-05-20,00:55,J0181,Puerto Escarlata,Ranked,Vex;Lienzo,22,10,5,5,Victoria,1650,2026,5,Wednesday,2,2
9928,2026-07-13,22:30,J0011,Estacion Orbital,Torneo,Vex,25,7,7,5,Victoria,1310,2026,7,Monday,1,1
2106,2026-03-05,21:06,J0106,Estacion Orbital,Casual,Koro,19,5,6,5,Derrota,630,2026,3,Thursday,1,1
134,2026-01-19,07:48,J0071,Estacion Orbital,Torneo,Lienzo,28,5,6,7,Victoria,1230,2026,1,Monday,1,1
5030,2026-04-29,21:28,J0151,Bosque Umbral,Casual,Magnus,32,9,6,1,Derrota,830,2026,4,Wednesday,2,1
929,2026-02-08,20:30,J0016,Desierto Neon,Casual,Tesla,24,5,2,5,Victoria,1210,2026,2,Sunday,2,1
824,2026-02-05,19:02,J0056,Canales de Hielo,Ranked,Umbra;Lienzo;Vex,38,9,7,4,Victoria,1460,2026,2,Thursday,1,3
7577,2026-06-08,15:35,J0193,Desierto Neon,Ranked,Koro,24,7,5,6,Derrota,900,2026,6,Monday,1,1
1532,2026-02-21,02:02,J0017,Bosque Umbral,Ranked,Vex;Umbra,37,12,5,3,Derrota,1250,2026,2,Saturday,2,2
1215,2026-02-14,18:48,J0023,Estacion Orbital,Ranked,Umbra;Tesla,39,7,2,3,Victoria,1310,2026,2,Saturday,4,2
505,2026-01-28,13:18,J0010,Estacion Orbital,Casual,Magnus,25,11,2,5,Derrota,1310,2026,1,Wednesday,6,1
6531,2026-05-23,23:43,J0074,Puerto Escarlata,Ranked,Nadia;Brisa,28,7,3,3,Victoria,1290,2026,5,Saturday,2,2
3073,2026-03-24,23:42,J0028,Estacion Orbital,Casual,Magnus;Umbra,11,6,4,4,Derrota,720,2026,3,Tuesday,2,2
9087,2026-07-02,17:59,J0030,Puerto Escarlata,Ranked,Umbra,36,5,7,3,Derrota,510,2026,7,Thursday,1,1
8648,2026-06-26,02:56,J0159,Bosque Umbral,Ranked,Brisa;Nadia;Koro,40,9,6,4,Derrota,980,2026,6,Friday,2,3
6620,2026-05-24,19:58,J0046,Puerto Escarlata,Ranked,Magnus,25,9,5,5,Derrota,1050,2026,5,Sunday,2,1
9274,2026-07-05,09:42,J0093,Bosque Umbral,Ranked,Tesla,24,6,8,3,Victoria,1090,2026,7,Sunday,1,1
3710,2026-04-06,16:32,J0198,Estacion Orbital,Ranked,Tesla,33,2,6,1,Victoria,630,2026,4,Monday,0,1
9654,2026-07-11,22:46,J0062,Canales de Hielo,Casual,Nadia,32,7,0,2,Victoria,1300,2026,7,Saturday,,1
4850,2026-04-26,20:03,J0126,Ciudadela,Ranked,Vex;Umbra;Nadia,34,5,5,5,Derrota,650,2026,4,Sunday,1,3
4749,2026-04-24,23:50,J0100,Canales de Hielo,Casual,Umbra,20,6,8,2,,540,2026,4,Friday,1,1
4269,2026-04-16,20:24,J0010,Estacion Orbital,Torneo,Umbra,22,6,10,1,Derrota,550,2026,4,Thursday,1,1
9953,2026-07-14,20:03,J0130,Ciudadela,Casual,Tesla,31,3,6,4,Derrota,380,2026,7,Tuesday,0,1
8906,2026-06-29,20:56,J0003,Puerto Escarlata,Torneo,Umbra;Brisa,18,6,4,3,Derrota,670,2026,6,Monday,2,2
4187,2026-04-14,09:49,J0078,Estacion Orbital,Torneo,Koro;Nadia,19,4,7,2,Victoria,860,2026,4,Tuesday,1,2
5302,2026-05-04,14:52,J0200,Estacion Orbital,Casual,,20,8,7,6,Derrota,960,2026,5,Monday,1,0
2924,2026-03-21,10:39,J0056,Desierto Neon,Casual,Koro,31,2,6,2,Derrota,180,2026,3,Saturday,0,1
6589,2026-05-24,23:24,J0005,Desierto Neon,Casual,Magnus,25,12,7,3,Derrota,1210,2026,5,Sunday,2,1
1811,2026-02-27,16:26,J0045,Canales de Hielo,Casual,Koro;Umbra;Lienzo,27,7,3,5,Derrota,890,2026,2,Friday,2,3
3487,2026-04-01,21:23,J0025,Bosque Umbral,Ranked,Lienzo,38,3,2,2,Derrota,360,2026,4,Wednesday,2,1
7420,2026-06-06,18:14,J0017,Ciudadela,Ranked,Koro;Brisa,40,7,3,4,Victoria,1340,2026,6,Saturday,2,2
3142,2026-03-25,17:59,J0045,Canales de Hielo,Casual,,20,7,7,2,Victoria,1160,2026,3,Wednesday,1,0
9348,2026-07-06,12:18,J0199,Estacion Orbital,Torneo,Nadia;Lienzo,28,3,8,5,Derrota,390,2026,7,Monday,0,2
1325,2026-02-17,14:18,J0085,Ciudadela,Ranked,Tesla,32,12,8,4,Derrota,1240,2026,2,Tuesday,2,1
4313,2026-04-17,12:39,J0011,Desierto Neon,Ranked,Vex,29,11,5,5,Victoria,1750,2026,4,Friday,2,1
7495,2026-06-07,05:35,J0181,Bosque Umbral,Casual,Nadia;Lienzo,25,8,5,5,Victoria,1450,2026,6,Sunday,2,2
8703,2026-06-26,19:03,J0187,Desierto Neon,Ranked,Magnus,24,8,8,3,Derrota,790,2026,6,Friday,1,1
8692,2026-06-26,18:16,J0016,Puerto Escarlata,Ranked,Koro,31,10,4,3,Victoria,1570,2026,6,Friday,2,1
9576,2026-07-09,19:20,J0012,Puerto Escarlata,Ranked,Lienzo,22,3,7,3,Derrota,310,2026,7,Thursday,0,1
5542,2026-05-08,20:08,J0162,Ciudadela,Casual,Umbra,19,3,5,4,Victoria,900,2026,5,Friday,1,1
6173,2026-05-18,20:55,J0200,Canales de Hielo,Casual,Brisa,10,5,3,7,Victoria,,2026,5,Monday,2,1
1541,2026-02-21,19:41,J0005,Desierto Neon,Casual,Nadia;Koro,27,6,6,5,Victoria,1230,2026,2,Saturday,1,2
9410,2026-07-07,22:10,J0008,Desierto Neon,Ranked,Koro,29,4,2,5,Victoria,1110,2026,7,Tuesday,2,1
2682,2026-03-17,00:38,J0057,Estacion Orbital,Casual,Tesla;Vex,12,9,6,3,Victoria,1430,2026,3,Tuesday,2,2
9957,2026-07-14,19:52,J0055,Bosque Umbral,Casual,Lienzo;Vex,10,8,5,4,Victoria,1400,2026,7,Tuesday,2,2
6314,2026-05-20,19:44,J0003,Estacion Orbital,Ranked,Brisa;Magnus,41,4,4,3,Victoria,970,2026,5,Wednesday,1,2
1192,2026-02-14,23:03,J0008,Puerto Escarlata,Ranked,Umbra;Magnus,34,4,6,0,Derrota,280,2026,2,Saturday,1,2
5294,2026-05-03,20:59,J0004,Ciudadela,Casual,Umbra,26,3,6,3,Derrota,330,2026,5,Sunday,0,1
1543,2026-02-21,21:24,J0048,Puerto Escarlata,Casual,Lienzo;Nadia,17,3,7,3,Derrota,310,2026,2,Saturday,0,2
7057,2026-05-31,22:45,J0003,Desierto Neon,Torneo,Koro;Vex;Lienzo,15,4,3,3,Victoria,990,2026,5,Sunday,1,3
2540,2026-03-14,20:46,J0052,Canales de Hielo,Casual,Vex;Brisa,20,2,4,0,Derrota,120,2026,3,Saturday,0,2
954,2026-02-08,17:42,J0045,Estacion Orbital,Ranked,Brisa,39,8,4,7,Victoria,1570,2026,2,Sunday,2,1
7242,2026-06-03,21:21,J0085,Canales de Hielo,Casual,Magnus;Umbra,17,7,8,3,Derrota,690,2026,6,Wednesday,1,2
6732,2026-05-26,08:18,J0002,Estacion Orbital,Casual,Lienzo,19,8,5,4,Victoria,1400,2026,5,Tuesday,2,1
4847,2026-04-26,14:52,J0051,Ciudadela,Casual,Brisa,12,3,2,5,Victoria,1010,2026,4,Sunday,2,1
6802,2026-05-27,00:53,J0003,Puerto Escarlata,Ranked,Tesla;Vex,40,8,2,2,Derrota,860,2026,5,Wednesday,4,2
8011,2026-06-16,21:11,J0045,Bosque Umbral,Ranked,Lienzo,45,6,4,0,Derrota,520,2026,6,Tuesday,2,1
4331,2026-04-17,17:34,J0015,Canales de Hielo,Ranked,Vex;Nadia,27,13,6,3,Victoria,1830,2026,4,Friday,2,2
8925,2026-06-29,23:01,J0050,Canales de Hielo,Ranked,Umbra,23,1,4,2,Victoria,620,2026,6,Monday,0,1
5335,2026-05-04,20:28,J0036,Bosque Umbral,Ranked,Koro;Tesla;Vex,39,5,8,3,Derrota,490,2026,5,Monday,1,3
7331,2026-06-05,20:27,J0053,Desierto Neon,Ranked,Lienzo,25,4,7,5,Victoria,1010,2026,6,Friday,1,1
9349,2026-07-06,12:05,J0024,Puerto Escarlata,Ranked,Umbra;Magnus,41,5,7,4,Victoria,1060,2026,7,Monday,1,2
4730,2026-04-24,21:11,J0056,Ciudadela,Ranked,Tesla,26,7,2,4,Derrota,860,2026,4,Friday,4,1
6542,2026-05-23,19:18,J0050,Bosque Umbral,Casual,Lienzo,20,1,6,3,Derrota,130,2026,5,Saturday,0,1
5306,2026-05-04,21:05,J0031,Bosque Umbral,Ranked,Vex,43,6,6,7,Victoria,1330,2026,5,Monday,1,1
5162,2026-05-02,20:41,J0006,Bosque Umbral,Ranked,Nadia;Vex,44,11,5,2,,1600,2026,5,Saturday,2,2
7861,2026-06-13,22:14,J0038,Canales de Hielo,Torneo,Koro;Tesla,32,2,3,4,Victoria,,2026,6,Saturday,1,2
2157,2026-03-06,19:45,J0024,Ciudadela,Ranked,Brisa,29,5,3,5,Derrota,690,2026,3,Friday,2,1
1063,2026-02-11,20:26,J0045,Estacion Orbital,Ranked,Umbra;Brisa;Koro,43,4,10,3,Derrota,350,2026,2,Wednesday,0,3
1168,2026-02-14,07:51,J0087,Ciudadela,Torneo,Umbra,23,8,4,2,Derrota,820,2026,2,Saturday,2,1
3637,2026-04-04,20:01,J0003,Ciudadela,Casual,Magnus;Brisa;Koro,16,4,4,3,Derrota,470,2026,4,Saturday,1,3
7652,2026-06-10,22:27,J0003,Desierto Neon,Casual,Magnus,30,5,3,4,Derrota,640,2026,6,Wednesday,2,1
5589,2026-05-09,09:45,J0073,Bosque Umbral,Casual,Lienzo,14,3,5,8,Victoria,1100,2026,5,Saturday,1,1
7193,2026-06-02,13:48,J0096,Estacion Orbital,Casual,Koro,12,6,5,6,Victoria,1400,2026,6,Tuesday,1,1
4492,2026-04-20,16:03,J0076,Canales de Hielo,Ranked,Tesla,42,11,3,5,Victoria,1790,2026,4,Monday,4,1
7267,2026-06-04,23:45,J0007,Canales de Hielo,Casual,Magnus;Nadia,10,2,9,6,Victoria,820,2026,6,Thursday,0,2
4981,2026-04-28,06:37,J0040,Ciudadela,Ranked,Vex;Koro;Lienzo,45,7,4,4,Victoria,1320,2026,4,Tuesday,2,3
8336,2026-06-21,22:27,J0085,Canales de Hielo,Ranked,Nadia,44,7,4,3,Derrota,770,2026,6,Sunday,2,1
4947,2026-04-28,17:48,J0030,Canales de Hielo,Ranked,Brisa,32,8,6,6,Victoria,,2026,4,Tuesday,1,1
2783,2026-03-19,12:17,J0010,Ciudadela,Ranked,Lienzo;Vex,34,14,3,5,Victoria,2090,2026,3,Thursday,5,2
718,2026-02-03,14:31,J0008,Bosque Umbral,Ranked,Lienzo,28,8,8,1,Derrota,690,2026,2,Tuesday,1,1
2503,2026-03-13,14:14,J0024,Puerto Escarlata,Casual,Tesla,8,5,4,5,Derrota,670,2026,3,Friday,1,1
4361,2026-04-18,17:28,J0011,Puerto Escarlata,Ranked,Tesla,26,5,6,7,,1230,2026,4,Saturday,1,1
4172,2026-04-14,16:37,J0137,Ciudadela,Casual,Koro;Lienzo,23,6,5,5,Derrota,750,2026,4,Tuesday,1,2
8083,2026-06-17,22:10,J0002,Ciudadela,Casual,Umbra;Lienzo,20,7,4,2,Derrota,,2026,6,Wednesday,2,2
9834,2026-07-12,17:36,J0146,Canales de Hielo,Ranked,Brisa;Nadia,45,5,7,3,Victoria,,2026,7,Sunday,1,2
396,2026-01-25,08:20,J0036,Desierto Neon,Ranked,Tesla,30,4,3,3,Derrota,490,2026,1,Sunday,1,1
7187,2026-06-02,18:09,J0071,Canales de Hielo,Ranked,Nadia,33,3,4,0,Derrota,220,2026,6,Tuesday,1,1
9896,2026-07-13,17:25,J0092,Estacion Orbital,Casual,Magnus;Brisa;Vex,10,7,5,5,Derrota,850,2026,7,Monday,1,3
4493,2026-04-20,21:38,J0131,Puerto Escarlata,Ranked,Magnus;Brisa;Koro,33,3,5,4,Victoria,900,2026,4,Monday,1,3
1366,2026-02-18,03:04,J0114,Puerto Escarlata,Torneo,Magnus,28,3,6,4,Derrota,380,2026,2,Wednesday,0,1
9599,2026-07-10,20:12,J0187,Puerto Escarlata,Casual,Koro,18,8,0,6,Victoria,1600,2026,7,Friday,,1
8788,2026-06-27,10:52,J0021,Estacion Orbital,Casual,Vex,22,16,8,4,Victoria,21,2026,6,Saturday,2,1
5918,2026-05-14,08:54,J0112,Puerto Escarlata,Ranked,Magnus;Koro,45,1,8,4,Derrota,140,2026,5,Thursday,0,2
4969,2026-04-28,20:29,J0005,Puerto Escarlata,Casual,Magnus,10,4,9,5,Derrota,470,2026,4,Tuesday,0,1
2915,2026-03-21,00:53,J0096,Estacion Orbital,Casual,Lienzo;Vex,30,3,6,2,Victoria,780,2026,3,Saturday,0,2
5645,2026-05-09,17:56,J0200,Puerto Escarlata,Casual,Magnus,25,5,3,1,Derrota,490,2026,5,Saturday,2,1
3767,2026-04-07,08:52,J0049,Canales de Hielo,Ranked,Vex,24,10,6,6,Victoria,1680,2026,4,Tuesday,2,1
3441,2026-03-31,16:35,J0109,Ciudadela,Ranked,Koro,41,2,2,8,Victoria,1060,2026,3,Tuesday,1,1
7358,2026-06-05,18:21,J0060,Bosque Umbral,Casual,Koro,24,4,8,3,Derrota,390,2026,6,Friday,0,1
6807,2026-05-27,20:14,J0102,Estacion Orbital,Casual,Vex;Brisa,27,6,5,2,Derrota,500,2026,5,Wednesday,1,2
2144,2026-03-06,18:38,J0007,Desierto Neon,Ranked,Lienzo,27,6,5,8,Victoria,1400,2026,3,Friday,1,1
5105,2026-04-30,22:49,J0025,Ciudadela,Casual,Umbra,17,5,6,3,Victoria,1030,2026,4,Thursday,1,1
5074,2026-04-30,23:13,J0062,Desierto Neon,Casual,Nadia,25,4,6,4,Derrota,480,2026,4,Thursday,1,1
1572,2026-02-22,10:08,J0041,Desierto Neon,Torneo,Brisa,14,3,4,6,Derrota,520,2026,2,Sunday,1,1
4080,2026-04-12,21:07,J0088,Desierto Neon,Casual,Nadia;Magnus;Tesla,18,7,8,3,Victoria,1190,2026,4,Sunday,1,3
1123,2026-02-12,23:03,J0028,Puerto Escarlata,Casual,Umbra,14,8,5,2,Derrota,800,2026,2,Thursday,2,1
2787,2026-03-19,14:35,J0023,Ciudadela,Ranked,Vex,29,11,1,8,Victoria,1980,2026,3,Thursday,11,1
2968,2026-03-22,00:57,J0130,Puerto Escarlata,Ranked,Koro,22,6,6,5,Derrota,730,2026,3,Sunday,1,1
2505,2026-03-14,23:26,J0007,Puerto Escarlata,Casual,Lienzo;Nadia,30,5,7,9,Derrota,810,2026,3,Saturday,1,2
5989,2026-05-15,15:15,J0082,Ciudadela,Torneo,Nadia,13,9,3,4,Victoria,1540,2026,5,Friday,3,1
8868,2026-06-28,00:05,J0018,Estacion Orbital,Ranked,Nadia;Magnus,23,3,6,5,Victoria,930,2026,6,Sunday,0,2
7165,2026-06-02,21:48,J0030,Desierto Neon,Casual,Vex,13,13,6,2,Victoria,1780,2026,6,Tuesday,2,1
729,2026-02-03,14:31,J0106,Ciudadela,Casual,,12,15,5,3,Derrota,1550,2026,2,Tuesday,3,0
7588,2026-06-09,19:18,J0067,Bosque Umbral,Ranked,Vex,45,11,8,2,Derrota,1040,2026,6,Tuesday,1,1
7544,2026-06-08,22:17,J0139,Bosque Umbral,Casual,Lienzo,8,6,5,8,Victoria,1600,2026,6,Monday,1,1
413,2026-01-26,14:29,J0022,Puerto Escarlata,Casual,Tesla,26,4,6,4,Derrota,480,2026,1,Monday,1,1
5746,2026-05-11,18:24,J0102,Ciudadela,Casual,Nadia;Lienzo;Tesla,27,5,7,5,Derrota,610,2026,5,Monday,1,3
7669,2026-06-10,20:53,J0058,Bosque Umbral,Ranked,Vex;Umbra,29,4,3,6,Derrota,640,2026,6,Wednesday,1,2
826,2026-02-05,12:18,J0120,Canales de Hielo,Casual,Magnus,13,6,5,2,,600,2026,2,Thursday,1,1
3268,2026-03-28,22:38,J0015,Puerto Escarlata,Torneo,Brisa,16,9,6,4,Derrota,980,2026,3,Saturday,2,1
3975,2026-04-11,22:02,J0022,Desierto Neon,Ranked,Koro;Lienzo,29,8,7,4,Victoria,1360,2026,4,Saturday,1,2
8809,2026-06-28,19:16,J0077,Desierto Neon,Ranked,Koro,22,5,1,5,Victoria,1230,2026,6,Sunday,5,1
8307,2026-06-20,16:02,J0128,Puerto Escarlata,Casual,Vex,23,12,3,7,Derrota,1490,2026,6,Saturday,4,1
418,2026-01-26,19:45,J0016,Puerto Escarlata,Ranked,Magnus,41,11,4,3,Derrota,1170,2026,1,Monday,3,1
6749,2026-05-26,20:15,J0011,Estacion Orbital,Torneo,Nadia,25,7,3,5,Derrota,890,2026,5,Tuesday,2,1
8968,2026-06-30,12:51,J0003,Ciudadela,Casual,Umbra;Nadia;Vex,23,8,5,3,Victoria,1350,2026,6,Tuesday,2,3
2083,2026-03-05,15:30,J0052,Canales de Hielo,Ranked,Koro,38,5,5,2,Derrota,500,2026,3,Thursday,1,1
8946,2026-06-30,18:38,J0017,Desierto Neon,Casual,Koro,16,8,9,5,Derrota,870,2026,6,Tuesday,1,1
3374,2026-03-30,20:32,J0076,Ciudadela,Torneo,Lienzo;Umbra,14,7,2,2,Derrota,760,2026,3,Monday,4,2
5727,2026-05-10,19:23,J0109,Canales de Hielo,Ranked,Brisa,36,11,3,2,Victoria,1640,2026,5,Sunday,4,1
4108,2026-04-13,01:06,J0049,Canales de Hielo,Casual,Brisa,25,2,7,5,Victoria,810,2026,4,Monday,0,1
4381,2026-04-18,00:16,J0200,Estacion Orbital,Casual,Koro,23,14,5,7,Derrota,1650,2026,4,Saturday,3,1
7724,2026-06-11,22:22,J0044,Ciudadela,Ranked,Umbra,44,8,5,3,Derrota,850,2026,6,Thursday,2,1
1067,2026-02-11,06:13,J0025,Estacion Orbital,Ranked,Lienzo,28,8,1,4,Derrota,980,2026,2,Wednesday,8,1
3914,2026-04-09,16:08,J0036,Bosque Umbral,Casual,Lienzo;Brisa;Nadia,15,2,2,2,Victoria,760,2026,4,Thursday,1,3
5537,2026-05-08,21:31,J0068,Canales de Hielo,Ranked,Brisa,30,8,4,5,Victoria,1470,2026,5,Friday,2,1
8003,2026-06-15,18:40,J0002,Desierto Neon,Casual,Magnus;Koro;Nadia,30,5,1,11,Derrota,1030,2026,6,Monday,5,3
5388,2026-05-05,15:49,J0001,Bosque Umbral,Ranked,Lienzo,43,7,3,6,Derrota,940,2026,5,Tuesday,2,1
5733,2026-05-11,07:36,J0072,Desierto Neon,Casual,Vex;Brisa,25,10,8,5,Victoria,1590,2026,5,Monday,1,2
2739,2026-03-18,17:53,J0024,Puerto Escarlata,Casual,Nadia;Koro;Brisa,22,5,5,11,Victoria,1450,2026,3,Wednesday,1,3
5053,2026-04-30,19:20,J0123,Estacion Orbital,Casual,Koro,31,8,8,5,Victoria,1390,2026,4,Thursday,1,1
4001,2026-04-11,18:14,J0020,Desierto Neon,Ranked,Tesla,31,5,7,7,Victoria,1210,2026,4,Saturday,1,1
2428,2026-03-12,05:10,J0087,Ciudadela,Casual,Umbra,10,6,7,3,Victoria,1710,2026,3,Thursday,1,1
6834,2026-05-28,18:36,J0022,Ciudadela,Casual,Magnus;Tesla,24,9,9,2,Victoria,1320,2026,5,Thursday,1,2
1688,2026-02-24,13:14,J0134,Puerto Escarlata,Ranked,Lienzo;Magnus,30,9,6,4,Victoria,1480,2026,2,Tuesday,2,2
852,2026-02-06,18:45,J0070,Canales de Hielo,Ranked,Vex;Koro,40,6,5,5,Victoria,1350,2026,2,Friday,1,2
6304,2026-05-20,20:53,J0096,Canales de Hielo,Ranked,Nadia,29,7,5,0,Derrota,600,2026,5,Wednesday,1,1
9088,2026-07-02,05:13,J0020,Canales de Hielo,Casual,Tesla;Magnus,31,6,6,4,Victoria,1180,2026,7,Thursday,1,2
5879,2026-05-13,20:12,J0018,Ciudadela,Casual,Vex,15,8,6,4,Victoria,1380,2026,5,Wednesday,1,1
8528,2026-06-24,01:24,J0102,Ciudadela,Casual,Umbra,21,6,5,5,,1250,2026,6,Wednesday,1,1
2840,2026-03-20,22:51,J0011,Bosque Umbral,Casual,Nadia;Lienzo,21,6,4,5,Victoria,1270,2026,3,Friday,2,2
4612,2026-04-22,01:19,J0016,Estacion Orbital,Ranked,Nadia,26,9,7,1,Victoria,1310,2026,4,Wednesday,1,1
9541,2026-07-09,00:27,J0038,Estacion Orbital,Casual,Koro;Vex;Tesla,12,7,2,7,Victoria,1510,2026,7,Thursday,4,3
9208,2026-07-04,19:02,J0018,Desierto Neon,Ranked,Tesla;Koro,43,2,4,7,Victoria,970,2026,7,Saturday,0,2
2490,2026-03-13,20:08,J0160,Bosque Umbral,Casual,Umbra;Magnus;Tesla,29,5,2,2,Victoria,1060,2026,3,Friday,2,3
6906,2026-05-29,21:04,J0151,Ciudadela,Casual,Nadia,28,8,3,4,Derrota,940,2026,5,Friday,3,1
7391,2026-06-06,19:02,J0034,Bosque Umbral,Casual,Tesla,19,8,4,3,Derrota,870,2026,6,Saturday,2,1
2850,2026-03-20,13:51,J0060,Puerto Escarlata,Ranked,,45,8,7,6,Derrota,960,2026,3,Friday,1,0
6666,2026-05-25,09:00,J0065,Puerto Escarlata,Ranked,Magnus,30,2,9,5,Victoria,770,2026,5,Monday,0,1
5882,2026-05-13,23:45,J0022,Puerto Escarlata,Ranked,Umbra;Brisa,30,3,3,3,Victoria,890,2026,5,Wednesday,1,2
4453,2026-04-19,18:08,J0080,Canales de Hielo,Ranked,Koro,34,3,4,3,Victoria,870,2026,4,Sunday,1,1
7422,2026-06-06,20:56,J0061,Puerto Escarlata,Casual,Tesla,12,8,6,4,,880,2026,6,Saturday,1,1
6485,2026-05-22,14:40,J0062,Ciudadela,Torneo,Umbra;Lienzo,24,9,3,4,Derrota,1040,2026,5,Friday,3,2
2480,2026-03-13,17:29,J0001,Desierto Neon,Ranked,Lienzo;Nadia,29,4,3,5,Derrota,590,2026,3,Friday,1,2
6618,2026-05-24,13:52,J0080,Estacion Orbital,Ranked,Vex,32,8,6,2,Victoria,1280,2026,5,Sunday,1,1
2142,2026-03-06,22:39,J0023,Ciudadela,Ranked,Tesla,42,8,4,4,Derrota,920,2026,3,Friday,2,1
5189,2026-05-02,19:40,J0034,Desierto Neon,Ranked,Brisa,39,3,5,3,Victoria,850,2026,5,Saturday,1,1
9778,2026-07-12,09:57,J0155,Puerto Escarlata,Ranked,Nadia,32,6,6,5,Victoria,1230,2026,7,Sunday,1,1
2745,2026-03-18,18:10,J0200,Ciudadela,Ranked,Tesla,27,6,11,4,Victoria,1080,2026,3,Wednesday,1,1
7254,2026-06-03,07:31,J0130,Estacion Orbital,Ranked,Lienzo,45,4,6,2,Derrota,380,2026,6,Wednesday,1,1
3507,2026-04-02,12:53,J0162,Canales de Hielo,Casual,Umbra,27,2,4,5,Derrota,370,2026,4,Thursday,0,1
1680,2026-02-24,04:08,J0042,Estacion Orbital,Casual,Umbra;Lienzo,12,2,7,3,,710,2026,2,Tuesday,0,2
4250,2026-04-16,20:46,J0012,Bosque Umbral,Ranked,Magnus;Tesla,38,5,5,3,Victoria,1050,2026,4,Thursday,1,2
3148,2026-03-25,14:19,J0021,Bosque Umbral,Casual,Magnus;Koro;Nadia,31,4,10,3,Victoria,850,2026,3,Wednesday,0,3
8131,2026-06-17,22:22,J0016,Canales de Hielo,Ranked,Nadia;Umbra;Magnus,23,6,3,2,Victoria,1240,2026,6,Wednesday,2,3
7005,2026-05-31,18:28,J0052,Desierto Neon,Casual,Magnus,10,6,6,4,Victoria,1180,2026,5,Sunday,1,1
581,2026-01-30,20:58,J0071,Desierto Neon,Casual,Lienzo;Brisa,28,12,6,8,Derrota,1480,2026,1,Friday,2,2
9663,2026-07-11,17:53,J0011,Puerto Escarlata,Torneo,Umbra;Lienzo;Magnus,11,7,2,1,Derrota,710,2026,7,Saturday,4,3
4071,2026-04-12,05:08,J0039,Estacion Orbital,Ranked,Magnus,44,9,12,1,Derrota,710,2026,4,Sunday,1,1
3344,2026-03-29,09:50,J0099,Bosque Umbral,Ranked,Umbra,42,2,9,2,Derrota,120,2026,3,Sunday,0,1
7405,2026-06-06,13:47,J0065,Ciudadela,Casual,Brisa,16,2,6,5,Derrota,330,2026,6,Saturday,0,1
3673,2026-04-05,19:40,J0064,Canales de Hielo,Casual,Umbra;Tesla,19,3,6,7,Derrota,530,2026,4,Sunday,0,2
560,2026-01-30,15:42,J0200,Estacion Orbital,Ranked,Tesla;Koro;Brisa,40,5,8,2,Victoria,940,2026,1,Friday,1,3
5238,2026-05-03,19:13,J0051,Puerto Escarlata,Casual,Vex;Nadia,11,5,4,2,Victoria,1020,2026,5,Sunday,1,2
7806,2026-06-13,16:58,J0108,Desierto Neon,Casual,Magnus;Lienzo,12,5,5,5,Derrota,650,2026,6,Saturday,1,2
513,2026-01-28,20:11,J0047,Bosque Umbral,Casual,Lienzo;Umbra,11,7,3,2,Victoria,1240,2026,1,Wednesday,2,2
1082,2026-02-11,19:07,J0022,Puerto Escarlata,Torneo,Nadia;Tesla;Brisa,10,2,4,2,Derrota,220,2026,2,Wednesday,0,3
1665,2026-02-24,20:45,J0059,Canales de Hielo,Ranked,Magnus;Tesla,35,5,6,7,Derrota,730,2026,2,Tuesday,1,2
9205,2026-07-04,19:03,J0030,Ciudadela,Torneo,Koro,17,6,6,4,Victoria,1180,2026,7,Saturday,1,1
1932,2026-03-01,18:34,J0057,Canales de Hielo,Casual,Tesla,9,10,10,4,Derrota,1000,2026,3,Sunday,1,1
9740,2026-07-11,20:41,J0009,Canales de Hielo,Ranked,Koro;Vex,23,6,6,2,Victoria,1080,2026,7,Saturday,1,2
1151,2026-02-13,19:16,J0031,Puerto Escarlata,Ranked,Lienzo;Brisa,32,7,4,4,Derrota,820,2026,2,Friday,2,2
2839,2026-03-20,02:54,J0015,Bosque Umbral,Torneo,Umbra;Brisa,30,8,5,5,Victoria,1450,2026,3,Friday,2,2
5950,2026-05-14,20:31,J0048,Estacion Orbital,Casual,Nadia;Brisa;Tesla,29,5,5,3,Victoria,1050,2026,5,Thursday,1,3
8309,2026-06-20,13:02,J0011,Canales de Hielo,Ranked,Magnus,24,4,5,7,Victoria,1150,2026,6,Saturday,1,1
8933,2026-06-29,20:49,J0057,Puerto Escarlata,Casual,Tesla,26,5,4,8,Victoria,1320,2026,6,Monday,1,1
9862,2026-07-13,13:53,J0005,Estacion Orbital,Casual,Brisa,23,2,4,3,Derrota,270,2026,7,Monday,0,1
5178,2026-05-02,15:58,J0010,Puerto Escarlata,Casual,Vex;Umbra,16,9,7,3,Victoria,1410,2026,5,Saturday,1,2
831,2026-02-06,08:02,J0018,Puerto Escarlata,Casual,Koro,28,0,2,6,Victoria,760,2026,2,Friday,0,1
8312,2026-06-20,13:12,J0039,Ciudadela,Casual,Vex,31,7,2,3,Victoria,1310,2026,6,Saturday,4,1
4753,2026-04-25,18:55,J0028,Puerto Escarlata,Casual,Brisa,29,4,2,5,Derrota,610,2026,4,Saturday,2,1
9795,2026-07-12,14:40,J0023,Bosque Umbral,Ranked,Magnus;Brisa,26,8,5,0,Victoria,1200,2026,7,Sunday,2,2
636,2026-01-31,19:30,J0200,Ciudadela,Casual,Nadia;Tesla;Vex,31,12,2,6,Victoria,1960,2026,1,Saturday,6,3
4466,2026-04-19,05:06,J0085,Bosque Umbral,Ranked,Magnus;Nadia,26,7,6,5,Victoria,1330,2026,4,Sunday,1,2
6800,2026-05-27,18:25,J0023,Bosque Umbral,Ranked,Koro,39,13,4,4,Victoria,1920,2026,5,Wednesday,3,1
7988,2026-06-15,12:44,J0026,Ciudadela,Ranked,Tesla,28,5,6,5,Victoria,1130,2026,6,Monday,1,1
7080,2026-06-01,01:25,J0035,Estacion Orbital,Casual,Nadia,14,8,5,14,Derrota,1400,2026,6,Monday,2,1
6967,2026-05-30,23:29,J0008,Bosque Umbral,Torneo,Brisa,11,3,4,1,Victoria,770,2026,5,Saturday,1,1
4143,2026-04-14,19:35,J0026,Puerto Escarlata,Ranked,Tesla,23,6,3,7,Victoria,1390,2026,4,Tuesday,2,1
7028,2026-05-31,20:25,J0032,Ciudadela,Casual,,24,6,5,1,Victoria,1050,2026,5,Sunday,1,0
9184,2026-07-04,00:26,J0039,Canales de Hielo,Casual,Brisa;Tesla;Umbra,19,7,3,3,Victoria,1290,2026,7,Saturday,2,3
877,2026-02-07,22:12,J0200,Bosque Umbral,Ranked,Tesla,37,9,5,5,Derrota,1050,2026,2,Saturday,2,1
4870,2026-04-26,22:32,J0023,Bosque Umbral,Casual,Lienzo,19,8,3,9,Derrota,1190,2026,4,Sunday,3,1
5316,2026-05-04,17:23,J0015,Estacion Orbital,Ranked,Lienzo,34,8,2,5,Derrota,1010,2026,5,Monday,4,1
5223,2026-05-02,20:52,J0039,Canales de Hielo,Casual,Umbra,30,11,4,3,Victoria,1670,2026,5,Saturday,3,1
5,2026-01-16,13:24,J0162,Canales de Hielo,Casual,Tesla;Koro,18,7,1,3,Derrota,830,2026,1,Friday,7,2
3052,2026-03-24,16:39,J0005,Puerto Escarlata,Casual,Koro,9,8,5,3,Derrota,850,2026,3,Tuesday,2,1
5692,2026-05-10,23:06,J0087,Bosque Umbral,Ranked,Umbra,34,8,5,2,Victoria,,2026,5,Sunday,2,1
3125,2026-03-25,20:51,J0003,Ciudadela,Casual,Magnus,24,6,7,6,Victoria,1360,2026,3,Wednesday,1,1
2492,2026-03-13,12:55,J0118,Ciudadela,Ranked,Vex;Koro;Lienzo,45,10,5,2,Victoria,1500,2026,3,Friday,2,3
3855,2026-04-08,20:40,J0019,Canales de Hielo,Casual,Lienzo,25,1,2,3,Derrota,210,2026,4,Wednesday,0,1
4778,2026-04-25,21:45,J0102,Estacion Orbital,Ranked,Umbra,23,3,8,4,Derrota,340,2026,4,Saturday,0,1
7510,2026-06-07,01:02,J0085,Puerto Escarlata,Casual,Magnus,12,8,5,5,Victoria,1450,2026,6,Sunday,2,1
6458,2026-05-22,20:05,J0007,Canales de Hielo,Casual,Tesla,19,7,3,5,Victoria,1390,2026,5,Friday,2,1
6294,2026-05-20,17:18,J0058,Puerto Escarlata,Casual,Umbra,9,5,4,5,Victoria,1170,2026,5,Wednesday,1,1
1149,2026-02-13,15:23,J0095,Desierto Neon,Ranked,Brisa,39,11,2,0,Victoria,1560,2026,2,Friday,6,1
575,2026-01-30,20:48,J0166,Ciudadela,Ranked,Vex;Koro,24,5,1,7,Victoria,1330,2026,1,Friday,5,2
3770,2026-04-07,23:13,J0024,Puerto Escarlata,Ranked,Brisa;Lienzo,39,3,5,1,Victoria,750,2026,4,Tuesday,1,2
4147,2026-04-14,19:29,J0061,Bosque Umbral,Ranked,Vex,32,4,5,2,Derrota,400,2026,4,Tuesday,1,1
854,2026-02-06,21:57,J0143,Bosque Umbral,Torneo,Tesla,13,4,7,4,Derrota,460,2026,2,Friday,1,1
5920,2026-05-14,11:21,J0036,Ciudadela,Casual,Lienzo,27,5,3,6,Derrota,740,2026,5,Thursday,2,1
9359,2026-07-06,20:35,J0064,Puerto Escarlata,Ranked,Umbra,28,3,12,6,Victoria,860,2026,7,Monday,0,1
6615,2026-05-24,16:16,J0134,Bosque Umbral,Casual,Vex;Tesla,31,7,6,3,Victoria,1230,2026,5,Sunday,1,2
6003,2026-05-15,19:29,J0037,Puerto Escarlata,Torneo,Magnus;Nadia,26,4,8,4,Victoria,940,2026,5,Friday,0,2
9164,2026-07-03,10:56,J0029,Ciudadela,Casual,Koro;Lienzo,11,2,3,4,Derrota,340,2026,7,Friday,1,2
4496,2026-04-20,20:11,J0007,Canales de Hielo,Ranked,Umbra,36,6,7,5,Victoria,1210,2026,4,Monday,1,1
8174,2026-06-18,23:51,J0119,Desierto Neon,Ranked,Nadia;Vex,32,11,3,5,Victoria,1790,2026,6,Thursday,4,2
6656,2026-05-24,12:39,J0118,Canales de Hielo,Ranked,Umbra;Koro,39,12,7,4,Victoria,1760,2026,5,Sunday,2,2
2369,2026-03-10,06:50,J0025,Canales de Hielo,Torneo,Tesla,12,6,3,8,Derrota,940,2026,3,Tuesday,2,1
4781,2026-04-25,02:08,J0007,Bosque Umbral,Casual,Lienzo,19,6,3,5,Derrota,,2026,4,Saturday,2,1
7993,2026-06-15,14:10,J0039,Ciudadela,Casual,Tesla,20,6,4,2,Victoria,1320,2026,6,Monday,2,1
2951,2026-03-22,16:43,J0046,Bosque Umbral,Ranked,Magnus,25,7,2,4,Derrota,860,2026,3,Sunday,4,1
5626,2026-05-09,19:28,J0006,Ciudadela,Torneo,Tesla;Vex,23,9,5,4,Victoria,,2026,5,Saturday,2,2
6972,2026-05-30,20:22,J0026,Estacion Orbital,Ranked,Magnus,36,5,3,4,Victoria,1140,2026,5,Saturday,2,1
8717,2026-06-27,06:58,J0048,Bosque Umbral,Ranked,Lienzo,24,4,4,2,Derrota,420,2026,6,Saturday,1,1
1842,2026-02-28,13:14,J0054,Estacion Orbital,Ranked,Umbra,34,6,2,4,Victoria,1260,2026,2,Saturday,3,1
5987,2026-05-15,12:45,J0013,Desierto Neon,Casual,Tesla;Nadia,14,9,8,2,Victoria,1340,2026,5,Friday,1,2
538,2026-01-29,12:52,J0021,Ciudadela,Torneo,Koro,22,6,5,6,Victoria,1300,2026,1,Thursday,1,1
2807,2026-03-20,15:40,J0012,Estacion Orbital,Casual,Brisa,16,6,7,2,Derrota,560,2026,3,Friday,1,1
5802,2026-05-12,22:01,J0034,Puerto Escarlata,Ranked,Nadia,25,5,5,5,Victoria,1150,2026,5,Tuesday,1,1
5597,2026-05-09,16:48,J0012,Ciudadela,Casual,Lienzo,25,7,6,1,Victoria,1130,2026,5,Saturday,1,1
7207,2026-06-03,13:47,J0019,Estacion Orbital,Casual,Koro,12,4,6,3,Derrota,430,2026,6,Wednesday,1,1
7344,2026-06-05,11:36,J0011,Bosque Umbral,Ranked,Magnus,25,1,6,5,Victoria,730,2026,6,Friday,0,1
7561,2026-06-08,20:57,J0010,Estacion Orbital,Casual,Tesla;Koro,26,4,6,1,Victoria,830,2026,6,Monday,1,2
8097,2026-06-17,12:04,J0022,Canales de Hielo,Casual,Umbra,28,1,8,3,Victoria,590,2026,6,Wednesday,0,1
785,2026-02-04,19:43,J0011,Ciudadela,Ranked,Magnus;Nadia,41,1,2,7,Derrota,410,2026,2,Wednesday,0,2
1410,2026-02-19,20:19,J0014,Desierto Neon,Casual,Brisa,18,4,4,1,Victoria,870,2026,2,Thursday,1,1
155,2026-01-20,20:50,J0007,Estacion Orbital,Ranked,Brisa;Vex,26,15,5,4,Derrota,1600,2026,1,Tuesday,3,2
7807,2026-06-13,01:04,J0168,Estacion Orbital,Casual,Vex;Tesla,23,8,6,3,Victoria,1330,2026,6,Saturday,1,2
3010,2026-03-23,17:25,J0070,Bosque Umbral,Ranked,Vex,30,6,5,7,Victoria,1350,2026,3,Monday,1,1
1687,2026-02-24,18:57,J0087,Bosque Umbral,Casual,Nadia,30,6,4,5,Victoria,1270,2026,2,Tuesday,2,1
4015,2026-04-11,18:17,J0062,Estacion Orbital,Casual,Umbra;Brisa,24,3,5,2,Victoria,800,2026,4,Saturday,1,2
7456,2026-06-06,20:39,J0176,Desierto Neon,Ranked,Magnus;Nadia,27,6,4,3,Victoria,1170,2026,6,Saturday,2,2
3864,2026-04-08,14:06,J0043,Canales de Hielo,Casual,Nadia;Brisa;Umbra,18,4,1,4,Victoria,1080,2026,4,Wednesday,4,3
2734,2026-03-18,10:45,J0022,Canales de Hielo,Torneo,Magnus;Umbra;Koro,17,2,2,2,Victoria,760,2026,3,Wednesday,1,3
1896,2026-03-01,12:17,J0021,Puerto Escarlata,Ranked,Nadia;Vex;Lienzo,32,4,3,2,Derrota,440,2026,3,Sunday,1,3
5443,2026-05-06,17:52,J0075,Puerto Escarlata,Casual,Umbra,21,3,1,2,Derrota,380,2026,5,Wednesday,3,1
570,2026-01-30,19:21,J0007,Puerto Escarlata,Casual,Koro,16,12,0,7,Derrota,1550,2026,1,Friday,,1
6710,2026-05-25,13:42,J0058,Bosque Umbral,Ranked,Nadia,38,7,3,2,Derrota,740,2026,5,Monday,2,1
5855,2026-05-13,02:45,J0086,Estacion Orbital,Casual,Brisa,17,7,1,5,Derrota,930,2026,5,Wednesday,7,1
1817,2026-02-27,03:33,J0004,Bosque Umbral,Casual,Koro,8,6,5,6,Victoria,1300,2026,2,Friday,1,1
8320,2026-06-20,18:14,J0151,Desierto Neon,Casual,Magnus;Umbra,20,4,1,6,Derrota,680,2026,6,Saturday,4,2
3395,2026-03-30,11:47,J0075,Desierto Neon,Ranked,Lienzo;Vex,27,11,2,5,Victoria,1810,2026,3,Monday,6,2
3328,2026-03-29,18:13,J0013,Desierto Neon,Ranked,Brisa,22,5,3,1,Derrota,490,2026,3,Sunday,2,1
6103,2026-05-17,19:36,J0028,Desierto Neon,Ranked,Umbra,37,5,5,6,Victoria,1200,2026,5,Sunday,1,1
2976,2026-03-22,09:56,J0041,Estacion Orbital,Casual,Vex;Lienzo;Umbra,24,4,3,5,,590,2026,3,Sunday,1,3
981,2026-02-08,15:21,J0135,Desierto Neon,Casual,Umbra,31,8,5,2,Victoria,1300,2026,2,Sunday,2,1
191,2026-01-21,12:41,J0052,Ciudadela,Casual,Vex;Tesla,25,4,0,4,Victoria,1100,2026,1,Wednesday,,2
9332,2026-07-06,18:44,J0102,Desierto Neon,Ranked,Brisa,34,2,7,5,Derrota,310,2026,7,Monday,0,1
5089,2026-04-30,23:51,J0040,Ciudadela,Ranked,Nadia,36,9,9,5,Victoria,1470,2026,4,Thursday,1,1
700,2026-02-02,14:43,J0104,Puerto Escarlata,Casual,Koro;Brisa,8,5,5,2,Victoria,1000,2026,2,Monday,1,2
9833,2026-07-12,19:08,J0031,Puerto Escarlata,Torneo,Nadia,8,2,2,5,Victoria,910,2026,7,Sunday,1,1
607,2026-01-31,07:08,J0052,Canales de Hielo,Ranked,Magnus,33,7,10,6,Victoria,1300,2026,1,Saturday,1,1
302,2026-01-24,21:28,J0106,Canales de Hielo,Ranked,Magnus,32,5,9,8,Derrota,720,2026,1,Saturday,1,1
3421,2026-03-30,15:39,J0015,Ciudadela,Torneo,Umbra;Koro,18,9,3,3,Victoria,1490,2026,3,Monday,3,2
9878,2026-07-13,14:25,J0008,Puerto Escarlata,Ranked,Lienzo;Tesla,36,7,5,2,Victoria,1200,2026,7,Monday,1,2
1061,2026-02-11,10:15,J0010,Bosque Umbral,Ranked,Brisa,22,6,6,1,Victoria,1030,2026,2,Wednesday,1,1
3445,2026-03-31,13:14,J0086,Estacion Orbital,Casual,Tesla,28,3,2,3,Victoria,910,2026,3,Tuesday,2,1
1070,2026-02-11,19:47,J0041,Bosque Umbral,Ranked,Lienzo,38,5,1,2,Victoria,1080,2026,2,Wednesday,5,1
2206,2026-03-07,08:03,J0032,Desierto Neon,Ranked,Nadia,44,9,3,5,Derrota,1090,2026,3,Saturday,3,1
9436,2026-07-07,22:52,J0001,Canales de Hielo,Casual,Vex,29,7,3,0,Victoria,1140,2026,7,Tuesday,2,1
7340,2026-06-05,22:18,J0012,Estacion Orbital,Ranked,Koro;Umbra,33,2,4,6,Derrota,420,2026,6,Friday,0,2
8209,2026-06-19,10:57,J0033,Desierto Neon,Casual,,23,8,4,4,Derrota,920,2026,6,Friday,2,0
7680,2026-06-10,17:05,J0006,Estacion Orbital,Torneo,Koro;Vex,24,7,4,6,Derrota,920,2026,6,Wednesday,2,2
4643,2026-04-23,19:25,J0045,Ciudadela,Torneo,Vex;Magnus,31,8,3,3,Derrota,890,2026,4,Thursday,3,2
7684,2026-06-10,20:56,J0048,Canales de Hielo,Ranked,Lienzo,40,5,5,4,Derrota,600,2026,6,Wednesday,1,1
9008,2026-07-01,07:39,J0029,Puerto Escarlata,Casual,Brisa;Lienzo,17,4,5,7,Victoria,1150,2026,7,Wednesday,1,2
7997,2026-06-15,14:33,J0015,Desierto Neon,Casual,Umbra,15,9,6,6,Victoria,1580,2026,6,Monday,2,1
5601,2026-05-09,07:56,J0016,Estacion Orbital,Ranked,Umbra;Tesla,22,9,4,4,Derrota,1020,2026,5,Saturday,2,2
9152,2026-07-03,23:18,J0041,Ciudadela,Ranked,Brisa,42,4,6,8,Victoria,1180,2026,7,Friday,1,1
7023,2026-05-31,16:03,J0116,Desierto Neon,Casual,Koro,24,8,2,5,Victoria,,2026,5,Sunday,4,1
4894,2026-04-27,16:19,J0146,Canales de Hielo,Ranked,Koro;Tesla;Umbra,35,6,4,4,Derrota,720,2026,4,Monday,2,3
226,2026-01-22,11:50,J0070,Bosque Umbral,Ranked,Vex,35,4,5,3,Victoria,950,2026,1,Thursday,1,1
3355,2026-03-29,23:43,J0005,Ciudadela,Ranked,Tesla,34,12,8,3,Derrota,1190,2026,3,Sunday,2,1
5896,2026-05-13,07:54,J0061,Estacion Orbital,Casual,Magnus;Lienzo,27,6,6,4,Derrota,880,2026,5,Wednesday,1,2
8755,2026-06-27,21:26,J0181,Bosque Umbral,Ranked,Tesla,39,4,6,3,Derrota,430,2026,6,Saturday,1,1
3437,2026-03-31,11:44,J0026,Ciudadela,Ranked,Umbra,38,4,4,4,Derrota,520,2026,3,Tuesday,1,1
1694,2026-02-24,07:42,J0011,Bosque Umbral,Ranked,Magnus;Koro,32,6,6,4,Derrota,680,2026,2,Tuesday,1,2
6894,2026-05-29,18:30,J0013,Canales de Hielo,Torneo,Koro;Lienzo,21,6,5,1,Victoria,1050,2026,5,Friday,1,2
1046,2026-02-10,00:08,J0054,Canales de Hielo,Torneo,Nadia,19,7,8,6,Derrota,840,2026,2,Tuesday,1,1
3447,2026-03-31,23:38,J0116,Desierto Neon,Ranked,Tesla;Magnus,38,9,3,3,Derrota,990,2026,3,Tuesday,3,2
8051,2026-06-16,01:52,J0200,Puerto Escarlata,Ranked,,38,8,7,2,Victoria,1260,2026,6,Tuesday,1,0
9147,2026-07-03,15:16,J0052,Puerto Escarlata,Casual,Lienzo,24,6,5,5,Derrota,750,2026,7,Friday,1,1
4736,2026-04-24,18:49,J0046,Canales de Hielo,Casual,Brisa,21,9,2,6,Victoria,1660,2026,4,Friday,4,1
4497,2026-04-20,17:34,J0046,Desierto Neon,Casual,Vex,10,6,2,4,Derrota,960,2026,4,Monday,3,1
1219,2026-02-14,22:42,J0010,Puerto Escarlata,Torneo,Magnus;Tesla,17,7,5,3,Derrota,750,2026,2,Saturday,1,2
6016,2026-05-16,05:30,J0181,Ciudadela,Ranked,Lienzo,25,5,3,5,Victoria,1190,2026,5,Saturday,2,1
9720,2026-07-11,22:58,J0135,Puerto Escarlata,Ranked,Umbra,35,6,7,2,Victoria,1060,2026,7,Saturday,1,1
3988,2026-04-11,15:47,J0154,Puerto Escarlata,Ranked,Umbra;Nadia,24,9,7,5,Derrota,1010,2026,4,Saturday,1,2
4912,2026-04-27,20:51,J0135,Bosque Umbral,Casual,Tesla,18,8,6,7,Victoria,1530,2026,4,Monday,1,1
9493,2026-07-08,01:42,J0043,Puerto Escarlata,Ranked,Nadia,26,3,4,3,Derrota,370,2026,7,Wednesday,1,1
4494,2026-04-20,17:26,J0015,Bosque Umbral,Ranked,Brisa;Koro;Lienzo,23,11,5,4,Derrota,1200,2026,4,Monday,2,3
6945,2026-05-30,16:14,J0200,Puerto Escarlata,Casual,Tesla;Nadia,9,3,4,3,Victoria,870,2026,5,Saturday,1,2
5700,2026-05-10,19:45,J0190,Ciudadela,Ranked,Lienzo;Nadia,43,10,2,4,Derrota,1160,2026,5,Sunday,5,2
8353,2026-06-21,02:16,J0008,Estacion Orbital,Ranked,Magnus,29,2,6,1,Derrota,130,2026,6,Sunday,0,1
957,2026-02-08,20:35,J0031,Canales de Hielo,Ranked,Tesla;Umbra;Lienzo,41,4,3,3,Victoria,990,2026,2,Sunday,1,3
2870,2026-03-21,17:42,J0008,Ciudadela,Casual,Brisa,18,7,2,1,Derrota,710,2026,3,Saturday,4,1
4434,2026-04-19,02:18,J0017,Canales de Hielo,Ranked,Lienzo,23,3,8,6,Victoria,940,2026,4,Sunday,0,1
4974,2026-04-28,15:35,J0056,Ciudadela,Casual,Vex,19,4,7,5,Derrota,510,2026,4,Tuesday,1,1
2962,2026-03-22,00:23,J0055,Canales de Hielo,Ranked,Lienzo,22,0,1,8,Derrota,380,2026,3,Sunday,0,1
2201,2026-03-07,17:42,J0022,Estacion Orbital,Ranked,Brisa;Magnus,28,2,6,10,Victoria,1080,2026,3,Saturday,0,2
99,2026-01-18,00:12,J0010,Estacion Orbital,Casual,Nadia,15,5,3,3,Victoria,1090,2026,1,Sunday,2,1
9923,2026-07-13,19:54,J0019,Bosque Umbral,Ranked,Brisa;Nadia,43,2,3,4,Victoria,840,2026,7,Monday,1,2
2558,2026-03-14,14:31,J0016,Estacion Orbital,Casual,Umbra;Magnus;Nadia,28,6,6,5,Victoria,1230,2026,3,Saturday,1,3
8446,2026-06-22,17:27,J0058,Estacion Orbital,Ranked,Tesla,26,7,4,6,Derrota,920,2026,6,Monday,2,1
4200,2026-04-15,21:07,J0019,Estacion Orbital,Torneo,Magnus,10,7,4,3,Derrota,770,2026,4,Wednesday,2,1
9638,2026-07-10,20:52,J0166,Ciudadela,Casual,Koro,22,6,2,2,Derrota,360,2026,7,Friday,3,1
5540,2026-05-08,17:36,J0200,Bosque Umbral,Ranked,Vex,28,13,6,7,Victoria,2030,2026,5,Friday,2,1
1649,2026-02-23,07:58,J0018,Canales de Hielo,Casual,Koro,10,1,2,1,Derrota,110,2026,2,Monday,0,1
6198,2026-05-18,21:39,J0069,Ciudadela,Casual,Tesla;Nadia,20,3,3,3,Derrota,390,2026,5,Monday,1,2
6296,2026-05-20,20:46,J0049,Canales de Hielo,Ranked,Nadia;Umbra,43,3,4,4,Derrota,420,2026,5,Wednesday,1,2
4500,2026-04-20,01:18,J0020,Desierto Neon,Casual,Brisa,13,8,3,4,Derrota,940,2026,4,Monday,3,1
1155,2026-02-13,23:59,J0040,Bosque Umbral,Casual,Magnus,10,5,3,8,Derrota,840,2026,2,Friday,2,1
2256,2026-03-08,08:26,J0037,Desierto Neon,Ranked,Umbra;Nadia,24,5,4,7,Victoria,1270,2026,3,Sunday,1,2
3171,2026-03-26,16:28,J0075,Ciudadela,Casual,Lienzo,27,5,6,7,Victoria,1230,2026,3,Thursday,1,1
7401,2026-06-06,10:14,J0102,Puerto Escarlata,Ranked,Nadia,41,4,3,7,Derrota,690,2026,6,Saturday,1,1
7159,2026-06-02,19:59,J0035,Puerto Escarlata,Ranked,Umbra;Nadia;Koro,41,6,3,5,Derrota,790,2026,6,Tuesday,2,3
3109,2026-03-25,21:21,J0175,Canales de Hielo,Casual,Magnus;Brisa,15,2,5,1,Derrota,150,2026,3,Wednesday,0,2
4549,2026-04-21,20:34,J0018,Puerto Escarlata,Casual,Magnus;Koro;Lienzo,32,4,6,5,Derrota,530,2026,4,Tuesday,1,3
5424,2026-05-06,18:44,J0048,Puerto Escarlata,Casual,Brisa;Nadia,32,6,7,3,Victoria,810,2026,5,Wednesday,1,2
2050,2026-03-04,20:02,J0121,Puerto Escarlata,Ranked,Nadia,30,0,7,1,Victoria,410,2026,3,Wednesday,0,1
9209,2026-07-04,10:51,J0019,Desierto Neon,Casual,Tesla,20,4,2,6,Victoria,1160,2026,7,Saturday,2,1
8816,2026-06-28,16:09,J0160,Estacion Orbital,Ranked,Brisa,33,6,2,3,Derrota,710,2026,6,Sunday,3,1
9871,2026-07-13,19:18,J0055,Canales de Hielo,Torneo,Tesla,17,3,5,4,Victoria,900,2026,7,Monday,1,1
263,2026-01-23,23:45,J0036,Bosque Umbral,Ranked,Umbra,26,5,7,3,,1010,2026,1,Friday,1,1
4062,2026-04-12,20:29,J0010,Puerto Escarlata,Ranked,Lienzo;Umbra,42,11,8,6,Derrota,1240,2026,4,Sunday,1,2
5535,2026-05-08,21:42,J0023,Desierto Neon,Casual,Umbra,32,6,4,6,Derrota,1020,2026,5,Friday,2,1
6617,2026-05-24,18:50,J0070,Estacion Orbital,Torneo,Lienzo,23,4,2,7,Victoria,1210,2026,5,Sunday,2,1
8121,2026-06-17,17:06,J0014,Ciudadela,Casual,Vex;Umbra,13,4,4,2,Derrota,420,2026,6,Wednesday,1,2
8156,2026-06-18,15:55,J0001,Bosque Umbral,Ranked,Vex,39,7,5,1,Derrota,650,2026,6,Thursday,1,1
1803,2026-02-27,08:28,J0012,Canales de Hielo,Casual,Tesla,17,5,8,4,Derrota,540,2026,2,Friday,1,1
4737,2026-04-24,07:10,J0037,Estacion Orbital,Casual,Magnus;Brisa,11,3,6,5,Victoria,930,2026,4,Friday,0,2
2386,2026-03-11,19:48,J0149,Ciudadela,Casual,Koro,8,5,5,1,Derrota,450,2026,3,Wednesday,1,1
6695,2026-05-25,07:43,J0036,Ciudadela,Casual,,12,2,7,4,Derrota,260,2026,5,Monday,0,0
5760,2026-05-11,19:40,J0015,Puerto Escarlata,Casual,Vex;Lienzo;Magnus,19,14,5,5,Derrota,1550,2026,5,Monday,3,3
1960,2026-03-02,17:58,J0017,Bosque Umbral,Ranked,Brisa,40,2,5,1,Victoria,650,2026,3,Monday,0,1
2977,2026-03-22,00:05,J0049,Desierto Neon,Casual,Tesla,9,2,1,5,Victoria,930,2026,3,Sunday,2,1
8681,2026-06-26,19:06,J0072,Estacion Orbital,Ranked,Nadia,24,4,6,4,Victoria,980,2026,6,Friday,1,1
1844,2026-02-28,07:56,J0090,Ciudadela,Torneo,Lienzo,29,5,6,2,Derrota,480,2026,2,Saturday,1,1
1735,2026-02-25,18:54,J0114,Desierto Neon,Casual,Magnus,18,6,5,1,Derrota,750,2026,2,Wednesday,1,1
2912,2026-03-21,19:36,J0150,Estacion Orbital,Casual,Brisa;Umbra;Nadia,21,14,7,3,Derrota,1410,2026,3,Saturday,2,3
8339,2026-06-21,18:08,J0018,Bosque Umbral,Casual,Magnus,22,2,5,7,Derrota,450,2026,6,Sunday,0,1
1987,2026-03-03,22:50,J0200,Ciudadela,Ranked,Magnus;Umbra,44,6,6,5,Victoria,1230,2026,3,Tuesday,1,2
9562,2026-07-09,21:34,J0038,Desierto Neon,Ranked,Nadia;Lienzo,40,3,10,4,Victoria,800,2026,7,Thursday,0,2
6547,2026-05-23,23:25,J0006,Puerto Escarlata,Ranked,Tesla,36,9,4,4,Victoria,1520,2026,5,Saturday,2,1
7099,2026-06-01,14:10,J0020,Puerto Escarlata,Casual,Magnus,13,7,3,5,Victoria,1390,2026,6,Monday,2,1
2812,2026-03-20,10:07,J0029,Canales de Hielo,Casual,Vex;Umbra,8,8,3,1,Victoria,1290,2026,3,Friday,3,2
660,2026-02-01,22:36,J0021,Desierto Neon,Ranked,Magnus,32,4,7,5,Derrota,,2026,2,Sunday,1,1
2512,2026-03-14,15:44,J0200,Canales de Hielo,Casual,Magnus;Vex,20,13,2,6,Victoria,2060,2026,3,Saturday,6,2
4283,2026-04-16,19:39,J0006,Ciudadela,Ranked,Umbra;Lienzo,37,7,4,3,Derrota,770,2026,4,Thursday,2,2
9340,2026-07-06,20:06,J0024,Ciudadela,Casual,Magnus,9,4,7,1,Derrota,310,2026,7,Monday,1,1
8801,2026-06-28,10:10,J0017,Puerto Escarlata,Ranked,Lienzo,38,5,7,7,Derrota,710,2026,6,Sunday,1,1
6288,2026-05-19,15:15,J0143,Bosque Umbral,Ranked,Umbra,38,5,8,6,Derrota,640,2026,5,Tuesday,1,1
1931,2026-03-01,20:34,J0118,Bosque Umbral,Casual,Umbra;Lienzo,23,2,8,2,Derrota,140,2026,3,Sunday,0,2
7126,2026-06-01,20:30,J0073,Puerto Escarlata,Casual,Magnus,24,1,6,6,Victoria,780,2026,6,Monday,0,1
198,2026-01-21,00:20,J0108,Canales de Hielo,Ranked,Umbra,44,4,4,2,Victoria,920,2026,1,Wednesday,1,1
7778,2026-06-12,22:00,J0009,Ciudadela,Ranked,Koro;Magnus,29,4,11,8,Victoria,1080,2026,6,Friday,0,2
2932,2026-03-22,19:19,J0045,Desierto Neon,Ranked,Tesla;Lienzo;Magnus,27,5,4,5,Victoria,1170,2026,3,Sunday,1,3
8005,2026-06-15,18:50,J0037,Desierto Neon,Ranked,Nadia;Vex;Lienzo,26,5,4,6,Derrota,720,2026,6,Monday,1,3
2328,2026-03-10,09:28,J0027,Estacion Orbital,Casual,Vex,29,6,1,4,Victoria,1280,2026,3,Tuesday,6,1
4390,2026-04-18,20:24,J0022,Canales de Hielo,Casual,Lienzo,19,2,5,5,Derrota,350,2026,4,Saturday,0,1
8959,2026-06-30,06:54,J0059,Estacion Orbital,Casual,Nadia;Vex;Tesla,12,4,2,4,Victoria,1060,2026,6,Tuesday,2,3
4219,2026-04-15,11:27,J0126,Bosque Umbral,Ranked,Koro,26,4,8,3,Derrota,390,2026,4,Wednesday,0,1
203,2026-01-21,08:40,J0079,Canales de Hielo,Casual,Tesla,30,4,4,8,Victoria,1220,2026,1,Wednesday,1,1
3511,2026-04-02,20:49,J0014,Desierto Neon,Ranked,Vex,34,4,3,4,,1040,2026,4,Thursday,1,1
4932,2026-04-27,16:21,J0022,Desierto Neon,Ranked,Vex;Umbra,38,9,3,2,Derrota,940,2026,4,Monday,3,2
5536,2026-05-08,09:32,J0024,Bosque Umbral,Casual,Tesla;Lienzo,25,6,6,3,Victoria,1130,2026,5,Friday,1,2
5792,2026-05-11,02:17,J0200,Estacion Orbital,Casual,Vex,26,10,6,4,Victoria,1580,2026,5,Monday,2,1
1708,2026-02-24,18:31,J0016,Estacion Orbital,Casual,Tesla,11,6,3,1,Victoria,1090,2026,2,Tuesday,2,1
5173,2026-05-02,23:16,J0178,Canales de Hielo,Ranked,Umbra,45,6,6,5,Derrota,430,2026,5,Saturday,1,1
5250,2026-05-03,18:09,J0163,Ciudadela,Casual,Tesla;Koro;Brisa,10,7,10,1,Derrota,550,2026,5,Sunday,1,3
6529,2026-05-23,16:50,J0042,Estacion Orbital,Casual,Lienzo,26,3,5,5,Derrota,450,2026,5,Saturday,1,1
9922,2026-07-13,17:35,J0008,Puerto Escarlata,Casual,Umbra,19,4,7,4,Victoria,960,2026,7,Monday,1,1
5856,2026-05-13,12:16,J0012,Puerto Escarlata,Ranked,Brisa,32,6,7,2,Victoria,1160,2026,5,Wednesday,1,1
8165,2026-06-18,04:04,J0007,Bosque Umbral,Torneo,Lienzo,19,10,8,6,Victoria,1640,2026,6,Thursday,1,1
855,2026-02-06,17:44,J0021,Ciudadela,Torneo,Tesla,18,9,6,7,Victoria,1630,2026,2,Friday,2,1
4738,2026-04-24,21:02,J0104,Canales de Hielo,Casual,Lienzo;Brisa,28,5,3,6,Derrota,740,2026,4,Friday,2,2
699,2026-02-02,12:58,J0026,Desierto Neon,Ranked,Brisa,30,6,6,0,Victoria,980,2026,2,Monday,1,1
3697,2026-04-05,20:15,J0006,Desierto Neon,Ranked,Magnus;Nadia,32,7,3,2,Victoria,1240,2026,4,Sunday,2,2
1637,2026-02-23,21:59,J0134,Canales de Hielo,Casual,Nadia;Umbra;Koro,31,3,8,3,Victoria,790,2026,2,Monday,0,3
7281,2026-06-04,18:16,J0058,Canales de Hielo,Ranked,Nadia;Koro,27,5,5,2,Derrota,500,2026,6,Thursday,1,2
7555,2026-06-08,13:48,J0200,Estacion Orbital,Ranked,Nadia,29,6,4,3,Derrota,670,2026,6,Monday,2,1
3582,2026-04-03,21:25,J0092,Puerto Escarlata,Torneo,Umbra,32,7,5,5,,1350,2026,4,Friday,1,1
1292,2026-02-16,09:55,J0039,Ciudadela,Casual,Vex;Brisa;Tesla,23,10,3,6,Victoria,1740,2026,2,Monday,3,3
6586,2026-05-24,19:08,J0031,Bosque Umbral,Ranked,Tesla;Nadia,31,3,2,2,Victoria,860,2026,5,Sunday,2,2
1854,2026-02-28,19:15,J0200,Estacion Orbital,Casual,Magnus;Nadia,13,7,4,1,Derrota,670,2026,2,Saturday,2,2
5233,2026-05-03,17:54,J0056,Ciudadela,Casual,Nadia,21,4,6,6,Victoria,1080,2026,5,Sunday,1,1
3764,2026-04-07,18:57,J0006,Ciudadela,Ranked,Nadia;Koro,44,3,3,7,Victoria,1090,2026,4,Tuesday,1,2
3305,2026-03-28,12:14,J0022,Puerto Escarlata,Ranked,Umbra;Koro;Brisa,24,6,8,4,Victoria,1140,2026,3,Saturday,1,3
1496,2026-02-21,14:39,J0082,Canales de Hielo,Casual,Brisa,14,5,7,7,Derrota,710,2026,2,Saturday,1,1
7995,2026-06-15,01:34,J0200,Bosque Umbral,Ranked,Brisa,35,11,4,3,Derrota,,2026,6,Monday,3,1
1999,2026-03-03,19:18,J0144,Desierto Neon,Ranked,Lienzo;Tesla,35,3,4,3,Victoria,870,2026,3,Tuesday,1,2
664,2026-02-01,15:47,J0038,Ciudadela,Casual,Lienzo,11,4,5,4,Victoria,1000,2026,2,Sunday,1,1
3749,2026-04-06,17:16,J0029,Puerto Escarlata,Ranked,Magnus;Tesla;Umbra,38,4,5,1,Victoria,850,2026,4,Monday,1,3
4414,2026-04-19,13:54,J0087,Puerto Escarlata,Ranked,Brisa;Koro,36,12,2,5,Derrota,1410,2026,4,Sunday,6,2
5531,2026-05-08,17:57,J0011,Bosque Umbral,Ranked,Vex,36,9,3,6,Victoria,1640,2026,5,Friday,3,1
5576,2026-05-09,04:37,J0017,Canales de Hielo,Casual,Brisa;Magnus;Nadia,14,8,3,3,Derrota,890,2026,5,Saturday,3,3
8902,2026-06-29,20:14,J0019,Desierto Neon,Casual,Lienzo,16,3,7,2,Derrota,260,2026,6,Monday,0,1
7527,2026-06-08,21:14,J0023,Canales de Hielo,Ranked,Tesla,32,9,8,4,Derrota,940,2026,6,Monday,1,1
9475,2026-07-08,16:07,J0069,Puerto Escarlata,Casual,Vex;Lienzo,26,6,5,3,Victoria,1050,2026,7,Wednesday,1,2
5865,2026-05-13,19:41,J0018,Bosque Umbral,Casual,Lienzo;Koro,30,4,8,4,Derrota,440,2026,5,Wednesday,0,2
6777,2026-05-27,22:24,J0003,Canales de Hielo,Ranked,Nadia,36,7,9,5,Victoria,1270,2026,5,Wednesday,1,1
1307,2026-02-16,22:44,J0033,Canales de Hielo,Torneo,Lienzo;Magnus,17,11,5,6,Derrota,1300,2026,2,Monday,2,2
7393,2026-06-06,19:09,J0005,Ciudadela,Casual,Magnus,15,11,3,5,Victoria,1790,2026,6,Saturday,4,1
5593,2026-05-09,01:52,J0051,Bosque Umbral,Casual,Brisa;Umbra,19,5,2,4,Victoria,1160,2026,5,Saturday,2,2
9722,2026-07-11,10:38,J0090,Canales de Hielo,Ranked,Vex,26,7,5,3,Derrota,750,2026,7,Saturday,1,1
1664,2026-02-24,15:25,J0003,Puerto Escarlata,Ranked,Vex,41,6,7,4,Victoria,1160,2026,2,Tuesday,1,1
5451,2026-05-06,14:55,J0010,Puerto Escarlata,Ranked,Koro,29,4,6,4,Derrota,,2026,5,Wednesday,1,1
3628,2026-04-04,23:29,J0034,Bosque Umbral,Casual,Nadia;Koro,11,6,2,6,Derrota,860,2026,4,Saturday,3,2
2694,2026-03-17,21:06,J0015,Puerto Escarlata,Casual,Vex;Koro,28,6,1,7,Victoria,1430,2026,3,Tuesday,6,2
9790,2026-07-12,20:51,J0200,Estacion Orbital,Torneo,Vex,29,11,3,2,Derrota,1140,2026,7,Sunday,4,1
5916,2026-05-14,18:25,J0061,Bosque Umbral,Ranked,Tesla,45,4,1,7,Victoria,1230,2026,5,Thursday,4,1
3158,2026-03-26,22:07,J0032,Ciudadela,Ranked,Lienzo,31,11,6,6,Derrota,1280,2026,3,Thursday,2,1
9915,2026-07-13,20:22,J0018,Canales de Hielo,Ranked,Koro;Tesla,42,3,7,3,Derrota,310,2026,7,Monday,0,2
6669,2026-05-25,07:03,J0027,Desierto Neon,Casual,Magnus;Nadia,11,5,10,6,,1100,2026,5,Monday,0,2
1060,2026-02-11,07:05,J0087,Ciudadela,Casual,Brisa;Magnus,25,10,2,4,Derrota,1160,2026,2,Wednesday,5,2
4637,2026-04-23,06:24,J0063,Bosque Umbral,Casual,Nadia;Lienzo;Umbra,30,8,5,6,Victoria,1500,2026,4,Thursday,2,3
3243,2026-03-28,12:36,J0100,Desierto Neon,Casual,,32,11,4,6,Derrota,1320,2026,3,Saturday,3,0
1679,2026-02-24,21:02,J0152,Puerto Escarlata,Ranked,Tesla,42,2,8,5,Victoria,790,2026,2,Tuesday,0,1
6893,2026-05-29,10:40,J0076,Bosque Umbral,Casual,Lienzo;Magnus;Tesla,27,10,10,3,Victoria,1450,2026,5,Friday,1,3
6375,2026-05-21,20:58,J0031,Estacion Orbital,Ranked,Nadia,42,6,8,6,Derrota,740,2026,5,Thursday,1,1
7575,2026-06-08,18:01,J0104,Bosque Umbral,Ranked,Nadia,43,6,4,4,Derrota,420,2026,6,Monday,2,1
1758,2026-02-26,11:48,J0012,Puerto Escarlata,Casual,Vex,29,7,5,4,Derrota,800,2026,2,Thursday,1,1
6020,2026-05-16,03:57,J0039,Bosque Umbral,Ranked,Lienzo,31,12,1,8,Derrota,1580,2026,5,Saturday,12,1
5117,2026-05-01,21:50,J0033,Bosque Umbral,Torneo,Umbra,12,6,7,3,Victoria,1110,2026,5,Friday,1,1
8756,2026-06-27,17:29,J0039,Desierto Neon,Ranked,Umbra;Lienzo;Brisa,26,11,5,1,Derrota,1050,2026,6,Saturday,2,3
7409,2026-06-06,02:57,J0071,Bosque Umbral,Casual,Magnus,11,8,7,1,Victoria,1210,2026,6,Saturday,1,1
2791,2026-03-19,22:00,J0180,Canales de Hielo,Casual,Lienzo,8,6,3,8,Derrota,940,2026,3,Thursday,2,1
864,2026-02-06,13:12,J0030,Desierto Neon,Torneo,Tesla;Magnus;Koro,29,10,3,4,Derrota,1140,2026,2,Friday,3,3
7859,2026-06-13,08:41,J0149,Canales de Hielo,Ranked,Vex,27,9,2,4,Derrota,1060,2026,6,Saturday,4,1
1485,2026-02-20,18:30,J0012,Puerto Escarlata,Torneo,Brisa,19,3,7,4,Victoria,860,2026,2,Friday,0,1
7036,2026-05-31,00:50,J0055,Bosque Umbral,Casual,Magnus,29,5,5,6,Derrota,700,2026,5,Sunday,1,1
7722,2026-06-11,06:51,J0091,Canales de Hielo,Ranked,Nadia,28,12,9,3,,1670,2026,6,Thursday,1,1
5978,2026-05-15,23:01,J0093,Bosque Umbral,Casual,Magnus;Umbra,27,1,3,5,Victoria,790,2026,5,Friday,0,2
5135,2026-05-01,19:41,J0001,Bosque Umbral,Casual,Vex,32,6,7,6,Derrota,760,2026,5,Friday,1,1
207,2026-01-21,00:00,J0139,Estacion Orbital,Casual,Vex,30,11,4,6,Derrota,1320,2026,1,Wednesday,3,1
4489,2026-04-20,00:58,J0200,Estacion Orbital,Torneo,Lienzo,30,7,7,3,Derrota,710,2026,4,Monday,1,1
6939,2026-05-30,15:56,J0014,Desierto Neon,Casual,Koro,10,5,7,5,Victoria,1110,2026,5,Saturday,1,1
9063,2026-07-01,03:39,J0010,Desierto Neon,Casual,Vex;Magnus,8,10,5,5,Victoria,1650,2026,7,Wednesday,2,2
6911,2026-05-29,16:58,J0109,Estacion Orbital,Ranked,Nadia;Tesla,29,7,11,5,Derrota,730,2026,5,Friday,1,2
503,2026-01-28,18:03,J0069,Estacion Orbital,Casual,Brisa;Lienzo;Tesla,13,4,7,5,Victoria,1010,2026,1,Wednesday,1,3
7386,2026-06-06,20:18,J0150,Desierto Neon,Ranked,Koro,40,10,5,3,Victoria,1550,2026,6,Saturday,2,1
1029,2026-02-10,21:50,J0053,Bosque Umbral,Ranked,Lienzo,44,4,2,8,Derrota,760,2026,2,Tuesday,2,1
3841,2026-04-08,14:56,J0012,Desierto Neon,Casual,Umbra,26,5,5,6,Victoria,1200,2026,4,Wednesday,1,1
8111,2026-06-17,19:30,J0171,Puerto Escarlata,Ranked,Lienzo;Tesla;Koro,26,5,6,6,Victoria,1180,2026,6,Wednesday,1,3
5057,2026-04-30,07:10,J0069,Desierto Neon,Ranked,Tesla;Nadia,40,3,4,3,Derrota,370,2026,4,Thursday,1,2
9763,2026-07-12,12:59,J0079,Estacion Orbital,Casual,Vex;Brisa,8,9,4,6,Derrota,1120,2026,7,Sunday,2,2
8155,2026-06-18,12:43,J0050,Desierto Neon,Ranked,Brisa,40,6,6,2,Victoria,880,2026,6,Thursday,1,1
2732,2026-03-18,17:00,J0044,Bosque Umbral,Torneo,Brisa,29,7,5,6,Victoria,1400,2026,3,Wednesday,1,1
8997,2026-06-30,21:22,J0051,Bosque Umbral,Ranked,Brisa,38,4,2,4,Derrota,560,2026,6,Tuesday,2,1
2455,2026-03-12,18:00,J0044,Canales de Hielo,Casual,Umbra;Tesla;Magnus,23,8,5,3,Victoria,1350,2026,3,Thursday,2,3
7216,2026-06-03,13:22,J0052,Puerto Escarlata,Ranked,Tesla;Lienzo,45,5,4,6,,1220,2026,6,Wednesday,1,2
3105,2026-03-25,11:12,J0092,Desierto Neon,Casual,Brisa;Umbra;Lienzo,16,4,4,2,Victoria,920,2026,3,Wednesday,1,3
8393,2026-06-21,21:01,J0067,Ciudadela,Casual,Nadia;Lienzo,24,6,6,3,Derrota,630,2026,6,Sunday,1,2
6279,2026-05-19,12:32,J0144,Estacion Orbital,Casual,Brisa,29,5,5,4,Victoria,1100,2026,5,Tuesday,1,1
3100,2026-03-25,21:51,J0066,Puerto Escarlata,Ranked,Vex,23,14,14,2,Derrota,1220,2026,3,Wednesday,1,1
6185,2026-05-18,18:38,J0008,Ciudadela,Ranked,Umbra;Lienzo,44,2,1,4,Victoria,880,2026,5,Monday,2,2
3562,2026-04-03,21:30,J0008,Estacion Orbital,Casual,Nadia;Brisa,27,3,6,4,Derrota,380,2026,4,Friday,0,2
5893,2026-05-13,03:09,J0065,Canales de Hielo,Casual,Vex,8,6,4,2,Derrota,620,2026,5,Wednesday,2,1
392,2026-01-25,22:28,J0134,Ciudadela,Casual,Tesla,8,9,5,4,Victoria,1500,2026,1,Sunday,2,1
6737,2026-05-26,18:45,J0008,Canales de Hielo,Torneo,,31,6,2,6,Victoria,960,2026,5,Tuesday,3,0
5619,2026-05-09,15:20,J0047,Estacion Orbital,Ranked,Umbra;Lienzo,26,8,4,1,Victoria,1270,2026,5,Saturday,2,2
5259,2026-05-03,18:49,J0057,Ciudadela,Casual,Umbra,15,10,6,2,Derrota,980,2026,5,Sunday,2,1
9688,2026-07-11,19:29,J0200,Estacion Orbital,Ranked,Brisa,45,8,7,3,Derrota,810,2026,7,Saturday,1,1
2696,2026-03-17,16:13,J0075,Bosque Umbral,Ranked,Brisa,25,7,4,2,Victoria,1220,2026,3,Tuesday,2,1
2028,2026-03-04,00:33,J0018,Estacion Orbital,Casual,Koro;Magnus,21,5,5,5,Derrota,650,2026,3,Wednesday,1,2
5464,2026-05-06,22:13,J0048,Desierto Neon,Ranked,Vex,36,6,7,8,Victoria,1360,2026,5,Wednesday,1,1
2569,2026-03-15,17:45,J0026,Puerto Escarlata,Casual,Magnus,19,4,6,1,Derrota,330,2026,3,Sunday,1,1
8007,2026-06-15,11:01,J0145,Bosque Umbral,Ranked,Brisa;Tesla,34,3,4,3,Victoria,870,2026,6,Monday,1,2
65,2026-01-17,04:53,J0022,Canales de Hielo,Torneo,Lienzo,23,1,5,3,Victoria,650,2026,1,Saturday,0,1
2063,2026-03-04,19:36,J0111,Puerto Escarlata,Ranked,Tesla,31,4,5,8,Victoria,1200,2026,3,Wednesday,1,1
5277,2026-05-03,19:24,J0023,Canales de Hielo,Ranked,Umbra,35,9,6,6,Victoria,1580,2026,5,Sunday,2,1
7209,2026-06-03,12:03,J0029,Desierto Neon,Casual,Lienzo;Vex,16,3,3,2,Victoria,840,2026,6,Wednesday,1,2
8685,2026-06-26,10:10,J0004,Desierto Neon,Torneo,Nadia,15,5,3,2,Victoria,1040,2026,6,Friday,2,1
8572,2026-06-24,18:38,J0200,Bosque Umbral,Casual,Tesla;Koro;Brisa,28,7,5,8,Derrota,1000,2026,6,Wednesday,1,3
6332,2026-05-20,17:22,J0110,Estacion Orbital,Ranked,Magnus;Umbra;Tesla,31,6,0,6,,900,2026,5,Wednesday,,3
4860,2026-04-26,20:23,J0027,Ciudadela,Ranked,Lienzo,28,5,7,0,Derrota,360,2026,4,Sunday,1,1
4888,2026-04-26,17:23,J0015,Bosque Umbral,Ranked,Brisa,35,7,4,7,Victoria,1470,2026,4,Sunday,2,1
9269,2026-07-05,15:53,J0046,Desierto Neon,Ranked,Umbra,36,8,2,2,Derrota,860,2026,7,Sunday,4,1
879,2026-02-07,19:50,J0013,Ciudadela,Ranked,Brisa;Magnus,24,8,9,5,Victoria,1370,2026,2,Saturday,1,2
8530,2026-06-24,19:23,J0066,Estacion Orbital,Torneo,Brisa,32,5,5,4,Victoria,1100,2026,6,Wednesday,1,1
7917,2026-06-14,17:12,J0140,Estacion Orbital,Casual,Lienzo,13,3,2,2,Victoria,860,2026,6,Sunday,2,1
6864,2026-05-28,21:08,J0023,Puerto Escarlata,Casual,Tesla;Koro,12,4,5,5,Victoria,1050,2026,5,Thursday,1,2
7893,2026-06-14,09:35,J0009,Puerto Escarlata,Ranked,Koro,42,7,6,4,Derrota,780,2026,6,Sunday,1,1
6440,2026-05-22,17:59,J0025,Puerto Escarlata,Casual,Lienzo;Nadia;Umbra,30,1,6,4,,180,2026,5,Friday,0,3
7870,2026-06-13,11:44,J0093,Bosque Umbral,Casual,Koro,27,4,4,3,Derrota,470,2026,6,Saturday,1,1
1017,2026-02-10,13:45,J0018,Canales de Hielo,Ranked,Magnus,36,1,4,3,Victoria,670,2026,2,Tuesday,0,1
9468,2026-07-08,16:17,J0163,Estacion Orbital,Ranked,Koro;Umbra;Lienzo,40,6,3,6,Victoria,1840,2026,7,Wednesday,2,3
7630,2026-06-09,01:37,J0010,Bosque Umbral,Torneo,Tesla;Lienzo,16,11,4,2,Victoria,1620,2026,6,Tuesday,3,2
996,2026-02-09,22:48,J0002,Bosque Umbral,Ranked,Tesla;Nadia,25,3,4,3,Victoria,870,2026,2,Monday,1,2
4298,2026-04-17,10:52,J0111,Desierto Neon,Casual,Koro,13,2,2,3,Victoria,810,2026,4,Friday,1,1
162,2026-01-20,13:42,J0111,Desierto Neon,Ranked,Brisa,37,4,6,2,Victoria,880,2026,1,Tuesday,1,1
5676,2026-05-10,00:55,J0082,Estacion Orbital,Casual,Nadia;Brisa,18,7,2,4,Victoria,1360,2026,5,Sunday,4,2
6874,2026-05-28,20:27,J0008,Canales de Hielo,Casual,Koro,17,1,6,2,Derrota,80,2026,5,Thursday,0,1
9693,2026-07-11,19:07,J0095,Puerto Escarlata,Ranked,Umbra,26,6,4,3,Victoria,1170,2026,7,Saturday,2,1
7990,2026-06-15,16:46,J0098,Ciudadela,Ranked,Tesla;Magnus,35,7,4,9,Victoria,1570,2026,6,Monday,2,2
3844,2026-04-08,19:04,J0015,Desierto Neon,Casual,Magnus,20,7,7,8,Derrota,960,2026,4,Wednesday,1,1
1022,2026-02-10,17:00,J0026,Bosque Umbral,Torneo,Koro,28,6,6,1,Victoria,1030,2026,2,Tuesday,1,1
3074,2026-03-24,07:00,J0009,Ciudadela,Ranked,Lienzo,43,6,3,4,Derrota,740,2026,3,Tuesday,2,1
7556,2026-06-08,21:49,J0012,Ciudadela,Ranked,Umbra;Magnus,34,2,10,3,Victoria,650,2026,6,Monday,0,2
3944,2026-04-10,21:57,J0009,Canales de Hielo,Casual,Vex,22,2,1,5,Derrota,430,2026,4,Friday,2,1
1586,2026-02-22,19:25,J0162,Canales de Hielo,Casual,Lienzo,20,4,2,3,Derrota,510,2026,2,Sunday,2,1
3153,2026-03-25,08:34,J0136,Estacion Orbital,Casual,Tesla;Lienzo,32,7,4,7,Victoria,1470,2026,3,Wednesday,2,2
8227,2026-06-19,12:34,J0020,Canales de Hielo,Ranked,Umbra;Tesla,37,7,5,3,Victoria,1250,2026,6,Friday,1,2
776,2026-02-04,19:50,J0183,Estacion Orbital,Casual,Vex,11,6,4,6,Victoria,1520,2026,2,Wednesday,2,1
9671,2026-07-11,20:55,J0042,Puerto Escarlata,Ranked,Vex,35,4,7,6,Derrota,560,2026,7,Saturday,1,1
7100,2026-06-01,17:03,J0078,Canales de Hielo,Casual,Koro,28,8,2,4,Victoria,1460,2026,6,Monday,4,1
5487,2026-05-07,21:52,J0009,Desierto Neon,Torneo,Koro,16,4,5,1,Victoria,850,2026,5,Thursday,1,1
6236,2026-05-19,08:47,J0056,Bosque Umbral,Casual,Magnus,19,3,5,5,Derrota,450,2026,5,Tuesday,1,1
9556,2026-07-09,20:01,J0027,Ciudadela,Ranked,Brisa;Magnus,43,7,10,4,Derrota,700,2026,7,Thursday,1,2
7042,2026-05-31,16:59,J0010,Estacion Orbital,Casual,Umbra;Magnus,20,8,5,5,Victoria,1450,2026,5,Sunday,2,2
2613,2026-03-15,15:09,J0118,Canales de Hielo,Ranked,Nadia,30,6,2,7,Victoria,1410,2026,3,Sunday,3,1
7514,2026-06-07,16:59,J0096,Bosque Umbral,Casual,Vex,14,5,6,4,Victoria,1080,2026,6,Sunday,1,1
8434,2026-06-22,19:02,J0007,Puerto Escarlata,Ranked,Koro,36,9,6,2,Victoria,1380,2026,6,Monday,2,1
8793,2026-06-27,21:44,J0004,Desierto Neon,Casual,Tesla,20,10,3,3,Derrota,1090,2026,6,Saturday,3,1
5394,2026-05-05,13:11,J0013,Bosque Umbral,Ranked,Nadia,28,5,4,2,Derrota,520,2026,5,Tuesday,1,1
8839,2026-06-28,20:48,J0010,Puerto Escarlata,Casual,Umbra;Vex,21,9,5,3,Victoria,1450,2026,6,Sunday,2,2
3891,2026-04-09,22:17,J0167,Bosque Umbral,Casual,Koro;Magnus,11,7,5,1,Derrota,650,2026,4,Thursday,1,2
3557,2026-04-03,17:58,J0017,Estacion Orbital,Torneo,Umbra,13,9,9,3,Derrota,870,2026,4,Friday,1,1
1529,2026-02-21,18:12,J0054,Puerto Escarlata,Torneo,Koro,25,11,7,2,Victoria,1560,2026,2,Saturday,2,1
1268,2026-02-15,15:28,J0034,Estacion Orbital,Ranked,Umbra,39,7,9,6,Victoria,1320,2026,2,Sunday,1,1
7735,2026-06-11,12:53,J0200,Estacion Orbital,Casual,Brisa;Umbra,24,4,3,3,Victoria,990,2026,6,Thursday,1,2
1900,2026-03-01,20:02,J0044,Desierto Neon,Ranked,Nadia,31,4,3,4,Victoria,1040,2026,3,Sunday,1,1
4659,2026-04-23,18:59,J0043,Estacion Orbital,Ranked,Tesla,23,5,2,1,Victoria,1010,2026,4,Thursday,2,1
3006,2026-03-23,18:28,J0010,Ciudadela,Casual,Umbra;Koro,15,5,4,4,Derrota,620,2026,3,Monday,1,2
2735,2026-03-18,16:33,J0111,Desierto Neon,Ranked,Brisa,40,3,1,4,Derrota,480,2026,3,Wednesday,3,1
190,2026-01-21,18:46,J0012,Canales de Hielo,Ranked,Koro,35,8,3,4,Victoria,1440,2026,1,Wednesday,3,1
9999,2026-07-14,17:05,J0034,Estacion Orbital,Casual,Tesla;Lienzo;Brisa,27,5,5,2,Victoria,1000,2026,7,Tuesday,1,3
9168,2026-07-03,16:17,J0060,Ciudadela,Casual,Koro,28,6,4,5,Victoria,1270,2026,7,Friday,2,1
2748,2026-03-18,17:07,J0028,Puerto Escarlata,Casual,Vex,31,8,8,3,Victoria,1290,2026,3,Wednesday,1,1
2048,2026-03-04,08:52,J0004,Estacion Orbital,Casual,Koro;Vex,11,11,3,5,Victoria,1790,2026,3,Wednesday,4,2
7850,2026-06-13,21:53,J0026,Bosque Umbral,Casual,Koro,12,3,5,5,Victoria,950,2026,6,Saturday,1,1
2559,2026-03-14,18:27,J0043,Ciudadela,Ranked,Umbra,28,9,7,8,Derrota,1160,2026,3,Saturday,1,1
9275,2026-07-05,20:24,J0037,Puerto Escarlata,Ranked,Brisa,33,5,4,8,Victoria,1320,2026,7,Sunday,1,1
8667,2026-06-26,19:47,J0008,Ciudadela,Torneo,Brisa,21,4,5,6,Victoria,1100,2026,6,Friday,1,1
6397,2026-05-21,18:05,J0140,Desierto Neon,Ranked,Lienzo;Umbra,30,2,6,5,Victoria,830,2026,5,Thursday,0,2
3386,2026-03-30,09:47,J0083,Bosque Umbral,Torneo,Tesla;Lienzo;Brisa,23,6,3,6,Victoria,1340,2026,3,Monday,2,3
4556,2026-04-21,14:03,J0106,Ciudadela,Casual,Lienzo;Nadia;Magnus,13,12,6,1,Derrota,1130,2026,4,Tuesday,2,3
1185,2026-02-14,13:39,J0121,Bosque Umbral,Torneo,Tesla,9,3,3,5,Victoria,990,2026,2,Saturday,1,1
6421,2026-05-21,18:07,J0151,Canales de Hielo,Ranked,Nadia,37,9,5,2,Victoria,1400,2026,5,Thursday,2,1
5052,2026-04-30,15:28,J0200,Canales de Hielo,Casual,Brisa,18,3,8,2,Derrota,240,2026,4,Thursday,0,1
5312,2026-05-04,19:44,J0020,Desierto Neon,Ranked,Koro,30,7,8,2,Victoria,1140,2026,5,Monday,1,1
2434,2026-03-12,09:54,J0032,Puerto Escarlata,Casual,Lienzo,16,4,1,7,Victoria,1230,2026,3,Thursday,4,1
6950,2026-05-30,19:40,J0012,Canales de Hielo,Ranked,Lienzo,39,4,5,8,Derrota,700,2026,5,Saturday,1,1
770,2026-02-04,18:54,J0149,Bosque Umbral,Ranked,Vex,25,10,4,1,Victoria,1470,2026,2,Wednesday,2,1
1686,2026-02-24,16:25,J0107,Canales de Hielo,Casual,Brisa,26,6,12,4,,560,2026,2,Tuesday,0,1
8323,2026-06-21,16:51,J0014,Canales de Hielo,Torneo,Vex,24,4,10,5,Derrota,450,2026,6,Sunday,0,1
5579,2026-05-09,21:21,J0200,Puerto Escarlata,Casual,Umbra,13,7,4,6,Derrota,920,2026,5,Saturday,2,1
4427,2026-04-19,05:13,J0039,Desierto Neon,Casual,Lienzo;Magnus,9,6,6,4,Derrota,680,2026,4,Sunday,1,2
467,2026-01-27,18:37,J0028,Desierto Neon,Ranked,Umbra,39,3,5,3,Victoria,850,2026,1,Tuesday,1,1
6266,2026-05-19,20:47,J0001,Puerto Escarlata,Casual,Lienzo,25,8,7,3,Derrota,810,2026,5,Tuesday,1,1
5735,2026-05-11,19:47,J0126,Puerto Escarlata,Torneo,Tesla,28,8,9,7,Victoria,1470,2026,5,Monday,1,1
5192,2026-05-02,07:29,J0147,Desierto Neon,Casual,Nadia;Brisa;Lienzo,14,2,3,3,Victoria,790,2026,5,Saturday,1,3
5391,2026-05-05,14:42,J0029,Bosque Umbral,Ranked,Nadia;Lienzo,22,6,3,3,Victoria,1190,2026,5,Tuesday,2,2
861,2026-02-06,15:18,J0032,Bosque Umbral,Ranked,Tesla,34,10,4,2,Derrota,1020,2026,2,Friday,2,1
7271,2026-06-04,23:52,J0050,Estacion Orbital,Ranked,Magnus;Koro,40,1,7,6,Victoria,760,2026,6,Thursday,0,2
