id_partida,fecha,hora,id_jugador,mapa,modo,personajes_usados,duracion_min,kills,muertes,asistencias,resultado,puntos
4181,2026-04-14,19:19,J0109,Bosque Umbral,Casual,Vex,18,4.0,4,6,Victoria,"1120,0 pts"
319,24-01-26,13:19,J0069,Estacion Orbital,Casual,Brisa,16,3.0,5,6,Derrota,500.0
1316,17/02/2026,19:12,J0073,Bosque Umbral,Ranked,Brisa,30,2.0,5,4,Victoria,800.0
1157,2026-02-13,01:03,J0022,Canales de Hielo,Casual,Tesla,13,5.0,2,6,Victoria,1260.0
34,2026-01-17,16:13,J0049,Canales de Hielo,Ranked,magnus;tesla;vex,43,4.0,8,1,Derrota,290.0
8332,21/06/2026,19:58,J0024,Puerto Escarlata,Ranked,Brisa,45,3.0,3,4,Derrota,440.0
9247,05-07-26,17:32,J0034,Estacion Orbital,Torneo,Vex,17,10.0,2,2,Victoria,1560.0
7316,04-06-26,17:04,J0031,Ciudadela,Ranked,Magnus;Koro,31,4.0,10,5,Victoria,950.0
4709,2026-04-24,19:53,J0103,Estacion Orbital,Ranked,Lienzo;Tesla,38,3.0,5,5,Derrota,450.0
1419,2026-02-19,18:48,J0143,Ciudadela,Casual,Magnus;Umbra,30,2.0,4,8,Derrota,520.0
1579,22/02/2026,19:15,J0036,Bosque Umbral,Casual,Koro;Nadia,20,2.0,2,4,Victoria,860.0
7604,2026-06-09,14:55,J0175,Puerto Escarlata,Ranked,Lienzo,23,4.0,4,6,Derrota,620.0
3353,2026-03-29,15:43,J0093,Desierto Neon,Ranked,Koro,41,5.0,2,5,Victoria,1210.0
252,22/01/2026,11:43,J0037,Canales de Hielo,Casual,Umbra;Vex,17,8.0,4,5,Derrota,970.0
6044,16-05-26,18:56,J0188,Ciudadela,Ranked,Vex;Umbra,34,6.0,2,7,Victoria,1410.0
4000,2026-04-11,21:38,J0030,Desierto Neon,Ranked,Magnus,33,9.0,5,3,Victoria,1450.0
5218,2026-05-02,20:11,J0004,Bosque Umbral,Casual,  Koro ,22,14.0,7,5,Derrota,1510.0
7347,2026-06-05,11:53,J0071,Desierto Neon,Ranked,,37,1.0,2,5,Derrota,310.0
389,2026-01-25,07:38,J0087,Ciudadela,Casual,Umbra,26,6.0,1,2,  Derrota ,680.0
6334,2026-05-20,17:04,J0083,Desierto Neon,Casual,Vex,15,6.0,10,5,,1150.0
3525,2026-04-02,21:51,J0134,Canales de Hielo,Ranked,Vex;Koro,28,6.0,7,3,Victoria,1110.0
304,2026-01-24,11:01,J0028,Ciudadela,Casual,Vex,11,8.0,5,6,Victoria,1500.0
7020,2026-05-31,02:59,J0027,Canales de Hielo,Casual,Magnus,20,3.0,3,2,Derrota,
5703,10-05-26,19:05,J0039,Ciudadela,Ranked,Tesla,23,11.0,0,3,Derrota,1250.0
3800,07/04/2026,12:00,J0017,Puerto Escarlata,Ranked,Koro,43,5.0,2,4,Derrota,660.0
7019,2026-05-31,22:02,J0165,Ciudadela,Ranked,Koro;Nadia,32,2.0,4,1,Victoria,670.0
9128,2026-07-03,20:18,J0119,Estacion Orbital,Casual,Vex,12,11.0,5,7,Victoria,1850.0
6490,2026-05-22,20:20,J0105,Bosque Umbral,Ranked,UMBRA,39,,3,0,Victoria,1340.0
4075,12-04-26,23:50,J0011,Desierto Neon,Casual,Lienzo,17,6.0,4,2,Derrota,620.0
5748,2026-05-11,19:07,J0023,Desierto Neon,Casual,Brisa;Lienzo,22,9.0,4,4,Victoria,1520.0
3318,29/03/2026,17:50,J0025,Ciudadela,Torneo,Tesla,16,8.0,7,2,Victoria,1260.0
5555,2026-05-08,09:16,J0023,Puerto Escarlata,Casual,Tesla,27,9.0,7,5,Derrota,1010.0
7803,12-06-26,00:58,J0013,Desierto Neon,Casual,Lienzo;Koro,8,7.0,3,3,Victoria,1290.0
8062,2026-06-16,20:51,J0002,Puerto Escarlata,Casual,Tesla;Umbra,31,6.0,6,4,Victoria,1180.0
3283,2026-03-28,20:28,J0023,Puerto Escarlata,Casual,Koro,20,11.0,6,3,Victoria,1630.0
5429,2026-05-06,20:57,J0200,Ciudadela,Casual,Magnus,14,7.0,8,6,Victoria,1340.0
4375,2026-04-18,07:31,J0010,Desierto Neon,Casual,Brisa,15,6.0,5,2,Derrota,600.0
3394,30/03/2026,19:41,J0018,Estacion Orbital,Casual,Lienzo,22,3.0,5,3,Derrota,350.0
9975,14-07-26,21:15,J0200,Ciudadela,Ranked,Nadia;Brisa,39,3.0,6,5,Derrota,430.0
8567,2026-06-24,15:56,J0109,Estacion Orbital,Casual,Lienzo,29,12.0,3,4,Victoria,1840.0
7773,12-06-26,09:46,J0016,Canales de Hielo,Ranked,Vex,36,18.0,7,4,Victoria,2360.0
97,2026-01-18,16:10,J0018,Bosque Umbral,Casual,Nadia;Koro,32,2.0,9,7,Victoria,870.0
736,03-02-26,07:15,J0024,Desierto Neon,Casual,Lienzo;Brisa,25,3.0,5,6,Derrota,"500,0 pts"
9287,2026-07-05,12:08,J0107,Ciudadela,Casual,Nadia,30,3.0,9,1,,170.0
3239,28/03/2026,22:03,J0059,Bosque Umbral,Ranked,Lienzo,37,3.0,8,4,Derrota,340.0
8865,28-06-26,17:43,J0011,Canales de Hielo,Ranked,Lienzo,40,2.0,4,3,Derrota,270.0
108,2026-01-18,01:41,J0003,Desierto Neon,Casual,Nadia,16,7.0,3,6,Derrota,940.0
9362,2026-07-06,18:14,J0020,Estacion Orbital,Ranked,Lienzo,25,3.0,8,5,Victoria,890.0
7573,2026-06-08,18:14,J0031,Bosque Umbral,Casual,Tesla;Magnus,10,7.0,6,1,Victoria,1130.0
3129,2026-03-25,23:39,J0044,Bosque Umbral,Ranked,Umbra,29,6.0,5,3,Derrota,650.0
4053,12-04-26,11:25,J0073,Estacion Orbital,Ranked,Lienzo,43,2.0,4,2,Victoria,720.0
4792,25-04-26,11:32,J0033,Ciudadela,Casual,Magnus;Lienzo;Brisa,26,4.0,6,2,Derrota,380.0
7647,2026-06-10,23:39,J0108,Desierto Neon,Ranked,,39,4.0,5,4,Derrota,500.0
4468,2026-04-19,12:22,J0034,Estacion Orbital,Ranked,Umbra,28,1.0,6,2,Victoria,580.0
5886,2026-05-13,21:01,J0013,Ciudadela,Torneo,Tesla;Nadia;Lienzo,24,10.0,5,4,Victoria,1600.0
6210,18-05-26,19:11,J0054,Ciudadela,Ranked,Magnus,25,10.0,4,6,Victoria,1720.0
1598,22-02-26,12:00,J0046,Desierto Neon,Ranked,Lienzo,42,5.0,7,3,Victoria,1010.0
2216,2026-03-07,19:00,J0023,Desierto Neon,Ranked,Lienzo,43,6.0,2,7,Victoria,1410.0
417,2026-01-26,02:27,J0007,Desierto Neon,Casual,Vex,31,11.0,4,2,Victoria,1620.0
8058,16/06/2026,18:48,J0035,Puerto Escarlata,Casual,Brisa;Nadia,23,8.0,2,2,Derrota,860.0
9098,02/07/2026,19:51,J0003,Bosque Umbral,Ranked,Vex,45,,3,6,Victoria,1240.0
1088,11-02-26,22:13,J0022,Estacion Orbital,Ranked,Umbra,44,,5,3,Derrota,650.0
3616,04/04/2026,17:34,J0158,Desierto Neon,Ranked,Nadia,41,8.0,1,3,Derrota,930.0
648,2026-02-01,15:47,J0062,Desierto Neon,Casual,Brisa,13,4.0,9,5,Derrota,"470,0 pts"
3956,2026-04-10,12:27,J0052,Ciudadela,Casual,Vex;Lienzo;Brisa,15,3.0,5,5,victoria,"950,0 pts"
5803,12-05-26,03:03,J0020,Canales de Hielo,Casual,Koro;Nadia,11,7.0,4,4,VICTORIA,1320.0
7478,2026-06-07,22:45,J0091,Canales de Hielo,Casual,Nadia,29,4.0,3,3,Victoria,990.0
4609,22-04-26,17:16,J0006,Ciudadela,Casual,Vex;Magnus,31,9.0,6,3,Victoria,1430.0
8798,2026-06-28,19:56,J0094,Estacion Orbital,Torneo,Magnus;Koro;Brisa,10,4.0,1,1,Derrota,430.0
8848,28-06-26,22:49,J0200,Bosque Umbral,Ranked,Magnus;Tesla;Umbra,37,12.0,5,3,Derrota,1250.0
6638,2026-05-24,17:32,J0093,Desierto Neon,Ranked,Koro;Lienzo,45,2.0,4,4,,320.0
5034,2026-04-29,21:56,J0085,Bosque Umbral,Ranked,Umbra,31,2.0,6,2,Derrota,180.0
32,17/01/2026,13:30,J0177,Estacion Orbital,Casual,Brisa,25,3.0,3,3,Victoria,890.0
719,03-02-26,16:41,J0076,Bosque Umbral,Ranked,Umbra;Vex;Nadia,33,13.0,6,4,Derrota,1380.0
7619,2026-06-09,19:01,J0133,Bosque Umbral,Casual,Magnus,21,1.0,6,2,Derrota,80.0
1057,11/02/2026,14:13,J0020,Puerto Escarlata,Casual,nadia,26,7.0,3,4,Derrota,840.0
3496,2026-04-01,11:35,J0116,Canales de Hielo,Ranked,Nadia,28,6.0,5,4,Derrota,700.0
4090,2026-04-12,21:34,J0038,Ciudadela,Torneo,Nadia,31,,6,0,Derrota,280.0
9387,2026-07-07,11:25,J0090,Bosque Umbral,Ranked,,28,4.0,6,5,Victoria,1030.0
7678,2026-06-10,17:14,J0112,Desierto Neon,Casual,Umbra;Vex;Brisa,32,6.0,9,3,Victoria,1070.0
8252,20/06/2026,14:10,J0019,Puerto Escarlata,Ranked,Brisa;Umbra,25,5.0,7,6,Derrota,660.0
766,2026-02-04,22:25,J0021,Ciudadela,Torneo,Vex;Koro,22,7.0,3,1,Victoria,1190.0
2393,11-03-26,21:32,J0001,Estacion Orbital,Casual,Magnus,11,4.0,5,6,Derrota,600.0
2271,2026-03-08,19:19,J0006,Estacion Orbital,Casual,Umbra,25,4.0,5,11,Victoria,1350.0
501,2026-01-28,09:16,J0042,Canales de Hielo,Casual,Lienzo,17,2.0,6,2,Victoria,680.0
4202,2026-04-15,  07:52 ,J0065,Canales de Hielo,Casual,Tesla,17,0.0,3,3,Victoria,590.0
5080,2026-04-30,00:42,J0003,Puerto Escarlata,Casual,Brisa,15,3.0,7,4,Derrota,360.0
1189,14-02-26,08:32,J0016,Estacion Orbital,Ranked,Koro;Magnus,38,14.0,4,5,Victoria,2070.0
5804,2026-05-12,12:23,J0138,Canales de Hielo,Ranked,Magnus;Umbra,36,3.0,4,4,Victoria,
1796,2026-02-27,12:02,J0007,Canales de Hielo,Ranked,Vex;Lienzo,27,14.0,7,2,Victoria,1860.0
1617,23/02/2026,13:12,J0015,Bosque Umbral,Torneo,Koro,25,9.0,9,7,Victoria,1570.0
7143,2026-06-02,19:03,J0039,Canales de Hielo,Casual,Vex,20,18.0,7,3,Victoria,2310.0
1795,2026-02-27,22:04,J0091,Canales de Hielo,Ranked,Vex;Magnus,28,10.0,6,6,Victoria,1680.0
36,17-01-26,18:51,J0049,Canales de Hielo,Casual,UMBRA,21,6.0,6,5,Victoria,1230.0
81,2026-01-18,13:07,J0051,Bosque Umbral,Casual,Vex,14,8.0,4,3,Derrota,870.0
3028,2026-03-23,10:42,J0024,Bosque Umbral,Casual,Vex,23,4.0,5,5,Victoria,1050.0
8512,2026-06-23,18:02,J0130,Canales de Hielo,Casual,Brisa,31,4.0,8,4,Victoria,940.0
8505,23-06-26,19:10,J0200,Bosque Umbral,Casual,  Brisa ,19,4.0,3,9,Derrota,790.0
1146,2026-02-13,23:39,J0016,Bosque Umbral,Casual,Lienzo,24,13.0,3,5,Derrota,
3874,2026-04-08,08:34,J0130,Ciudadela,Casual,NADIA,21,2.0,5,2,derrota,200.0
5909,14-05-26,17:41,J0170,Ciudadela,Ranked,Lienzo,40,8.0,5,5,Derrota,950.0
734,2026-02-03,18:46,J0113,Estacion Orbital,Ranked,Brisa;Lienzo;Nadia,40,6.0,4,2,,1120.0
9609,10/07/2026,13:35,J0041,Estacion Orbital,Ranked,,26,4.0,5,2,Victoria,900.0
622,2026-01-31,21:35,J0038,Canales de Hielo,Casual,Tesla,22,8.0,5,6,Derrota,1000.0
8652,26-06-26,20:40,J0162,Puerto Escarlata,Ranked,Tesla,34,8.0,7,1,Derrota,710.0
6955,2026-05-30,13:38,J0016,Estacion Orbital,Casual,Nadia,30,7.0,3,7,Victoria,1490.0
2523,2026-03-14,22:43,J0122,Desierto Neon,Casual,lienzo,26,8.0,3,6,Derrota,1040.0
8129,2026-06-17,15:25,J0067,Desierto Neon,Casual,Magnus,32,6.0,3,1,Derrota,590.0
1218,2026-02-14,15:09,J0046,Ciudadela,Casual,Umbra;Koro,23,9.0,7,3,Victoria,1410.0
1672,2026-02-24,15:33,J0187,Desierto Neon,Casual,Tesla,23,6.0,3,8,DERROTA,940.0
8180,2026-06-18,19:49,J0033,Ciudadela,Casual,  Nadia ,27,7.0,5,2,Derrota,700.0
374,25-01-26,18:45,J0009,Ciudadela,Ranked,Brisa;Lienzo,28,3.0,4,3,Derrota,370.0
3147,2026-03-25,16:04,J0006,Puerto Escarlata,Casual,Nadia,30,6.0,3,3,Derrota,690.0
9245,2026-07-05,22:22,J0059,Desierto Neon,Ranked,Umbra;Tesla,31,2.0,6,2,Victoria,680.0
3998,11/04/2026,02:04,J0034,Puerto Escarlata,Casual,Koro,17,2.0,8,5,Derrota,290.0
8028,2026-06-16,20:29,J0001,Estacion Orbital,Torneo,TESLA,8,5.0,8,4,Derrota,540.0
8256,2026-06-20,00:28,J0092,Desierto Neon,Ranked,Lienzo,34,2.0,8,4,Victoria,740.0
7199,02-06-26,16:12,J0014,Bosque Umbral,Casual,Brisa,28,4.0,5,6,Victoria,1100.0
9011,01-07-26,05:32,J0012,Desierto Neon,Casual,Umbra;Tesla;Magnus,20,6.0,2,5,Derrota,810.0
7276,2026-06-04,  19:57 ,J0077,Ciudadela,Casual,Koro;Umbra;Brisa,8,4.0,5,2,Derrota,"400,0 pts"
4095,12-04-26,18:31,J0105,Ciudadela,Ranked,Magnus,36,6.0,4,2,Victoria,1120.0
3040,2026-03-23,12:53,J0007,Puerto Escarlata,Casual,Koro,30,11.0,2,5,Victoria,1810.0
3017,23-03-26,19:20,J0182,Puerto Escarlata,Casual,Koro,19,15.0,3,3,Derrota,1590.0
6628,2026-05-24,15:34,J0110,Canales de Hielo,Ranked,Magnus,31,6.0,3,3,Victoria,1190.0
624,31-01-26,04:10,J0046,Canales de Hielo,Casual,Nadia,13,8.0,5,3,Victoria,1350.0
7972,2026-06-15,21:41,J0056,Ciudadela,Ranked,Brisa,30,5.0,3,3,Derrota,590.0
3405,2026-03-30,15:06,J0071,Bosque Umbral,Ranked,Magnus,33,6.0,8,4,Derrota,640.0
6946,30/05/2026,22:55,J0089,Estacion Orbital,Torneo,Lienzo,12,6.0,3,5,derrota,790.0
6484,2026-05-22,10:26,J0034,Bosque Umbral,Torneo,Vex,30,6.0,6,5,  Derrota ,730.0
8160,2026-06-18,13:34,J0067,Desierto Neon,Torneo,Umbra,17,6.0,7,7,Derrota,810.0
4804,25-04-26,18:16,J0055,Desierto Neon,Casual,Nadia,27,1.0,6,5,Victoria,730.0
5000,2026-04-29,12:12,J0077,Ciudadela,Casual,Magnus,27,4.0,5,4,Victoria,1000.0
322,24/01/2026,19:01,J0050,Puerto Escarlata,Ranked,Tesla;Nadia,33,4.0,3,6,Derrota,640.0
1769,26-02-26,17:00,J0062,Bosque Umbral,Ranked,koro,37,3.0,11,5,Derrota,330.0
4148,2026-04-14,09:49,J0071,Desierto Neon,Ranked,Koro,35,8.0,6,4,Derrota,880.0
3321,29-03-26,23:19,J0101,Canales de Hielo,Casual,Nadia;Umbra,31,11.0,5,1,Victoria,
8605,2026-06-25,16:42,J0017,Ciudadela,Ranked,Magnus,45,5.0,5,8,Victoria,1300.0
7749,12-06-26,12:41,J0101,Ciudadela,Casual,Lienzo;Koro;Brisa,32,6.0,4,3,Victoria,1170.0
2120,06-03-26,20:34,J0110,Canales de Hielo,Ranked,  Magnus;Koro ,43,2.0,4,5,Victoria,870.0
1181,14-02-26,19:40,J0001,Bosque Umbral,Ranked,Tesla;Umbra,32,5.0,2,8,Derrota,"860,0 pts"
569,2026-01-30,19:22,J0200,Estacion Orbital,Ranked,Umbra,37,7.0,1,4,Victoria,"1380,0 pts"
9361,2026-07-06,01:35,J0111,Puerto Escarlata,Ranked,Magnus,25,0.0,4,1,Derrota,"0,0 pts"
9675,2026-07-11,11:45,J0123,Bosque Umbral,Ranked,Koro,41,4.0,3,3,Derrota,490.0
577,2026-01-30,06:51,J0043,Estacion Orbital,Ranked,Brisa,29,3.0,2,7,Victoria,1110.0
8757,27-06-26,07:07,J0120,Bosque Umbral,Ranked,KORO,26,8.0,7,4,Derrota,860.0
7629,2026-06-09,14:33,J0060,Estacion Orbital,Casual,Nadia;Umbra,9,6.0,7,3,Victoria,1110.0
6114,2026-05-17,01:44,J0110,Bosque Umbral,Torneo,Nadia;Koro,20,7.0,4,6,Victoria,1420.0
6847,2026-05-28,21:04,J0004,Ciudadela,Casual,Lienzo;Nadia;Brisa,27,7.0,6,6,DERROTA,880.0
6089,17/05/2026,17:11,J0025,Canales de Hielo,Casual,Umbra;Lienzo,14,5.0,5,4,Derrota,600.0
8021,16/06/2026,  17:09 ,J0051,Estacion Orbital,Ranked,Tesla,32,,3,5,Derrota,"890,0 pts"
2222,07-03-26,17:37,J0023,Estacion Orbital,Casual,Vex,23,12.0,5,2,Victoria,1700.0
488,2026-01-28,15:02,J0076,Puerto Escarlata,Ranked,Brisa,28,5.0,5,7,Derrota,"750,0 pts"
9689,11/07/2026,20:09,J0053,Ciudadela,Casual,Tesla,23,7.0,6,8,Derrota,980.0
2803,2026-03-19,01:52,J0006,Estacion Orbital,Casual,Nadia;Vex,20,9.0,8,8,Derrota,"1140,0 pts"
7475,2026-06-07,14:02,J0014,Ciudadela,Ranked,Koro,36,2.0,7,2,Victoria,660.0
1607,2026-02-22,20:47,J0150,Puerto Escarlata,Ranked,Brisa,44,11.0,8,2,Derrota,1040.0
1852,2026-02-28,21:31,J0086,Bosque Umbral,Ranked,Vex,37,8.0,6,4,Derrota,880.0
519,29-01-26,23:32,J0033,Desierto Neon,Ranked,Lienzo,40,5.0,5,2,Victoria,1000.0
2587,2026-03-15,20:06,J0044,Bosque Umbral,Torneo,Vex,27,8.0,6,3,  Derrota ,830.0
4405,2026-04-19,22:05,J0016,Desierto Neon,Casual,Lienzo,9,4.0,3,4,Derrota,540.0
9242,2026-07-04,19:06,J0068,Puerto Escarlata,Ranked,Nadia,26,10.0,6,3,Victoria,1530.0
40,17-01-26,20:15,J0058,Bosque Umbral,Casual,Vex;Tesla,10,9.0,6,5,Victoria,1530.0
9232,2026-07-04,13:12,J0114,Estacion Orbital,Ranked,Umbra;Vex,43,10.0,5,7,  Derrota ,1250.0
9604,10/07/2026,16:16,J0200,Puerto Escarlata,Casual,Vex;Koro;Lienzo,31,10.0,5,4,Derrota,1100.0
1576,2026-02-22,00:13,J0134,Bosque Umbral,Torneo,,19,11.0,5,7,Victoria,1850.0
6736,26/05/2026,18:39,J0095,Canales de Hielo,Casual,Koro;Brisa,18,2.0,2,5,Victoria,910.0
3974,11/04/2026,22:34,J0037,Bosque Umbral,Ranked,Umbra,22,7.0,3,4,Victoria,1340.0
3024,23/03/2026,12:24,J0083,Puerto Escarlata,Torneo,Vex,23,3.0,3,3,Victoria,890.0
4727,2026-04-24,15:56,J0017,Ciudadela,Casual,VEX,22,7.0,5,4,Victoria,1300.0
7377,2026-06-05,17:46,J0113,Canales de Hielo,Torneo,Umbra;Nadia,18,10.0,6,6,Victoria,1680.0
3106,2026-03-25,14:59,J0200,Desierto Neon,Casual,Nadia;Tesla;Magnus,24,8.0,4,5,Victoria,1470.0
5992,15/05/2026,18:21,J0110,Puerto Escarlata,Ranked,Nadia,35,4.0,4,2,Derrota,420.0
4976,28/04/2026,14:09,J0119,Estacion Orbital,Torneo,Koro,32,5.0,10,4,Victoria,1000.0
4162,2026-04-14,22:15,J0140,Desierto Neon,Casual,Magnus;Vex,12,9.0,8,7,Derrota,1090.0
6988,2026-05-30,  18:45 ,J0001,Estacion Orbital,Ranked,Nadia;Koro;Brisa,24,4.0,6,6,derrota,580.0
5988,2026-05-15,13:03,J0069,Estacion Orbital,Casual,  Nadia ,21,5.0,5,2,Derrota,500.0
5994,2026-05-15,13:58,J0035,Bosque Umbral,Casual,Magnus,31,8.0,4,7,Derrota,1070.0
260,2026-01-23,16:33,J0084,Estacion Orbital,Torneo,Umbra;Nadia,27,5.0,3,3,Derrota,"590,0 pts"
3887,09-04-26,19:26,J0066,Ciudadela,Ranked,tesla;koro,38,10.0,9,7,Victoria,
5737,11/05/2026,21:54,J0084,Desierto Neon,Casual,Lienzo;Umbra;Koro,17,3.0,2,4,Derrota,460.0
8645,26/06/2026,22:09,J0007,Bosque Umbral,Ranked,Tesla,30,9.0,5,7,Derrota,1150.0
1447,2026-02-20,16:14,J0037,Puerto Escarlata,Casual,Nadia;Tesla,8,2.0,6,2,Victoria,680.0
9320,2026-07-06,05:14,J0010,Estacion Orbital,Ranked,Umbra,39,7.0,5,4,Derrota,800.0
6373,21-05-26,22:47,J0050,Bosque Umbral,Ranked,Vex;Nadia,23,6.0,6,7,Victoria,1330.0
9956,14-07-26,21:41,J0004,Bosque Umbral,Ranked,Umbra;Tesla,27,8.0,7,2,Victoria,1260.0
8524,2026-06-23,21:23,J0009,Ciudadela,Ranked,Magnus,44,4.0,2,3,,1010.0
6308,2026-05-20,20:27,J0076,Canales de Hielo,Casual,Magnus,8,7.0,3,2,Derrota,740.0
1881,2026-03-01,14:00,J0021,Ciudadela,Ranked,,40,3.0,7,3,Derrota,310.0
6502,2026-05-22,21:48,J0019,Desierto Neon,Casual,Vex;Lienzo,11,4.0,4,5,Victoria,1070.0
4662,23/04/2026,14:08,J0026,Canales de Hielo,Ranked,Vex,43,10.0,4,3,,1570.0
8330,2026-06-21,19:02,J0034,Estacion Orbital,Torneo,Nadia,16,4.0,5,3,Derrota,450.0
3488,2026-04-01,23:32,J0162,Canales de Hielo,Ranked,Brisa,23,5.0,4,2,Derrota,520.0
933,2026-02-08,14:05,J0049,Canales de Hielo,Casual,Lienzo,28,5.0,3,6,Victoria,1240.0
3847,2026-04-08,19:04,J0017,Ciudadela,Torneo,Brisa;Lienzo,10,3.0,4,2,Derrota,"320,0 pts"
4282,16-04-26,19:31,J0014,Bosque Umbral,Casual,koro,15,6.0,6,4,Victoria,1180.0
6740,26-05-26,20:45,J0025,Ciudadela,Ranked,Brisa,30,7.0,11,2,Derrota,580.0
4203,15-04-26,23:38,J0070,Bosque Umbral,Ranked,Vex,41,5.0,5,4,Derrota,600.0
9294,2026-07-05,19:18,J0200,Ciudadela,Ranked,Tesla;Magnus,36,5.0,5,2,Victoria,1000.0
8772,2026-06-27,23:12,J0030,Canales de Hielo,Casual,brisa;nadia,30,6.0,5,2,Victoria,"1100,0 pts"
1331,2026-02-17,16:53,J0142,Puerto Escarlata,Torneo,Magnus;Vex,16,12.0,5,7,Victoria,1950.0
451,2026-01-27,11:52,J0021,Canales de Hielo,Casual,Magnus;Umbra;Koro,13,9.0,2,2,Derrota,960.0
4439,2026-04-19,01:10,J0006,Estacion Orbital,Casual,Koro,23,4.0,6,7,Derrota,"630,0 pts"
8777,27-06-26,20:17,J0036,Ciudadela,Ranked,Vex;Lienzo,36,8.0,4,5,Victoria,1470.0
9906,2026-07-13,00:21,J0012,Puerto Escarlata,Ranked,Nadia,35,4.0,4,6,,1120.0
484,2026-01-27,12:49,J0042,Canales de Hielo,Ranked,Brisa,37,0.0,4,7,Victoria,770.0
5471,07/05/2026,23:58,J0080,Estacion Orbital,Casual,Magnus;Nadia,14,8.0,7,5,Derrota,910.0
795,2026-02-05,16:07,J0060,Canales de Hielo,Casual,Magnus;Vex;Brisa,17,6.0,3,6,Victoria,1340.0
1319,17-02-26,08:40,J0010,Canales de Hielo,Casual,Lienzo,8,6.0,6,5,Victoria,1230.0
6774,2026-05-26,12:44,J0101,Puerto Escarlata,Ranked,Magnus,40,5.0,5,6,Victoria,1200.0
2475,2026-03-13,21:22,J0086,Ciudadela,Torneo,Tesla,29,6.0,4,5,,770.0
7774,12/06/2026,21:36,J0002,Desierto Neon,Casual,Magnus;Koro;Vex,21,6.0,5,3,Victoria,1150.0
120,2026-01-19,11:56,J0044,Ciudadela,Ranked,vex;lienzo;magnus,42,10.0,11,10,Victoria,1780.0
3992,2026-04-11,13:09,J0001,Puerto Escarlata,Ranked,Magnus,27,6.0,4,3,Derrota,670.0
4707,2026-04-24,03:26,J0200,Ciudadela,Casual,Nadia,9,6.0,5,6,DERROTA,800.0
3974,11/04/2026,22:34,J0037,Bosque Umbral,Ranked,Umbra,22,7.0,3,4,Victoria,1340.0
7869,13/06/2026,15:42,J0073,Desierto Neon,Casual,Koro,9,5.0,4,7,Derrota,770.0
5174,2026-05-02,13:36,J0006,Puerto Escarlata,Casual,Brisa;Umbra,30,6.0,4,5,Victoria,1270.0
511,28-01-26,18:35,J0200,Desierto Neon,Casual,,27,11.0,4,2,Derrota,1120.0
7622,2026-06-09,23:07,J0048,Puerto Escarlata,Ranked,Umbra;Tesla,30,6.0,7,2,Victoria,1060.0
800,05/02/2026,18:00,J0046,Desierto Neon,Ranked,Nadia;Lienzo,45,3.0,6,2,Victoria,780.0
583,30/01/2026,19:46,J0034,Puerto Escarlata,Casual,Magnus,16,4.0,9,4,Victoria,920.0
5840,2026-05-12,14:14,J0006,Desierto Neon,Casual,Lienzo,25,5.0,2,5,Victoria,1210.0
1433,2026-02-19,22:56,J0045,Bosque Umbral,Ranked,Brisa;Lienzo,44,5.0,0,6,Victoria,1300.0
533,2026-01-29,19:38,J0020,Canales de Hielo,Casual,Brisa,19,3.0,7,4,Derrota,360.0
2992,22/03/2026,20:18,J0016,Bosque Umbral,Ranked,Nadia,23,9.0,6,4,Victoria,1480.0
347,2026-01-25,21:33,J0175,Canales de Hielo,Casual,Umbra,20,4.0,5,6,Derrota,600.0
7311,2026-06-04,11:14,J0011,Canales de Hielo,Ranked,Umbra,43,8.0,4,2,Derrota,"820,0 pts"
2983,2026-03-22,22:19,J0067,Bosque Umbral,Ranked,Lienzo,39,7.0,2,6,Victoria,1460.0
296,2026-01-24,00:47,J0034,Estacion Orbital,Ranked,Brisa,41,7.0,4,3,Victoria,1270.0
2886,21/03/2026,19:17,J0001,Canales de Hielo,Ranked,Magnus,44,4.0,5,5,Derrota,550.0
5205,2026-05-02,21:41,J0047,Estacion Orbital,Ranked,Nadia,25,11.0,12,3,Victoria,1510.0
3567,03-04-26,11:22,J0200,Bosque Umbral,Casual,Tesla;Vex,14,8.0,3,1,Victoria,1290.0
305,2026-01-24,09:35,J0040,Desierto Neon,Casual,Koro,17,6.0,7,6,Derrota,760.0
5338,04/05/2026,18:56,J0109,Desierto Neon,Ranked,Umbra,44,3.0,4,3,Victoria,870.0
2108,2026-03-05,20:32,J0033,Estacion Orbital,Ranked,Koro,39,8.0,4,1,Derrota,770.0
8620,2026-06-25,20:50,J0052,Ciudadela,Casual,Brisa,23,5.0,9,2,Victoria,920.0
9069,2026-07-02,15:07,J0012,Estacion Orbital,Casual,Koro,12,4.0,4,1,Victoria,870.0
1374,18-02-26,19:32,J0045,Canales de Hielo,Ranked,Tesla,40,8.0,3,5,Victoria,1490.0
3296,2026-03-28,19:36,J0082,Estacion Orbital,Ranked,Lienzo,32,8.0,8,3,Victoria,1290.0
312,2026-01-24,01:50,J0119,Estacion Orbital,Ranked,MAGNUS;UMBRA,45,11.0,6,3,Derrota,1130.0
8068,2026-06-16,00:54,J0001,Puerto Escarlata,Ranked,Nadia,22,3.0,8,4,Victoria,840.0
9229,04-07-26,19:36,J0038,Bosque Umbral,Casual,Nadia;Tesla,20,3.0,5,2,Victoria,800.0
7506,2026-06-07,22:23,J0117,Puerto Escarlata,Casual,Magnus;Umbra,22,2.0,6,6,Derrota,380.0
8340,2026-06-21,18:48,J0098,Bosque Umbral,Casual,Vex;Brisa,17,9.0,8,2,Derrota,840.0
5227,2026-05-02,17:45,J0080,Estacion Orbital,Ranked,Lienzo,33,2.0,5,6,Derrota,400.0
9880,2026-07-13,14:54,J0173,Canales de Hielo,Casual,Koro;Umbra,30,12.0,6,3,Victoria,1730.0
5054,2026-04-30,17:11,J0111,Desierto Neon,Ranked,Magnus;Vex,25,8.0,3,2,Victoria,1340.0
1027,2026-02-10,10:46,J0053,Estacion Orbital,Casual,Lienzo;Brisa;Umbra,14,8.0,4,3,Victoria,1370.0
6082,2026-05-16,17:02,J0125,Canales de Hielo,Ranked,Magnus,31,3.0,5,4,,900.0
4589,22-04-26,22:44,J0101,Canales de Hielo,Casual,,27,,5,5,Victoria,1350.0
107,18-01-26,16:02,J0038,Estacion Orbital,Casual,Tesla;Koro;Umbra,23,5.0,4,4,,1120.0
4154,2026-04-14,21:57,J0014,Puerto Escarlata,Ranked,Koro,32,5.0,7,5,Derrota,610.0
8818,2026-06-28,18:11,J0200,Puerto Escarlata,Casual,Koro,28,9.0,5,2,Victoria,1400.0
1741,2026-02-25,20:15,J0018,Puerto Escarlata,Torneo,Vex,15,9.0,4,9,Derrota,1270.0
4541,2026-04-21,10:22,J0038,Canales de Hielo,Ranked,Magnus,36,7.0,7,3,Victoria,1210.0
8919,2026-06-29,18:06,J0016,Desierto Neon,Ranked,Vex,29,13.0,4,7,Victoria,2070.0
9224,04/07/2026,21:57,J0013,Puerto Escarlata,Casual,UMBRA;NADIA;KORO,15,,8,6,Derrota,540.0
1731,25/02/2026,16:13,J0056,Bosque Umbral,Ranked,Koro;Umbra,32,7.0,3,2,Derrota,740.0
4771,2026-04-25,19:18,J0018,Desierto Neon,Casual,Vex;Brisa,21,7.0,7,3,Victoria,1210.0
6977,30-05-26,18:17,J0200,Puerto Escarlata,Ranked,Magnus;Nadia,44,6.0,5,2,VICTORIA,1100.0
9750,2026-07-12,12:47,J0039,Canales de Hielo,Ranked,Tesla,31,6.0,6,4,Victoria,1180.0
5372,05/05/2026,22:44,J0025,Desierto Neon,Casual,Umbra,24,10.0,1,3,  Derrota ,1130.0
5023,2026-04-29,09:56,J0065,Estacion Orbital,Ranked,Vex;Magnus,44,4.0,7,5,Victoria,1010.0
1577,22-02-26,09:51,J0159,Desierto Neon,Casual,Nadia,15,7.0,7,4,Derrota,760.0
9920,2026-07-13,12:40,J0001,Puerto Escarlata,Ranked,Nadia,35,5.0,7,5,Victoria,1110.0
6426,2026-05-21,20:46,J0017,Ciudadela,Casual,Tesla,18,7.0,5,5,Derrota,850.0
1403,2026-02-19,03:15,J0080,Puerto Escarlata,Casual,Koro,27,7.0,2,5,VICTORIA,1410.0
2338,10-03-26,20:20,J0017,Puerto Escarlata,Casual,Brisa,8,6.0,6,3,Victoria,1130.0
9117,2026-07-03,14:50,J0106,Estacion Orbital,Ranked,MAGNUS,39,10.0,1,4,Victoria,1680.0
30,17/01/2026,20:34,J0003,Puerto Escarlata,Ranked,Koro,32,4.0,3,4,Victoria,1040.0
9483,2026-07-08,19:58,J0033,Desierto Neon,Ranked,Vex,32,12.0,5,1,Derrota,1150.0
8143,2026-06-17,17:34,J0005,Desierto Neon,Casual,Tesla,10,5.0,1,7,Victoria,1330.0
1624,2026-02-23,19:58,J0040,Bosque Umbral,Casual,Vex;Brisa;Umbra,21,6.0,5,1,Victoria,1050.0
4809,2026-04-25,23:59,J0200,Ciudadela,Ranked,Koro,24,10.0,6,7,VICTORIA,1730.0
2486,13-03-26,09:52,J0005,Canales de Hielo,Casual,Brisa,23,6.0,3,3,Derrota,690.0
2698,2026-03-17,23:49,J0007,Canales de Hielo,Casual,Brisa,26,11.0,4,6,Derrota,1320.0
5211,2026-05-02,21:42,J0200,Bosque Umbral,Ranked,KORO;VEX,45,13.0,4,4,Victoria,1920.0
8371,2026-06-21,20:20,J0069,Desierto Neon,Casual,Umbra,10,3.0,2,6,Derrota,560.0
7453,2026-06-06,11:46,J0040,Puerto Escarlata,Ranked,Brisa,29,8.0,4,3,Derrota,870.0
971,2026-02-08,23:56,J0012,Estacion Orbital,Casual,Koro,17,6.0,5,4,Victoria,1200.0
1069,11-02-26,02:12,J0083,Desierto Neon,Casual,Umbra,25,2.0,6,4,Derrota,280.0
4849,2026-04-26,20:42,J0151,Ciudadela,Torneo,Umbra,18,,6,3,Victoria,1030.0
9796,12-07-26,12:32,J0006,Canales de Hielo,Casual,magnus,21,9.0,4,3,Derrota,970.0
6873,2026-05-28,14:23,J0065,Bosque Umbral,Casual,Lienzo,24,4.0,3,3,Derrota,490.0
3747,2026-04-06,  20:06 ,J0044,Ciudadela,Casual,Umbra;Lienzo,13,4.0,6,4,Derrota,480.0
9903,2026-07-13,19:42,J0063,Canales de Hielo,Casual,,32,10.0,4,3,Victoria,1570.0
2378,2026-03-11,13:47,J0043,Puerto Escarlata,Torneo,Lienzo,16,7.0,6,10,,1580.0
851,2026-02-06,19:18,J0064,Canales de Hielo,Ranked,Brisa;Tesla,33,3.0,5,4,Derrota,400.0
4369,2026-04-18,21:28,J0056,Puerto Escarlata,Ranked,Brisa,32,6.0,2,5,Derrota,810.0
5365,2026-05-05,20:36,J0129,Estacion Orbital,Casual,Lienzo,14,,7,3,Derrota,110.0
4722,2026-04-24,10:47,J0096,Estacion Orbital,Torneo,Tesla,26,4.0,4,8,Victoria,1220.0
5621,2026-05-09,08:38,J0103,Bosque Umbral,Torneo,Umbra,11,11.0,4,0,  Derrota ,1020.0
5021,29-04-26,19:24,J0055,Puerto Escarlata,Torneo,Magnus;Tesla;Vex,10,7.0,3,4,Victoria,1340.0
2363,10-03-26,08:32,J0200,Ciudadela,Ranked,Lienzo;Tesla,25,5.0,4,2,Derrota,520.0
2689,17/03/2026,03:22,J0016,Estacion Orbital,Ranked,Lienzo;Magnus,25,10.0,4,1,Victoria,1470.0
6420,2026-05-21,19:19,J0097,Estacion Orbital,Casual,Tesla,25,3.0,6,5,Victoria,930.0
6519,2026-05-23,19:31,J0200,Bosque Umbral,Ranked,Vex;Tesla,32,8.0,4,6,Victoria,1520.0
7818,13/06/2026,18:43,J0016,Estacion Orbital,Casual,Tesla,29,9.0,6,7,Derrota,1130.0
3740,06/04/2026,20:13,J0086,Puerto Escarlata,Ranked,tesla,30,2.0,7,4,Victoria,760.0
5275,2026-05-03,12:21,J0200,Estacion Orbital,Ranked,Tesla,37,8.0,7,4,Derrota,860.0
4265,16/04/2026,18:57,J0061,Bosque Umbral,Casual,brisa,28,9.0,4,3,Victoria,1470.0
591,2026-01-30,22:33,J0005,Desierto Neon,Torneo,Lienzo,12,10.0,4,5,Victoria,
6042,16-05-26,10:44,J0010,Puerto Escarlata,Torneo,Koro,9,2.0,7,3,Victoria,710.0
5051,2026-04-30,17:00,J0019,Desierto Neon,Casual,Nadia,24,4.0,7,2,Derrota,360.0
8098,2026-06-17,20:30,J0104,Desierto Neon,Ranked,Vex;Tesla,39,9.0,1,5,Victoria,1630.0
1176,14-02-26,08:20,J0008,Bosque Umbral,Ranked,Brisa,33,4.0,8,4,Derrota,"440,0 pts"
4843,2026-04-26,23:32,J0051,Canales de Hielo,Ranked,,43,4.0,3,3,Victoria,990.0
5157,2026-05-01,17:21,J0103,Desierto Neon,Ranked,Lienzo,41,12.0,5,4,Victoria,1800.0
6963,30-05-26,16:27,J0055,Desierto Neon,Ranked,Lienzo,31,6.0,5,4,Derrota,700.0
7615,09-06-26,10:28,J0173,Estacion Orbital,Casual,Vex;Koro,23,20.0,7,5,Victoria,2610.0
294,2026-01-24,17:55,J0067,Bosque Umbral,Casual,Nadia,31,10.0,5,5,Derrota,1150.0
1077,11-02-26,14:09,J0099,Bosque Umbral,Ranked,Brisa;Nadia,29,1.0,4,5,Derrota,270.0
6631,24/05/2026,07:13,J0112,Estacion Orbital,Ranked,Tesla;Lienzo,42,3.0,4,6,Derrota,520.0
4354,18/04/2026,17:22,J0012,Estacion Orbital,Casual,Koro;Nadia;Lienzo,10,5.0,12,3,Victoria,910.0
9770,2026-07-12,21:43,J0035,Canales de Hielo,Torneo,Vex,24,14.0,6,7,Derrota,1630.0
7479,2026-06-07,17:03,J0019,Bosque Umbral,Casual,Tesla,23,1.0,6,3,Victoria,630.0
6203,18-05-26,17:47,J0081,Desierto Neon,Casual,Magnus,30,4.0,3,4,Derrota,540.0
2996,22-03-26,22:17,J0067,Puerto Escarlata,Casual,Magnus,24,3.0,9,4,Victoria,820.0
9368,2026-07-06,05:35,J0200,Canales de Hielo,Casual,Koro,20,4.0,10,7,Victoria,1050.0
8421,2026-06-22,11:00,J0009,Estacion Orbital,Ranked,Umbra,43,3.0,1,2,Derrota,380.0
7133,01/06/2026,03:59,J0108,Bosque Umbral,Ranked,Tesla;Lienzo,29,8.0,4,2,Victoria,1320.0
9901,2026-07-13,20:29,J0006,Estacion Orbital,Casual,Nadia,25,10.0,2,0,DERROTA,960.0
4599,2026-04-22,21:56,J0050,Desierto Neon,Casual,Umbra;Brisa;Koro,14,2.0,3,5,Victoria,890.0
15,2026-01-16,12:03,J0151,Ciudadela,Torneo,Tesla,8,10.0,4,2,,1520.0
9543,2026-07-09,15:28,J0012,Desierto Neon,Casual,Tesla,16,6.0,6,4,Derrota,680.0
3060,24/03/2026,23:11,J0055,Estacion Orbital,Torneo,Koro;Lienzo,22,3.0,2,6,Derrota,560.0
9504,08-07-26,18:25,J0123,Bosque Umbral,Casual,Tesla,19,4.0,3,4,Victoria,1040.0
2702,2026-03-17,18:26,J0004,Bosque Umbral,Ranked,,36,7.0,7,4,Victoria,1260.0
4514,2026-04-20,00:23,J0078,Puerto Escarlata,Torneo,Tesla;Lienzo,18,6.0,1,6,Victoria,1380.0
9257,05-07-26,00:49,J0030,Estacion Orbital,Ranked,Lienzo,30,6.0,9,5,Derrota,670.0
8910,29/06/2026,11:49,J0025,Estacion Orbital,Ranked,Lienzo;Nadia,37,6.0,8,4,Victoria,1140.0
4834,2026-04-26,12:26,J0034,Estacion Orbital,Casual,Magnus,28,2.0,10,1,Victoria,550.0
7218,03/06/2026,22:07,J0152,Canales de Hielo,Casual,koro,17,2.0,5,6,Victoria,900.0
8675,26/06/2026,16:13,J0074,Canales de Hielo,Torneo,Magnus;Brisa;Tesla,24,4.0,3,2,Derrota,
6195,2026-05-18,17:30,J0052,Desierto Neon,Ranked,Lienzo;Tesla,25,3.0,3,6,DERROTA,540.0
1394,2026-02-18,02:47,J0105,Desierto Neon,Casual,Vex,9,4.0,3,6,Victoria,1140.0
1719,2026-02-25,15:34,J0093,Canales de Hielo,Ranked,Vex;Nadia,43,12.0,5,4,Victoria,1800.0
8296,2026-06-20,18:33,J0081,Canales de Hielo,Casual,Brisa;Tesla;Nadia,10,6.0,3,8,Derrota,"940,0 pts"
7177,02-06-26,14:09,J0025,Estacion Orbital,Ranked,Magnus;Koro;Nadia,43,5.0,4,3,Victoria,
3134,2026-03-25,23:25,J0130,Ciudadela,Casual,Tesla,8,3.0,8,4,Victoria,840.0
7073,2026-05-31,05:31,J0053,Ciudadela,Ranked,Brisa,27,6.0,6,3,Derrota,630.0
5615,2026-05-09,07:47,J0027,Bosque Umbral,Ranked,Lienzo,29,5.0,5,7,Victoria,1250.0
2621,2026-03-15,23:58,J0016,Puerto Escarlata,Casual,Umbra,25,16.0,6,4,Derrota,1680.0
93,2026-01-18,20:57,J0023,Desierto Neon,Torneo,Nadia,24,10.0,2,2,Victoria,1560.0
1200,14/02/2026,14:34,J0145,Puerto Escarlata,Ranked,Tesla;Lienzo;Vex,38,2.0,1,3,Victoria,830.0
3061,24/03/2026,21:53,J0154,Canales de Hielo,Casual,,11,8.0,5,5,Victoria,1450.0
6189,2026-05-18,18:58,J0030,Bosque Umbral,Casual,Lienzo,18,5.0,5,7,Victoria,1250.0
4990,28/04/2026,01:14,J0056,Ciudadela,Ranked,Tesla,41,3.0,4,4,victoria,920.0
3888,09/04/2026,10:03,J0002,Estacion Orbital,Ranked,Tesla;Vex,41,6.0,3,6,Derrota,840.0
4149,2026-04-14,18:21,J0083,Puerto Escarlata,Torneo,Magnus;Tesla,14,5.0,6,5,Derrota,630.0
8092,2026-06-17,19:32,J0145,Puerto Escarlata,Ranked,Brisa,23,7.0,7,4,Derrota,760.0
7249,03-06-26,15:22,J0108,Puerto Escarlata,Casual,Umbra;Vex;Koro,30,16.0,3,3,Victoria,2190.0
9484,2026-07-08,07:45,J0128,Puerto Escarlata,Casual,Magnus,15,9.0,4,4,Derrota,1020.0
3533,2026-04-02,19:01,J0064,Bosque Umbral,Casual,Lienzo,15,2.0,4,3,Derrota,"270,0 pts"
8439,22-06-26,16:15,J0024,Canales de Hielo,Ranked,Umbra;Magnus;Vex,36,9.0,2,3,Derrota,1010.0
2923,21-03-26,21:09,J0126,Puerto Escarlata,Casual,Nadia,21,7.0,6,1,Derrota,630.0
440,26-01-26,22:42,J0085,Estacion Orbital,Casual,Koro,23,4.0,6,5,Derrota,530.0
3352,2026-03-29,19:11,J0053,Ciudadela,Ranked,Nadia;Umbra,41,5.0,6,1,Derrota,430.0
3534,2026-04-02,10:07,J0066,Puerto Escarlata,Casual,Brisa,10,10.0,5,5,Derrota,1150.0
4986,2026-04-28,00:36,J0008,Ciudadela,Casual,Vex;Magnus;Brisa,15,6.0,3,2,Victoria,1140.0
9681,11/07/2026,18:47,J0060,Desierto Neon,Casual,Tesla;Umbra;Vex,27,4.0,3,4,Victoria,1040.0
625,2026-01-31,19:55,J0020,Canales de Hielo,Casual,Brisa,18,6.0,4,5,Derrota,770.0
9120,2026-07-03,16:07,J0041,Desierto Neon,Casual,Vex,21,6.0,7,3,Victoria,1110.0
4246,2026-04-16,20:37,J0095,Ciudadela,Casual,Umbra;Koro;Magnus,15,10.0,2,6,Derrota,1260.0
4193,15/04/2026,05:58,J0024,Ciudadela,Casual,Magnus,14,4.0,5,1,Derrota,350.0
7389,2026-06-06,20:07,J0022,Bosque Umbral,Casual,Vex,24,7.0,5,6,Derrota,900.0
8529,24-06-26,16:19,J0200,Canales de Hielo,Ranked,Koro,34,5.0,7,2,Victoria,960.0
2139,2026-03-06,17:39,J0022,Puerto Escarlata,Ranked,Nadia,41,7.0,4,1,Derrota,670.0
3854,2026-04-08,20:51,J0184,Puerto Escarlata,Casual,Umbra,8,3.0,5,6,Derrota,500.0
5145,01-05-26,02:06,J0004,Bosque Umbral,Ranked,nadia;vex;magnus,37,6.0,10,2,Derrota,500.0
9581,09-07-26,13:50,J0051,Puerto Escarlata,Ranked,Nadia,23,1.0,5,7,Derrota,350.0
6352,2026-05-21,17:04,J0006,Ciudadela,Ranked,Tesla;Nadia,43,7.0,5,3,victoria,1250.0
3818,08-04-26,20:36,J0033,Ciudadela,Ranked,Tesla,37,5.0,6,2,Victoria,980.0
5182,2026-05-02,16:29,J0200,Puerto Escarlata,Ranked,MAGNUS,34,7.0,6,5,Victoria,1330.0
2535,2026-03-14,15:13,J0070,Ciudadela,Casual,Umbra;Koro,28,3.0,9,6,,920.0
6004,2026-05-15,19:24,J0127,Puerto Escarlata,Ranked,Vex;Brisa;Lienzo,35,8.0,11,2,Victoria,1180.0
5019,2026-04-29,20:20,J0088,Puerto Escarlata,Torneo,Tesla;Umbra;Koro,14,5.0,6,6,Derrota,680.0
8609,25/06/2026,14:00,J0016,Bosque Umbral,Ranked,Tesla,33,7.0,4,7,Victoria,1470.0
6622,2026-05-24,18:18,J0021,Puerto Escarlata,Ranked,Magnus,32,7.0,7,5,Derrota,810.0
8308,20/06/2026,19:22,J0013,Puerto Escarlata,Casual,Lienzo;Nadia,10,8.0,2,2,Derrota,860.0
7600,2026-06-09,09:46,J0005,Ciudadela,Ranked,Vex;Koro,35,15.0,5,5,Victoria,2150.0
5478,07/05/2026,21:58,J0139,Ciudadela,Ranked,Magnus;Koro,32,6.0,2,4,Victoria,
2738,2026-03-18,08:35,J0042,Puerto Escarlata,Casual,Umbra,16,7.0,7,3,Derrota,710.0
89,2026-01-18,01:28,J0015,Bosque Umbral,Casual,Umbra,24,7.0,2,1,Victoria,1210.0
6921,29-05-26,21:49,J0159,Canales de Hielo,Casual,Lienzo,10,8.0,4,6,Derrota,
674,01-02-26,22:01,J0023,Bosque Umbral,Casual,Umbra,23,7.0,2,2,DERROTA,760.0
2868,21/03/2026,18:49,J0017,Ciudadela,Casual,Lienzo;Vex;Tesla,29,12.0,8,2,Victoria,1640.0
656,2026-02-01,21:55,J0159,Ciudadela,Casual,Lienzo,28,5.0,5,4,Victoria,1100.0
7460,2026-06-07,18:11,J0016,Estacion Orbital,Ranked,Brisa;Nadia,43,5.0,6,2,Victoria,980.0
9539,09/07/2026,19:19,J0034,Ciudadela,Casual,Lienzo,24,2.0,8,3,Derrota,190.0
8269,20/06/2026,00:18,J0002,Canales de Hielo,Ranked,Brisa,40,9.0,3,5,Derrota,1090.0
7586,09/06/2026,16:13,J0160,Bosque Umbral,Ranked,Tesla,41,5.0,4,5,Victoria,1170.0
9279,05-07-26,10:10,J0002,Desierto Neon,Ranked,Tesla;Umbra,34,2.0,4,5,Derrota,370.0
2883,2026-03-21,17:00,J0107,Bosque Umbral,Ranked,Brisa,43,5.0,5,2,Derrota,500.0
1738,2026-02-25,11:24,J0194,Bosque Umbral,Casual,Magnus;Lienzo;Brisa,17,,7,6,Derrota,360.0
7772,12-06-26,12:32,J0200,Puerto Escarlata,Casual,Umbra,14,11.0,3,9,  Derrota ,1490.0
3990,2026-04-11,19:25,J0038,Puerto Escarlata,Casual,Koro;Lienzo,12,4.0,7,4,Derrota,460.0
7403,2026-06-06,11:36,J0010,Ciudadela,Ranked,Umbra;Nadia,44,5.0,3,7,Victoria,1290.0
8219,2026-06-19,14:12,J0076,Ciudadela,Ranked,Koro;Magnus,40,6.0,2,4,Derrota,760.0
6649,24-05-26,18:31,J0124,Ciudadela,Torneo,Nadia,29,3.0,1,2,Derrota,380.0
2827,2026-03-20,18:04,J0023,Bosque Umbral,Ranked,Nadia;Vex,29,6.0,6,3,Victoria,1130.0
6131,17-05-26,18:41,J0010,Estacion Orbital,Casual,Vex;Magnus,19,9.0,9,2,Victoria,1320.0
7234,2026-06-03,21:47,J0006,Puerto Escarlata,Torneo,Lienzo;Nadia,22,5.0,6,3,Derrota,530.0
6798,27-05-26,20:23,J0104,Ciudadela,Ranked,Umbra;Brisa,44,6.0,5,0,Derrota,500.0
6504,2026-05-23,18:54,J0008,Estacion Orbital,Casual,Tesla,31,5.0,4,5,Victoria,1170.0
2849,2026-03-20,22:19,J0008,Bosque Umbral,Casual,Vex,16,4.0,6,2,Victoria,880.0
1596,2026-02-22,20:23,J0066,Puerto Escarlata,Ranked,Lienzo,39,9.0,11,2,Victoria,1280.0
7542,2026-06-08,10:10,J0046,Canales de Hielo,Ranked,Koro;Vex,31,18.0,7,5,Victoria,2410.0
4833,2026-04-26,20:17,J0071,Puerto Escarlata,Ranked,Umbra,34,4.0,6,2,Derrota,380.0
796,2026-02-05,21:57,J0020,Desierto Neon,Torneo,Tesla,20,10.0,6,5,Derrota,1130.0
8318,2026-06-20,16:21,J0014,Estacion Orbital,Ranked,,43,5.0,7,2,Victoria,
6508,23/05/2026,20:48,J0033,Canales de Hielo,Casual,Umbra,28,9.0,4,3,Victoria,1470.0
109,2026-01-18,19:36,J0200,Puerto Escarlata,Ranked,Nadia,33,7.0,4,6,Derrota,920.0
5545,2026-05-08,18:25,J0077,Puerto Escarlata,Casual,Tesla,15,0.0,6,6,Derrota,180.0
5480,2026-05-07,17:28,J0066,Estacion Orbital,Ranked,vex,24,8.0,2,4,Victoria,1460.0
1191,2026-02-14,15:36,J0021,Canales de Hielo,Ranked,Umbra;Magnus;Lienzo,23,5.0,5,5,Derrota,650.0
3329,2026-03-29,21:17,J0043,Estacion Orbital,Ranked,Vex,34,7.0,5,8,Derrota,1000.0
3382,2026-03-30,21:50,J0008,Puerto Escarlata,Casual,Magnus;Koro,14,3.0,6,3,Derrota,330.0
9071,2026-07-02,16:32,J0200,Estacion Orbital,Ranked,Koro;Nadia;Tesla,37,7.0,6,4,Derrota,780.0
4993,2026-04-28,20:36,J0033,Desierto Neon,Ranked,Magnus;Vex,29,10.0,4,4,Victoria,1620.0
9277,2026-07-05,00:50,J0048,Ciudadela,Ranked,Magnus;Lienzo,45,5.0,6,6,Derrota,680.0
8960,2026-06-30,23:23,J0086,Estacion Orbital,Casual,Tesla,29,1.0,5,3,Derrota,150.0
4961,28/04/2026,20:36,J0088,Puerto Escarlata,Ranked,Umbra,41,5.0,4,2,Victoria,1020.0
4123,2026-04-13,20:13,J0001,Puerto Escarlata,Casual,Vex,22,6.0,6,2,Victoria,1080.0
1727,2026-02-25,20:49,J0082,Puerto Escarlata,Ranked,,41,3.0,9,2,Derrota,220.0
705,02/02/2026,17:48,J0128,Desierto Neon,Casual,Nadia,29,4.0,6,0,Derrota,280.0
2524,2026-03-14,19:47,J0017,Estacion Orbital,Casual,Brisa;Lienzo,12,8.0,5,1,Derrota,750.0
2240,08/03/2026,17:31,J0010,Puerto Escarlata,Ranked,,24,4.0,6,5,Victoria,1030.0
9729,2026-07-11,10:36,J0005,Puerto Escarlata,Casual,Magnus;Brisa,22,4.0,5,5,,1050.0
3527,02-04-26,17:09,J0025,Estacion Orbital,Casual,Tesla,14,2.0,5,4,Derrota,300.0
4171,2026-04-14,18:31,J0093,Canales de Hielo,Ranked,Tesla;Magnus,38,3.0,5,5,Derrota,450.0
9157,03/07/2026,19:39,J0022,Bosque Umbral,Ranked,Magnus;Nadia,22,2.0,2,5,DERROTA,410.0
2908,2026-03-21,15:41,J0094,Bosque Umbral,Ranked,Vex;Umbra;Lienzo,42,5.0,4,2,Derrota,"520,0 pts"
6105,2026-05-17,19:19,J0065,Bosque Umbral,Casual,Koro,31,2.0,7,1,Derrota,110.0
1693,24-02-26,15:11,J0200,Puerto Escarlata,Casual,Lienzo,14,6.0,5,5,Victoria,
4490,2026-04-20,16:19,J0072,Ciudadela,Ranked,Koro,44,5.0,6,5,Victoria,1130.0
7508,2026-06-07,22:03,J0082,Ciudadela,Torneo,Nadia;Koro,12,6.0,6,6,Victoria,1280.0
4717,2026-04-24,23:17,J0020,Canales de Hielo,Ranked,Koro;Vex,24,9.0,6,3,Derrota,930.0
3529,02/04/2026,16:46,J0056,Puerto Escarlata,Ranked,Magnus,26,5.0,7,6,Derrota,660.0
8877,2026-06-29,09:27,J0031,Puerto Escarlata,Ranked,Nadia;Koro;Vex,38,7.0,8,3,Derrota,690.0
4848,26-04-26,21:43,J0131,Bosque Umbral,Casual,Vex,22,6.0,3,4,Victoria,1240.0
8006,15-06-26,15:38,J0028,Bosque Umbral,Ranked,Tesla,38,6.0,3,1,Derrota,590.0
1759,26/02/2026,20:56,J0017,Desierto Neon,Ranked,,36,4.0,3,2,Derrota,440.0
9288,2026-07-05,06:49,J0117,Desierto Neon,Ranked,Brisa,37,7.0,6,6,Victoria,"1380,0 pts"
2129,06-03-26,20:01,J0025,Canales de Hielo,Casual,Magnus,13,6.0,4,8,Victoria,1420.0
669,2026-02-01,06:45,J0003,Puerto Escarlata,Ranked,Magnus,39,4.0,11,4,Victoria,880.0
5283,03/05/2026,00:54,J0068,Desierto Neon,Ranked,Magnus,34,7.0,7,2,DERROTA,660.0
7407,2026-06-06,21:13,J0054,Ciudadela,Casual,Umbra;Brisa,19,6.0,4,4,Victoria,1220.0
2276,2026-03-08,17:26,J0044,Estacion Orbital,Casual,Nadia;Tesla,30,8.0,2,4,Victoria,1460.0
1356,2026-02-18,18:01,J0108,Canales de Hielo,Casual,Tesla,22,8.0,3,3,Derrota,890.0
762,04/02/2026,21:11,J0090,Estacion Orbital,Ranked,Umbra,44,6.0,4,3,Derrota,
6642,2026-05-24,17:56,J0009,Desierto Neon,Ranked,Umbra,37,1.0,5,6,Victoria,800.0
9474,2026-07-08,17:12,J0200,Bosque Umbral,Casual,Umbra,27,10.0,6,9,Victoria,1830.0
4741,24/04/2026,16:56,J0015,Canales de Hielo,Torneo,Brisa,11,7.0,5,3,Derrota,"750,0 pts"
5169,2026-05-02,21:04,J0076,Bosque Umbral,Ranked,,43,6.0,5,3,VICTORIA,1150.0
8275,2026-06-20,18:05,J0006,Ciudadela,Ranked,Lienzo,29,5.0,6,2,,980.0
7476,2026-06-07,19:10,J0044,Desierto Neon,Torneo,Koro;Brisa,30,6.0,9,2,Derrota,520.0
3690,2026-04-05,16:24,J0127,Canales de Hielo,Casual,Tesla,31,2.0,5,3,Derrota,250.0
2674,16/03/2026,10:06,J0020,Canales de Hielo,Ranked,Koro;Lienzo,45,9.0,6,1,Victoria,1330.0
9966,14-07-26,23:36,J0066,Desierto Neon,Casual,Vex,17,5.0,3,5,Victoria,1190.0
5768,2026-05-11,19:46,J0121,Estacion Orbital,Torneo,Koro,21,3.0,4,3,Derrota,370.0
3906,2026-04-09,12:43,J0056,Estacion Orbital,Casual,Tesla,19,2.0,7,2,Derrota,160.0
1156,2026-02-13,15:59,J0013,Desierto Neon,Casual,Lienzo;Brisa,18,9.0,2,6,Victoria,1660.0
8326,21-06-26,10:32,J0131,Puerto Escarlata,Ranked,Koro;Vex,33,5.0,3,2,Victoria,"1040,0 pts"
7172,2026-06-02,22:17,J0117,Ciudadela,Ranked,Brisa,36,3.0,2,1,,310.0
1684,2026-02-24,11:31,J0062,Estacion Orbital,Casual,Lienzo,15,3.0,1,4,Derrota,480.0
361,2026-01-25,17:53,J0025,Bosque Umbral,Ranked,Magnus;Vex,31,6.0,7,5,Victoria,1210.0
4249,16/04/2026,10:35,J0001,Estacion Orbital,Ranked,Lienzo,38,8.0,9,2,Derrota,720.0
2847,20-03-26,03:39,J0054,Bosque Umbral,Casual,,30,5.0,4,5,Victoria,1170.0
953,08-02-26,22:09,J0060,Bosque Umbral,Ranked,Vex,22,4.0,6,2,Derrota,380.0
2985,22/03/2026,11:15,J0082,Estacion Orbital,Ranked,Koro,30,12.0,3,4,Derrota,1340.0
102,18/01/2026,13:11,J0008,Desierto Neon,Casual,Brisa;Koro;Vex,19,5.0,4,4,Victoria,1120.0
2040,2026-03-04,23:22,J0024,Puerto Escarlata,Ranked,Magnus,43,6.0,6,8,Derrota,880.0
714,2026-02-02,09:51,J0040,Desierto Neon,Casual,Lienzo;Magnus,15,6.0,5,7,Derrota,850.0
9342,2026-07-06,23:41,J0041,Desierto Neon,Casual,Tesla,17,2.0,4,1,Victoria,670.0
2166,2026-03-06,03:32,J0048,Desierto Neon,Casual,Nadia,16,4.0,5,4,Victoria,"1000,0 pts"
7503,2026-06-07,16:40,J0029,Estacion Orbital,Torneo,Lienzo,9,3.0,8,5,Victoria,890.0
2743,2026-03-18,00:24,J0017,Desierto Neon,Casual,Nadia;Umbra,21,8.0,2,3,Victoria,1410.0
959,08/02/2026,11:14,J0174,Ciudadela,Ranked,Tesla,34,1.0,3,4,Derrota,240.0
6437,22/05/2026,19:36,J0017,Canales de Hielo,Casual,Magnus;Brisa;Lienzo,30,9.0,5,3,,"1450,0 pts"
4024,11/04/2026,10:45,J0037,Bosque Umbral,Ranked,Koro,36,8.0,3,2,Derrota,840.0
7179,2026-06-02,11:37,J0008,Canales de Hielo,Casual,Brisa;Tesla,26,,7,6,Victoria,960.0
4481,20-04-26,  20:58 ,J0089,Bosque Umbral,Ranked,Koro,32,8.0,5,2,Derrota,800.0
3543,2026-04-02,16:58,J0034,Bosque Umbral,Ranked,Nadia,42,9.0,6,7,Derrota,1130.0
9845,12/07/2026,11:06,J0026,Puerto Escarlata,Ranked,Tesla;Nadia,35,6.0,3,4,Victoria,1240.0
9567,09-07-26,04:36,J0026,Canales de Hielo,Casual,Tesla,30,6.0,7,7,Derrota,810.0
9102,2026-07-02,20:59,J0025,Canales de Hielo,Ranked,Koro,45,9.0,3,4,Derrota,1040.0
6885,2026-05-29,12:17,J0059,Estacion Orbital,Ranked,Tesla,33,3.0,5,7,Derrota,550.0
4451,2026-04-19,15:11,J0092,Puerto Escarlata,Torneo,Brisa;Koro;Umbra,30,7.0,3,3,Victoria,1290.0
3018,2026-03-23,23:14,J0022,Desierto Neon,Ranked,Umbra,25,4.0,3,1,Derrota,390.0
2317,2026-03-09,07:48,J0052,Bosque Umbral,Torneo,Tesla,15,3.0,4,3,Derrota,370.0
9325,2026-07-06,20:25,J0200,Desierto Neon,Ranked,Nadia,43,7.0,4,5,Victoria,1370.0
6093,2026-05-17,15:18,J0006,Canales de Hielo,Ranked,NADIA,26,5.0,9,1,Derrota,370.0
6395,21/05/2026,16:37,J0044,Ciudadela,Ranked,umbra;vex,42,6.0,4,2,victoria,1120.0
9877,13/07/2026,19:42,J0083,Puerto Escarlata,Casual,Vex;Koro,17,9.0,1,8,  Derrota ,1280.0
5031,29/04/2026,16:51,J0110,Ciudadela,Ranked,Umbra,36,7.0,3,3,Victoria,1290.0
4190,2026-04-14,07:20,J0009,Desierto Neon,Casual,Vex;Umbra,31,10.0,5,5,Derrota,1150.0
3609,2026-04-04,08:11,J0035,Canales de Hielo,Ranked,Nadia;Tesla,31,15.0,7,3,Victoria,2010.0
3056,2026-03-24,21:06,J0167,Bosque Umbral,Torneo,Brisa;Nadia,16,9.0,8,7,Victoria,1590.0
6667,25-05-26,23:49,J0116,Bosque Umbral,Casual,Koro;Umbra,15,9.0,5,6,Derrota,1100.0
6720,2026-05-25,16:58,J0074,Ciudadela,Ranked,Lienzo;Koro,27,8.0,4,4,Victoria,1420.0
9174,04-07-26,22:36,J0015,Puerto Escarlata,Ranked,Koro,23,3.0,5,2,Derrota,300.0
3152,2026-03-25,19:57,J0034,Ciudadela,Casual,Vex,10,6.0,3,3,Derrota,690.0
9545,09/07/2026,20:31,J0109,Ciudadela,Ranked,Magnus,41,2.0,6,3,Derrota,230.0
2677,2026-03-16,20:29,J0026,Canales de Hielo,Casual,Umbra;Magnus;Nadia,17,4.0,8,3,Derrota,390.0
8430,22-06-26,10:29,J0101,Bosque Umbral,Casual,Vex;Umbra,21,12.0,4,7,Victoria,1970.0
5970,2026-05-14,19:02,J0049,Estacion Orbital,Casual,Umbra,14,3.0,3,5,Derrota,490.0
8656,2026-06-26,20:21,J0057,Canales de Hielo,Casual,Umbra;Vex,9,6.0,5,7,Derrota,850.0
6570,2026-05-23,20:38,J0147,Canales de Hielo,Ranked,Koro;Lienzo,23,4.0,8,7,Victoria,1090.0
4794,2026-04-25,21:47,J0115,Puerto Escarlata,Ranked,Brisa,31,4.0,7,4,Derrota,460.0
440,26-01-26,22:42,J0085,Estacion Orbital,Casual,Koro,23,4.0,6,5,Derrota,530.0
7742,11-06-26,07:35,J0085,Estacion Orbital,Casual,Lienzo;Tesla,10,8.0,3,7,Derrota,1090.0
4065,12-04-26,18:49,J0036,Estacion Orbital,Torneo,Brisa,10,7.0,1,1,Victoria,1230.0
4163,2026-04-14,19:16,J0014,Desierto Neon,Casual,Magnus;Koro,22,2.0,5,5,Victoria,850.0
4099,12/04/2026,22:54,J0009,Ciudadela,Casual,Umbra,24,4.0,4,5,Victoria,1070.0
5345,2026-05-05,12:56,J0134,Canales de Hielo,Torneo,Tesla,22,6.0,3,1,Derrota,590.0
6248,2026-05-19,17:48,J0052,Estacion Orbital,Casual,Umbra,8,3.0,5,3,Derrota,350.0
5917,2026-05-14,21:04,J0184,Estacion Orbital,Ranked,Lienzo,44,7.0,9,2,Victoria,"1120,0 pts"
9212,04-07-26,22:36,J0029,Bosque Umbral,Ranked,Umbra;Lienzo,24,1.0,3,9,  Victoria ,990.0
3128,2026-03-25,13:03,J0023,Bosque Umbral,Casual,Koro,9,10.0,5,6,Derrota,1200.0
6902,2026-05-29,18:22,J0008,Puerto Escarlata,Casual,Nadia;Koro;Lienzo,15,3.0,4,0,Victoria,720.0
1916,2026-03-01,22:35,J0107,Bosque Umbral,Ranked,Umbra;Tesla,35,2.0,4,7,Victoria,970.0
8603,2026-06-25,10:42,J0031,Bosque Umbral,Ranked,Tesla;Umbra,32,7.0,1,5,Victoria,1430.0
6792,2026-05-27,18:54,J0078,Bosque Umbral,Ranked,Vex,37,7.0,4,6,Victoria,1420.0
1454,2026-02-20,21:52,J0073,Bosque Umbral,Ranked,Lienzo,33,,4,2,Derrota,220.0
4398,2026-04-18,17:38,J0197,Ciudadela,Casual,Vex,18,4.0,8,5,Victoria,990.0
1225,15/02/2026,17:44,J0089,Desierto Neon,Ranked,Magnus,32,8.0,4,2,Victoria,1320.0
334,2026-01-24,12:02,J0009,Ciudadela,Torneo,Koro,8,0.0,1,3,Victoria,630.0
1124,12-02-26,01:19,J0074,Ciudadela,Casual,Koro,28,4.0,6,4,Victoria,980.0
8683,2026-06-26,22:23,J0200,Bosque Umbral,Ranked,Koro,28,,4,5,Derrota,870.0
4388,2026-04-18,06:47,J0048,Ciudadela,Ranked,tesla,43,6.0,9,4,Derrota,620.0
264,2026-01-23,20:30,J0011,Canales de Hielo,Casual,Vex,12,8.0,4,3,Victoria,1370.0
684,02-02-26,11:46,J0153,Bosque Umbral,Ranked,Lienzo,30,5.0,8,8,Victoria,1240.0
7955,14/06/2026,16:19,J0048,Canales de Hielo,Ranked,Brisa;Magnus;Umbra,29,9.0,7,1,Victoria,
857,06-02-26,20:03,J0096,Puerto Escarlata,Torneo,Vex;Brisa,16,12.0,3,7,victoria,1990.0
7335,2026-06-05,19:26,J0121,Canales de Hielo,Ranked,Tesla,32,5.0,7,2,Victoria,
4950,28/04/2026,13:38,J0029,Desierto Neon,Ranked,Umbra,35,1.0,6,4,Derrota,180.0
2488,13-03-26,14:48,J0046,Desierto Neon,Ranked,Brisa;Magnus,27,9.0,2,1,Victoria,1410.0
5929,2026-05-14,12:54,J0009,Estacion Orbital,Casual,Magnus,9,1.0,7,4,Derrota,160.0
9583,10-07-26,19:43,J0064,Puerto Escarlata,Casual,Brisa,25,5.0,6,4,Victoria,1080.0
5966,2026-05-14,13:13,J0097,Puerto Escarlata,Casual,Nadia,12,1.0,5,5,Derrota,250.0
7239,03/06/2026,19:50,J0200,Puerto Escarlata,Ranked,Koro,44,9.0,6,4,  Victoria ,1480.0
368,2026-01-25,13:36,J0021,Desierto Neon,Ranked,Umbra,23,10.0,4,4,Derrota,1120.0
7092,01-06-26,00:49,J0200,Bosque Umbral,Ranked,Magnus;Lienzo,40,9.0,1,6,Victoria,1680.0
9250,2026-07-05,21:01,J0045,Estacion Orbital,Torneo,Umbra;Magnus;Nadia,8,3.0,3,2,Victoria,840.0
7906,2026-06-14,16:40,J0079,Bosque Umbral,Casual,LIENZO;UMBRA;NADIA,23,5.0,5,3,Victoria,1050.0
6313,2026-05-20,13:22,J0025,Bosque Umbral,Casual,Umbra,11,4.0,5,4,Victoria,1000.0
7904,2026-06-14,18:49,J0017,Bosque Umbral,Casual,Tesla,31,12.0,7,6,Victoria,1860.0
4522,20/04/2026,19:04,J0124,Canales de Hielo,Casual,Nadia;Tesla;Umbra,31,3.0,3,4,  Victoria ,940.0
4803,25/04/2026,21:01,J0002,Puerto Escarlata,Ranked,Lienzo;Koro,31,4.0,4,0,Derrota,320.0
5428,2026-05-06,00:43,J0052,Canales de Hielo,Ranked,Koro;Nadia,43,3.0,7,4,Derrota,360.0
5685,2026-05-10,19:55,J0067,Ciudadela,Ranked,Magnus,22,4.0,6,2,Victoria,880.0
1627,2026-02-23,21:33,J0046,Desierto Neon,Ranked,Magnus,34,3.0,11,3,Victoria,730.0
6866,28/05/2026,22:17,J0016,Puerto Escarlata,Casual,Lienzo;Nadia,21,9.0,9,3,Victoria,1370.0
2890,21-03-26,03:10,J0120,Canales de Hielo,Ranked,Vex,22,12.0,3,2,Derrota,1240.0
4614,2026-04-22,14:20,J0032,Estacion Orbital,Casual,Brisa;Nadia,9,3.0,5,3,  Victoria ,850.0
77,2026-01-18,16:53,J0010,Puerto Escarlata,Ranked,Nadia;Umbra,24,9.0,3,4,Victoria,1540.0
7546,08/06/2026,19:18,J0135,Estacion Orbital,Ranked,Tesla;Magnus;Brisa,45,7.0,6,3,Victoria,1230.0
1804,27/02/2026,23:17,J0026,Ciudadela,Ranked,Koro;Tesla,43,5.0,7,1,Victoria,910.0
3980,2026-04-11,16:02,J0038,Desierto Neon,Casual,Nadia,15,4.0,3,5,Victoria,1090.0
8232,2026-06-19,16:54,J0130,Bosque Umbral,Casual,Umbra;Vex,30,4.0,5,4,Victoria,1000.0
5582,09-05-26,18:25,J0009,Desierto Neon,Ranked,Lienzo,23,2.0,3,5,derrota,390.0
3112,2026-03-25,18:41,J0075,Canales de Hielo,Ranked,Tesla,27,7.0,1,4,Derrota,880.0
4956,2026-04-28,16:14,J0066,Ciudadela,Ranked,Koro;Nadia,23,7.0,3,3,Derrota,790.0
5835,2026-05-12,23:40,J0054,Puerto Escarlata,Casual,Umbra,27,5.0,5,0,Derrota,400.0
5352,2026-05-05,06:23,J0078,Estacion Orbital,Torneo,Magnus,16,5.0,12,3,Victoria,910.0
8450,2026-06-22,15:57,J0010,Canales de Hielo,Ranked,Umbra;Vex,31,12.0,5,3,Victoria,1750.0
7318,2026-06-05,21:50,J0023,Bosque Umbral,Ranked,Koro,23,9.0,7,4,Victoria,1460.0
4,16-01-26,15:35,J0042,Canales de Hielo,Ranked,Brisa;Tesla,23,2.0,4,4,Derrota,320.0
2349,2026-03-10,22:07,J0200,Desierto Neon,Ranked,  Tesla ,34,,7,9,Victoria,1910.0
8226,2026-06-19,22:04,J0030,Estacion Orbital,Ranked,Brisa;Magnus,22,12.0,2,2,Derrota,1260.0
291,2026-01-23,19:11,J0047,Bosque Umbral,Casual,Koro;Magnus,24,7.0,5,4,Victoria,1300.0
1884,01/03/2026,19:28,J0015,Bosque Umbral,Casual,Tesla,24,7.0,12,2,Victoria,1060.0
2961,2026-03-22,16:12,J0038,Puerto Escarlata,Torneo,Umbra,29,5.0,5,4,  Derrota ,600.0
4231,2026-04-15,08:04,J0200,Puerto Escarlata,Casual,Nadia,21,5.0,7,3,Derrota,510.0
4699,2026-04-24,18:03,J0015,Bosque Umbral,Ranked,Magnus;Nadia,39,5.0,13,2,Derrota,340.0
5971,2026-05-15,18:01,J0053,Estacion Orbital,Casual,Nadia;Magnus,25,4.0,3,1,  Victoria ,890.0
9089,2026-07-02,20:59,J0065,Desierto Neon,Casual,Koro;Tesla,15,5.0,4,3,Victoria,1070.0
7846,13/06/2026,17:30,J0172,Bosque Umbral,Casual,Lienzo,12,7.0,1,3,Derrota,830.0
5501,2026-05-07,22:35,J0043,Ciudadela,Ranked,Magnus,41,2.0,8,6,Victoria,840.0
1563,2026-02-21,21:33,J0062,Desierto Neon,Ranked,  Lienzo;Magnus ,44,7.0,5,2,Victoria,1200.0
136,19-01-26,20:37,J0033,Ciudadela,Casual,Vex,15,7.0,7,4,Victoria,1260.0
5518,08/05/2026,20:22,J0117,Desierto Neon,Casual,Lienzo,23,5.0,8,6,DERROTA,640.0
3127,2026-03-25,18:16,J0072,Puerto Escarlata,Torneo,Magnus;Umbra,18,1.0,3,8,Derrota,"440,0 pts"
8424,2026-06-22,01:29,J0126,Desierto Neon,Casual,Brisa;Koro,12,3.0,5,4,Derrota,400.0
3133,2026-03-25,19:36,J0010,Bosque Umbral,Ranked,,34,8.0,5,3,Derrota,850.0
3596,04-04-26,15:56,J0116,Canales de Hielo,Casual,Magnus,24,,8,2,Victoria,1740.0
7408,2026-06-06,00:37,J0054,Desierto Neon,Casual,Koro,26,4.0,10,3,Derrota,350.0
1784,27/02/2026,17:54,J0003,Puerto Escarlata,Ranked,Magnus,36,3.0,3,4,Victoria,940.0
3149,2026-03-25,22:38,J0037,Bosque Umbral,Ranked,Nadia,45,8.0,0,1,Derrota,850.0
8812,28-06-26,13:45,J0093,Desierto Neon,Ranked,Tesla,22,4.0,7,3,Derrota,410.0
2911,2026-03-21,20:52,J0165,Bosque Umbral,Casual,Tesla;Umbra,8,3.0,4,4,Derrota,420.0
8548,24/06/2026,17:51,J0200,Ciudadela,Ranked,Nadia,31,,4,5,Victoria,870.0
1409,2026-02-19,16:40,J0077,Ciudadela,Ranked,Lienzo,26,4.0,1,6,Derrota,680.0
3541,02/04/2026,08:00,J0194,Estacion Orbital,Ranked,Koro;Magnus,25,2.0,6,3,Victoria,730.0
8333,21-06-26,10:12,J0023,Bosque Umbral,Ranked,Koro;Brisa,23,5.0,5,4,Victoria,1100.0
1661,2026-02-23,22:27,J0049,Desierto Neon,Ranked,Lienzo,27,2.0,8,4,Victoria,740.0
5236,03/05/2026,14:44,J0200,Puerto Escarlata,Ranked,lienzo;tesla,39,5.0,6,10,Victoria,1380.0
4049,2026-04-12,13:26,J0089,Desierto Neon,Ranked,Umbra;Lienzo;Brisa,41,6.0,4,5,Victoria,1270.0
331,2026-01-24,16:17,J0019,Ciudadela,Ranked,,45,4.0,6,3,Victoria,930.0
7433,2026-06-06,19:13,J0107,Ciudadela,Casual,  Koro ,17,2.0,6,3,Victoria,730.0
7982,15-06-26,14:37,J0080,Puerto Escarlata,Ranked,Nadia,22,2.0,6,5,Derrota,330.0
7481,2026-06-07,10:10,J0004,Estacion Orbital,Casual,Tesla;Nadia,29,7.0,6,3,Derrota,730.0
8014,2026-06-16,20:20,J0091,Canales de Hielo,Ranked,Lienzo;Nadia,29,5.0,3,5,Victoria,1190.0
6201,18/05/2026,18:24,J0200,Ciudadela,Ranked,Lienzo,35,6.0,5,5,Victoria,1250.0
2887,2026-03-21,21:38,J0083,Bosque Umbral,Casual,Tesla,22,8.0,6,3,Victoria,1330.0
6211,2026-05-18,13:59,J0066,Desierto Neon,Casual,Magnus,8,7.0,6,7,VICTORIA,1430.0
5299,2026-05-04,15:49,J0120,Ciudadela,Casual,,26,5.0,2,8,,1360.0
3781,2026-04-07,09:01,J0062,Desierto Neon,Casual,Magnus;Koro,17,1.0,8,5,,190.0
7106,01-06-26,20:18,J0020,Desierto Neon,Ranked,Vex;Magnus;Koro,38,,4,2,Victoria,1020.0
9948,14-07-26,15:30,J0037,Puerto Escarlata,Ranked,Umbra,22,8.0,4,4,Victoria,1420.0
8752,2026-06-27,19:33,J0057,Ciudadela,Ranked,vex;tesla,38,9.0,3,3,Derrota,990.0
2555,2026-03-14,18:38,J0021,Canales de Hielo,Ranked,Koro;Brisa,42,8.0,2,1,Derrota,810.0
2772,2026-03-19,20:06,J0159,Canales de Hielo,Ranked,vex,35,8.0,6,3,Victoria,1330.0
7052,2026-05-31,14:08,J0040,Bosque Umbral,Ranked,Lienzo;Umbra,26,7.0,3,4,Derrota,"840,0 pts"
5614,2026-05-09,20:51,J0017,Canales de Hielo,Casual,Nadia,20,9.0,4,4,Victoria,1520.0
1248,2026-02-15,20:13,J0113,Canales de Hielo,Ranked,Nadia;Koro,38,6.0,8,5,Victoria,1190.0
8999,2026-06-30,18:20,J0014,Canales de Hielo,Ranked,,42,4.0,3,5,Victoria,1090.0
2305,2026-03-09,19:12,J0021,Puerto Escarlata,Ranked,Umbra;Vex,28,10.0,6,3,Derrota,1030.0
2389,2026-03-11,  18:02 ,J0004,Estacion Orbital,Casual,Tesla;Umbra,23,4.0,5,2,Victoria,900.0
8904,29-06-26,19:04,J0067,Estacion Orbital,Torneo,Tesla;Vex,32,8.0,2,7,Victoria,1610.0
6888,2026-05-29,17:33,J0021,Canales de Hielo,Casual,UMBRA,32,4.0,2,5,Victoria,1110.0
1742,2026-02-25,13:00,J0144,Canales de Hielo,Ranked,Brisa,37,6.0,3,4,Derrota,740.0
2685,2026-03-17,19:59,J0052,Estacion Orbital,Ranked,Tesla,30,6.0,5,7,Derrota,850.0
8765,2026-06-27,12:49,J0012,Bosque Umbral,Ranked,Brisa,31,2.0,7,8,Victoria,960.0
7109,2026-06-01,19:13,J0098,Bosque Umbral,Ranked,Lienzo;Vex,31,10.0,5,2,Victoria,1500.0
8119,2026-06-17,07:05,J0094,Bosque Umbral,Casual,Vex;Tesla,12,9.0,5,4,Victoria,1500.0
7268,04-06-26,22:52,J0012,Bosque Umbral,Ranked,Umbra,31,4.0,9,3,Derrota,370.0
8639,25/06/2026,19:19,J0043,Puerto Escarlata,Ranked,Brisa,32,5.0,2,10,Victoria,1460.0
4864,2026-04-26,19:47,J0034,Ciudadela,Ranked,Magnus,26,4.0,5,2,Victoria,900.0
4901,27/04/2026,09:23,J0025,Puerto Escarlata,Casual,Lienzo,10,5.0,4,2,Victoria,1020.0
4230,15/04/2026,19:50,J0060,Estacion Orbital,Ranked,Magnus;Vex,36,5.0,4,7,victoria,1270.0
7051,31/05/2026,19:22,J0200,Bosque Umbral,Ranked,Lienzo,26,6.0,7,3,Derrota,"610,0 pts"
6444,2026-05-22,  18:23 ,J0115,Canales de Hielo,Casual,Lienzo;Koro,20,5.0,6,7,Derrota,730.0
1514,2026-02-21,18:12,J0105,Bosque Umbral,Casual,Tesla,23,8.0,4,4,VICTORIA,1420.0
4211,15/04/2026,11:02,J0045,Bosque Umbral,Casual,Koro,22,6.0,6,2,Derrota,580.0
3839,2026-04-08,05:43,J0019,Bosque Umbral,Casual,Brisa;Lienzo,16,3.0,6,5,Derrota,430.0
3899,2026-04-09,12:45,J0060,Bosque Umbral,Casual,Vex,27,6.0,4,3,Victoria,1170.0
3064,2026-03-24,20:05,J0077,Ciudadela,Ranked,Lienzo,34,2.0,6,4,Derrota,280.0
8387,2026-06-21,16:19,J0015,Desierto Neon,Ranked,Koro,43,8.0,5,2,,1300.0
6785,27-05-26,20:07,J0002,Puerto Escarlata,Casual,Koro,15,7.0,2,6,Victoria,1460.0
9887,2026-07-13,16:42,J0028,Bosque Umbral,Casual,Vex,30,7.0,6,5,Victoria,1330.0
8888,2026-06-29,15:49,J0134,Bosque Umbral,Casual,Koro,12,6.0,4,2,Derrota,620.0
2997,23/03/2026,16:45,J0021,Ciudadela,Casual,Vex,31,5.0,2,5,Victoria,1210.0
3788,07-04-26,21:09,J0010,Estacion Orbital,Casual,Vex,25,9.0,5,3,Derrota,950.0
145,2026-01-19,02:59,J0033,Puerto Escarlata,Casual,Brisa;Magnus;Lienzo,8,2.0,5,4,Derrota,300.0
7112,2026-06-01,15:35,J0002,Ciudadela,Ranked,Magnus,34,1.0,5,4,Victoria,700.0
8594,2026-06-25,16:11,J0060,Ciudadela,Casual,Tesla,13,3.0,2,1,Derrota,310.0
5594,2026-05-09,19:03,J0010,Canales de Hielo,Ranked,Magnus;Tesla,43,5.0,3,3,,590.0
1113,2026-02-12,21:14,J0076,Canales de Hielo,Casual,Lienzo,32,8.0,3,2,Victoria,1340.0
7929,2026-06-14,15:44,J0027,Canales de Hielo,Ranked,Vex,25,10.0,9,4,Victoria,1520.0
1747,2026-02-25,20:27,J0082,Desierto Neon,Casual,Brisa;Koro,13,14.0,4,6,Derrota,1620.0
8049,2026-06-16,21:00,J0031,Puerto Escarlata,Casual,,11,4.0,3,3,Derrota,490.0
4820,2026-04-25,18:27,J0016,Bosque Umbral,Ranked,Lienzo;Tesla,41,10.0,7,1,  Victoria ,"1410,0 pts"
1826,2026-02-28,00:30,J0027,Ciudadela,Torneo,Tesla,16,3.0,5,6,Derrota,500.0
9125,2026-07-03,22:22,J0020,Estacion Orbital,Ranked,Tesla,22,6.0,5,5,,1250.0
3338,2026-03-29,10:23,J0200,Bosque Umbral,Ranked,Koro,28,6.0,3,9,Victoria,1490.0
2287,09/03/2026,21:52,J0009,Desierto Neon,Casual,Umbra,26,4.0,5,5,Victoria,1050.0
3072,2026-03-24,20:23,J0094,Bosque Umbral,Ranked,Lienzo,43,5.0,8,1,Derrota,390.0
8502,2026-06-23,15:41,J0011,Puerto Escarlata,Ranked,Magnus,30,4.0,10,4,Victoria,900.0
8406,2026-06-22,04:23,J0008,Estacion Orbital,Ranked,Koro,22,5.0,4,3,Derrota,570.0
5958,2026-05-14,21:37,J0063,Canales de Hielo,Ranked,Koro,24,6.0,8,3,Victoria,1090.0
9127,2026-07-03,19:14,J0091,Bosque Umbral,Ranked,Magnus,23,8.0,3,8,  Derrota ,1140.0
6496,2026-05-22,12:16,J0200,Bosque Umbral,Casual,Vex,10,7.0,1,3,Victoria,1330.0
7373,2026-06-05,22:50,J0200,Desierto Neon,Ranked,Lienzo,45,8.0,1,3,Derrota,930.0
5604,09/05/2026,23:33,J0059,Puerto Escarlata,Ranked,Koro;Umbra,29,8.0,5,2,Victoria,1300.0
6364,2026-05-21,13:55,J0001,Bosque Umbral,Ranked,Umbra,23,5.0,5,2,Victoria,1000.0
6534,2026-05-23,19:18,J0120,Estacion Orbital,Casual,Lienzo;Umbra;Koro,30,7.0,6,6,,880.0
2771,2026-03-19,00:52,J0002,Bosque Umbral,Ranked,VEX,30,6.0,7,1,Victoria,1010.0
3444,2026-03-31,18:20,J0002,Bosque Umbral,Torneo,Koro;Umbra,22,4.0,1,4,Derrota,
1703,2026-02-24,18:39,J0004,Canales de Hielo,Ranked,Lienzo,29,6.0,2,4,Derrota,760.0
1966,2026-03-02,16:19,J0114,Puerto Escarlata,Torneo,Nadia,11,6.0,2,1,Victoria,"1110,0 pts"
5854,2026-05-12,21:09,J0016,Canales de Hielo,Ranked,Tesla,30,12.0,3,1,Derrota,1190.0
4503,20/04/2026,15:18,J0035,Puerto Escarlata,Ranked,Koro,35,5.0,6,7,Derrota,730.0
7705,2026-06-11,23:38,J0063,Ciudadela,Ranked,Lienzo,32,8.0,1,2,Derrota,880.0
5215,2026-05-02,13:29,J0066,Bosque Umbral,Casual,Vex;Koro,22,7.0,2,5,Victoria,1410.0
1,2026-01-16,12:28,J0074,Desierto Neon,Ranked,,44,5.0,5,9,Victoria,1350.0
8328,21/06/2026,08:28,J0023,Desierto Neon,Casual,Brisa,11,8.0,8,2,Derrota,740.0
544,2026-01-29,20:44,J0140,Canales de Hielo,Ranked,Lienzo;Tesla;Vex,22,12.0,3,4,Victoria,1840.0
350,25-01-26,19:52,J0078,Puerto Escarlata,Casual,Tesla,29,6.0,9,4,Victoria,1120.0
7483,07-06-26,  23:06 ,J0128,Ciudadela,Casual,Vex;Umbra,29,12.0,10,2,Derrota,1100.0
3406,2026-03-30,11:30,J0087,Ciudadela,Casual,Tesla;Nadia,12,12.0,6,6,Derrota,1380.0
4820,2026-04-25,18:27,J0016,Bosque Umbral,Ranked,Lienzo;Tesla,41,10.0,7,1,  Victoria ,"1410,0 pts"
7975,2026-06-15,07:20,J0040,Canales de Hielo,Casual,Brisa;Magnus;Koro,10,2.0,6,3,Derrota,230.0
458,2026-01-27,21:11,J0018,Desierto Neon,Casual,,11,3.0,8,0,Victoria,640.0
3140,2026-03-25,18:16,J0099,Puerto Escarlata,Casual,Vex;Tesla,31,4.0,4,7,Derrota,670.0
1808,2026-02-27,20:39,J0153,Desierto Neon,Casual,Nadia,15,2.0,3,1,Derrota,190.0
3694,2026-04-05,17:16,J0081,Estacion Orbital,Casual,Vex;Nadia;Umbra,23,7.0,3,3,Derrota,790.0
9346,06/07/2026,23:55,J0055,Bosque Umbral,Casual,LIENZO,29,1.0,3,2,Victoria,640.0
7008,2026-05-31,19:06,J0043,Bosque Umbral,Casual,Nadia,13,9.0,5,3,Victoria,1450.0
9036,01-07-26,22:28,J0031,Ciudadela,Casual,Lienzo;Umbra,23,5.0,6,5,derrota,630.0
132,19/01/2026,18:40,J0100,Bosque Umbral,Torneo,Koro;Magnus,30,8.0,5,3,Derrota,850.0
1651,2026-02-23,18:34,J0010,Ciudadela,Casual,Vex,29,9.0,7,3,Victoria,1410.0
7743,2026-06-11,18:57,J0002,Puerto Escarlata,Casual,Lienzo;Umbra;Koro,15,7.0,3,7,Victoria,1490.0
7574,08-06-26,17:46,J0024,Ciudadela,Casual,Nadia,17,7.0,6,5,Derrota,830.0
8687,2026-06-26,22:23,J0024,Estacion Orbital,Ranked,Brisa,40,3.0,6,7,,1030.0
2546,2026-03-14,23:19,J0050,Puerto Escarlata,Casual,Umbra,17,1.0,5,1,Derrota,50.0
9124,2026-07-03,07:29,J0200,Bosque Umbral,Casual,Nadia,19,5.0,12,5,Victoria,1010.0
4068,2026-04-12,11:41,J0100,Bosque Umbral,Ranked,,35,11.0,5,2,  Derrota ,1100.0
7941,2026-06-14,05:48,J0126,Bosque Umbral,Casual,nadia,27,8.0,5,5,Victoria,1450.0
1733,25/02/2026,20:12,J0045,Puerto Escarlata,Ranked,Umbra,38,4.0,4,6,Derrota,"620,0 pts"
5266,2026-05-03,14:12,J0009,Ciudadela,Casual,Vex;Magnus,22,5.0,3,7,Victoria,1290.0
6264,19-05-26,22:45,J0023,Ciudadela,Torneo,Koro;Umbra,27,8.0,6,3,Victoria,1330.0
593,31-01-26,21:46,J0047,Ciudadela,Casual,Vex;Magnus;Lienzo,20,12.0,7,3,Victoria,1710.0
1348,18-02-26,20:08,J0054,Puerto Escarlata,Ranked,Lienzo;Brisa,35,4.0,2,8,derrota,760.0
3950,10-04-26,19:40,J0200,Desierto Neon,Ranked,Umbra,32,3.0,9,3,,770.0
3282,28-03-26,20:12,J0052,Puerto Escarlata,Ranked,Koro;Nadia,45,3.0,7,1,Derrota,210.0
7323,05/06/2026,20:26,J0012,Ciudadela,Ranked,lienzo,45,6.0,3,2,Derrota,640.0
994,09/02/2026,21:25,J0040,Estacion Orbital,Ranked,Tesla,37,3.0,3,4,Victoria,940.0
1370,2026-02-18,21:33,J0088,Estacion Orbital,Ranked,Umbra,34,3.0,7,5,Derrota,410.0
1085,11/02/2026,19:59,J0066,Estacion Orbital,Torneo,Umbra,13,4.0,6,5,Derrota,530.0
5184,2026-05-02,18:57,J0079,Canales de Hielo,Casual,Tesla;Umbra,9,5.0,8,6,DERROTA,640.0
8192,2026-06-18,19:25,J0013,Puerto Escarlata,Torneo,Tesla,14,9.0,7,7,Victoria,1610.0
1692,2026-02-24,11:03,J0200,Bosque Umbral,Ranked,Tesla;Magnus,33,6.0,6,5,Derrota,730.0
3208,2026-03-27,21:20,J0023,Estacion Orbital,Casual,Koro,13,11.0,7,4,Victoria,1660.0
1471,2026-02-20,17:08,J0069,Estacion Orbital,Ranked,Vex,40,5.0,5,4,Victoria,1100.0
6126,2026-05-17,17:35,J0012,Canales de Hielo,Torneo,Brisa,11,2.0,8,8,Derrota,440.0
1122,2026-02-12,19:32,J0191,Bosque Umbral,Ranked,Koro,33,6.0,7,3,Derrota,610.0
4011,11/04/2026,17:57,J0199,Bosque Umbral,Casual,Tesla,10,4.0,4,2,Victoria,920.0
6207,18-05-26,09:40,J0050,Desierto Neon,Ranked,Vex;Tesla,24,5.0,4,4,Victoria,1120.0
9073,2026-07-02,18:32,J0040,Puerto Escarlata,Ranked,Magnus;Vex;Nadia,23,10.0,3,2,Derrota,1040.0
9119,2026-07-03,21:38,J0106,Ciudadela,Casual,Koro;Nadia;Magnus,16,13.0,7,5,  Derrota ,1410.0
266,2026-01-23,15:25,J0090,Estacion Orbital,Ranked,Koro,36,7.0,5,3,Derrota,750.0
7236,2026-06-03,22:53,J0026,Bosque Umbral,Ranked,Vex;Lienzo;Nadia,42,10.0,3,2,  Victoria ,1540.0
4429,19/04/2026,02:07,J0025,Estacion Orbital,Casual,Brisa,23,6.0,6,1,victoria,1030.0
6260,19-05-26,13:09,J0165,Canales de Hielo,Ranked,Umbra,31,,7,4,,460.0
6312,20/05/2026,19:21,J0053,Puerto Escarlata,Casual,Magnus,16,7.0,5,5,Derrota,850.0
8172,18-06-26,17:26,J0028,Ciudadela,Casual,Magnus,8,9.0,4,5,Victoria,1570.0
7306,2026-06-04,20:39,J0019,Ciudadela,Ranked,Nadia,28,2.0,8,4,Victoria,740.0
2593,2026-03-15,14:12,J0093,Bosque Umbral,Casual,Umbra,10,5.0,13,3,Derrota,390.0
3051,2026-03-24,22:10,J0003,Desierto Neon,Ranked,Lienzo,33,,7,3,Victoria,910.0
5557,2026-05-08,20:23,J0009,Bosque Umbral,Casual,,11,4.0,6,4,Derrota,480.0
317,2026-01-24,15:06,J0012,Desierto Neon,Ranked,Brisa,32,6.0,3,2,Victoria,1140.0
8824,2026-06-28,11:43,J0084,Ciudadela,Casual,Vex;Umbra,25,9.0,6,6,Victoria,1580.0
4008,11-04-26,10:02,J0034,Ciudadela,Ranked,Koro,22,5.0,5,7,Victoria,1250.0
4566,2026-04-21,15:46,J0001,Bosque Umbral,Ranked,Vex,26,6.0,5,3,Derrota,650.0
7471,2026-06-07,22:44,J0018,Puerto Escarlata,Casual,umbra,10,5.0,4,1,Victoria,970.0
1671,24-02-26,16:27,J0007,Canales de Hielo,Ranked,Koro,38,7.0,5,7,Victoria,1450.0
4536,21-04-26,21:34,J0090,Estacion Orbital,Torneo,Lienzo,17,7.0,6,3,Victoria,1230.0
1150,2026-02-13,17:54,J0062,Desierto Neon,Ranked,Tesla,34,4.0,6,4,Derrota,480.0
2485,2026-03-13,00:49,J0011,Ciudadela,Casual,Koro;Lienzo;Nadia,16,5.0,4,7,Derrota,770.0
2013,03-03-26,07:41,J0002,Estacion Orbital,Torneo,  Tesla;Vex ,8,9.0,7,3,Derrota,910.0
1112,2026-02-12,21:11,J0140,Ciudadela,Ranked,Koro,38,5.0,3,4,victoria,1140.0
7465,2026-06-07,19:24,J0025,Puerto Escarlata,Casual,TESLA,21,5.0,5,5,Victoria,1150.0
104,2026-01-18,18:13,J0098,Bosque Umbral,Ranked,Koro;Vex;Lienzo,33,12.0,6,5,Derrota,1330.0
5757,11-05-26,18:08,J0020,Ciudadela,Ranked,Koro;Magnus,31,8.0,4,3,Derrota,870.0
4330,2026-04-17,07:12,J0054,Canales de Hielo,Ranked,Vex;Lienzo,28,14.0,5,5,Derrota,1550.0
7238,2026-06-03,10:03,J0030,Canales de Hielo,Ranked,Vex;Tesla,42,10.0,6,5,Victoria,1630.0
6959,2026-05-30,20:34,J0094,Estacion Orbital,Ranked,Nadia;Koro,37,6.0,2,3,derrota,710.0
7659,10-06-26,17:32,J0031,Ciudadela,Torneo,tesla,12,8.0,4,3,Derrota,870.0
4113,13/04/2026,10:18,J0082,Bosque Umbral,Ranked,Tesla,31,4.0,3,4,Derrota,540.0
5004,2026-04-29,15:02,J0137,Estacion Orbital,Ranked,Vex;Tesla,44,5.0,1,3,Victoria,1130.0
8629,2026-06-25,21:05,J0041,Ciudadela,Ranked,Brisa;Nadia,29,4.0,7,5,Derrota,510.0
9482,08-07-26,19:59,J0150,Estacion Orbital,Ranked,Magnus;Koro,37,7.0,3,6,Derrota,940.0
5268,2026-05-03,14:35,J0019,Canales de Hielo,Ranked,Magnus,23,2.0,8,4,Victoria,740.0
9389,2026-07-07,19:45,J0004,Puerto Escarlata,Ranked,Umbra,27,10.0,3,3,Derrota,1090.0
9085,2026-07-02,18:56,J0050,Estacion Orbital,Ranked,Koro,29,5.0,7,3,Victoria,"1010,0 pts"
9081,2026-07-02,19:58,J0044,Bosque Umbral,Casual,Magnus,27,6.0,8,0,Derrota,
3783,2026-04-07,  23:00 ,J0057,Bosque Umbral,Casual,Lienzo,22,5.0,7,3,Victoria,1010.0
3393,2026-03-30,22:10,J0039,Ciudadela,Casual,Tesla;Magnus,27,6.0,4,3,Victoria,1170.0
2543,2026-03-14,  20:41 ,J0007,Ciudadela,Casual,Magnus;Tesla;Nadia,9,9.0,4,7,Derrota,1170.0
3708,2026-04-06,21:28,J0019,Desierto Neon,Casual,Brisa;Tesla;Vex,19,4.0,5,1,Victoria,850.0
7813,2026-06-13,22:18,J0049,Ciudadela,Casual,  Magnus;Nadia ,18,4.0,3,1,Derrota,390.0
6509,23-05-26,16:22,J0057,Bosque Umbral,Ranked,Magnus,28,3.0,7,4,Derrota,360.0
7329,2026-06-05,11:54,J0065,Bosque Umbral,Casual,Umbra,24,5.0,3,4,Victoria,1140.0
3015,23-03-26,20:19,J0030,Puerto Escarlata,Ranked,Koro,31,12.0,7,1,Victoria,1610.0
6843,2026-05-28,12:59,J0049,Estacion Orbital,Casual,Magnus,30,4.0,6,3,  Derrota ,430.0
7836,13-06-26,16:11,J0132,Canales de Hielo,Ranked,Tesla;Lienzo,44,4.0,5,0,Derrota,300.0
7062,2026-05-31,16:31,J0001,Estacion Orbital,Casual,Umbra,25,10.0,6,2,Victoria,1480.0
9,16/01/2026,23:08,J0022,Canales de Hielo,Casual,Magnus;Lienzo,32,,9,4,Derrota,"420,0 pts"
3843,08/04/2026,17:21,J0042,Ciudadela,Casual,Nadia,24,6.0,4,2,Derrota,620.0
8310,2026-06-20,20:04,J0033,Bosque Umbral,Casual,Nadia;Vex,32,10.0,8,3,,1490.0
1965,2026-03-02,17:26,J0106,Ciudadela,Casual,Nadia,29,10.0,5,6,Victoria,1700.0
9064,2026-07-02,15:04,J0033,Desierto Neon,Ranked,Nadia,41,6.0,6,8,Derrota,880.0
8625,2026-06-25,18:32,J0127,Ciudadela,Casual,Nadia;Umbra;Koro,26,5.0,5,6,Derrota,700.0
568,2026-01-30,22:37,J0124,Desierto Neon,Ranked,Umbra,44,3.0,8,2,Derrota,240.0
9310,2026-07-05,20:40,J0109,Canales de Hielo,Casual,Koro;Magnus,14,3.0,8,4,Derrota,
3356,2026-03-29,17:13,J0056,Puerto Escarlata,Torneo,Magnus;Vex,21,11.0,5,3,Derrota,1150.0
8799,2026-06-28,23:29,J0006,Puerto Escarlata,Ranked,,28,9.0,4,5,Victoria,1570.0
8740,2026-06-27,23:04,J0113,Desierto Neon,Ranked,Lienzo,24,4.0,2,2,Derrota,460.0
6462,22-05-26,20:28,J0011,Bosque Umbral,Ranked,Umbra;Nadia;Vex,24,7.0,3,4,Victoria,1340.0
4251,2026-04-16,02:24,J0011,Canales de Hielo,Ranked,Lienzo,25,5.0,5,5,  Victoria ,1150.0
4478,2026-04-20,17:19,J0200,Desierto Neon,Casual,Tesla,19,2.0,7,3,Derrota,"210,0 pts"
9472,2026-07-08,23:27,J0028,Desierto Neon,Ranked,Magnus,44,2.0,5,4,Derrota,
9916,2026-07-13,06:57,J0035,Puerto Escarlata,Casual,Lienzo;Magnus,27,5.0,3,1,Derrota,490.0
3411,2026-03-30,18:05,J0081,Desierto Neon,Casual,Tesla,8,3.0,4,3,Victoria,"870,0 pts"
2111,2026-03-05,19:28,J0061,Puerto Escarlata,Ranked,Magnus,36,8.0,7,3,,1310.0
7876,13/06/2026,15:21,J0030,Puerto Escarlata,Ranked,Koro;Magnus,38,6.0,4,1,Victoria,1070.0
8107,2026-06-17,21:24,J0087,Ciudadela,Casual,Vex;Magnus,24,,4,5,Victoria,1770.0
4839,2026-04-26,18:55,J0037,Canales de Hielo,Torneo,  Nadia ,11,2.0,2,5,Victoria,910.0
6803,2026-05-27,19:09,J0035,Bosque Umbral,Ranked,Tesla,40,8.0,3,3,Victoria,1390.0
8545,2026-06-24,12:18,J0010,Desierto Neon,Ranked,Umbra,41,10.0,6,2,,1480.0
9710,2026-07-11,22:45,J0002,Estacion Orbital,Ranked,Nadia,30,,4,3,Derrota,570.0
6659,2026-05-25,17:41,J0037,Canales de Hielo,Casual,Koro;Brisa,20,5.0,8,5,Victoria,1090.0
6829,28/05/2026,17:11,J0095,Desierto Neon,Ranked,Tesla;Magnus,29,8.0,5,4,Victoria,1400.0
2931,2026-03-22,11:18,J0025,Bosque Umbral,Ranked,Vex;Koro,34,8.0,2,8,Victoria,1660.0
5139,01-05-26,19:43,J0071,Canales de Hielo,Ranked,Umbra,26,5.0,11,5,Victoria,1030.0
4681,24/04/2026,13:06,J0092,Desierto Neon,Ranked,Umbra,44,1.0,7,3,Victoria,610.0
8084,2026-06-17,19:13,J0072,Puerto Escarlata,Casual,Lienzo;Brisa,23,,2,4,Derrota,160.0
765,2026-02-04,14:29,J0075,Puerto Escarlata,Ranked,Lienzo;Tesla;Nadia,28,8.0,4,6,Victoria,1520.0
4100,12-04-26,09:10,J0066,Canales de Hielo,Ranked,VEX;UMBRA,42,10.0,9,2,Victoria,1420.0
1079,11-02-26,  21:50 ,J0042,Desierto Neon,Casual,Nadia;Magnus;Umbra,8,5.0,7,5,Derrota,610.0
4093,2026-04-12,10:21,J0021,Puerto Escarlata,Ranked,Magnus,29,6.0,5,4,Derrota,700.0
1955,2026-03-02,21:10,J0085,Bosque Umbral,Casual,Koro,9,8.0,3,7,Derrota,1090.0
37,2026-01-17,20:01,J0010,Estacion Orbital,Casual,Koro,22,4.0,2,4,Victoria,1060.0
9841,2026-07-12,20:50,J0079,Bosque Umbral,Ranked,Umbra,45,2.0,3,0,Derrota,140.0
9110,2026-07-03,22:27,J0002,Ciudadela,Casual,Magnus,21,5.0,5,5,Victoria,1150.0
4078,2026-04-12,22:24,J0015,Puerto Escarlata,Torneo,Brisa;Magnus,30,13.0,15,8,Derrota,1400.0
5548,2026-05-08,16:28,J0143,Canales de Hielo,Casual,Nadia,32,2.0,6,3,Derrota,"230,0 pts"
3520,02/04/2026,00:03,J0013,Ciudadela,Ranked,Vex,24,7.0,5,7,Victoria,1450.0
9433,07-07-26,19:34,J0055,Puerto Escarlata,Ranked,Umbra;Tesla,42,4.0,5,7,Victoria,1150.0
1887,01/03/2026,12:12,J0054,Canales de Hielo,Casual,Magnus,13,4.0,5,7,Victoria,1150.0
5507,2026-05-07,14:48,J0007,Canales de Hielo,Ranked,Tesla,28,6.0,2,7,Victoria,1410.0
6034,16/05/2026,20:23,J0019,Puerto Escarlata,Casual,Lienzo;Vex,21,11.0,9,3,Derrota,1070.0
1108,12/02/2026,21:31,J0026,Bosque Umbral,Ranked,nadia;brisa;tesla,43,4.0,7,4,,960.0
578,30-01-26,20:26,J0039,Desierto Neon,Ranked,Magnus;Brisa,29,7.0,4,5,Derrota,870.0
6935,2026-05-30,09:38,J0045,Canales de Hielo,Ranked,Nadia,29,4.0,8,7,,1090.0
8737,2026-06-27,20:38,J0135,Bosque Umbral,Ranked,Koro,23,8.0,5,6,Victoria,1500.0
8023,16/06/2026,20:43,J0010,Estacion Orbital,Ranked,Umbra,40,5.0,9,6,Derrota,620.0
8182,18-06-26,17:56,J0056,Bosque Umbral,Casual,Vex;Koro,31,6.0,6,4,Victoria,1180.0
4868,2026-04-26,20:58,J0017,Canales de Hielo,Ranked,Koro,32,6.0,7,3,Derrota,610.0
9935,2026-07-14,16:51,J0026,Desierto Neon,Casual,Lienzo,20,3.0,2,3,Victoria,
9963,2026-07-14,10:22,J0079,Canales de Hielo,Casual,Lienzo,27,7.0,4,6,Victoria,1420.0
6276,2026-05-19,04:57,J0035,Desierto Neon,Casual,Umbra,21,8.0,4,5,Derrota,970.0
8204,2026-06-18,21:25,J0081,Puerto Escarlata,Ranked,Vex,41,7.0,5,2,Derrota,700.0
4285,2026-04-16,19:12,J0018,Bosque Umbral,Casual,Umbra,26,3.0,9,6,Derrota,420.0
211,2026-01-21,20:29,J0004,Bosque Umbral,Casual,Magnus,11,4.0,7,2,Victoria,860.0
3299,2026-03-28,18:51,J0134,Bosque Umbral,Casual,Lienzo;Nadia,31,6.0,6,5,Derrota,730.0
3551,2026-04-03,15:34,J0091,Estacion Orbital,Casual,Umbra,30,,4,2,Derrota,720.0
2125,06/03/2026,09:47,J0056,Puerto Escarlata,Ranked,Vex,22,9.0,3,3,Derrota,"990,0 pts"
8215,2026-06-19,18:06,J0089,Puerto Escarlata,Casual,Umbra,14,3.0,6,8,DERROTA,580.0
1255,2026-02-15,13:26,J0042,Canales de Hielo,Casual,Vex,8,6.0,5,3,Victoria,1150.0
7613,2026-06-09,00:36,J0021,Canales de Hielo,Ranked,Tesla;Nadia;Lienzo,30,11.0,5,5,Victoria,1750.0
6907,29/05/2026,12:51,J0145,Bosque Umbral,Casual,Koro;Umbra,15,4.0,5,2,,900.0
1600,2026-02-22,23:18,J0090,Bosque Umbral,Ranked,Brisa;Lienzo,27,3.0,4,0,Victoria,
638,01/02/2026,18:18,J0066,Ciudadela,Ranked,Umbra,29,15.0,8,3,,1990.0
48,2026-01-17,22:32,J0017,Ciudadela,Casual,Vex;Tesla,16,8.0,8,1,Derrota,690.0
6085,16-05-26,21:21,J0066,Canales de Hielo,Casual,,29,17.0,6,3,Victoria,2230.0
5624,09/05/2026,19:22,J0080,Ciudadela,Ranked,Vex;Lienzo,30,6.0,4,6,Victoria,1320.0
4511,2026-04-20,00:01,J0162,Canales de Hielo,Casual,  Magnus ,14,4.0,4,3,Derrota,470.0
6406,21-05-26,22:53,J0002,Estacion Orbital,Torneo,Koro,11,7.0,2,6,Victoria,1460.0
4112,2026-04-13,10:39,J0043,Desierto Neon,Casual,Umbra,12,,1,7,Victoria,1430.0
3119,2026-03-25,04:12,J0010,Bosque Umbral,Casual,Vex;Koro;Magnus,17,5.0,5,2,Victoria,1000.0
2073,2026-03-04,10:06,J0054,Bosque Umbral,Casual,Magnus;Brisa,30,12.0,3,6,Victoria,1940.0
150,20-01-26,22:05,J0070,Estacion Orbital,Torneo,Umbra;Magnus,12,1.0,6,5,Derrota,
8386,21-06-26,11:05,J0046,Estacion Orbital,Ranked,Magnus;Tesla,23,9.0,4,2,Derrota,920.0
5901,2026-05-13,  17:00 ,J0091,Canales de Hielo,Torneo,Tesla;Lienzo,29,7.0,5,6,Derrota,900.0
4581,2026-04-22,20:18,J0026,Bosque Umbral,Ranked,Magnus;Nadia,41,4.0,5,6,Victoria,1100.0
9477,2026-07-08,14:43,J0031,Bosque Umbral,Casual,Nadia;Vex,18,12.0,6,9,Derrota,1530.0
6463,22-05-26,12:12,J0041,Estacion Orbital,Ranked,Umbra,34,6.0,4,6,Victoria,1320.0
2710,2026-03-17,23:08,J0071,Estacion Orbital,Ranked,Nadia;Brisa,33,2.0,7,3,Derrota,210.0
6557,23-05-26,  16:35 ,J0082,Canales de Hielo,Ranked,Koro,38,,7,3,Derrota,910.0
2115,2026-03-05,19:00,J0104,Estacion Orbital,Casual,Nadia,26,6.0,1,2,Derrota,680.0
5574,09-05-26,19:09,J0017,Ciudadela,Casual,Nadia,14,3.0,6,3,Victoria,830.0
4255,2026-04-16,13:43,J0200,Desierto Neon,Casual,Lienzo,11,9.0,2,4,Derrota,1060.0
4239,2026-04-16,12:23,J0136,Desierto Neon,Casual,Tesla,17,8.0,7,1,Victoria,1210.0
9860,13/07/2026,18:44,J0016,Ciudadela,Ranked,Tesla,25,14.0,9,4,Victoria,1920.0
534,2026-01-29,17:16,J0200,Estacion Orbital,Ranked,  Lienzo;Umbra ,40,3.0,6,1,Victoria,730.0
1922,2026-03-01,20:50,J0034,Puerto Escarlata,Casual,Tesla,15,5.0,4,3,Victoria,1070.0
8419,22-06-26,20:56,J0011,Bosque Umbral,Casual,Umbra;Koro,11,4.0,4,4,DERROTA,520.0
7029,2026-05-31,16:47,J0015,Bosque Umbral,Torneo,Magnus;Brisa,23,6.0,5,8,Victoria,1400.0
743,2026-02-03,21:40,J0004,Estacion Orbital,Casual,Vex,15,7.0,5,3,Derrota,750.0
1510,21-02-26,20:34,J0162,Puerto Escarlata,Casual,Lienzo,27,6.0,4,4,Victoria,1220.0
3442,31/03/2026,23:55,J0021,Canales de Hielo,Casual,Nadia;Umbra,9,4.0,1,6,Derrota,680.0
3020,23/03/2026,22:20,J0104,Ciudadela,Ranked,Koro;Brisa,24,4.0,6,3,Victoria,930.0
7815,2026-06-13,15:37,J0065,Estacion Orbital,Casual,Tesla,10,2.0,6,4,Derrota,280.0
6011,2026-05-16,15:00,J0159,Ciudadela,Ranked,Magnus;Koro;Nadia,40,4.0,5,2,Victoria,900.0
3079,2026-03-24,15:57,J0007,Ciudadela,Ranked,Lienzo;Vex,32,9.0,5,6,Victoria,1600.0
3935,10/04/2026,01:58,J0060,Desierto Neon,Casual,Umbra,11,1.0,3,3,,190.0
6538,23/05/2026,16:10,J0027,Desierto Neon,Ranked,Brisa,28,8.0,3,5,Derrota,
6905,2026-05-29,04:34,J0025,Ciudadela,Casual,Brisa,16,2.0,8,2,Victoria,640.0
3054,2026-03-24,04:43,J0064,Canales de Hielo,Ranked,Umbra,28,4.0,7,7,Derrota,610.0
5462,06-05-26,22:25,J0043,Ciudadela,Ranked,Lienzo,37,6.0,3,2,Victoria,1140.0
9258,2026-07-05,12:01,J0085,Bosque Umbral,Casual,Magnus,15,,3,6,Derrota,940.0
8878,29/06/2026,11:34,J0146,Canales de Hielo,Torneo,Magnus;Vex,24,7.0,8,6,Victoria,1340.0
800,05/02/2026,18:00,J0046,Desierto Neon,Ranked,Nadia;Lienzo,45,3.0,6,2,Victoria,780.0
8135,2026-06-17,13:44,J0020,Ciudadela,Casual,Vex;Tesla,30,13.0,4,4,Victoria,1920.0
3039,2026-03-23,20:39,J0200,Bosque Umbral,Ranked,Koro,27,7.0,5,5,victoria,1350.0
4861,26-04-26,18:14,J0074,Canales de Hielo,Casual,Nadia;Umbra;Vex,14,7.0,3,4,Victoria,1340.0
7646,10-06-26,16:47,J0061,Bosque Umbral,Ranked,Vex;Brisa,33,1.0,4,2,Victoria,620.0
7787,2026-06-12,21:23,J0026,Puerto Escarlata,Casual,tesla,15,5.0,5,6,,700.0
6253,19/05/2026,08:23,J0028,Ciudadela,Casual,,20,5.0,6,4,Derrota,580.0
961,2026-02-08,16:26,J0072,Bosque Umbral,Ranked,Vex;Lienzo,23,11.0,7,5,Derrota,1210.0
9620,2026-07-10,18:05,J0002,Desierto Neon,Ranked,,30,7.0,5,4,Derrota,800.0
8948,2026-06-30,14:33,J0055,Puerto Escarlata,Ranked,Vex;Umbra,29,4.0,7,2,Victoria,860.0
9037,2026-07-01,19:12,J0009,Bosque Umbral,Ranked,Vex,41,7.0,3,4,Derrota,840.0
1618,2026-02-23,20:39,J0009,Bosque Umbral,Torneo,Vex;Umbra,19,6.0,8,6,Derrota,740.0
8104,2026-06-17,21:02,J0103,Canales de Hielo,Torneo,Lienzo,31,7.0,6,1,Derrota,"630,0 pts"
7766,2026-06-12,16:40,J0015,Desierto Neon,Torneo,Lienzo,26,8.0,4,5,,970.0
6329,2026-05-20,  21:01 ,J0023,Canales de Hielo,Ranked,Koro;Lienzo,22,11.0,4,3,Derrota,1170.0
5862,13/05/2026,15:42,J0069,Estacion Orbital,Ranked,Vex,40,6.0,9,4,Victoria,1120.0
4270,2026-04-16,13:56,J0138,Ciudadela,Casual,Koro;Umbra;Brisa,21,3.0,4,4,Derrota,420.0
1361,2026-02-18,13:21,J0033,Puerto Escarlata,Torneo,Brisa,20,5.0,8,3,Victoria,990.0
4088,2026-04-12,12:29,J0034,Ciudadela,Ranked,Vex,29,7.0,3,0,Victoria,1140.0
587,2026-01-30,05:00,J0079,Estacion Orbital,Ranked,Magnus,43,2.0,3,5,Derrota,390.0
2031,2026-03-04,12:13,J0014,Canales de Hielo,Torneo,UMBRA,17,,3,5,Victoria,790.0
1898,2026-03-01,18:25,J0014,Canales de Hielo,Casual,Tesla;Brisa,30,2.0,5,4,Victoria,800.0
8002,15-06-26,07:28,J0067,Canales de Hielo,Torneo,Vex;Brisa,23,16.0,6,5,Victoria,2230.0
3351,2026-03-29,16:22,J0145,Canales de Hielo,Casual,Vex,13,8.0,6,6,Derrota,980.0
336,2026-01-24,23:17,J0016,Bosque Umbral,Casual,Koro,13,12.0,5,1,Victoria,1650.0
7729,2026-06-11,22:07,J0040,Bosque Umbral,Ranked,Umbra,44,6.0,10,4,Victoria,1100.0
3285,28-03-26,23:22,J0165,Puerto Escarlata,Torneo,Brisa,31,2.0,5,8,Derrota,"500,0 pts"
4124,2026-04-13,09:41,J0027,Ciudadela,Casual,Vex,15,5.0,5,4,Victoria,1100.0
8116,17-06-26,18:11,J0042,Estacion Orbital,Ranked,Vex,25,9.0,3,3,Victoria,1490.0
7557,2026-06-08,22:51,J0023,Canales de Hielo,Ranked,Brisa,41,9.0,2,4,Victoria,"1560,0 pts"
4103,12/04/2026,21:47,J0056,Ciudadela,Ranked,nadia,39,7.0,1,7,Derrota,1030.0
8733,2026-06-27,09:05,J0036,Canales de Hielo,Casual,Brisa,22,9.0,3,6,Derrota,1140.0
4900,2026-04-27,17:56,J0005,Canales de Hielo,Casual,Vex;Koro,9,14.0,7,4,Derrota,1460.0
7945,2026-06-14,13:01,J0043,Puerto Escarlata,Ranked,Vex,33,6.0,9,4,Victoria,1120.0
5939,2026-05-14,10:19,J0113,Ciudadela,Casual,Vex,12,7.0,4,4,Victoria,1320.0
24,2026-01-16,16:45,J0002,Canales de Hielo,Ranked,Lienzo;Brisa,32,5.0,4,5,Victoria,1170.0
6682,25/05/2026,21:58,J0099,Bosque Umbral,Casual,Magnus;Vex,29,12.0,3,3,Victoria,1790.0
4693,2026-04-24,  16:10 ,J0055,Estacion Orbital,Casual,Umbra;Vex,19,4.0,5,5,Derrota,550.0
1524,2026-02-21,13:54,J0066,Estacion Orbital,Casual,Lienzo,19,9.0,5,5,Victoria,1550.0
2686,17-03-26,18:44,J0100,Bosque Umbral,Ranked,Tesla;Brisa,35,12.0,8,4,Victoria,
3384,2026-03-30,22:18,J0090,Puerto Escarlata,Ranked,Koro;Tesla,33,6.0,1,6,Victoria,1380.0
9741,11-07-26,07:19,J0066,Desierto Neon,Ranked,Brisa;Lienzo,42,14.0,3,6,Victoria,2140.0
382,2026-01-25,20:15,J0035,Estacion Orbital,Casual,Lienzo;Magnus;Brisa,10,6.0,8,2,Victoria,1040.0
3530,02/04/2026,19:46,J0068,Puerto Escarlata,Ranked,,27,10.0,4,0,Victoria,1420.0
2693,2026-03-17,07:05,J0063,Canales de Hielo,Casual,Koro,10,11.0,5,1,Derrota,1050.0
5688,2026-05-10,10:29,J0114,Desierto Neon,Casual,Lienzo;Koro;Brisa,19,4.0,8,3,Victoria,890.0
4133,2026-04-13,23:32,J0200,Desierto Neon,Ranked,,37,9.0,4,3,Derrota,970.0
790,2026-02-04,08:28,J0068,Canales de Hielo,Casual,Tesla;Nadia,19,8.0,5,1,Derrota,750.0
9616,2026-07-10,08:20,J0027,Ciudadela,Casual,Vex,20,4.0,1,3,Derrota,530.0
7847,2026-06-13,16:04,J0087,Bosque Umbral,Casual,Tesla,19,12.0,6,8,Victoria,1980.0
6226,19/05/2026,22:59,J0007,Desierto Neon,Casual,Magnus;Brisa,24,6.0,6,2,Derrota,580.0
8791,27-06-26,12:33,J0058,Canales de Hielo,Ranked,Lienzo;Umbra;Brisa,39,4.0,3,2,Derrota,440.0
1072,11/02/2026,21:31,J0086,Puerto Escarlata,Ranked,Umbra,39,2.0,8,5,Derrota,290.0
5969,14-05-26,20:33,J0044,Desierto Neon,Ranked,Vex;Umbra,45,11.0,6,5,Derrota,1230.0
8840,28/06/2026,19:27,J0200,Ciudadela,Ranked,Vex,25,7.0,3,4,Victoria,1340.0
8367,21/06/2026,16:01,J0014,Estacion Orbital,Ranked,Tesla;Koro;Nadia,31,5.0,7,2,Victoria,960.0
1459,20/02/2026,22:16,J0057,Bosque Umbral,Casual,Nadia,32,8.0,4,3,Derrota,870.0
9775,2026-07-12,20:45,J0045,Desierto Neon,Torneo,Magnus;Umbra;Koro,17,4.0,1,6,Victoria,1180.0
6232,2026-05-19,19:47,J0021,Desierto Neon,Casual,Nadia,15,2.0,6,3,Victoria,730.0
9138,2026-07-03,21:36,J0200,Puerto Escarlata,Torneo,TESLA;UMBRA,23,9.0,7,4,,960.0
2612,2026-03-15,11:55,J0035,Puerto Escarlata,Ranked,Brisa,41,10.0,5,3,Derrota,1050.0
6108,2026-05-17,09:17,J0016,Bosque Umbral,Casual,Tesla,10,4.0,7,7,Victoria,1110.0
3388,2026-03-30,16:28,J0012,Estacion Orbital,Casual,Koro;Brisa;Vex,23,7.0,5,2,Victoria,1200.0
3195,2026-03-27,15:36,J0010,Desierto Neon,Ranked,Nadia;Koro,26,5.0,3,2,Victoria,1040.0
6743,26-05-26,00:57,J0018,Puerto Escarlata,Ranked,Lienzo,37,7.0,8,3,Victoria,1190.0
4166,2026-04-14,17:13,J0023,Ciudadela,Casual,Lienzo,27,8.0,12,4,Victoria,"1260,0 pts"
2019,2026-03-04,22:38,J0010,Bosque Umbral,Ranked,Umbra,31,4.0,2,5,Derrota,610.0
5235,2026-05-03,20:19,J0023,Puerto Escarlata,Ranked,Tesla,38,10.0,2,7,Victoria,1810.0
4467,2026-04-19,03:49,J0006,Puerto Escarlata,Casual,Tesla,29,7.0,3,8,Derrota,1040.0
3310,2026-03-29,00:17,J0013,Ciudadela,Torneo,Lienzo,31,5.0,9,3,Victoria,970.0
5975,2026-05-15,17:01,J0056,Estacion Orbital,Ranked,Brisa,37,1.0,5,3,VICTORIA,650.0
7832,2026-06-13,16:37,J0048,Canales de Hielo,Ranked,Tesla;Magnus;Koro,35,4.0,8,3,Derrota,390.0
6943,2026-05-30,19:39,J0105,Ciudadela,Casual,Magnus;Tesla,26,2.0,6,2,Derrota,180.0
9635,2026-07-10,18:25,J0012,Canales de Hielo,Ranked,Koro,42,3.0,4,4,Derrota,420.0
3903,2026-04-09,16:05,J0148,Estacion Orbital,Ranked,Magnus,24,2.0,5,1,Victoria,650.0
9315,2026-07-05,20:30,J0128,Estacion Orbital,Torneo,Koro,19,6.0,10,3,Victoria,1050.0
9692,11/07/2026,14:23,J0055,Puerto Escarlata,Ranked,Brisa,35,4.0,5,11,Derrota,850.0
5265,03/05/2026,01:23,J0087,Desierto Neon,Ranked,  Nadia;Tesla ,30,12.0,7,1,Victoria,1610.0
8800,2026-06-28,19:09,J0057,Ciudadela,Casual,Koro;Vex,12,12.0,6,3,Victoria,1730.0
5083,2026-04-30,20:55,J0021,Desierto Neon,Ranked,Nadia,43,5.0,1,2,Victoria,1080.0
5264,03/05/2026,21:03,J0011,Bosque Umbral,Casual,Brisa;Magnus;Tesla,26,7.0,2,2,Victoria,"1260,0 pts"
1863,2026-02-28,01:14,J0059,Puerto Escarlata,Torneo,Brisa,19,1.0,7,5,Derrota,210.0
2250,2026-03-08,21:48,J0062,Puerto Escarlata,Ranked,Nadia;Tesla;Vex,31,5.0,5,3,Derrota,550.0
3188,2026-03-26,16:47,J0015,Puerto Escarlata,Ranked,Lienzo;Magnus,31,6.0,4,4,,720.0
5378,05/05/2026,15:17,J0096,Ciudadela,Casual,Nadia;Tesla,16,6.0,2,3,Derrota,710.0
7665,2026-06-10,22:58,J0068,Estacion Orbital,Ranked,Umbra;Tesla,38,4.0,9,7,Derrota,570.0
5485,2026-05-07,01:55,J0070,Estacion Orbital,Casual,Magnus,9,3.0,3,5,Victoria,990.0
2320,2026-03-09,22:10,J0041,Desierto Neon,Torneo,Koro;Nadia,26,3.0,3,3,  Derrota ,390.0
2302,2026-03-09,14:15,J0141,Desierto Neon,Ranked,Brisa;Lienzo,31,19.0,3,7,Derrota,2190.0
783,04-02-26,21:16,J0137,Bosque Umbral,Casual,Koro,10,7.0,4,7,VICTORIA,1470.0
4829,2026-04-26,16:04,J0139,Bosque Umbral,Ranked,Koro;Vex,37,12.0,4,7,Victoria,1970.0
4716,24-04-26,22:43,J0067,Puerto Escarlata,Ranked,Lienzo,37,6.0,6,6,VICTORIA,1280.0
4140,2026-04-13,23:50,J0027,Puerto Escarlata,Ranked,Magnus;Koro,33,6.0,2,7,Victoria,1410.0
3617,2026-04-04,16:27,J0016,Bosque Umbral,Ranked,Lienzo,22,7.0,8,5,Victoria,1290.0
2169,2026-03-07,05:37,J0013,Estacion Orbital,Casual,Brisa,17,9.0,2,7,Derrota,1210.0
5965,2026-05-14,16:51,J0020,Desierto Neon,Ranked,Magnus,22,5.0,9,5,derrota,570.0
2448,2026-03-12,17:57,J0200,Canales de Hielo,Ranked,Vex;Koro,37,3.0,8,1,Derrota,190.0
6974,2026-05-30,18:39,J0059,Bosque Umbral,Ranked,,43,6.0,3,5,Derrota,790.0
9827,12/07/2026,12:04,J0169,Ciudadela,Ranked,Nadia,37,6.0,8,6,Victoria,1240.0
3993,2026-04-11,19:52,J0121,Ciudadela,Casual,Tesla;Koro,26,3.0,2,3,Derrota,410.0
2168,2026-03-07,17:18,J0018,Estacion Orbital,Ranked,Magnus,23,2.0,8,4,Derrota,240.0
5502,2026-05-07,20:57,J0144,Puerto Escarlata,Ranked,Nadia;Umbra,35,4.0,4,3,Victoria,970.0
4101,2026-04-12,16:37,J0112,Desierto Neon,Ranked,Tesla,25,4.0,5,6,  Victoria ,1100.0
5232,2026-05-03,19:26,J0069,Ciudadela,Casual,Nadia,24,4.0,4,3,Victoria,970.0
5842,2026-05-12,18:40,J0114,Ciudadela,Ranked,Koro;Lienzo;Brisa,34,6.0,8,7,Derrota,790.0
287,2026-01-23,20:15,J0061,Ciudadela,Casual,Tesla;Magnus,8,7.0,5,5,Derrota,850.0
4624,2026-04-23,13:19,J0002,Canales de Hielo,Ranked,Brisa,27,6.0,1,3,Derrota,730.0
7637,10/06/2026,18:32,J0009,Bosque Umbral,Casual,Nadia,11,8.0,7,1,Victoria,1210.0
1865,2026-02-28,21:30,J0012,Ciudadela,Casual,Lienzo,31,2.0,4,3,Derrota,270.0
7094,2026-06-01,21:49,J0009,Canales de Hielo,Casual,koro,8,4.0,4,6,DERROTA,620.0
7736,2026-06-11,17:06,J0200,Canales de Hielo,Ranked,Lienzo,23,,4,5,Derrota,670.0
9601,2026-07-10,11:14,J0042,Estacion Orbital,Ranked,,22,1.0,6,4,Victoria,680.0
1806,2026-02-27,17:04,J0117,Desierto Neon,Ranked,Magnus,25,9.0,6,3,Derrota,930.0
8649,2026-06-26,19:49,J0004,Bosque Umbral,Ranked,Umbra,38,3.0,4,2,VICTORIA,820.0
9789,12/07/2026,14:46,J0014,Canales de Hielo,Casual,  Koro ,28,4.0,3,2,Victoria,940.0
8287,2026-06-20,19:14,J0038,Canales de Hielo,Casual,,24,4.0,4,1,Derrota,370.0
564,2026-01-30,20:26,J0178,Estacion Orbital,Ranked,Umbra,35,6.0,5,2,Victoria,1100.0
292,23-01-26,  13:53 ,J0047,Canales de Hielo,Ranked,Lienzo;Tesla;Nadia,42,7.0,5,5,Victoria,1350.0
2021,2026-03-04,17:23,J0029,Puerto Escarlata,Torneo,Umbra,32,2.0,5,5,Derrota,350.0
6256,2026-05-19,20:31,J0053,Estacion Orbital,Ranked,Nadia;Lienzo;Brisa,45,4.0,6,3,Victoria,930.0
8864,28-06-26,12:34,J0111,Puerto Escarlata,Casual,Nadia,28,7.0,2,2,Victoria,1260.0
170,20/01/2026,21:35,J0074,Desierto Neon,Ranked,Brisa;Vex;Magnus,39,10.0,4,4,Victoria,1620.0
268,2026-01-23,19:14,J0001,Estacion Orbital,Casual,Tesla,20,7.0,6,4,Derrota,780.0
7065,2026-05-31,19:09,J0076,Puerto Escarlata,Ranked,Magnus;Tesla;Umbra,38,7.0,9,4,Derrota,720.0
3209,2026-03-27,09:35,J0019,Ciudadela,Ranked,Magnus,29,2.0,4,9,derrota,570.0
4210,15/04/2026,17:41,J0021,Ciudadela,Ranked,Umbra;Brisa,30,5.0,7,6,Victoria,1160.0
3038,2026-03-23,13:16,J0059,Desierto Neon,Casual,,30,5.0,5,5,Derrota,650.0
9995,2026-07-14,18:11,J0056,Bosque Umbral,Casual,  Brisa ,23,4.0,5,2,Derrota,400.0
5351,05/05/2026,13:42,J0012,Bosque Umbral,Casual,Tesla;Brisa,22,3.0,7,1,Derrota,210.0
316,24/01/2026,08:51,J0037,Desierto Neon,Ranked,Lienzo;Umbra,44,3.0,2,2,Derrota,360.0
8257,2026-06-20,11:13,J0033,Canales de Hielo,Casual,Tesla;Magnus,17,3.0,2,2,Victoria,
7418,2026-06-06,13:09,J0017,Desierto Neon,Torneo,Lienzo;Tesla,8,6.0,6,4,Victoria,1180.0
9788,2026-07-12,16:24,J0090,Canales de Hielo,Casual,Nadia,8,2.0,5,1,VICTORIA,650.0
246,22-01-26,03:18,J0016,Estacion Orbital,Ranked,Umbra;Tesla,29,7.0,4,5,Victoria,1370.0
966,2026-02-08,06:17,J0026,Estacion Orbital,Ranked,Magnus,30,3.0,6,3,Victoria,830.0
253,22/01/2026,20:40,J0051,Bosque Umbral,Casual,Lienzo,14,4.0,2,2,Victoria,960.0
1184,2026-02-14,11:57,J0010,Desierto Neon,Torneo,Lienzo;Tesla,23,3.0,4,3,Victoria,870.0
2233,08-03-26,22:29,J0017,Desierto Neon,Ranked,Umbra,28,6.0,4,3,Victoria,1170.0
4930,27/04/2026,20:19,J0159,Puerto Escarlata,Torneo,Lienzo;Nadia,17,12.0,3,3,Victoria,1790.0
51,2026-01-17,20:22,J0121,Puerto Escarlata,Torneo,Magnus;Lienzo,30,5.0,7,3,Derrota,510.0
5333,2026-05-04,17:53,J0047,Ciudadela,Casual,Magnus;Brisa,19,5.0,4,5,Victoria,1170.0
1958,2026-03-02,13:25,J0007,Puerto Escarlata,Ranked,Brisa,33,6.0,6,7,Derrota,830.0
1254,2026-02-15,04:44,J0025,Canales de Hielo,Torneo,Magnus,18,4.0,5,2,Victoria,900.0
4440,19-04-26,09:53,J0082,Bosque Umbral,Ranked,Vex,35,8.0,3,1,Derrota,790.0
8924,2026-06-29,18:57,J0025,Puerto Escarlata,Ranked,Lienzo,40,,7,4,Derrota,960.0
4395,2026-04-18,19:22,J0008,Puerto Escarlata,Torneo,Umbra;Nadia;Brisa,24,3.0,2,0,Victoria,760.0
873,2026-02-07,22:33,J0113,Canales de Hielo,Ranked,Umbra;Koro,39,5.0,8,5,Victoria,1090.0
6587,2026-05-24,20:41,J0041,Puerto Escarlata,Ranked,Koro,24,2.0,6,9,Victoria,1030.0
5448,2026-05-06,18:58,J0081,Puerto Escarlata,Ranked,Brisa,37,4.0,4,7,Derrota,670.0
5954,2026-05-14,11:24,J0009,Puerto Escarlata,Casual,Umbra;Lienzo;Brisa,17,7.0,5,5,Victoria,1350.0
3545,2026-04-02,15:38,J0200,Estacion Orbital,Torneo,Nadia,14,9.0,4,4,Victoria,1520.0
9488,08-07-26,16:49,J0047,Canales de Hielo,Casual,Magnus,12,7.0,5,4,Derrota,800.0
2426,2026-03-12,17:41,J0038,Bosque Umbral,Casual,  Nadia;Magnus ,22,6.0,3,3,Derrota,690.0
7147,2026-06-02,19:22,J0138,Estacion Orbital,Ranked,lienzo;tesla,35,3.0,6,6,Victoria,980.0
249,22/01/2026,22:52,J0008,Bosque Umbral,Casual,Magnus;Brisa,32,4.0,4,2,Victoria,920.0
6688,2026-05-25,15:23,J0062,Bosque Umbral,Casual,Vex;Tesla;Nadia,8,,6,1,Victoria,1030.0
9308,2026-07-05,18:30,J0028,Ciudadela,Ranked,Magnus,22,3.0,5,9,Derrota,650.0
2185,2026-03-07,08:42,J0060,Ciudadela,Ranked,Umbra,39,,5,3,Derrota,150.0
7951,2026-06-14,14:11,J0083,Desierto Neon,Casual,Lienzo,28,2.0,4,6,Victoria,920.0
972,08/02/2026,  00:58 ,J0005,Puerto Escarlata,Casual,Koro;Lienzo,26,8.0,3,1,Victoria,1290.0
9252,05-07-26,17:15,J0106,Canales de Hielo,Torneo,Umbra;Tesla,21,5.0,5,9,Victoria,1350.0
1942,2026-03-02,08:49,J0002,Desierto Neon,Ranked,Vex,40,12.0,3,5,Derrota,1390.0
1878,01/03/2026,23:59,J0122,Estacion Orbital,Ranked,Vex;Tesla;Brisa,45,13.0,5,7,Derrota,1550.0
4915,27-04-26,19:19,J0045,Desierto Neon,Ranked,Tesla,24,5.0,6,6,Derrota,680.0
9902,13/07/2026,20:52,J0130,Estacion Orbital,Torneo,Tesla,17,2.0,6,5,Derrota,330.0
5885,13/05/2026,00:43,J0020,Canales de Hielo,Ranked,Nadia,29,4.0,8,5,Victoria,990.0
8382,2026-06-21,06:32,J0055,Estacion Orbital,Casual,Umbra;Koro;Nadia,17,6.0,3,2,Derrota,640.0
9882,2026-07-13,22:30,J0003,Canales de Hielo,Casual,Umbra,21,7.0,7,4,Derrota,760.0
448,2026-01-27,16:45,J0118,Canales de Hielo,Ranked,Brisa,39,4.0,4,3,Victoria,970.0
1786,27/02/2026,22:52,J0061,Estacion Orbital,Ranked,Nadia,33,5.0,3,2,Victoria,1040.0
1748,25/02/2026,19:00,J0117,Canales de Hielo,Ranked,Koro,45,2.0,2,5,DERROTA,410.0
4790,25/04/2026,22:15,J0150,Canales de Hielo,Casual,tesla,22,9.0,5,4,Derrota,1000.0
1091,11/02/2026,19:33,J0200,Ciudadela,Torneo,Nadia;Koro,25,8.0,6,6,Victoria,
1659,23/02/2026,20:27,J0023,Desierto Neon,Ranked,Umbra,27,9.0,7,3,Derrota,910.0
5066,2026-04-30,19:28,J0015,Puerto Escarlata,Ranked,Magnus,33,5.0,5,1,Derrota,450.0
4562,2026-04-21,  08:26 ,J0017,Ciudadela,Ranked,Lienzo;Brisa,41,7.0,4,3,Derrota,770.0
462,2026-01-27,20:33,J0061,Bosque Umbral,Casual,KORO;MAGNUS,31,6.0,6,5,Derrota,73000.0
2733,2026-03-18,15:45,J0124,Estacion Orbital,Torneo,Lienzo;Vex;Brisa,17,7.0,4,6,Derrota,920.0
1761,2026-02-26,00:02,J0033,Ciudadela,Ranked,Nadia,39,5.0,7,4,Derrota,560.0
6034,16/05/2026,20:23,J0019,Puerto Escarlata,Casual,Lienzo;Vex,21,11.0,9,3,Derrota,1070.0
3502,2026-04-01,12:12,J0074,Bosque Umbral,Casual,Lienzo;Koro,8,2.0,3,5,Victoria,890.0
377,2026-01-25,13:11,J0009,Ciudadela,Ranked,Koro,33,7.0,4,2,Derrota,720.0
411,26-01-26,  19:08 ,J0024,Canales de Hielo,Casual,Brisa,20,6.0,4,3,Victoria,1170.0
1776,2026-02-26,23:23,J0032,Ciudadela,Ranked,Nadia,29,6.0,13,2,Derrota,440.0
4138,2026-04-13,19:35,J0050,Desierto Neon,Torneo,Vex,29,4.0,8,2,Victoria,840.0
9585,2026-07-10,08:36,J0047,Ciudadela,Ranked,Umbra;Lienzo;Magnus,36,10.0,3,2,Victoria,1540.0
5073,2026-04-30,00:44,J0001,Ciudadela,Casual,Tesla,17,5.0,3,4,Derrota,640.0
6754,2026-05-26,19:45,J0017,Estacion Orbital,Ranked,Nadia,22,6.0,10,1,Derrota,450.0
4828,2026-04-26,19:49,J0066,Ciudadela,Ranked,Vex,29,16.0,5,11,Derrota,2050.0
8533,2026-06-24,13:05,J0018,Desierto Neon,Casual,  Vex ,31,5.0,4,3,Derrota,570.0
275,2026-01-23,21:31,J0046,Ciudadela,Ranked,Koro,35,,8,3,Victoria,1290.0
4636,2026-04-23,14:40,J0073,Desierto Neon,Ranked,Brisa,39,2.0,2,3,Victoria,810.0
5263,2026-05-03,00:04,J0037,Desierto Neon,Ranked,Koro;Brisa,28,4.0,7,2,Derrota,360.0
9602,10/07/2026,19:26,J0023,Bosque Umbral,Casual,,16,6.0,6,3,Victoria,1130.0
2037,04/03/2026,12:53,J0081,Bosque Umbral,Ranked,Tesla;Umbra,32,8.0,4,4,Victoria,1420.0
9858,2026-07-13,19:03,J0200,Estacion Orbital,Ranked,Brisa,36,11.0,7,5,Victoria,1710.0
4254,16-04-26,22:04,J0104,Desierto Neon,Torneo,Lienzo,30,6.0,3,6,Victoria,1340.0
6325,2026-05-20,18:41,J0062,Puerto Escarlata,Torneo,Brisa,31,1.0,2,3,Derrota,210.0
7210,2026-06-03,10:39,J0011,Estacion Orbital,Torneo,Nadia,29,,0,2,Victoria,1200.0
4396,2026-04-18,14:47,J0144,Desierto Neon,Casual,Vex,10,5.0,3,4,Victoria,1140.0
7539,2026-06-08,04:27,J0110,Estacion Orbital,Casual,Tesla;Koro,26,5.0,2,3,Derrota,610.0
3308,29-03-26,18:15,J0026,Estacion Orbital,Ranked,Umbra;Lienzo,41,7.0,8,8,Derrota,940.0
7733,11/06/2026,01:37,J0020,Estacion Orbital,Casual,Nadia;Koro;Umbra,24,6.0,4,6,Victoria,1320.0
2056,2026-03-04,10:34,J0092,Canales de Hielo,Casual,Koro;Brisa,10,3.0,5,6,Derrota,500.0
9437,2026-07-07,19:02,J0073,Estacion Orbital,Torneo,Brisa;Magnus,30,3.0,7,2,Derrota,260.0
3034,2026-03-23,22:42,J0075,Desierto Neon,Ranked,Nadia,30,5.0,3,6,DERROTA,740.0
6055,16/05/2026,19:27,J0190,Estacion Orbital,Ranked,Koro,29,10.0,5,1,Victoria,1450.0
514,2026-01-28,18:46,J0029,Canales de Hielo,Casual,Lienzo,18,4.0,3,7,Derrota,690.0
4247,2026-04-16,18:18,J0067,Ciudadela,Torneo,Koro,16,8.0,3,3,Derrota,890.0
1483,20-02-26,12:47,J0018,Estacion Orbital,Casual,Lienzo;Tesla;Koro,23,5.0,1,6,Victoria,1280.0
5096,2026-04-30,21:03,J0146,Bosque Umbral,Ranked,Tesla;Magnus;Brisa,29,6.0,5,5,Victoria,1250.0
922,2026-02-07,18:54,J0017,Estacion Orbital,Torneo,Lienzo,24,8.0,5,3,Victoria,1350.0
9050,2026-07-01,19:43,J0039,Ciudadela,Casual,Brisa,13,7.0,5,1,Victoria,1150.0
4852,2026-04-26,20:18,J0006,Canales de Hielo,Torneo,Umbra,31,9.0,7,3,Derrota,910.0
1148,13/02/2026,16:22,J0043,Estacion Orbital,Ranked,Brisa;Vex,44,6.0,7,2,Victoria,1060.0
2499,13-03-26,16:49,J0058,Desierto Neon,Casual,Koro,29,11.0,9,3,Victoria,1570.0
475,2026-01-27,16:22,J0031,Bosque Umbral,Ranked,Vex;Tesla,25,10.0,8,4,,1040.0
8851,2026-06-28,22:11,J0034,Ciudadela,Ranked,Magnus,45,4.0,1,3,Derrota,530.0
2359,2026-03-10,19:37,J0030,Puerto Escarlata,Casual,,18,9.0,5,1,Victoria,1350.0
9183,04-07-26,19:26,J0024,Desierto Neon,Casual,Magnus;Vex;Nadia,24,7.0,2,4,Victoria,1360.0
1278,2026-02-15,09:21,J0069,Ciudadela,Casual,Nadia;Umbra,31,5.0,9,4,Derrota,520.0
6775,2026-05-26,17:32,J0080,Bosque Umbral,Ranked,Brisa,41,2.0,6,5,Victoria,830.0
6227,2026-05-19,21:08,J0019,Desierto Neon,Casual,  Nadia;Brisa ,9,2.0,5,3,Derrota,250.0
7572,2026-06-08,16:26,J0065,Estacion Orbital,Casual,Vex;Magnus;Tesla,26,6.0,5,4,Victoria,1200.0
4869,2026-04-26,00:58,J0065,Desierto Neon,Casual,Nadia;Lienzo;Magnus,16,5.0,6,6,Victoria,"1180,0 pts"
2068,2026-03-04,21:10,J0072,Ciudadela,Ranked,Vex,38,6.0,7,5,Derrota,710.0
5860,13-05-26,21:51,J0053,Desierto Neon,Ranked,,23,12.0,3,4,Victoria,1840.0
4263,2026-04-16,18:15,J0021,Canales de Hielo,Ranked,Vex,39,10.0,9,3,Derrota,970.0
3066,2026-03-24,  22:55 ,J0050,Canales de Hielo,Ranked,Lienzo;Umbra;Tesla,27,3.0,3,8,Victoria,"1140,0 pts"
5358,2026-05-05,13:10,J0141,Puerto Escarlata,Ranked,Magnus,23,8.0,5,2,Derrota,800.0
3621,04-04-26,13:12,J0039,Estacion Orbital,Ranked,Lienzo;Vex,23,7.0,6,7,Victoria,1430.0
7624,2026-06-09,18:44,J0004,Ciudadela,Casual,Umbra;Lienzo,18,2.0,7,9,Victoria,1010.0
9486,2026-07-08,  14:36 ,J0025,Canales de Hielo,Ranked,Umbra,42,1.0,3,1,Derrota,90.0
7628,09-06-26,14:31,J0105,Bosque Umbral,Ranked,BRISA;TESLA,39,12.0,5,7,Victoria,1950.0
5628,2026-05-09,17:23,J0156,Bosque Umbral,Casual,  Nadia ,24,5.0,9,1,Derrota,370.0
6806,2026-05-27,20:18,J0009,Ciudadela,Ranked,Vex;Koro,39,12.0,4,6,Victoria,1920.0
7585,2026-06-09,15:02,J0026,Estacion Orbital,Ranked,Tesla,35,6.0,6,4,Derrota,680.0
4150,2026-04-14,23:09,J0077,Desierto Neon,Ranked,Magnus;Nadia,28,5.0,7,3,Derrota,510.0
9219,04/07/2026,12:34,J0179,Puerto Escarlata,Casual,Nadia;Brisa,14,4.0,9,3,Victoria,870.0
7121,01-06-26,17:23,J0062,Bosque Umbral,Casual,  Lienzo ,10,5.0,6,3,Victoria,"1030,0 pts"
3769,2026-04-07,11:50,J0092,Desierto Neon,Torneo,Tesla,31,4.0,4,2,Victoria,920.0
8020,2026-06-16,16:00,J0021,Ciudadela,Torneo,Vex;Tesla,16,15.0,5,1,Victoria,1950.0
9001,2026-07-01,22:01,J0068,Canales de Hielo,Casual,Vex,11,16.0,9,2,Victoria,2020.0
2808,2026-03-20,23:49,J0200,Ciudadela,Casual,Brisa;Koro,13,8.0,4,5,victoria,1470.0
8301,2026-06-20,20:01,J0139,Ciudadela,Ranked,UMBRA,31,5.0,3,4,Victoria,"1140,0 pts"
8183,2026-06-18,07:22,J0104,Ciudadela,Ranked,Lienzo,28,4.0,2,3,Victoria,1010.0
5307,2026-05-04,18:39,J0004,Ciudadela,Casual,Lienzo,26,5.0,4,4,Victoria,1120.0
7840,2026-06-13,20:25,J0004,Desierto Neon,Ranked,Lienzo,26,5.0,5,5,Derrota,650.0
2520,2026-03-14,11:56,J0057,Bosque Umbral,Ranked,Koro,45,4.0,2,3,Victoria,1010.0
1021,2026-02-10,09:59,J0102,Desierto Neon,Ranked,Umbra,27,3.0,4,5,Derrota,470.0
706,2026-02-02,04:58,J0081,Estacion Orbital,Ranked,Tesla,42,4.0,5,7,Victoria,1150.0
4120,13-04-26,13:21,J0018,Ciudadela,Ranked,Lienzo;Magnus,45,4.0,3,5,VICTORIA,1090.0
5675,10-05-26,18:28,J0075,Puerto Escarlata,Casual,Brisa,27,4.0,7,1,Victoria,810.0
1619,2026-02-23,12:01,J0004,Ciudadela,Casual,Brisa,31,8.0,6,6,Derrota,980.0
6513,23/05/2026,19:35,J0080,Estacion Orbital,Casual,Magnus;Brisa,10,2.0,9,7,Victoria,870.0
909,2026-02-07,01:49,J0037,Ciudadela,Ranked,Koro;Brisa,31,3.0,2,4,,960.0
7270,04-06-26,20:50,J0103,Ciudadela,Torneo,Magnus,21,7.0,7,5,Derrota,810.0
1340,2026-02-17,19:08,J0037,Desierto Neon,Ranked,Magnus;Umbra,45,5.0,9,3,VICTORIA,970.0
4238,2026-04-16,20:12,J0060,Bosque Umbral,Ranked,Umbra;Nadia,23,8.0,6,2,Victoria,
9582,09/07/2026,11:06,J0086,Estacion Orbital,Casual,Umbra,13,3.0,3,1,Derrota,290.0
595,31/01/2026,21:03,J0014,Canales de Hielo,Ranked,,43,0.0,6,7,Derrota,230.0
3985,11-04-26,13:03,J0091,Canales de Hielo,Ranked,,38,4.0,5,4,  Victoria ,1000.0
441,27/01/2026,01:11,J0047,Estacion Orbital,Ranked,Tesla,39,13.0,2,8,DERROTA,1660.0
5406,06-05-26,18:32,J0007,Desierto Neon,Ranked,Brisa,43,7.0,7,4,Victoria,1260.0
7497,07/06/2026,15:39,J0016,Estacion Orbital,Ranked,Nadia,39,6.0,6,4,Victoria,1180.0
6691,2026-05-25,04:08,J0023,Ciudadela,Casual,Brisa,26,7.0,2,2,Victoria,1260.0
11,2026-01-16,04:18,J0053,Estacion Orbital,Casual,Koro;Lienzo,20,2.0,4,5,Victoria,870.0
1209,2026-02-14,19:34,J0093,Puerto Escarlata,Casual,Nadia;Lienzo,22,4.0,4,4,Victoria,1020.0
3459,31-03-26,21:42,J0009,Canales de Hielo,Ranked,Magnus;Nadia,43,2.0,3,4,Victoria,840.0
1442,2026-02-20,19:20,J0154,Estacion Orbital,Ranked,Brisa;Tesla,24,2.0,4,2,Victoria,
3519,2026-04-02,21:20,J0157,Desierto Neon,Casual,Koro,16,6.0,4,1,Victoria,1070.0
94,2026-01-18,18:27,J0023,Estacion Orbital,Ranked,Koro,41,8.0,2,3,Victoria,1410.0
2228,07/03/2026,21:58,J0010,Estacion Orbital,Ranked,Lienzo;Vex,31,7.0,6,3,Victoria,1230.0
1473,20-02-26,18:31,J0131,Desierto Neon,Casual,Lienzo;Tesla,17,,7,6,Victoria,1260.0
2964,2026-03-22,  14:11 ,J0110,Bosque Umbral,Ranked,Brisa;Tesla,45,4.0,5,1,Victoria,850.0
6102,2026-05-17,18:12,J0009,Bosque Umbral,Ranked,Nadia,40,4.0,9,4,Victoria,920.0
4890,2026-04-26,  21:05 ,J0034,Canales de Hielo,Ranked,Vex,38,7.0,5,8,Victoria,1500.0
9441,07-07-26,14:54,J0103,Estacion Orbital,Casual,Tesla;Koro,27,6.0,5,6,Victoria,1300.0
293,2026-01-23,16:43,J0007,Canales de Hielo,Torneo,Brisa;Nadia,30,6.0,6,5,Derrota,730.0
8022,16-06-26,03:31,J0011,Estacion Orbital,Casual,Umbra;Magnus,15,7.0,5,6,Derrota,900.0
4774,2026-04-25,15:16,J0021,Puerto Escarlata,Casual,,23,12.0,4,6,Victoria,1920.0
7400,2026-06-06,21:03,J0012,Puerto Escarlata,Casual,Umbra,29,3.0,6,2,Derrota,280.0
7170,2026-06-02,13:34,J0053,Canales de Hielo,Ranked,Brisa,42,6.0,3,6,Derrota,840.0
8263,2026-06-20,18:25,J0187,Bosque Umbral,Casual,Vex;Umbra,16,5.0,2,5,Victoria,1210.0
8345,21-06-26,23:41,J0010,Estacion Orbital,Ranked,Umbra;Lienzo,42,6.0,5,9,Victoria,1450.0
5941,14/05/2026,18:13,J0200,Canales de Hielo,Casual,Nadia,15,5.0,5,3,Derrota,
9260,2026-07-05,20:58,J0016,Ciudadela,Casual,Brisa,16,9.0,5,5,Victoria,1550.0
6455,22-05-26,13:09,J0074,Bosque Umbral,Torneo,Koro,21,1.0,5,3,Victoria,650.0
2099,2026-03-05,20:00,J0005,Ciudadela,Casual,Tesla,31,8.0,5,4,Victoria,1400.0
1892,2026-03-01,13:21,J0087,Puerto Escarlata,Ranked,Koro,36,7.0,7,2,Derrota,660.0
2253,08-03-26,11:48,J0200,Canales de Hielo,Ranked,Nadia,34,9.0,4,2,Victoria,1420.0
9501,2026-07-08,16:59,J0019,Canales de Hielo,Ranked,Tesla,27,4.0,5,1,Derrota,350.0
8735,2026-06-27,  22:26 ,J0081,Puerto Escarlata,Casual,,12,5.0,6,3,Derrota,530.0
8422,2026-06-22,19:08,J0090,Desierto Neon,Casual,Brisa,25,5.0,4,9,Victoria,1370.0
5442,06-05-26,00:13,J0067,Ciudadela,Ranked,Lienzo;Tesla,31,4.0,2,6,Victoria,1160.0
4399,2026-04-18,21:23,J0119,Ciudadela,Torneo,Magnus,19,8.0,3,8,Derrota,1140.0
2255,2026-03-08,15:32,J0108,Estacion Orbital,Casual,Umbra,30,5.0,4,5,Derrota,670.0
4039,2026-04-12,16:10,J0051,Puerto Escarlata,Casual,Vex,31,9.0,6,2,Victoria,1380.0
4851,2026-04-26,03:17,J0045,Desierto Neon,Casual,Tesla,24,5.0,1,5,Victoria,1230.0
5390,2026-05-05,16:04,J0003,Bosque Umbral,Casual,Magnus,21,5.0,6,5,Victoria,1130.0
7989,2026-06-15,18:37,J0131,Bosque Umbral,Ranked,Brisa;Koro,44,3.0,6,4,Victoria,880.0
1489,2026-02-21,07:31,J0004,Ciudadela,Casual,Magnus,18,3.0,4,3,Derrota,370.0
3102,2026-03-25,16:46,J0170,Canales de Hielo,Ranked,Magnus,39,12.0,3,9,,2090.0
9202,04/07/2026,20:55,J0025,Desierto Neon,Casual,Lienzo;Nadia,23,5.0,4,6,Derrota,720.0
1517,2026-02-21,13:14,J0015,Estacion Orbital,Ranked,,28,8.0,6,2,Victoria,1280.0
4634,23/04/2026,19:51,J0161,Estacion Orbital,Torneo,Koro,23,9.0,3,9,Derrota,"1290,0 pts"
6367,2026-05-21,22:15,J0031,Bosque Umbral,Casual,Magnus;Lienzo,14,6.0,8,3,Victoria,1090.0
3306,28/03/2026,18:43,J0017,Puerto Escarlata,Ranked,Vex;Nadia,24,8.0,6,10,Victoria,1680.0
9863,2026-07-13,20:57,J0035,Ciudadela,Casual,Tesla,25,10.0,5,4,Victoria,1600.0
2752,2026-03-18,19:52,J0040,Puerto Escarlata,Ranked,Koro;Vex,31,6.0,4,5,Derrota,770.0
2767,19-03-26,15:13,J0119,Desierto Neon,Ranked,Umbra;Magnus,23,9.0,6,3,Victoria,1430.0
3022,2026-03-23,18:41,J0135,Estacion Orbital,Casual,Nadia,30,7.0,4,4,Victoria,1320.0
7282,2026-06-04,11:38,J0015,Desierto Neon,Casual,Magnus,16,8.0,9,6,Derrota,920.0
7956,14/06/2026,07:39,J0039,Ciudadela,Casual,Umbra;Tesla;Vex,21,8.0,1,8,Derrota,1180.0
3910,2026-04-09,23:15,J0065,Ciudadela,Casual,Vex,30,9.0,2,2,Victoria,1460.0
2616,15/03/2026,00:27,J0130,Canales de Hielo,Casual,Brisa,16,3.0,6,5,Derrota,430.0
2603,15-03-26,13:42,J0023,Desierto Neon,Casual,Tesla,16,10.0,6,3,Victoria,1530.0
1594,22/02/2026,22:15,J0044,Canales de Hielo,Casual,,21,17.0,10,2,Victoria,2100.0
9647,2026-07-10,18:43,J0067,Estacion Orbital,Casual,Magnus;Nadia,21,8.0,4,0,DERROTA,720.0
6799,27/05/2026,13:03,J0049,Bosque Umbral,Ranked,Brisa,41,3.0,7,5,Derrota,410.0
8754,2026-06-27,16:11,J0029,Desierto Neon,Torneo,  Koro;Tesla ,16,2.0,2,7,Victoria,1010.0
1495,21/02/2026,23:22,J0161,Ciudadela,Ranked,Magnus;Vex,35,10.0,4,5,Derrota,
9978,14-07-26,18:47,J0011,Puerto Escarlata,Casual,Tesla,9,3.0,1,5,Victoria,1030.0
6741,2026-05-26,20:46,J0062,Estacion Orbital,Casual,Magnus,9,6.0,4,4,Derrota,720.0
1384,2026-02-18,18:32,J0200,Puerto Escarlata,Ranked,Brisa,43,8.0,7,3,Derrota,810.0
3131,25-03-26,22:18,J0126,Estacion Orbital,Casual,Umbra,16,8.0,5,2,Victoria,1300.0
701,2026-02-02,10:15,J0059,Bosque Umbral,Ranked,  Umbra ,32,5.0,2,7,Victoria,1310.0
9907,2026-07-13,16:44,J0073,Ciudadela,Casual,Vex;Umbra,22,3.0,6,4,Derrota,380.0
8433,22-06-26,13:00,J0012,Desierto Neon,Casual,Magnus,10,6.0,5,2,Derrota,600.0
7830,13/06/2026,19:32,J0013,Desierto Neon,Ranked,Lienzo,23,7.0,6,5,Derrota,830.0
6022,16/05/2026,15:12,J0045,Puerto Escarlata,Casual,Vex,16,11.0,6,4,Victoria,1680.0
4985,2026-04-28,15:10,J0026,Ciudadela,Ranked,Brisa;Magnus,26,7.0,8,1,Derrota,590.0
5923,14/05/2026,18:05,J0017,Desierto Neon,Ranked,,30,8.0,8,2,Derrota,740.0
7253,2026-06-03,16:45,J0010,Ciudadela,Ranked,Vex,35,6.0,4,3,Victoria,1170.0
3827,2026-04-08,16:00,J0095,Puerto Escarlata,Ranked,Lienzo;Vex,37,12.0,7,4,Derrota,1260.0
9244,2026-07-05,18:05,J0020,Canales de Hielo,Ranked,Magnus,27,12.0,5,4,Victoria,1800.0
4973,28-04-26,10:21,J0113,Bosque Umbral,Casual,Lienzo,8,5.0,5,4,Derrota,600.0
3542,02/04/2026,19:15,J0011,Desierto Neon,Torneo,Tesla,19,3.0,6,3,Victoria,830.0
5399,2026-05-05,08:08,J0019,Canales de Hielo,Ranked,Magnus,42,1.0,6,2,Derrota,
6947,30/05/2026,21:15,J0082,Ciudadela,Casual,Nadia,9,3.0,8,5,Victoria,890.0
6467,22-05-26,23:33,J0088,Desierto Neon,Casual,Tesla,18,4.0,2,6,Victoria,1160.0
9639,10/07/2026,  20:03 ,J0138,Bosque Umbral,Casual,Koro,11,5.0,3,3,Victoria,1090.0
7883,2026-06-13,19:29,J0011,Canales de Hielo,Casual,Koro,29,2.0,7,3,Derrota,210.0
5734,2026-05-11,13:07,J0001,Canales de Hielo,Ranked,Nadia,30,5.0,5,7,Derrota,750.0
1781,27-02-26,19:41,J0044,Desierto Neon,Casual,Brisa;Nadia,28,3.0,11,6,Victoria,
1982,2026-03-03,15:08,J0016,Canales de Hielo,Casual,Umbra,9,10.0,3,0,Derrota,940.0
3315,29-03-26,18:40,J0035,Estacion Orbital,Ranked,Tesla,36,14.0,7,3,Derrota,1410.0
1502,2026-02-21,23:36,J0200,Estacion Orbital,Ranked,Magnus;Koro,35,3.0,4,5,Victoria,970.0
2914,21-03-26,22:21,J0060,Canales de Hielo,Casual,Brisa,10,4.0,3,4,Victoria,"1040,0 pts"
5049,30-04-26,14:32,J0016,Puerto Escarlata,Ranked,Vex;Koro,30,5.0,2,4,,1160.0
4050,12-04-26,20:49,J0065,Ciudadela,Torneo,Brisa,19,4.0,5,5,Victoria,1050.0
3246,28/03/2026,09:39,J0200,Bosque Umbral,Ranked,Tesla,34,12.0,2,4,  Victoria ,1860.0
7594,09-06-26,19:05,J0016,Canales de Hielo,Ranked,Nadia,42,7.0,3,3,Derrota,790.0
604,2026-01-31,17:03,J0068,Estacion Orbital,Ranked,Nadia;Tesla,29,6.0,5,2,Derrota,600.0
4266,2026-04-16,01:50,J0015,Bosque Umbral,Torneo,Koro,28,9.0,6,2,Derrota,880.0
6683,25/05/2026,20:44,J0051,Canales de Hielo,Ranked,Nadia,39,1.0,4,5,Victoria,770.0
394,2026-01-25,20:13,J0028,Canales de Hielo,Casual,,19,4.0,11,2,Derrota,280.0
1311,17/02/2026,12:36,J0014,Canales de Hielo,Ranked,Brisa,31,,5,4,Victoria,1100.0
4867,26/04/2026,20:26,J0053,Bosque Umbral,Casual,Brisa,32,4.0,3,4,Victoria,1040.0
3095,24-03-26,19:03,J0184,Puerto Escarlata,Torneo,Lienzo,14,9.0,3,3,Derrota,990.0
5861,2026-05-13,13:35,J0054,Ciudadela,Casual,Vex,18,9.0,5,2,Derrota,900.0
96,2026-01-18,04:08,J0092,Bosque Umbral,Casual,,9,7.0,7,3,Victoria,1210.0
5956,14/05/2026,16:52,J0071,Ciudadela,Casual,Lienzo,31,3.0,6,3,Derrota,330.0
2456,2026-03-12,17:20,J0015,Estacion Orbital,Ranked,Vex,38,13.0,9,8,Victoria,2020.0
2424,2026-03-12,14:37,J0118,Puerto Escarlata,Casual,Nadia,9,8.0,5,3,Derrota,850.0
6863,2026-05-28,19:19,J0026,Desierto Neon,Casual,Tesla,22,3.0,2,1,Victoria,810.0
9056,2026-07-01,11:41,J0009,Estacion Orbital,Ranked,Nadia;Lienzo;Vex,25,5.0,6,3,Victoria,1030.0
3019,2026-03-23,21:59,J0077,Canales de Hielo,Ranked,Umbra;Vex,27,5.0,5,4,Victoria,1100.0
1569,22/02/2026,17:06,J0026,Ciudadela,Casual,Tesla;Nadia,12,6.0,7,4,Derrota,660.0
7026,2026-05-31,20:39,J0011,Ciudadela,Ranked,Vex;Brisa,27,8.0,4,3,Victoria,1370.0
3886,2026-04-09,12:32,J0012,Estacion Orbital,Casual,Magnus,19,4.0,6,4,Derrota,480.0
3466,2026-03-31,23:13,J0011,Ciudadela,Ranked,Koro;Umbra,29,5.0,4,3,DERROTA,570.0
3468,2026-03-31,05:26,J0017,Ciudadela,Ranked,Nadia,34,6.0,4,0,Derrota,520.0
3058,2026-03-24,03:44,J0108,Estacion Orbital,Ranked,Magnus,22,8.0,3,3,Derrota,"890,0 pts"
1414,2026-02-19,20:35,J0060,Desierto Neon,Ranked,Magnus;Tesla,28,1.0,2,4,Derrota,260.0
5853,12/05/2026,17:54,J0112,Bosque Umbral,Casual,Umbra,12,3.0,2,5,Victoria,1010.0
6434,2026-05-22,18:01,J0110,Estacion Orbital,Ranked,Tesla,23,1.0,4,2,Derrota,120.0
4885,2026-04-26,22:24,J0021,Estacion Orbital,Ranked,Tesla,24,8.0,4,5,  Derrota ,970.0
9839,2026-07-12,11:59,J0008,Puerto Escarlata,Casual,Brisa,26,3.0,7,4,Victoria,860.0
7423,2026-06-06,21:33,J0014,Puerto Escarlata,Ranked,Nadia,38,7.0,5,1,victoria,1150.0
3772,2026-04-07,00:59,J0100,Estacion Orbital,Ranked,Umbra;Vex,31,17.0,2,2,Victoria,2260.0
2936,2026-03-22,21:48,J0035,Ciudadela,Casual,Vex;Brisa;Koro,29,13.0,6,3,,1830.0
5273,03/05/2026,18:52,J0017,Puerto Escarlata,Casual,vex,16,8.0,3,2,Derrota,840.0
7140,2026-06-02,16:23,J0014,Estacion Orbital,Casual,Lienzo,18,1.0,3,3,Victoria,690.0
8316,2026-06-20,06:41,J0002,Bosque Umbral,Ranked,Nadia;Lienzo,26,4.0,7,2,Victoria,860.0
2304,2026-03-09,16:25,J0027,Estacion Orbital,Torneo,Nadia,16,7.0,3,2,Derrota,740.0
9004,2026-07-01,13:33,J0028,Canales de Hielo,Casual,Koro,17,5.0,5,4,Derrota,600.0
6428,21-05-26,21:52,J0200,Canales de Hielo,Ranked,Brisa,26,9.0,0,9,Derrota,1350.0
6026,2026-05-16,23:00,J0097,Desierto Neon,Casual,Umbra;Tesla,16,3.0,6,6,Derrota,480.0
8280,2026-06-20,15:40,J0045,Bosque Umbral,Ranked,Tesla,38,1.0,4,7,Derrota,370.0
20,2026-01-16,20:57,J0040,Bosque Umbral,Casual,Tesla,9,9.0,2,3,Victoria,1510.0
8305,2026-06-20,19:56,J0172,Canales de Hielo,Casual,Koro;Lienzo,29,6.0,3,2,Victoria,
6690,25/05/2026,18:47,J0112,Canales de Hielo,Torneo,Tesla;Vex;Magnus,15,9.0,4,3,Victoria,1470.0
5505,2026-05-07,18:46,J0005,Ciudadela,Casual,Koro,24,10.0,3,2,Derrota,
5776,2026-05-11,18:29,J0177,Desierto Neon,Ranked,  Tesla ,44,10.0,6,10,Derrota,1380.0
3828,2026-04-08,18:02,J0004,Canales de Hielo,Ranked,Koro,23,5.0,2,5,Derrota,
2211,07-03-26,23:52,J0036,Estacion Orbital,Ranked,Vex,24,8.0,4,1,Victoria,1270.0
1262,2026-02-15,22:57,J0200,Desierto Neon,Casual,Brisa;Tesla,13,11.0,3,2,Victoria,1640.0
3003,2026-03-23,01:14,J0004,Desierto Neon,Casual,Vex;Umbra,23,8.0,0,6,Victoria,1600.0
810,2026-02-05,20:16,J0024,Canales de Hielo,Casual,Nadia,26,6.0,3,4,Victoria,1240.0
7959,2026-06-15,20:53,J0025,Canales de Hielo,Casual,Brisa;Umbra,30,6.0,7,5,,710.0
7387,2026-06-06,15:11,J0067,Estacion Orbital,Ranked,Magnus;Koro,27,10.0,4,3,,1570.0
4603,2026-04-22,20:52,J0023,Estacion Orbital,Ranked,Vex,36,13.0,8,4,Derrota,1340.0
1570,22-02-26,02:32,J0062,Ciudadela,Casual,Vex,12,7.0,5,8,Victoria,1500.0
6197,18/05/2026,01:22,J0022,Ciudadela,Casual,Magnus;Brisa,22,3.0,3,3,Derrota,390.0
7536,08-06-26,18:53,J0019,Desierto Neon,Ranked,Vex,29,8.0,5,8,Derrota,1100.0
5226,2026-05-02,20:23,J0170,Puerto Escarlata,Casual,Lienzo,26,8.0,2,3,Victoria,1410.0
1143,2026-02-13,14:10,J0162,Puerto Escarlata,Casual,  Tesla;Magnus ,20,3.0,4,2,Victoria,820.0
2821,20-03-26,18:15,J0002,Desierto Neon,Casual,,27,7.0,3,5,Derrota,890.0
4780,2026-04-25,21:40,J0109,Ciudadela,Ranked,Vex;Koro,45,10.0,4,5,Victoria,1670.0
2928,2026-03-22,00:45,J0019,Canales de Hielo,Ranked,Magnus;Koro;Lienzo,37,6.0,4,5,Derrota,770.0
9154,2026-07-03,22:04,J0041,Puerto Escarlata,Ranked,VEX;BRISA;TESLA,44,4.0,3,2,Victoria,940.0
2153,06-03-26,13:12,J0003,Bosque Umbral,Ranked,Tesla;Magnus,44,1.0,6,3,Derrota,130.0
5764,2026-05-11,18:19,J0099,Bosque Umbral,Casual,Lienzo,28,3.0,6,1,Derrota,230.0
5982,2026-05-15,12:32,J0017,Estacion Orbital,Ranked,Tesla;Nadia,22,9.0,6,3,Victoria,1430.0
3124,25-03-26,  17:44 ,J0049,Ciudadela,Ranked,Nadia;Magnus;Koro,32,6.0,7,1,Derrota,510.0
8719,2026-06-27,  21:44 ,J0103,Canales de Hielo,Torneo,Koro;Nadia,9,9.0,7,6,Derrota,1060.0
9518,2026-07-09,16:51,J0048,Puerto Escarlata,Casual,Umbra,26,5.0,5,3,Victoria,1050.0
6876,2026-05-28,19:08,J0052,Puerto Escarlata,Casual,Koro,20,10.0,2,1,Victoria,1510.0
621,31/01/2026,14:03,J0095,Puerto Escarlata,Ranked,  Tesla ,30,11.0,7,6,Victoria,1760.0
3266,2026-03-28,12:41,J0017,Ciudadela,Casual,Tesla;Vex;Koro,11,11.0,5,5,Victoria,1750.0
3880,09/04/2026,17:59,J0028,Canales de Hielo,Ranked,Nadia,23,5.0,3,2,derrota,540.0
4339,2026-04-18,11:25,J0009,Ciudadela,Ranked,Vex,28,4.0,6,5,Victoria,1030.0
3150,25-03-26,20:36,J0015,Canales de Hielo,Casual,Vex,15,11.0,6,3,Derrota,1130.0
7877,2026-06-13,14:04,J0098,Ciudadela,Casual,Magnus;Koro;Nadia,17,5.0,7,3,Derrota,510.0
1047,11-02-26,22:30,J0047,Estacion Orbital,Ranked,Nadia;Brisa,26,4.0,5,3,,950.0
9364,06/07/2026,19:34,J0168,Puerto Escarlata,Casual,Lienzo,30,4.0,5,6,Derrota,600.0
7822,2026-06-13,17:03,J0200,Desierto Neon,Casual,Umbra,11,10.0,1,4,Derrota,1180.0
2628,2026-03-15,08:41,J0057,Desierto Neon,Ranked,Magnus,39,7.0,7,5,Derrota,
3449,2026-03-31,07:18,J0145,Puerto Escarlata,Ranked,Magnus,27,1.0,4,5,Derrota,270.0
744,2026-02-03,18:49,J0146,Desierto Neon,Casual,Tesla;Magnus,9,6.0,5,5,Victoria,1250.0
223,2026-01-22,20:41,J0027,Ciudadela,Casual,,27,5.0,7,3,Derrota,510.0
4092,2026-04-12,20:22,J0097,Puerto Escarlata,Casual,Umbra;Magnus,16,6.0,3,7,Victoria,1390.0
626,31-01-26,22:05,J0008,Canales de Hielo,Torneo,Lienzo,8,2.0,3,4,Victoria,840.0
8080,2026-06-17,12:33,J0014,Estacion Orbital,Casual,Umbra,9,3.0,3,4,Derrota,
5850,12/05/2026,08:55,J0082,Estacion Orbital,Ranked,Koro,22,5.0,7,5,Derrota,610.0
4668,2026-04-23,19:58,J0018,Estacion Orbital,Ranked,Lienzo,33,7.0,6,6,Victoria,1380.0
7441,2026-06-06,20:30,J0027,Puerto Escarlata,Casual,Magnus,25,7.0,6,0,Victoria,1080.0
2589,15-03-26,14:04,J0200,Desierto Neon,Casual,Umbra,10,6.0,3,4,Derrota,740.0
9480,08-07-26,19:54,J0073,Desierto Neon,Ranked,Brisa,37,0.0,4,2,Derrota,20.0
4059,2026-04-12,07:09,J0008,Canales de Hielo,Ranked,Brisa,26,3.0,8,7,Victoria,990.0
1316,17/02/2026,19:12,J0073,Bosque Umbral,Ranked,Brisa,30,2.0,5,4,Victoria,800.0
1632,23-02-26,15:04,J0023,Estacion Orbital,Casual,Brisa,32,7.0,2,4,Derrota,860.0
6514,23-05-26,21:47,J0109,Desierto Neon,Ranked,Lienzo;Nadia,40,7.0,3,4,Victoria,1340.0
354,2026-01-25,06:07,J0043,Puerto Escarlata,Casual,Nadia;Umbra,10,,2,7,Derrota,410.0
9949,14/07/2026,01:50,J0025,Puerto Escarlata,Casual,Tesla,18,4.0,8,6,Victoria,1040.0
8149,2026-06-18,22:05,J0083,Puerto Escarlata,Torneo,Tesla;Koro,12,3.0,7,2,  Victoria ,760.0
8644,26-06-26,23:45,J0058,Puerto Escarlata,Ranked,Brisa;Tesla,39,4.0,8,4,Victoria,940.0
3289,2026-03-28,20:49,J0114,Ciudadela,Casual,Umbra;Vex;Koro,18,,6,9,Victoria,1230.0
240,2026-01-22,21:07,J0038,Ciudadela,Casual,Nadia,30,4.0,6,8,Victoria,1180.0
2725,2026-03-17,16:48,J0083,Puerto Escarlata,Ranked,Nadia,24,4.0,6,2,Derrota,380.0
2190,07/03/2026,12:15,J0050,Bosque Umbral,Casual,Koro,10,3.0,6,2,VICTORIA,780.0
2390,11/03/2026,12:34,J0131,Desierto Neon,Casual,Nadia,14,9.0,6,6,Derrota,1080.0
3320,2026-03-29,21:53,J0019,Estacion Orbital,Casual,Nadia,19,3.0,7,2,Victoria,760.0
5077,2026-04-30,21:28,J0046,Desierto Neon,Ranked,magnus;lienzo,41,4.0,3,1,Victoria,890.0
8600,25/06/2026,13:29,J0050,Canales de Hielo,Ranked,Magnus,32,6.0,7,8,Victoria,1360.0
6744,2026-05-26,11:37,J0064,Bosque Umbral,Torneo,Vex,10,5.0,8,6,Victoria,1140.0
3273,28-03-26,16:41,J0200,Puerto Escarlata,Ranked,Koro,33,6.0,4,2,Victoria,1120.0
5859,13-05-26,18:38,J0005,Bosque Umbral,Torneo,Vex,30,5.0,4,4,Victoria,1120.0
1019,10/02/2026,13:35,J0097,Desierto Neon,Ranked,,40,8.0,8,0,,640.0
8288,20-06-26,17:26,J0014,Ciudadela,Ranked,Nadia,22,5.0,5,3,Victoria,1050.0
9711,2026-07-11,21:53,J0200,Canales de Hielo,Ranked,umbra;lienzo,26,6.0,0,2,Derrota,700.0
8894,2026-06-29,21:04,J0073,Estacion Orbital,Casual,Lienzo,26,6.0,3,3,Victoria,1190.0
8559,2026-06-24,17:16,J0006,Ciudadela,Ranked,Umbra;Tesla,37,4.0,7,6,Victoria,1060.0
1104,2026-02-12,10:37,J0049,Estacion Orbital,Ranked,Lienzo,22,5.0,4,3,Victoria,1070.0
8445,2026-06-22,22:16,J0074,Puerto Escarlata,Ranked,Tesla,25,6.0,8,4,Victoria,1140.0
7290,04/06/2026,21:32,J0026,Canales de Hielo,Casual,Umbra,22,5.0,4,9,Derrota,870.0
1670,2026-02-24,05:19,J0058,Estacion Orbital,Casual,Nadia;Lienzo,21,7.0,7,3,Derrota,710.0
8380,2026-06-21,19:08,J0200,Ciudadela,Casual,Lienzo,30,7.0,6,5,VICTORIA,1330.0
7035,2026-05-31,23:35,J0055,Ciudadela,Ranked,Lienzo,38,2.0,7,6,Derrota,360.0
5709,10/05/2026,21:56,J0094,Ciudadela,Ranked,Vex;Nadia,23,15.0,4,5,DERROTA,1670.0
6149,2026-05-17,19:43,J0200,Desierto Neon,Torneo,Tesla,9,7.0,8,4,Derrota,740.0
3155,2026-03-26,11:40,J0085,Desierto Neon,Ranked,Tesla,34,8.0,8,6,Derrota,940.0
9613,2026-07-10,23:40,J0013,Canales de Hielo,Casual,Vex,8,9.0,6,3,Victoria,1430.0
9309,05/07/2026,10:16,J0123,Desierto Neon,Casual,Magnus,17,,9,2,Derrota,320.0
7708,2026-06-11,20:32,J0115,Canales de Hielo,Casual,Magnus;Brisa;Tesla,12,4.0,6,4,Derrota,480.0
1531,2026-02-21,13:50,J0078,Ciudadela,Casual,Magnus,29,5.0,9,4,Derrota,
3430,31/03/2026,20:40,J0023,Ciudadela,Ranked,Umbra,30,11.0,2,1,Victoria,1610.0
9417,07/07/2026,15:49,J0200,Ciudadela,Ranked,Magnus,24,7.0,3,4,Derrota,840.0
9491,2026-07-08,06:54,J0090,Estacion Orbital,Casual,Umbra;Lienzo;Vex,13,9.0,5,7,Derrota,1150.0
5119,2026-05-01,18:00,J0086,Ciudadela,Ranked,Koro,25,4.0,3,6,Derrota,640.0
218,2026-01-22,23:46,J0007,Estacion Orbital,Casual,Lienzo,28,7.0,9,7,Victoria,1370.0
9890,2026-07-13,14:49,J0035,Canales de Hielo,Casual,Vex,26,13.0,6,5,Derrota,1430.0
9074,02-07-26,17:18,J0057,Desierto Neon,Casual,Lienzo;Brisa,14,,5,4,Victoria,1200.0
8487,23-06-26,19:40,J0009,Puerto Escarlata,Ranked,Umbra,28,3.0,8,4,Derrota,340.0
1035,2026-02-10,20:51,J0086,Puerto Escarlata,Ranked,Lienzo;Umbra,36,6.0,2,8,Derrota,960.0
5983,2026-05-15,11:26,J0005,Ciudadela,Torneo,Tesla,18,9.0,6,4,Victoria,1480.0
7196,2026-06-02,21:49,J0138,Bosque Umbral,Casual,Tesla,25,2.0,4,4,Derrota,320.0
2418,2026-03-12,18:52,J0135,Desierto Neon,Ranked,Vex;Umbra,40,9.0,9,2,Derrota,820.0
8643,26-06-26,21:17,J0079,Canales de Hielo,Casual,Koro;Lienzo,22,6.0,5,10,Derrota,1000.0
9115,2026-07-03,12:36,J0040,Ciudadela,Casual,Vex,23,9.0,5,3,Victoria,1450.0
907,2026-02-07,15:25,J0066,Estacion Orbital,Ranked,Umbra,41,13.0,5,4,Derrota,1400.0
4506,20-04-26,10:14,J0069,Estacion Orbital,Ranked,Umbra,22,2.0,2,2,Victoria,760.0
7750,2026-06-12,00:35,J0038,Estacion Orbital,Ranked,Lienzo,27,1.0,5,4,Victoria,700.0
6852,2026-05-28,20:15,J0102,Puerto Escarlata,Casual,Vex;Nadia,22,5.0,6,4,Victoria,1080.0
2875,2026-03-21,12:57,J0044,Desierto Neon,Torneo,Umbra,31,10.0,3,5,Derrota,1190.0
7034,31-05-26,22:01,J0097,Desierto Neon,Casual,Brisa,32,3.0,6,3,victoria,830.0
6278,2026-05-19,13:34,J0008,Bosque Umbral,Ranked,Magnus,28,3.0,6,6,Derrota,480.0
6983,30-05-26,19:20,J0103,Bosque Umbral,Casual,Lienzo;Magnus,27,10.0,7,3,Victoria,1510.0
7317,2026-06-05,11:50,J0101,Canales de Hielo,Ranked,Vex,42,8.0,4,3,Derrota,870.0
4218,2026-04-15,15:18,J0019,Canales de Hielo,Casual,Umbra;Koro,23,1.0,6,6,Victoria,780.0
4421,2026-04-19,00:58,J0004,Puerto Escarlata,Casual,Koro;Vex,27,5.0,10,2,Derrota,400.0
3762,07/04/2026,07:19,J0084,Estacion Orbital,Ranked,Vex,38,10.0,3,8,Derrota,1340.0
2819,20/03/2026,18:25,J0002,Ciudadela,Ranked,Lienzo,43,4.0,4,7,Derrota,670.0
1497,2026-02-21,22:29,J0072,Estacion Orbital,Casual,Tesla,12,1.0,5,5,Derrota,250.0
853,06/02/2026,17:53,J0017,Canales de Hielo,Torneo,Brisa;Magnus,8,7.0,5,1,Victoria,1150.0
3603,2026-04-04,02:24,J0073,Ciudadela,Torneo,Tesla,16,6.0,6,3,Derrota,630.0
8099,17-06-26,10:50,J0123,Desierto Neon,Casual,Nadia;Koro,14,4.0,5,3,Derrota,
8825,2026-06-28,19:59,J0144,Puerto Escarlata,Torneo,Koro;Brisa,18,10.0,6,1,Victoria,1430.0
9261,05-07-26,08:50,J0061,Ciudadela,Ranked,Magnus,40,3.0,5,5,Victoria,950.0
4515,2026-04-20,19:38,J0008,Bosque Umbral,Casual,Magnus,30,2.0,1,6,Derrota,480.0
5704,10-05-26,18:42,J0009,Bosque Umbral,Casual,Tesla;Lienzo,31,1.0,3,2,Derrota,140.0
7763,2026-06-12,  16:51 ,J0075,Ciudadela,Ranked,,39,10.0,2,5,Victoria,1710.0
4983,28/04/2026,05:42,J0186,Estacion Orbital,Ranked,Vex;Lienzo;Koro,22,11.0,5,4,Victoria,1700.0
2778,2026-03-19,03:02,J0004,Canales de Hielo,Casual,Magnus;Nadia,21,7.0,4,3,Derrota,770.0
6848,28/05/2026,16:23,J0101,Ciudadela,Casual,Nadia,11,9.0,7,7,Victoria,1610.0
748,03/02/2026,19:11,J0026,Desierto Neon,Ranked,Umbra,39,4.0,7,8,Derrota,"660,0 pts"
9652,11-07-26,00:35,J0056,Puerto Escarlata,Casual,Lienzo,21,4.0,7,4,Derrota,460.0
348,2026-01-25,22:00,J0200,Canales de Hielo,Ranked,Nadia,38,7.0,8,2,Derrota,640.0
7130,2026-06-01,08:05,J0013,Estacion Orbital,Torneo,Nadia,30,7.0,7,1,Victoria,1110.0
6344,2026-05-20,20:34,J0005,Canales de Hielo,Ranked,Lienzo,38,3.0,4,6,Victoria,1020.0
2708,2026-03-17,20:51,J0067,Ciudadela,Casual,Nadia,13,4.0,9,9,Victoria,1170.0
7078,01/06/2026,05:34,J0002,Ciudadela,Casual,Brisa;Tesla,22,2.0,4,1,Derrota,170.0
7430,06-06-26,18:53,J0076,Estacion Orbital,Casual,Lienzo;Umbra,12,8.0,4,5,,970.0
3423,2026-03-31,17:12,J0017,Canales de Hielo,Ranked,Magnus;Lienzo,28,5.0,7,4,Victoria,1060.0
4827,2026-04-26,19:32,J0024,Bosque Umbral,Ranked,Brisa;Nadia,40,7.0,5,3,Victoria,1250.0
5720,2026-05-10,18:13,J0056,Bosque Umbral,Torneo,Lienzo;Nadia,11,0.0,7,12,Derrota,460.0
3354,2026-03-29,19:11,J0020,Bosque Umbral,Ranked,Umbra;Koro,33,10.0,4,3,Derrota,1070.0
8785,2026-06-27,23:20,J0063,Canales de Hielo,Ranked,Umbra,23,8.0,4,6,Victoria,1520.0
3144,25/03/2026,19:01,J0008,Canales de Hielo,Casual,Magnus;Koro,13,2.0,7,6,Derrota,360.0
6018,2026-05-16,00:44,J0043,Ciudadela,Ranked,Brisa;Umbra,35,4.0,6,5,Victoria,1030.0
4919,27-04-26,08:43,J0032,Estacion Orbital,Ranked,,26,14.0,3,4,Derrota,1540.0
3483,2026-04-01,10:06,J0007,Desierto Neon,Casual,Tesla,16,6.0,5,3,Victoria,1150.0
1836,28-02-26,20:04,J0057,Ciudadela,Ranked,Umbra;Koro,36,7.0,6,5,Victoria,1330.0
2274,2026-03-08,17:47,J0016,Estacion Orbital,Ranked,Nadia,37,5.0,4,5,Derrota,670.0
764,2026-02-04,05:20,J0046,Bosque Umbral,Casual,Magnus,11,6.0,3,3,Derrota,690.0
3523,02/04/2026,09:44,J0019,Canales de Hielo,Ranked,Tesla;Lienzo,45,4.0,3,1,Derrota,390.0
6598,2026-05-24,05:21,J0033,Canales de Hielo,Ranked,Brisa;Nadia,45,8.0,8,7,derrota,990.0
8917,2026-06-29,22:22,J0063,Puerto Escarlata,Casual,MAGNUS;VEX,17,14.0,5,5,Victoria,2050.0
4713,2026-04-24,22:08,J0009,Canales de Hielo,Ranked,Nadia,38,5.0,4,4,Derrota,620.0
1223,2026-02-15,18:37,J0015,Canales de Hielo,Casual,Brisa;Lienzo,28,7.0,9,3,Derrota,670.0
2681,17/03/2026,17:46,J0019,Desierto Neon,Casual,Umbra;Brisa,18,2.0,2,8,Derrota,560.0
8726,27-06-26,18:18,J0012,Desierto Neon,Ranked,Koro,24,4.0,7,5,Victoria,1010.0
7866,13/06/2026,21:11,J0016,Estacion Orbital,Torneo,Magnus;Nadia,26,9.0,6,3,Victoria,1430.0
4746,24-04-26,22:51,J0124,Puerto Escarlata,Torneo,Nadia,24,2.0,8,3,Victoria,690.0
6464,2026-05-22,22:51,J0055,Estacion Orbital,Casual,Umbra,23,,3,8,Derrota,840.0
6188,2026-05-18,09:09,J0004,Puerto Escarlata,Casual,Magnus,15,2.0,3,1,Derrota,190.0
9864,13-07-26,01:26,J0200,Desierto Neon,Casual,Nadia,18,8.0,6,3,Derrota,830.0
709,2026-02-02,22:49,J0064,Desierto Neon,Casual,Koro,29,2.0,2,1,Victoria,710.0
510,28/01/2026,18:24,J0043,Puerto Escarlata,Ranked,Tesla,42,5.0,3,4,Victoria,1140.0
3069,2026-03-24,18:00,J0157,Desierto Neon,Ranked,Umbra,40,5.0,4,3,Derrota,570.0
7667,10-06-26,10:10,J0120,Bosque Umbral,Ranked,Umbra;Tesla,28,10.0,6,8,Victoria,1780.0
7324,05-06-26,21:55,J0090,Puerto Escarlata,Ranked,Magnus,43,3.0,2,5,Derrota,510.0
5007,2026-04-29,21:50,J0153,Estacion Orbital,Ranked,Koro,22,3.0,3,3,Derrota,390.0
8448,22-06-26,22:03,J0103,Puerto Escarlata,Casual,Vex,8,10.0,5,3,Derrota,1050.0
2690,17/03/2026,21:18,J0139,Canales de Hielo,Torneo,Lienzo,32,4.0,2,1,Victoria,910.0
4641,23/04/2026,09:05,J0004,Puerto Escarlata,Torneo,  Lienzo ,30,3.0,4,3,Victoria,870.0
6949,30/05/2026,20:39,J0003,Desierto Neon,Casual,Umbra;Tesla,15,6.0,0,3,Victoria,1250.0
7839,2026-06-13,  22:43 ,J0047,Bosque Umbral,Casual,Vex;Koro,19,12.0,5,1,,1650.0
7264,2026-06-04,14:17,J0048,Desierto Neon,Casual,Magnus,21,4.0,5,0,Victoria,800.0
4013,2026-04-11,12:22,J0027,Canales de Hielo,Casual,Lienzo;Magnus,20,2.0,6,6,Derrota,380.0
4554,2026-04-21,22:07,J0078,Bosque Umbral,Torneo,lienzo;umbra;brisa,14,,7,6,Derrota,760.0
712,02-02-26,12:31,J0150,Puerto Escarlata,Ranked,Tesla;Magnus,32,9.0,6,1,Derrota,830.0
6595,2026-05-24,20:44,J0052,Bosque Umbral,Casual,Nadia,26,8.0,6,5,,930.0
9200,04/07/2026,20:31,J0011,Bosque Umbral,Casual,Brisa,20,7.0,6,2,Victoria,1180.0
1513,21-02-26,18:12,J0084,Canales de Hielo,Casual,Tesla,11,4.0,4,4,Derrota,520.0
5658,10/05/2026,21:08,J0025,Ciudadela,Ranked,Koro,30,6.0,9,2,Derrota,520.0
1373,18/02/2026,21:52,J0038,Estacion Orbital,Ranked,Vex;Brisa;Umbra,24,4.0,1,3,victoria,1030.0
4368,18-04-26,21:15,J0011,Desierto Neon,Casual,Lienzo;Brisa,31,5.0,8,8,Victoria,1240.0
713,2026-02-02,14:22,J0011,Puerto Escarlata,Casual,Umbra;Nadia,22,2.0,5,8,Derrota,500.0
3008,2026-03-23,23:26,J0081,Bosque Umbral,Ranked,Nadia,42,5.0,4,1,Derrota,470.0
1246,2026-02-15,07:45,J0035,Bosque Umbral,Ranked,Nadia,37,9.0,3,7,Derrota,1190.0
9937,2026-07-14,16:12,J0069,Estacion Orbital,Casual,Umbra;Lienzo,28,5.0,4,3,Victoria,1070.0
4413,2026-04-19,20:04,J0168,Desierto Neon,Casual,Tesla;Vex,14,6.0,3,4,Victoria,1240.0
5225,02-05-26,22:14,J0005,Ciudadela,Ranked,Tesla,37,6.0,5,3,Derrota,650.0
716,03-02-26,18:03,J0103,Bosque Umbral,Casual,Tesla,22,13.0,3,3,Derrota,1390.0
2508,2026-03-14,17:03,J0072,Estacion Orbital,Casual,Tesla;Magnus,23,4.0,3,6,Derrota,640.0
6059,2026-05-16,23:35,J0002,Estacion Orbital,Casual,Magnus,27,4.0,4,3,Derrota,470.0
5362,05/05/2026,17:06,J0005,Bosque Umbral,Ranked,Umbra;Lienzo,43,7.0,2,3,Victoria,1310.0
8873,2026-06-29,18:17,J0002,Canales de Hielo,Casual,Vex;Tesla,29,7.0,1,8,Victoria,1580.0
2336,10/03/2026,16:09,J0046,Ciudadela,Ranked,Nadia,27,8.0,4,1,DERROTA,770.0
3598,2026-04-04,19:57,J0060,Canales de Hielo,Ranked,Tesla,31,4.0,3,4,Derrota,540.0
2246,2026-03-08,20:48,J0086,Puerto Escarlata,Ranked,magnus,41,6.0,4,4,Derrota,720.0
213,2026-01-21,01:11,J0053,Puerto Escarlata,Casual,Nadia;Magnus,27,4.0,8,8,Derrota,640.0
6228,2026-05-19,18:32,J0053,Estacion Orbital,Ranked,MAGNUS;NADIA,27,13.0,2,3,Victoria,1910.0
4602,2026-04-22,15:39,J0012,Ciudadela,Casual,Brisa;Magnus,18,5.0,4,2,Victoria,1020.0
1011,2026-02-09,12:49,J0082,Canales de Hielo,Casual,Umbra,26,5.0,6,3,Victoria,1030.0
324,2026-01-24,12:02,J0034,Desierto Neon,Casual,Brisa;Tesla;Vex,18,15.0,6,6,Victoria,2180.0
3434,2026-03-31,11:59,J0088,Bosque Umbral,Ranked,Lienzo,42,7.0,3,1,Victoria,1190.0
4274,2026-04-16,03:19,J0144,Bosque Umbral,Torneo,Vex;Lienzo,9,14.0,12,6,Victoria,1960.0
8596,25-06-26,18:36,J0014,Canales de Hielo,Ranked,Brisa;Vex,26,3.0,1,8,Victoria,1180.0
335,2026-01-24,17:42,J0035,Bosque Umbral,Ranked,Lienzo,31,12.0,4,3,Victoria,1770.0
5509,2026-05-07,22:39,J0050,Bosque Umbral,Torneo,Magnus;Vex,30,10.0,7,1,Derrota,910.0
2289,09/03/2026,23:27,J0059,Puerto Escarlata,Casual,Lienzo;Vex,28,,5,2,Victoria,1300.0
2030,2026-03-04,12:37,J0006,Estacion Orbital,Casual,Umbra;Koro,20,9.0,3,2,Derrota,940.0
7563,2026-06-08,19:53,J0063,Ciudadela,Casual,Tesla;Nadia,21,8.0,5,1,  Victoria ,1250.0
1964,2026-03-02,18:22,J0007,Puerto Escarlata,Ranked,,34,13.0,4,1,Derrota,1270.0
234,2026-01-22,15:13,J0007,Bosque Umbral,Casual,Magnus,23,5.0,2,4,Victoria,1160.0
6700,2026-05-25,20:30,J0035,Bosque Umbral,Ranked,Vex,28,12.0,6,5,Victoria,1830.0
4642,2026-04-23,17:27,J0004,Estacion Orbital,Casual,Vex,13,9.0,4,6,Derrota,1120.0
7617,2026-06-09,21:39,J0134,Canales de Hielo,Ranked,Umbra,28,6.0,3,6,Derrota,"840,0 pts"
4322,17-04-26,19:45,J0084,Canales de Hielo,Casual,Brisa;Umbra,24,6.0,6,4,Derrota,680.0
7266,2026-06-04,21:02,J0035,Desierto Neon,Ranked,Nadia;Tesla;Vex,27,10.0,9,2,Victoria,1420.0
9062,2026-07-01,21:21,J0058,Ciudadela,Ranked,Magnus,37,9.0,3,4,,1540.0
8541,24-06-26,19:55,J0027,Canales de Hielo,Casual,Umbra,22,3.0,1,5,Victoria,1030.0
2148,2026-03-06,10:06,J0119,Estacion Orbital,Casual,Vex,27,10.0,2,3,Derrota,1110.0
1663,24/02/2026,18:13,J0031,Bosque Umbral,Ranked,,22,4.0,5,4,Derrota,500.0
9773,2026-07-12,21:35,J0072,Ciudadela,Casual,Nadia,27,5.0,2,5,  Derrota ,710.0
4402,18/04/2026,09:12,J0059,Puerto Escarlata,Ranked,Umbra,25,2.0,4,6,Victoria,920.0
2974,22-03-26,07:54,J0061,Bosque Umbral,Ranked,Umbra;Magnus,34,2.0,4,1,Derrota,170.0
6452,2026-05-22,15:40,J0014,Canales de Hielo,Ranked,Nadia;Vex,40,7.0,3,1,Derrota,690.0
775,04-02-26,19:48,J0084,Desierto Neon,Ranked,Tesla,36,6.0,2,3,Derrota,710.0
2474,2026-03-13,21:44,J0151,Canales de Hielo,Ranked,Brisa,29,7.0,6,1,Victoria,1130.0
872,2026-02-07,03:46,J0030,Desierto Neon,Casual,Nadia,25,12.0,2,7,Derrota,1510.0
1544,2026-02-21,00:42,J0065,Desierto Neon,Ranked,Tesla,39,3.0,4,8,Derrota,620.0
1264,15-02-26,07:05,J0008,Estacion Orbital,Ranked,Nadia;Koro;Umbra,23,3.0,1,3,Derrota,430.0
4922,2026-04-27,13:43,J0070,Canales de Hielo,Casual,Vex,14,4.0,3,4,Victoria,1040.0
4420,2026-04-19,19:10,J0012,Ciudadela,Ranked,Vex;Lienzo,41,7.0,3,1,Victoria,1190.0
7664,10-06-26,16:03,J0045,Ciudadela,Ranked,Umbra;Nadia,34,6.0,5,3,Derrota,650.0
2311,09-03-26,11:47,J0028,Desierto Neon,Casual,Umbra,30,6.0,6,5,Derrota,730.0
7397,2026-06-06,15:28,J0016,Bosque Umbral,Casual,Tesla;Brisa,13,14.0,8,4,Derrota,1440.0
1221,2026-02-14,11:14,J0085,Estacion Orbital,Ranked,,24,5.0,6,0,Derrota,380.0
2679,2026-03-16,20:06,J0200,Desierto Neon,Ranked,Umbra;Magnus,24,3.0,5,6,Victoria,1000.0
5467,07/05/2026,19:01,J0200,Desierto Neon,Casual,Nadia;Lienzo;Tesla,31,6.0,7,4,Victoria,1160.0
409,2026-01-26,17:35,J0045,Ciudadela,Torneo,Vex,31,8.0,7,1,Derrota,710.0
4871,26-04-26,19:17,J0032,Bosque Umbral,Ranked,Nadia,29,4.0,4,3,Derrota,470.0
1685,2026-02-24,22:27,J0016,Bosque Umbral,Casual,Lienzo,29,6.0,1,3,Victoria,1230.0
9027,2026-07-01,22:29,J0051,Desierto Neon,Ranked,Umbra,23,3.0,9,4,Derrota,320.0
9819,2026-07-12,16:45,J0019,Bosque Umbral,Casual,  Vex ,10,5.0,4,5,  Derrota ,670.0
1766,26/02/2026,17:55,J0153,Desierto Neon,Casual,Koro,8,7.0,6,3,Victoria,1230.0
4817,25/04/2026,15:45,J0038,Canales de Hielo,Casual,Umbra,32,7.0,0,1,Victoria,"1250,0 pts"
6759,2026-05-26,11:44,J0017,Ciudadela,Ranked,Lienzo,27,2.0,1,1,Derrota,230.0
7079,2026-06-01,16:38,J0116,Ciudadela,Ranked,Vex;Nadia,24,15.0,5,3,Victoria,2050.0
2184,2026-03-07,16:09,J0027,Desierto Neon,Torneo,Umbra,9,5.0,4,4,Derrota,620.0
3001,23-03-26,14:03,J0031,Canales de Hielo,Ranked,Nadia,33,9.0,2,4,Victoria,
6038,2026-05-16,19:43,J0055,Ciudadela,Ranked,Umbra,37,6.0,8,4,Derrota,640.0
6224,19-05-26,20:37,J0011,Estacion Orbital,Casual,Vex;Umbra;Nadia,15,2.0,1,7,Victoria,1030.0
3080,24-03-26,19:40,J0012,Puerto Escarlata,Casual,Koro,15,9.0,2,9,Victoria,1810.0
6435,22-05-26,16:59,J0036,Canales de Hielo,Ranked,Magnus;Vex,22,9.0,3,5,Victoria,1590.0
2200,2026-03-07,12:36,J0135,Canales de Hielo,Casual,Umbra;Tesla,24,11.0,2,4,Derrota,1260.0
9917,2026-07-13,18:43,J0004,Puerto Escarlata,Torneo,Koro;Vex,9,4.0,5,4,Victoria,1000.0
7960,2026-06-15,19:51,J0101,Estacion Orbital,Casual,Vex;Umbra,12,15.0,4,6,Derrota,1720.0
5706,2026-05-10,21:40,J0033,Puerto Escarlata,Casual,Koro,21,8.0,3,6,Derrota,1040.0
2292,2026-03-09,15:18,J0037,Desierto Neon,Ranked,Magnus,36,12.0,5,4,Derrota,
2109,2026-03-05,07:23,J0044,Canales de Hielo,Torneo,Koro;Vex,24,6.0,5,2,Victoria,1100.0
8814,2026-06-28,01:18,J0016,Bosque Umbral,Casual,Tesla,8,10.0,3,5,Derrota,1190.0
2128,2026-03-06,17:28,J0153,Estacion Orbital,Torneo,Brisa;Koro,13,10.0,4,3,Victoria,1570.0
7744,11-06-26,  12:06 ,J0007,Canales de Hielo,Ranked,,38,14.0,4,5,Derrota,1570.0
8236,2026-06-19,18:46,J0115,Desierto Neon,Casual,Nadia,25,4.0,4,5,,1070.0
3509,02/04/2026,19:43,J0079,Estacion Orbital,Casual,vex,17,10.0,6,5,Derrota,1130.0
2158,2026-03-06,18:07,J0200,Canales de Hielo,Ranked,Brisa;Vex;Lienzo,23,11.0,5,4,Victoria,1700.0
1499,2026-02-21,20:27,J0176,Desierto Neon,Casual,Koro;Umbra,15,4.0,5,3,Victoria,950.0
1480,2026-02-20,09:31,J0129,Canales de Hielo,Ranked,Vex;Koro,27,6.0,9,3,Victoria,1070.0
7017,2026-05-31,21:56,J0177,Estacion Orbital,Casual,Magnus,23,12.0,5,2,Derrota,1200.0
4721,2026-04-24,18:14,J0078,Canales de Hielo,Ranked,Koro,28,,7,8,Derrota,560.0
4878,2026-04-26,21:01,J0025,Puerto Escarlata,Ranked,Magnus,22,,2,6,Derrota,460.0
6962,2026-05-30,15:30,J0012,Puerto Escarlata,Casual,Nadia,19,4.0,3,5,Victoria,1090.0
1559,2026-02-21,22:47,J0013,Canales de Hielo,Ranked,Magnus;Umbra,28,3.0,5,2,Derrota,300.0
8313,2026-06-20,19:53,J0200,Ciudadela,Ranked,Lienzo;Brisa,24,9.0,4,2,Derrota,920.0
5329,2026-05-04,16:25,J0040,Estacion Orbital,Ranked,Vex;Magnus,42,8.0,4,6,Derrota,1020.0
3182,2026-03-26,22:11,J0036,Desierto Neon,Casual,Tesla;Nadia;Vex,24,9.0,8,2,victoria,1340.0
5765,11/05/2026,12:19,J0109,Canales de Hielo,Casual,Nadia;Vex,27,9.0,3,3,Derrota,"990,0 pts"
5141,2026-05-01,11:54,J0057,Puerto Escarlata,Torneo,Lienzo;Magnus,31,5.0,6,2,Derrota,480.0
9848,13/07/2026,21:32,J0009,Puerto Escarlata,Ranked,Tesla;Lienzo;Vex,34,6.0,1,2,Derrota,680.0
6433,2026-05-22,22:06,J0048,Bosque Umbral,Casual,Lienzo;Vex,17,10.0,4,2,Victoria,1520.0
746,2026-02-03,20:55,J0039,Desierto Neon,Ranked,Magnus,30,8.0,5,5,Derrota,950.0
9357,2026-07-06,15:57,J0013,Desierto Neon,Ranked,Brisa,29,5.0,4,1,Victoria,
711,2026-02-02,15:16,J0090,Bosque Umbral,Ranked,Magnus,41,4.0,2,1,Victoria,910.0
380,25/01/2026,23:42,J0002,Estacion Orbital,Casual,Nadia;Vex;Tesla,26,10.0,6,7,Derrota,1230.0
8216,2026-06-19,15:21,J0022,Ciudadela,Casual,Koro,28,5.0,5,1,Victoria,950.0
3012,2026-03-23,15:27,J0010,Estacion Orbital,Casual,Magnus;Lienzo,8,6.0,2,5,Derrota,810.0
8928,2026-06-29,23:56,J0020,Canales de Hielo,Ranked,Brisa;Nadia,39,9.0,4,5,Victoria,1570.0
7278,2026-06-04,22:32,J0092,Desierto Neon,Torneo,Brisa,17,7.0,5,3,Derrota,750.0
4302,2026-04-17,19:09,J0173,Desierto Neon,Ranked,,35,11.0,6,6,Derrota,1280.0
4077,2026-04-12,17:54,J0015,Estacion Orbital,Ranked,Magnus,25,17.0,3,2,Victoria,2240.0
7908,14/06/2026,22:42,J0074,Puerto Escarlata,Casual,koro,14,5.0,3,6,Derrota,740.0
4569,2026-04-21,  19:13 ,J0046,Desierto Neon,Ranked,Koro,44,6.0,5,5,Victoria,1250.0
5282,2026-05-03,19:29,J0008,Ciudadela,Ranked,Vex;Brisa,29,11.0,9,3,Victoria,1570.0
9041,2026-07-01,10:26,J0200,Desierto Neon,Ranked,Koro,31,7.0,3,3,Victoria,1290.0
8349,2026-06-21,18:17,J0200,Ciudadela,Casual,Umbra;Vex,14,,8,3,Victoria,790.0
4920,27/04/2026,18:28,J0011,Puerto Escarlata,Ranked,Brisa,27,3.0,8,6,Derrota,440.0
9476,2026-07-08,20:09,J0200,Estacion Orbital,Casual,Tesla;Magnus;Koro,28,8.0,5,2,Derrota,800.0
1314,2026-02-17,18:29,J0019,Puerto Escarlata,Casual,Umbra;Lienzo;Magnus,25,4.0,9,1,Derrota,270.0
8362,21/06/2026,08:46,J0018,Puerto Escarlata,Casual,Nadia,14,4.0,7,2,Derrota,360.0
5015,29-04-26,21:49,J0021,Desierto Neon,Ranked,Lienzo;Brisa,45,5.0,3,5,Derrota,690.0
2927,22/03/2026,22:25,J0058,Canales de Hielo,Ranked,KORO;VEX,44,8.0,7,2,Victoria,
4186,2026-04-14,21:56,J0006,Desierto Neon,Ranked,Vex;Magnus,43,15.0,5,3,Victoria,2050.0
6948,2026-05-30,14:12,J0029,Desierto Neon,Ranked,Koro,45,3.0,6,4,Derrota,380.0
1286,2026-02-16,18:01,J0022,Puerto Escarlata,Torneo,NADIA;MAGNUS;BRISA,24,7.0,3,5,Derrota,890.0
4464,19/04/2026,17:59,J0122,Puerto Escarlata,Ranked,Brisa,40,14.0,5,7,Victoria,2150.0
8013,2026-06-16,14:28,J0022,Bosque Umbral,Torneo,Magnus;Brisa,12,4.0,6,4,  Victoria ,980.0
1350,18-02-26,19:04,J0108,Bosque Umbral,Ranked,Lienzo,28,2.0,2,3,Victoria,810.0
5852,2026-05-12,00:12,J0045,Canales de Hielo,Ranked,Tesla;Lienzo,40,4.0,4,3,Derrota,470.0
8064,2026-06-16,23:14,J0121,Estacion Orbital,Ranked,MAGNUS,41,0.0,9,4,Derrota,20.0
8833,2026-06-28,14:56,J0034,Puerto Escarlata,Casual,Umbra,13,5.0,4,6,Derrota,720.0
1924,2026-03-01,20:26,J0004,Estacion Orbital,Casual,Koro,31,4.0,3,5,Derrota,590.0
428,2026-01-26,20:10,J0005,Canales de Hielo,Casual,Vex,12,13.0,5,6,Derrota,1500.0
654,2026-02-01,21:49,J0015,Puerto Escarlata,Torneo,Umbra,14,9.0,4,4,Derrota,1020.0
8142,2026-06-17,16:26,J0017,Estacion Orbital,Casual,Nadia;Magnus;Brisa,14,9.0,7,5,Derrota,1010.0
6540,2026-05-23,21:02,J0076,Estacion Orbital,Ranked,,30,7.0,4,3,Derrota,770.0
8554,2026-06-24,18:20,J0021,Canales de Hielo,Casual,Magnus,29,5.0,1,2,Derrota,580.0
1609,22/02/2026,19:13,J0028,Canales de Hielo,Ranked,Umbra,34,5.0,6,8,Derrota,780.0
3371,2026-03-30,20:04,J0002,Ciudadela,Casual,Magnus;Umbra,20,2.0,2,8,DERROTA,560.0
4826,2026-04-26,16:51,J0110,Estacion Orbital,Casual,Tesla,32,,6,5,Derrota,430.0
6138,2026-05-17,05:17,J0014,Canales de Hielo,Ranked,Vex,29,7.0,4,3,Victoria,1270.0
9012,2026-07-01,18:35,J0093,Puerto Escarlata,Ranked,Lienzo,25,4.0,4,3,Derrota,470.0
6183,2026-05-18,19:22,J0101,Canales de Hielo,Casual,Magnus;Umbra;Lienzo,17,18.0,5,2,Derrota,1800.0
9213,04-07-26,15:06,J0029,Bosque Umbral,Casual,Nadia;Magnus;Tesla,29,4.0,7,2,Derrota,360.0
612,2026-01-31,19:00,J0010,Ciudadela,Ranked,Nadia,44,9.0,6,1,Derrota,830.0
6058,2026-05-16,15:50,J0123,Puerto Escarlata,Ranked,Nadia;Lienzo,29,5.0,1,6,Derrota,780.0
7534,08/06/2026,22:32,J0011,Canales de Hielo,Ranked,Tesla,40,1.0,4,2,Victoria,620.0
3785,07-04-26,22:36,J0021,Desierto Neon,Casual,Umbra,13,8.0,6,3,Victoria,1330.0
2192,07-03-26,20:08,J0005,Puerto Escarlata,Ranked,Umbra,43,7.0,2,3,DERROTA,810.0
4192,2026-04-14,14:39,J0002,Puerto Escarlata,Ranked,Koro;Magnus;Nadia,43,9.0,6,2,Victoria,
4627,2026-04-23,17:20,J0141,Canales de Hielo,Casual,NADIA,17,8.0,5,5,Derrota,950.0
4004,11-04-26,11:12,J0023,Canales de Hielo,Ranked,Nadia,31,11.0,6,2,Victoria,1580.0
555,2026-01-29,23:27,J0066,Estacion Orbital,Ranked,  Tesla;Lienzo ,28,4.0,4,5,Derrota,570.0
6734,26-05-26,12:36,J0027,Bosque Umbral,Ranked,Magnus,27,7.0,5,5,Derrota,850.0
512,2026-01-28,12:59,J0064,Bosque Umbral,Casual,Koro;Vex,19,,7,3,Derrota,"410,0 pts"
4310,17-04-26,20:53,J0049,Canales de Hielo,Ranked,Vex,41,10.0,3,3,Victoria,1590.0
8249,20-06-26,16:03,J0016,Ciudadela,Ranked,Magnus,41,8.0,7,3,Victoria,1310.0
968,2026-02-08,11:58,J0034,Bosque Umbral,Ranked,tesla;umbra,39,5.0,1,4,  Derrota ,"680,0 pts"
6153,2026-05-17,03:33,J0070,Estacion Orbital,Ranked,Nadia,40,4.0,4,2,Victoria,920.0
4802,25-04-26,07:31,J0104,Puerto Escarlata,Ranked,Koro,23,,7,2,Derrota,860.0
9813,12-07-26,23:00,J0056,Desierto Neon,Torneo,Umbra,23,3.0,7,6,Victoria,960.0
6190,2026-05-18,13:41,J0097,Estacion Orbital,Ranked,Tesla;Vex,31,6.0,2,8,Victoria,1460.0
3996,2026-04-11,20:24,J0075,Desierto Neon,Ranked,Vex,38,7.0,2,2,Victoria,1260.0
2565,15/03/2026,19:37,J0066,Desierto Neon,Ranked,Vex;Lienzo;Nadia,25,11.0,4,4,Derrota,1220.0
4344,18/04/2026,  22:45 ,J0046,Estacion Orbital,Ranked,Vex;Magnus,42,12.0,7,5,Derrota,1310.0
7896,14-06-26,06:43,J0052,Canales de Hielo,Casual,Nadia,27,5.0,8,1,Derrota,390.0
9548,2026-07-09,20:52,J0157,Puerto Escarlata,Casual,Umbra;Lienzo;Vex,17,12.0,4,7,Victoria,1970.0
6990,2026-05-30,21:27,J0022,Ciudadela,Ranked,Magnus;Vex;Koro,41,12.0,7,5,Victoria,1810.0
3845,08/04/2026,15:07,J0003,Estacion Orbital,Ranked,Umbra,44,5.0,11,4,  Victoria ,980.0
3335,29-03-26,16:33,J0030,Desierto Neon,Casual,Lienzo;Koro,29,5.0,5,5,Victoria,1150.0
5503,2026-05-07,17:40,J0033,Canales de Hielo,Casual,Nadia,14,7.0,7,3,Victoria,1210.0
4886,2026-04-26,14:00,J0075,Canales de Hielo,Casual,Brisa,13,6.0,4,5,Derrota,770.0
1110,2026-02-12,21:51,J0048,Ciudadela,Ranked,Koro;Umbra,32,5.0,4,5,Victoria,1170.0
5829,12-05-26,20:05,J0178,Desierto Neon,Casual,Umbra;Nadia,22,6.0,4,5,Derrota,770.0
5900,2026-05-13,19:36,J0031,Desierto Neon,Casual,Vex,16,5.0,6,6,Victoria,1180.0
1039,10-02-26,21:24,J0102,Ciudadela,Casual,Umbra;Koro;Nadia,21,3.0,3,2,Derrota,340.0
1195,2026-02-14,19:21,J0095,Estacion Orbital,Ranked,Nadia;Koro,41,5.0,2,4,Victoria,1160.0
5506,2026-05-07,17:36,J0030,Puerto Escarlata,Torneo,Umbra;Vex,18,12.0,6,4,Victoria,1780.0
6836,28/05/2026,19:00,J0023,Desierto Neon,Ranked,Umbra,30,10.0,5,8,Derrota,1300.0
4726,2026-04-24,09:19,J0036,Estacion Orbital,Casual,Brisa;Magnus,13,8.0,5,4,Derrota,900.0
7523,2026-06-08,16:29,J0128,Canales de Hielo,Casual,Koro,15,3.0,5,5,Derrota,450.0
9044,01/07/2026,07:18,J0084,Canales de Hielo,Ranked,Magnus;Brisa,36,10.0,4,7,Derrota,1270.0
8964,2026-06-30,12:57,J0130,Ciudadela,Ranked,Lienzo,33,3.0,4,8,Victoria,1120.0
935,2026-02-08,11:36,J0018,Canales de Hielo,Ranked,Brisa,28,4.0,6,4,Victoria,980.0
7753,2026-06-12,  18:04 ,J0057,Estacion Orbital,Ranked,Nadia,33,15.0,4,1,Victoria,1970.0
6241,2026-05-19,10:27,J0012,Desierto Neon,Ranked,Tesla,27,3.0,6,5,Derrota,430.0
395,2026-01-25,04:21,J0016,Ciudadela,Ranked,Umbra;Nadia,41,5.0,4,6,DERROTA,720.0
2841,2026-03-20,18:14,J0197,Desierto Neon,Casual,Koro;Lienzo,12,4.0,7,2,Victoria,860.0
2615,15/03/2026,16:32,J0047,Estacion Orbital,Casual,Brisa,17,12.0,1,5,VICTORIA,1930.0
9236,04-07-26,17:25,J0106,Canales de Hielo,Ranked,Koro;Magnus;Vex,25,10.0,7,3,Victoria,1510.0
3778,07/04/2026,14:06,J0038,Desierto Neon,Ranked,Tesla;Vex,44,4.0,6,3,Derrota,430.0
583,30/01/2026,19:46,J0034,Puerto Escarlata,Casual,Magnus,16,4.0,9,4,Victoria,920.0
5267,2026-05-03,20:06,J0042,Estacion Orbital,Ranked,Koro;Brisa;Lienzo,36,4.0,7,2,Victoria,860.0
1298,2026-02-16,04:13,J0018,Bosque Umbral,Torneo,Vex;Lienzo,24,1.0,5,5,Victoria,"750,0 pts"
5136,2026-05-01,22:32,J0055,Ciudadela,Ranked,Tesla;Nadia,23,2.0,0,5,Victoria,
1163,2026-02-13,  18:04 ,J0071,Canales de Hielo,Ranked,Koro,43,3.0,5,8,,600.0
5420,2026-05-06,17:26,J0026,Bosque Umbral,Ranked,Brisa;Tesla,39,5.0,7,5,Derrota,610.0
2406,12-03-26,17:29,J0144,Puerto Escarlata,Casual,Umbra,19,2.0,4,2,Victoria,720.0
1528,2026-02-21,19:11,J0038,Puerto Escarlata,Ranked,Magnus;Tesla,36,4.0,6,4,Victoria,
6479,22-05-26,16:46,J0084,Ciudadela,Ranked,,25,6.0,2,6,Derrota,860.0
3446,31/03/2026,13:21,J0051,Desierto Neon,Casual,  Brisa;Koro ,28,4.0,3,3,Derrota,
8157,2026-06-18,01:54,J0011,Bosque Umbral,Casual,Lienzo,25,3.0,5,1,Victoria,750.0
2949,2026-03-22,21:30,J0027,Ciudadela,Casual,NADIA;TESLA,11,4.0,4,5,Victoria,1070.0
59,2026-01-17,10:51,J0010,Canales de Hielo,Casual,Vex;Tesla,31,4.0,5,5,Derrota,550.0
6707,2026-05-25,20:19,J0114,Estacion Orbital,Casual,VEX,11,5.0,4,5,Derrota,670.0
4563,2026-04-21,18:03,J0007,Bosque Umbral,Ranked,Umbra,22,11.0,2,4,Victoria,1760.0
2770,19-03-26,22:20,J0094,Bosque Umbral,Casual,Nadia;Vex,13,8.0,6,5,,1430.0
4615,2026-04-22,22:07,J0014,Puerto Escarlata,Ranked,Umbra,44,7.0,4,5,Victoria,1370.0
4404,19-04-26,19:54,J0019,Bosque Umbral,Ranked,Magnus;Tesla,24,5.0,3,5,Victoria,1190.0
2407,2026-03-12,19:39,J0004,Ciudadela,Ranked,Magnus;Tesla;Nadia,45,1.0,1,6,Victoria,880.0
6139,2026-05-17,04:09,J0066,Puerto Escarlata,Ranked,Umbra;Nadia,42,5.0,3,2,Victoria,1040.0
1902,01-03-26,06:15,J0055,Puerto Escarlata,Torneo,Magnus,8,5.0,5,3,Victoria,"1050,0 pts"
7093,2026-06-01,18:10,J0037,Canales de Hielo,Casual,Magnus;Tesla,29,2.0,7,5,Derrota,310.0
2089,2026-03-05,09:29,J0146,Estacion Orbital,Casual,Koro,27,4.0,3,5,Derrota,590.0
2493,13/03/2026,22:17,J0037,Canales de Hielo,Casual,Brisa;Lienzo;Magnus,19,6.0,4,2,Victoria,1120.0
6404,2026-05-21,15:59,J0008,Puerto Escarlata,Casual,,11,5.0,9,5,Victoria,1070.0
8580,2026-06-25,17:21,J0190,Estacion Orbital,Casual,Tesla,20,4.0,4,2,Victoria,
677,2026-02-02,19:51,J0200,Ciudadela,Torneo,Magnus;Tesla,17,6.0,3,6,Derrota,840.0
4863,2026-04-26,17:35,J0026,Estacion Orbital,Ranked,BRISA,24,5.0,3,4,Derrota,640.0
5630,2026-05-09,09:31,J0029,Ciudadela,Casual,Nadia,10,3.0,7,5,Victoria,910.0
3795,2026-04-07,20:32,J0059,Estacion Orbital,Ranked,Nadia,25,3.0,1,2,,380.0
9757,2026-07-12,09:20,J0056,Bosque Umbral,Casual,Koro,14,5.0,7,3,Derrota,510.0
9572,2026-07-09,10:39,J0109,Puerto Escarlata,Casual,Umbra,21,8.0,4,4,Derrota,920.0
2836,2026-03-20,18:49,J0123,Puerto Escarlata,Ranked,Magnus,23,8.0,2,2,Victoria,1360.0
4114,2026-04-13,22:43,J0054,Bosque Umbral,Ranked,Vex;Lienzo,26,,4,8,Victoria,1520.0
4141,13/04/2026,17:20,J0055,Ciudadela,Casual,Umbra,13,4.0,6,6,Victoria,1080.0
2761,19-03-26,17:25,J0001,Canales de Hielo,Casual,Lienzo;Umbra;Tesla,25,10.0,4,5,Victoria,1670.0
3707,2026-04-05,19:31,J0172,Ciudadela,Ranked,Lienzo,23,7.0,3,5,Victoria,1390.0
7921,2026-06-14,21:19,J0003,Ciudadela,Casual,Nadia,31,,6,6,Derrota,580.0
6019,16/05/2026,19:08,J0036,Desierto Neon,Ranked,Koro,44,1.0,7,5,Victoria,710.0
7885,14-06-26,15:54,J0018,Desierto Neon,Torneo,brisa,29,6.0,9,2,Victoria,1020.0
867,2026-02-06,17:04,J0020,Bosque Umbral,Ranked,Vex,42,11.0,1,0,Victoria,1580.0
3298,28/03/2026,21:04,J0059,Bosque Umbral,Torneo,Nadia,22,2.0,4,7,Derrota,470.0
5121,2026-05-01,16:14,J0001,Ciudadela,Casual,Tesla,25,1.0,4,3,Derrota,170.0
6867,2026-05-28,15:53,J0033,Puerto Escarlata,Ranked,Magnus;Nadia,35,7.0,8,7,Victoria,1390.0
9621,10/07/2026,22:03,J0104,Canales de Hielo,Casual,Vex,21,8.0,7,4,Victoria,1360.0
6374,21/05/2026,16:48,J0013,Desierto Neon,Casual,Magnus,28,7.0,8,6,Derrota,840.0
4194,2026-04-15,21:22,J0090,Estacion Orbital,Ranked,Koro;Tesla;Magnus,24,6.0,5,7,Victoria,1350.0
5222,2026-05-02,19:42,J0007,Estacion Orbital,Casual,Brisa;Nadia,14,8.0,6,4,Victoria,1380.0
9167,2026-07-03,21:26,J0200,Canales de Hielo,Casual,Lienzo,18,6.0,6,4,Derrota,
2969,2026-03-22,16:37,J0002,Bosque Umbral,Casual,Tesla,18,7.0,4,7,,970.0
9857,13-07-26,22:24,J0033,Canales de Hielo,Casual,Nadia,15,4.0,4,5,,1070.0
9264,2026-07-05,15:09,J0002,Bosque Umbral,Ranked,Umbra;Brisa;Tesla,37,6.0,4,6,Victoria,1320.0
9774,2026-07-12,22:56,J0110,Ciudadela,Casual,Magnus;Vex,13,7.0,4,5,  Victoria ,1370.0
5897,2026-05-13,17:10,J0025,Estacion Orbital,Ranked,Vex;Koro,40,10.0,2,3,Victoria,1610.0
7696,11/06/2026,20:24,J0018,Ciudadela,Ranked,Brisa;Tesla;Vex,25,4.0,3,8,Derrota,740.0
4844,2026-04-26,22:39,J0059,Desierto Neon,Ranked,Umbra;Vex,24,2.0,4,6,Victoria,920.0
1211,2026-02-14,23:37,J0059,Estacion Orbital,Casual,Magnus;Brisa,12,1.0,3,6,  Derrota ,340.0
9739,11/07/2026,18:31,J0057,Puerto Escarlata,Casual,Vex;Koro,32,13.0,5,4,Victoria,1900.0
6222,2026-05-18,16:03,J0031,Bosque Umbral,Ranked,Magnus,43,4.0,7,5,Derrota,
2261,2026-03-08,21:36,J0170,Ciudadela,Casual,Brisa,29,,4,3,Victoria,
6265,19-05-26,18:35,J0038,Bosque Umbral,Casual,Brisa;Nadia,26,6.0,2,6,DERROTA,860.0
9240,04-07-26,19:12,J0091,Canales de Hielo,Casual,Tesla,19,8.0,4,3,Victoria,1370.0
8041,16/06/2026,00:17,J0044,Ciudadela,Casual,Tesla,15,8.0,4,4,Derrota,920.0
3313,29/03/2026,16:51,J0057,Canales de Hielo,Torneo,Vex,11,2.0,6,6,Derrota,"380,0 pts"
8409,2026-06-22,18:39,J0087,Ciudadela,Casual,,15,7.0,5,6,Derrota,900.0
4825,2026-04-26,21:40,J0105,Ciudadela,Casual,Vex,11,8.0,9,5,Victoria,1370.0
5246,2026-05-03,20:17,J0012,Ciudadela,Casual,Lienzo,28,5.0,3,3,Derrota,590.0
618,2026-01-31,07:57,J0081,Canales de Hielo,Ranked,Brisa;Umbra,23,5.0,6,4,Victoria,1080.0
6609,2026-05-24,19:05,J0021,Puerto Escarlata,Ranked,Vex;Nadia,43,10.0,5,5,Victoria,1650.0
9449,08/07/2026,09:43,J0172,Estacion Orbital,Ranked,Lienzo,43,6.0,4,2,Derrota,620.0
9954,14-07-26,20:50,J0055,Canales de Hielo,Casual,Umbra,25,3.0,2,5,Victoria,1010.0
4177,14-04-26,20:09,J0049,Ciudadela,Ranked,Brisa,27,5.0,8,2,Derrota,440.0
767,2026-02-04,19:47,J0058,Puerto Escarlata,Ranked,Nadia;Brisa,30,7.0,3,3,Victoria,1290.0
7203,2026-06-02,14:41,J0131,Estacion Orbital,Ranked,Lienzo,25,6.0,5,4,Victoria,"1200,0 pts"
7183,2026-06-02,01:44,J0058,Canales de Hielo,Ranked,Vex;Lienzo;Nadia,41,7.0,4,8,Victoria,1520.0
5823,12-05-26,00:29,J0182,Puerto Escarlata,Ranked,Nadia,28,10.0,4,2,Derrota,1020.0
1145,2026-02-13,20:51,J0083,Canales de Hielo,Ranked,,33,4.0,7,4,Derrota,460.0
8489,2026-06-23,10:18,J0086,Estacion Orbital,Casual,Tesla;Nadia,25,6.0,5,3,Derrota,650.0
2754,2026-03-19,03:02,J0039,Canales de Hielo,Casual,Tesla,15,5.0,2,2,Derrota,560.0
463,2026-01-27,14:42,J0005,Estacion Orbital,Casual,Umbra;Tesla,24,9.0,0,1,DERROTA,950.0
3045,23/03/2026,19:06,J0029,Estacion Orbital,Torneo,Vex,23,8.0,5,1,Victoria,1250.0
2046,04/03/2026,08:04,J0064,Bosque Umbral,Ranked,Lienzo;Umbra;Koro,33,4.0,5,2,Victoria,900.0
3816,08-04-26,21:47,J0061,Bosque Umbral,Casual,Umbra,16,9.0,6,9,Derrota,1230.0
2134,2026-03-06,19:07,J0019,Puerto Escarlata,Ranked,Koro;Brisa,33,6.0,6,2,Victoria,1080.0
7938,2026-06-14,19:04,J0124,Desierto Neon,Ranked,Magnus;Nadia,37,7.0,7,4,Victoria,1260.0
5397,2026-05-05,19:41,J0120,Ciudadela,Ranked,Lienzo,41,8.0,7,2,Derrota,760.0
5287,03-05-26,00:29,J0025,Puerto Escarlata,Ranked,Nadia;Koro,41,9.0,6,3,Victoria,1430.0
9017,2026-07-01,12:32,J0057,Estacion Orbital,Ranked,Magnus;Umbra;Vex,24,14.0,4,4,Victoria,
3652,05/04/2026,20:05,J0027,Estacion Orbital,Casual,Koro;Vex,27,11.0,2,4,Victoria,1760.0
2288,2026-03-09,09:38,J0047,Estacion Orbital,Ranked,Umbra;Vex,30,18.0,4,4,Derrota,1920.0
7213,2026-06-03,07:58,J0090,Canales de Hielo,Casual,vex,22,7.0,9,3,Victoria,1170.0
829,2026-02-06,19:18,J0066,Ciudadela,Casual,Nadia,25,10.0,8,4,Victoria,1540.0
8293,2026-06-20,10:41,J0011,Desierto Neon,Ranked,Lienzo,30,7.0,4,5,Victoria,1370.0
4982,2026-04-28,13:50,J0200,Puerto Escarlata,Ranked,Vex;Brisa;Magnus,33,7.0,5,4,Victoria,1300.0
1673,24-02-26,16:29,J0013,Puerto Escarlata,Ranked,Magnus,31,8.0,7,3,Victoria,1310.0
2516,14/03/2026,09:38,J0200,Bosque Umbral,Ranked,Magnus,42,9.0,4,4,Derrota,1020.0
1689,24-02-26,22:17,J0031,Estacion Orbital,Ranked,Vex;Koro,44,7.0,6,1,VICTORIA,1130.0
6238,19/05/2026,18:52,J0081,Ciudadela,Casual,Koro,21,2.0,4,3,Victoria,770.0
5847,2026-05-12,08:45,J0093,Estacion Orbital,Ranked,Vex,37,10.0,5,2,Derrota,1000.0
9803,2026-07-12,09:58,J0025,Puerto Escarlata,Casual,Brisa;Magnus;Umbra,10,5.0,4,3,Victoria,"1070,0 pts"
3528,02/04/2026,18:41,J0136,Desierto Neon,Ranked,Vex,40,5.0,5,4,Derrota,600.0
2692,2026-03-17,15:25,J0002,Puerto Escarlata,Casual,Magnus;Vex,17,6.0,6,5,Derrota,730.0
8270,2026-06-20,06:39,J0010,Canales de Hielo,Casual,Umbra;Lienzo,18,6.0,5,3,Victoria,1150.0
3662,2026-04-05,21:34,J0126,Puerto Escarlata,Torneo,Vex;Nadia,16,6.0,3,9,Victoria,1490.0
1714,25-02-26,16:32,J0148,Puerto Escarlata,Casual,Magnus,31,1.0,5,3,Victoria,650.0
21,2026-01-16,14:48,J0065,Estacion Orbital,Ranked,koro,38,2.0,3,3,Victoria,790.0
5712,2026-05-10,20:33,J0200,Desierto Neon,Ranked,Vex,26,3.0,4,2,Derrota,320.0
8200,2026-06-18,20:39,J0043,Bosque Umbral,Casual,Koro;Lienzo,31,5.0,3,7,derrota,790.0
4748,2026-04-24,10:13,J0095,Desierto Neon,Ranked,Magnus;Koro,39,,5,2,Derrota,500.0
6335,2026-05-20,14:02,J0077,Estacion Orbital,Casual,Vex,11,7.0,6,3,  Victoria ,1230.0
2454,2026-03-12,18:55,J0107,Estacion Orbital,Casual,Brisa;Magnus,31,3.0,3,1,Derrota,290.0
1296,16/02/2026,09:13,J0090,Canales de Hielo,Casual,Nadia;Vex,14,4.0,9,3,Victoria,870.0
5590,09/05/2026,21:14,J0161,Puerto Escarlata,Ranked,Lienzo,31,6.0,1,2,  Derrota ,680.0
592,30-01-26,00:01,J0005,Canales de Hielo,Casual,Koro,31,7.0,3,5,Victoria,1390.0
1407,2026-02-19,17:54,J0033,Desierto Neon,Casual,Umbra;Lienzo,23,12.0,5,4,Derrota,1300.0
222,22-01-26,11:20,J0046,Estacion Orbital,Ranked,Lienzo,26,2.0,6,3,Derrota,230.0
5717,10/05/2026,21:49,J0035,Canales de Hielo,Torneo,Brisa,25,7.0,2,3,Derrota,810.0
9136,03-07-26,22:46,J0088,Estacion Orbital,Ranked,Vex;Koro;Umbra,25,8.0,5,4,Victoria,1400.0
9532,2026-07-09,20:54,J0076,Bosque Umbral,Ranked,Umbra,27,7.0,2,1,Derrota,710.0
859,06-02-26,00:28,J0071,Estacion Orbital,Torneo,Nadia,23,4.0,4,3,DERROTA,470.0
7243,2026-06-03,20:47,J0009,Puerto Escarlata,Ranked,Lienzo,40,2.0,6,4,Victoria,780.0
9984,2026-07-14,20:29,J0038,Ciudadela,Ranked,Vex;Magnus;Lienzo,33,7.0,3,1,Derrota,690.0
6780,2026-05-27,00:29,J0003,Canales de Hielo,Casual,Magnus,16,7.0,5,5,VICTORIA,1350.0
842,2026-02-06,15:50,J0018,Estacion Orbital,Casual,TESLA;UMBRA,22,2.0,4,4,Derrota,320.0
1732,25/02/2026,10:06,J0018,Puerto Escarlata,Ranked,Lienzo,27,2.0,6,4,Derrota,280.0
6113,2026-05-17,14:42,J0017,Desierto Neon,Casual,Tesla;Umbra;Koro,17,9.0,6,3,Derrota,930.0
8716,2026-06-27,21:25,J0088,Ciudadela,Casual,KORO,12,3.0,5,4,Victoria,900.0
9432,2026-07-07,16:32,J0041,Estacion Orbital,Casual,Umbra,18,3.0,5,1,Derrota,250.0
7399,2026-06-06,16:27,J0004,Bosque Umbral,Torneo,Tesla;Magnus,31,5.0,5,3,Victoria,1050.0
1656,2026-02-23,19:22,J0138,Ciudadela,Ranked,Nadia;Magnus;Tesla,31,4.0,4,1,Victoria,870.0
995,09/02/2026,01:15,J0025,Puerto Escarlata,Ranked,Magnus,35,9.0,3,9,Victoria,1790.0
4048,12-04-26,05:27,J0007,Canales de Hielo,Ranked,Brisa;Tesla,36,7.0,3,5,derrota,890.0
731,2026-02-03,13:57,J0048,Puerto Escarlata,Torneo,Brisa,23,1.0,4,1,Victoria,570.0
1555,2026-02-21,15:19,J0192,Canales de Hielo,Ranked,Tesla;Brisa,27,14.0,14,4,Victoria,1820.0
6176,2026-05-18,00:54,J0151,Canales de Hielo,Casual,Lienzo;Nadia,10,2.0,4,6,Derrota,420.0
2413,12/03/2026,18:14,J0017,Bosque Umbral,Ranked,Brisa;Umbra,45,10.0,3,4,Victoria,1640.0
2518,14-03-26,17:58,J0016,Estacion Orbital,Ranked,Brisa;Koro,44,5.0,4,4,Derrota,620.0
2237,08/03/2026,21:12,J0040,Puerto Escarlata,Ranked,Koro,29,3.0,7,2,Derrota,260.0
8994,2026-06-30,21:43,J0023,Canales de Hielo,Casual,Koro,26,16.0,10,8,Derrota,"1800,0 pts"
3699,05-04-26,18:43,J0037,Canales de Hielo,Ranked,Koro;Vex,40,7.0,9,5,Victoria,1270.0
1767,2026-02-26,15:49,J0126,Estacion Orbital,Ranked,Tesla,38,6.0,6,4,Victoria,1180.0
5144,2026-05-01,12:16,J0065,Puerto Escarlata,Casual,Vex,25,4.0,3,3,Victoria,990.0
2070,04-03-26,06:48,J0006,Estacion Orbital,Casual,TESLA;KORO,11,12.0,6,4,,128000.0
1794,2026-02-27,00:02,J0009,Estacion Orbital,Torneo,Umbra,26,1.0,2,5,Derrota,310.0
466,2026-01-27,20:39,J0069,Canales de Hielo,Casual,Lienzo;Umbra;Koro,27,1.0,4,7,Victoria,870.0
4951,28/04/2026,19:44,J0010,Canales de Hielo,Casual,Brisa,17,5.0,7,2,Derrota,460.0
6879,2026-05-29,11:18,J0071,Ciudadela,Casual,Vex,28,5.0,5,0,Derrota,400.0
8127,17/06/2026,20:21,J0019,Bosque Umbral,Ranked,,25,9.0,2,6,Victoria,1660.0
7217,03-06-26,14:13,J0055,Canales de Hielo,Casual,Brisa,8,3.0,4,3,Victoria,870.0
158,2026-01-20,16:55,J0121,Canales de Hielo,Casual,  Koro ,9,1.0,10,4,Victoria,600.0
8264,2026-06-20,16:05,J0048,Desierto Neon,Casual,Lienzo,22,5.0,8,7,Victoria,1190.0
4641,23/04/2026,09:05,J0004,Puerto Escarlata,Torneo,  Lienzo ,30,3.0,4,3,Victoria,870.0
3275,2026-03-28,20:46,J0076,Desierto Neon,Ranked,Tesla,29,5.0,7,3,Derrota,510.0
186,2026-01-21,12:44,J0082,Desierto Neon,Ranked,Nadia,30,10.0,5,3,Derrota,1050.0
1003,2026-02-09,20:43,J0184,Bosque Umbral,Torneo,Koro;Magnus,29,9.0,3,4,Derrota,1040.0
3026,2026-03-23,15:12,J0024,Ciudadela,Casual,Umbra;Nadia,22,7.0,3,7,  Victoria ,1490.0
7509,07-06-26,18:50,J0122,Ciudadela,Torneo,Brisa;Umbra;Tesla,9,8.0,0,4,Derrota,1000.0
401,26/01/2026,19:25,J0012,Estacion Orbital,Ranked,Koro,28,6.0,5,5,Derrota,750.0
8662,26-06-26,06:25,J0031,Bosque Umbral,Torneo,Koro,14,3.0,6,8,Victoria,1080.0
2877,21/03/2026,07:26,J0022,Estacion Orbital,Casual,Brisa;Lienzo;Nadia,31,4.0,5,4,Derrota,500.0
3636,2026-04-04,05:15,J0118,Canales de Hielo,Casual,Nadia,12,7.0,4,8,Derrota,1020.0
7648,2026-06-10,16:27,J0001,Puerto Escarlata,Ranked,Tesla;Nadia,27,4.0,5,7,,1150.0
7817,13/06/2026,19:44,J0086,Bosque Umbral,Ranked,Nadia;Koro,30,3.0,4,5,Victoria,"970,0 pts"
7039,2026-05-31,03:56,J0033,Canales de Hielo,Ranked,Umbra,22,8.0,4,3,Derrota,870.0
3754,2026-04-06,17:12,J0084,Desierto Neon,Casual,Umbra,9,4.0,6,7,Derrota,630.0
6555,2026-05-23,19:19,J0011,Estacion Orbital,Casual,Koro,15,7.0,5,6,DERROTA,900.0
7963,2026-06-15,22:44,J0040,Canales de Hielo,Ranked,Vex,30,6.0,4,3,Victoria,1170.0
1251,2026-02-15,22:59,J0044,Canales de Hielo,Casual,Vex,14,9.0,5,2,Derrota,900.0
8133,2026-06-17,16:16,J0096,Desierto Neon,Ranked,Lienzo,27,5.0,5,5,Victoria,1150.0
3606,2026-04-04,03:21,J0029,Bosque Umbral,Casual,,29,9.0,8,4,Derrota,940.0
60,17/01/2026,13:39,J0015,Ciudadela,Ranked,magnus;tesla,24,6.0,4,4,,720.0
9383,07/07/2026,17:39,J0058,Estacion Orbital,Ranked,Magnus,30,5.0,6,6,Victoria,"1180,0 pts"
1114,2026-02-12,23:02,J0082,Canales de Hielo,Ranked,Nadia;Vex,45,10.0,4,2,Victoria,1520.0
3946,2026-04-10,12:00,J0050,Bosque Umbral,Ranked,Vex,37,6.0,7,4,Victoria,1160.0
9627,2026-07-10,20:13,J0026,Estacion Orbital,Casual,Vex,26,1.0,2,1,Victoria,610.0
4666,2026-04-23,07:48,J0069,Estacion Orbital,Torneo,Brisa,24,3.0,1,4,Derrota,480.0
1329,17/02/2026,09:00,J0024,Estacion Orbital,Ranked,Brisa,31,4.0,5,4,Victoria,1000.0
2151,06-03-26,21:22,J0200,Estacion Orbital,Ranked,Tesla,32,5.0,5,3,Victoria,1050.0
9691,2026-07-11,15:56,J0001,Puerto Escarlata,Ranked,vex;lienzo;nadia,28,9.0,6,3,Derrota,930.0
2146,2026-03-06,14:02,J0010,Ciudadela,Ranked,Vex,45,,6,3,Victoria,1730.0
6443,2026-05-22,13:36,J0037,Canales de Hielo,Torneo,Umbra,28,3.0,3,5,Victoria,990.0
8184,2026-06-18,17:03,J0012,Canales de Hielo,Torneo,Brisa,22,6.0,6,9,Victoria,1430.0
5050,30-04-26,22:41,J0184,Estacion Orbital,Ranked,Lienzo,42,10.0,5,6,Derrota,1200.0
7349,2026-06-05,16:21,J0034,Canales de Hielo,Ranked,Umbra;Nadia,38,7.0,6,2,Victoria,1180.0
7697,2026-06-11,20:31,J0160,Desierto Neon,Ranked,Vex;Umbra,28,7.0,2,5,Victoria,1410.0
3413,2026-03-30,00:37,J0142,Puerto Escarlata,Torneo,Umbra,32,10.0,1,6,  Victoria ,1780.0
1551,2026-02-21,19:32,J0058,Estacion Orbital,Ranked,Nadia;Tesla,31,10.0,3,2,Derrota,1040.0
1010,2026-02-09,23:21,J0017,Canales de Hielo,Ranked,Magnus,27,6.0,7,1,Derrota,510.0
1834,2026-02-28,19:48,J0093,Desierto Neon,Ranked,Vex;Lienzo;Magnus,33,8.0,2,4,Victoria,1460.0
7388,06/06/2026,17:57,J0053,Canales de Hielo,Casual,Umbra;Tesla;Koro,25,2.0,8,8,Derrota,440.0
6096,17-05-26,16:22,J0047,Puerto Escarlata,Torneo,Tesla,28,4.0,2,1,Victoria,910.0
1613,22/02/2026,16:22,J0020,Estacion Orbital,Casual,Nadia,31,7.0,5,3,,1250.0
9517,09/07/2026,17:07,J0031,Bosque Umbral,Casual,Nadia,14,4.0,8,1,Derrota,290.0
4619,2026-04-22,08:34,J0047,Puerto Escarlata,Torneo,Magnus;Nadia,20,8.0,5,7,derrota,1050.0
3025,23-03-26,04:11,J0053,Estacion Orbital,Casual,Umbra,32,3.0,5,3,Victoria,850.0
6860,2026-05-28,22:03,J0085,Estacion Orbital,Casual,Koro,22,3.0,4,5,Derrota,470.0
7160,02-06-26,22:25,J0084,Puerto Escarlata,Ranked,Vex,32,9.0,7,2,Victoria,1360.0
649,2026-02-01,20:25,J0004,Estacion Orbital,Ranked,Brisa,22,3.0,1,5,Victoria,1030.0
1196,2026-02-14,18:40,J0087,Puerto Escarlata,Casual,Brisa,15,4.0,6,3,Derrota,430.0
9121,2026-07-03,21:28,J0003,Desierto Neon,Ranked,Brisa;Koro;Tesla,37,5.0,2,3,Derrota,610.0
880,2026-02-07,23:29,J0084,Bosque Umbral,Casual,Tesla;Lienzo,17,2.0,0,2,Derrota,300.0
5894,2026-05-13,07:45,J0006,Bosque Umbral,Casual,Vex,11,11.0,4,2,Victoria,1620.0
2408,12-03-26,17:07,J0044,Canales de Hielo,Casual,Brisa,27,6.0,3,3,,1190.0
4623,2026-04-23,19:19,J0034,Puerto Escarlata,Ranked,Brisa,36,5.0,8,5,Victoria,
5456,06/05/2026,21:23,J0012,Canales de Hielo,Casual,Umbra;Vex,22,7.0,6,5,Victoria,1330.0
4412,2026-04-19,16:13,J0050,Puerto Escarlata,Casual,Magnus;Nadia,28,5.0,5,5,Derrota,650.0
8069,2026-06-16,06:21,J0113,Desierto Neon,Ranked,,41,6.0,4,4,Derrota,72000.0
551,2026-01-29,20:41,J0019,Puerto Escarlata,Ranked,Vex;Tesla;Magnus,42,7.0,4,3,Derrota,770.0
3602,04-04-26,16:12,J0005,Puerto Escarlata,Ranked,Vex,30,7.0,6,7,DERROTA,930.0
6715,2026-05-25,16:21,J0016,Desierto Neon,Casual,Vex,30,12.0,8,5,Victoria,1790.0
884,2026-02-07,20:13,J0030,Ciudadela,Ranked,Vex;Magnus,43,5.0,7,2,,960.0
2376,2026-03-11,20:07,J0015,Canales de Hielo,Casual,Nadia,18,5.0,3,5,Victoria,1190.0
4585,2026-04-22,05:49,J0036,Estacion Orbital,Ranked,Tesla,31,6.0,4,2,Victoria,1120.0
4443,2026-04-19,23:27,J0059,Bosque Umbral,Ranked,Tesla;Lienzo,28,4.0,1,6,Victoria,1180.0
212,21-01-26,19:55,J0017,Puerto Escarlata,Casual,Lienzo,24,6.0,4,4,Victoria,1220.0
3724,06/04/2026,12:24,J0050,Estacion Orbital,Casual,Vex,16,6.0,5,5,Victoria,1250.0
6596,24-05-26,14:28,J0021,Canales de Hielo,Casual,Brisa,19,9.0,4,6,Derrota,1120.0
3046,2026-03-23,22:24,J0039,Desierto Neon,Casual,Umbra,25,5.0,5,3,Derrota,550.0
3059,2026-03-24,12:59,J0184,Desierto Neon,Ranked,Magnus;Vex,36,5.0,7,8,Derrota,760.0
7925,2026-06-14,18:30,J0008,Puerto Escarlata,Ranked,Lienzo,25,3.0,5,2,Victoria,800.0
9908,2026-07-13,20:20,J0021,Canales de Hielo,Casual,Magnus,27,7.0,4,3,Derrota,770.0
8763,2026-06-27,03:57,J0073,Bosque Umbral,Casual,Vex,31,3.0,6,10,Derrota,680.0
1439,2026-02-20,12:06,J0091,Bosque Umbral,Casual,Vex,28,5.0,4,3,Derrota,570.0
468,27-01-26,15:24,J0013,Estacion Orbital,Ranked,Magnus,35,4.0,9,2,Victoria,820.0
5564,08-05-26,21:19,J0007,Desierto Neon,Ranked,Nadia,38,8.0,4,4,Derrota,920.0
2620,2026-03-15,18:17,J0003,Estacion Orbital,Casual,Umbra;Koro,8,4.0,4,6,Victoria,1120.0
4632,23-04-26,07:48,J0039,Desierto Neon,Ranked,Tesla;Koro,45,9.0,5,3,Derrota,950.0
8676,2026-06-26,18:16,J0038,Estacion Orbital,Ranked,Lienzo;Vex,25,6.0,2,4,Victoria,1260.0
697,2026-02-02,05:14,J0030,Ciudadela,Ranked,Magnus,29,9.0,6,4,Derrota,980.0
3724,06/04/2026,12:24,J0050,Estacion Orbital,Casual,Vex,16,6.0,5,5,Victoria,1250.0
4229,15/04/2026,19:06,J0180,Puerto Escarlata,Casual,Magnus,19,9.0,8,1,Derrota,790.0
9215,04/07/2026,17:44,J0038,Bosque Umbral,Casual,Nadia;Umbra,8,4.0,4,1,Derrota,370.0
4703,2026-04-24,17:19,J0177,Canales de Hielo,Ranked,Nadia,35,2.0,4,2,Victoria,720.0
6995,2026-05-30,10:10,J0104,Estacion Orbital,Casual,Magnus;Nadia,15,3.0,3,4,Victoria,940.0
1315,2026-02-17,17:56,J0156,Desierto Neon,Torneo,Brisa,27,5.0,4,5,Victoria,1170.0
9703,11/07/2026,13:30,J0064,Desierto Neon,Casual,Lienzo,8,3.0,3,1,Victoria,790.0
5762,2026-05-11,18:55,J0131,Estacion Orbital,Casual,Koro;Magnus,12,13.0,10,2,Victoria,1700.0
2305,2026-03-09,19:12,J0021,Puerto Escarlata,Ranked,Umbra;Vex,28,10.0,6,3,Derrota,1030.0
6697,2026-05-25,20:15,J0039,Desierto Neon,Ranked,KORO,37,6.0,5,4,Derrota,700.0
915,2026-02-07,00:31,J0077,Ciudadela,Ranked,Vex,39,7.0,3,0,Victoria,1140.0
13,16/01/2026,07:31,J0200,Estacion Orbital,Ranked,Vex,41,7.0,4,2,Victoria,1220.0
2110,05-03-26,19:53,J0002,Desierto Neon,Ranked,Magnus,35,5.0,3,10,Derrota,940.0
8665,26-06-26,10:05,J0161,Bosque Umbral,Ranked,Vex,38,8.0,8,4,Derrota,840.0
1537,21-02-26,19:41,J0071,Puerto Escarlata,Ranked,Umbra,41,1.0,4,3,Derrota,170.0
737,2026-02-03,14:14,J0043,Estacion Orbital,Torneo,Tesla,18,,1,3,Derrota,730.0
8579,25-06-26,18:23,J0094,Desierto Neon,Ranked,TESLA;BRISA,39,5.0,3,2,Victoria,1040.0
8721,2026-06-27,16:17,J0008,Estacion Orbital,Torneo,Koro;Tesla,10,6.0,10,3,Derrota,550.0
454,2026-01-27,14:54,J0200,Estacion Orbital,Casual,Vex,11,7.0,4,3,Victoria,1270.0
6074,2026-05-16,18:46,J0011,Desierto Neon,Ranked,Nadia,27,3.0,6,3,Victoria,830.0
928,2026-02-08,21:19,J0002,Estacion Orbital,Torneo,Koro,31,11.0,6,5,Victoria,1730.0
6940,30/05/2026,19:47,J0177,Puerto Escarlata,Casual,Koro,19,3.0,5,4,Victoria,900.0
4529,2026-04-21,20:34,J0059,Desierto Neon,Casual,Koro,8,3.0,4,4,Victoria,"920,0 pts"
8732,2026-06-27,10:37,J0081,Bosque Umbral,Casual,Tesla,17,5.0,7,4,Victoria,1060.0
6590,2026-05-24,23:38,J0078,Bosque Umbral,Torneo,Koro,9,5.0,4,4,,620.0
38,17-01-26,18:14,J0126,Estacion Orbital,Torneo,Tesla,8,7.0,2,6,Derrota,960.0
3796,2026-04-07,18:32,J0184,Ciudadela,Casual,Magnus,10,6.0,5,4,Derrota,700.0
2651,2026-03-16,05:03,J0148,Canales de Hielo,Ranked,Umbra,25,1.0,7,4,Derrota,160.0
8397,21-06-26,09:40,J0200,Canales de Hielo,Casual,Umbra;Nadia,15,8.0,3,4,Victoria,1440.0
2895,2026-03-21,21:11,J0083,Desierto Neon,Torneo,Nadia,23,4.0,2,5,Victoria,1110.0
4682,2026-04-24,18:45,J0056,Puerto Escarlata,Ranked,Umbra,24,3.0,5,2,Derrota,300.0
941,2026-02-08,21:57,J0072,Ciudadela,Casual,Koro,32,4.0,10,7,VICTORIA,1050.0
4818,2026-04-25,20:04,J0184,Estacion Orbital,Casual,Magnus,27,4.0,5,5,Derrota,550.0
6996,30-05-26,18:17,J0200,Puerto Escarlata,Ranked,Nadia,45,4.0,7,7,Derrota,610.0
8899,2026-06-29,22:52,J0018,Canales de Hielo,Casual,Umbra,12,5.0,4,3,Derrota,570.0
8497,2026-06-23,  08:00 ,J0044,Estacion Orbital,Casual,Brisa,9,8.0,2,3,,1410.0
7202,02-06-26,22:17,J0112,Canales de Hielo,Ranked,Tesla,30,3.0,3,2,Derrota,340.0
7076,31/05/2026,01:50,J0063,Bosque Umbral,Casual,Magnus,20,12.0,4,10,Derrota,1620.0
2329,2026-03-10,23:29,J0032,Estacion Orbital,Torneo,Vex,14,9.0,2,3,Victoria,1510.0
739,2026-02-03,13:28,J0029,Estacion Orbital,Casual,Magnus,20,2.0,4,3,Derrota,270.0
539,2026-01-29,18:25,J0076,Ciudadela,Ranked,Umbra;Koro,27,2.0,7,3,Victoria,710.0
9434,2026-07-07,20:36,J0038,Estacion Orbital,Ranked,Brisa;Magnus;Nadia,35,5.0,6,3,Victoria,1030.0
5517,2026-05-08,22:25,J0039,Canales de Hielo,Ranked,Magnus,44,,4,3,Victoria,1270.0
1401,19-02-26,19:36,J0013,Puerto Escarlata,Ranked,,29,7.0,5,6,Victoria,1400.0
4152,2026-04-14,16:20,J0030,Ciudadela,Ranked,Brisa;Tesla,27,5.0,5,4,Victoria,1100.0
5229,2026-05-03,23:11,J0200,Puerto Escarlata,Ranked,Vex,25,7.0,5,3,Victoria,1250.0
3942,2026-04-10,20:57,J0025,Estacion Orbital,Casual,Magnus,8,3.0,5,4,Derrota,400.0
4271,2026-04-16,22:44,J0009,Desierto Neon,Casual,Vex,26,8.0,5,4,Derrota,900.0
3685,2026-04-05,16:53,J0141,Desierto Neon,Ranked,Magnus;Brisa,35,8.0,7,2,Derrota,760.0
8162,2026-06-18,21:54,J0102,Estacion Orbital,Ranked,Tesla,32,6.0,4,2,Derrota,620.0
6331,20/05/2026,08:09,J0001,Ciudadela,Casual,Magnus;Umbra,29,6.0,4,3,Victoria,1170.0
5437,2026-05-06,14:03,J0010,Estacion Orbital,Ranked,Vex;Brisa,23,11.0,2,9,Victoria,2010.0
8592,25/06/2026,21:41,J0183,Canales de Hielo,Ranked,Umbra;Brisa,22,4.0,3,4,Derrota,540.0
4353,2026-04-18,21:45,J0200,Bosque Umbral,Casual,Koro,9,3.0,5,1,Derrota,250.0
2541,2026-03-14,22:43,J0007,Desierto Neon,Ranked,Koro,32,11.0,6,3,Victoria,1630.0
2458,2026-03-13,13:42,J0187,Puerto Escarlata,Casual,Lienzo,26,9.0,5,4,derrota,1000.0
4635,2026-04-23,15:55,J0046,Desierto Neon,Ranked,Koro,30,4.0,6,1,Victoria,830.0
4122,2026-04-13,12:24,J0012,Puerto Escarlata,Casual,Vex;Tesla,13,5.0,3,4,Derrota,640.0
9825,2026-07-12,18:18,J0040,Canales de Hielo,Casual,Koro,12,5.0,5,2,  Derrota ,500.0
2214,2026-03-07,20:49,J0200,Puerto Escarlata,Ranked,Nadia;Tesla,30,6.0,3,7,Victoria,1390.0
6769,2026-05-26,21:18,J0008,Ciudadela,Casual,Vex,13,5.0,6,4,Derrota,580.0
7501,2026-06-07,20:03,J0080,Ciudadela,Ranked,  Tesla ,40,6.0,4,3,Victoria,1170.0
6356,2026-05-21,17:23,J0036,Bosque Umbral,Ranked,Nadia,27,4.0,6,3,,930.0
4422,19/04/2026,05:28,J0200,Canales de Hielo,Torneo,Magnus,13,7.0,5,4,Victoria,1300.0
7175,2026-06-02,16:51,J0008,Ciudadela,Casual,Magnus;Umbra;Vex,16,4.0,6,9,,730.0
8303,2026-06-20,06:00,J0008,Puerto Escarlata,Ranked,Vex,26,2.0,3,5,Derrota,390.0
4731,2026-04-24,20:07,J0028,Canales de Hielo,Ranked,Vex,33,6.0,5,6,Victoria,1300.0
8114,17/06/2026,15:05,J0077,Canales de Hielo,Casual,Brisa;Tesla,32,4.0,6,4,Victoria,980.0
5911,2026-05-14,06:37,J0025,Puerto Escarlata,Casual,Nadia;Umbra,12,7.0,5,4,Victoria,1300.0
9326,2026-07-06,17:13,J0200,Desierto Neon,Torneo,Koro,16,4.0,4,8,Derrota,720.0
1740,25-02-26,21:11,J0032,Canales de Hielo,Casual,Lienzo;Magnus,13,1.0,5,6,derrota,300.0
4454,2026-04-19,16:32,J0153,Puerto Escarlata,Casual,Umbra,30,7.0,9,9,Derrota,970.0
9379,06-07-26,21:09,J0012,Bosque Umbral,Casual,Magnus;Tesla,25,6.0,6,5,Victoria,1230.0
3245,28/03/2026,13:54,J0010,Canales de Hielo,Ranked,  Koro ,28,5.0,2,3,Victoria,1110.0
2234,2026-03-08,17:53,J0200,Canales de Hielo,Casual,,16,12.0,3,3,Derrota,1290.0
7257,03/06/2026,17:47,J0051,Desierto Neon,Ranked,  Umbra ,25,3.0,5,1,Victoria,
5711,2026-05-10,19:02,J0169,Bosque Umbral,Ranked,Koro;Brisa;Tesla,44,6.0,8,2,Derrota,540.0
2076,05-03-26,16:19,J0067,Bosque Umbral,Casual,Lienzo,8,3.0,6,4,Victoria,880.0
2755,2026-03-19,03:08,J0031,Estacion Orbital,Ranked,Tesla;Nadia,28,3.0,4,5,Derrota,470.0
3709,2026-04-06,17:13,J0178,Desierto Neon,Casual,Tesla,10,9.0,3,3,Victoria,1490.0
8385,21-06-26,19:27,J0005,Ciudadela,Casual,Lienzo;Koro;Vex,11,9.0,6,6,Victoria,1580.0
1564,2026-02-22,12:42,J0015,Canales de Hielo,Ranked,Nadia,40,14.0,5,6,Derrota,1600.0
3081,24-03-26,16:18,J0030,Ciudadela,Ranked,Vex,24,12.0,3,3,Victoria,1790.0
2123,2026-03-06,23:58,J0042,Puerto Escarlata,Casual,Vex,31,4.0,7,5,Victoria,1010.0
6499,2026-05-22,13:58,J0013,Ciudadela,Ranked,Brisa;Koro,22,6.0,10,7,Victoria,1250.0
5738,11/05/2026,13:20,J0071,Estacion Orbital,Ranked,Magnus,39,6.0,5,8,Victoria,1400.0
6537,2026-05-23,19:27,J0016,Puerto Escarlata,Casual,Lienzo,21,3.0,5,2,Derrota,"300,0 pts"
3838,2026-04-08,09:32,J0003,Canales de Hielo,Ranked,,27,5.0,1,6,Victoria,1280.0
2987,2026-03-22,19:41,J0041,Bosque Umbral,Casual,Koro;Nadia,10,3.0,1,5,Victoria,"1030,0 pts"
2345,2026-03-10,14:58,J0011,Puerto Escarlata,Casual,Vex;Nadia,27,8.0,7,4,Derrota,860.0
7801,2026-06-12,20:33,J0059,Ciudadela,Ranked,Vex,27,4.0,5,5,Derrota,550.0
6993,2026-05-30,17:09,J0127,Ciudadela,Ranked,Tesla,23,4.0,6,4,Victoria,980.0
9345,2026-07-06,19:03,J0059,Bosque Umbral,Ranked,Vex;Koro,44,8.0,6,5,Victoria,1430.0
3881,09/04/2026,10:49,J0015,Estacion Orbital,Ranked,Koro,23,7.0,7,2,Derrota,660.0
3657,2026-04-05,19:53,J0004,Canales de Hielo,Torneo,Koro;Lienzo;Tesla,19,4.0,6,5,Victoria,1030.0
5361,2026-05-05,20:23,J0118,Estacion Orbital,Casual,Tesla;Brisa,10,9.0,4,3,Victoria,1470.0
4437,2026-04-19,07:53,J0085,Desierto Neon,Ranked,Vex,30,13.0,5,5,Victoria,1950.0
1938,01-03-26,19:10,J0167,Canales de Hielo,Casual,Nadia,27,9.0,4,0,Derrota,"820,0 pts"
4430,19/04/2026,17:45,J0157,Ciudadela,Casual,Tesla,32,8.0,3,5,Derrota,
8506,23/06/2026,00:42,J0020,Estacion Orbital,Ranked,Vex,41,10.0,5,4,Victoria,1600.0
1347,2026-02-18,19:33,J0018,Bosque Umbral,Torneo,Magnus,10,3.0,9,4,Derrota,"320,0 pts"
7212,2026-06-03,16:58,J0096,Canales de Hielo,Casual,Magnus,29,12.0,4,5,Victoria,1870.0
9018,01-07-26,11:46,J0061,Desierto Neon,Casual,Vex,24,8.0,7,4,Derrota,860.0
9282,2026-07-05,19:13,J0091,Desierto Neon,Ranked,Magnus;Koro,26,6.0,4,4,Victoria,1220.0
793,2026-02-05,21:56,J0115,Puerto Escarlata,Casual,Koro,25,5.0,4,6,Victoria,1220.0
1792,2026-02-27,15:52,J0030,Canales de Hielo,Casual,Umbra;Lienzo,25,5.0,4,6,Derrota,720.0
3288,28-03-26,19:33,J0017,Canales de Hielo,Casual,Umbra,23,7.0,2,4,Derrota,860.0
9700,11/07/2026,18:47,J0018,Canales de Hielo,Ranked,Vex,34,7.0,6,8,Derrota,980.0
8749,2026-06-27,20:48,J0134,Ciudadela,Casual,Umbra;Brisa,19,3.0,7,2,Derrota,260.0
3252,28/03/2026,22:15,J0055,Ciudadela,Ranked,Lienzo;Vex,31,7.0,5,6,Victoria,1400.0
1818,2026-02-27,01:50,J0006,Canales de Hielo,Ranked,Lienzo,31,5.0,4,3,Derrota,570.0
7361,2026-06-05,01:17,J0037,Puerto Escarlata,Casual,Vex;Tesla,25,9.0,6,3,Victoria,1430.0
9285,05-07-26,17:44,J0042,Bosque Umbral,Ranked,Umbra;Tesla,40,5.0,1,3,Victoria,1130.0
4776,2026-04-25,18:37,J0081,Estacion Orbital,Ranked,Brisa;Magnus,25,,3,1,Derrota,"290,0 pts"
4845,26/04/2026,20:12,J0088,Bosque Umbral,Casual,Koro,25,1.0,5,6,Derrota,300.0
834,2026-02-06,00:06,J0067,Puerto Escarlata,Casual,Brisa,14,4.0,2,6,Victoria,1160.0
9719,11/07/2026,13:56,J0007,Bosque Umbral,Ranked,Tesla,24,9.0,3,1,Derrota,890.0
7075,2026-05-31,10:22,J0002,Canales de Hielo,Ranked,  Tesla ,23,6.0,7,3,Victoria,1110.0
7926,2026-06-14,02:14,J0040,Puerto Escarlata,Casual,Vex,20,11.0,4,10,Victoria,2020.0
7751,2026-06-12,12:42,J0047,Bosque Umbral,Casual,Lienzo,30,6.0,2,4,Victoria,1260.0
64,2026-01-17,11:25,J0033,Puerto Escarlata,Casual,Magnus,13,10.0,3,3,Derrota,1090.0
5126,01-05-26,19:43,J0099,Bosque Umbral,Torneo,Nadia,10,1.0,2,2,Victoria,660.0
7760,12/06/2026,19:05,J0063,Canales de Hielo,Casual,Nadia;Koro,19,3.0,4,1,Derrota,270.0
6900,2026-05-29,19:59,J0175,Bosque Umbral,Casual,Brisa;Nadia;Tesla,22,4.0,5,2,Victoria,900.0
3873,2026-04-08,12:58,J0084,Canales de Hielo,Ranked,Brisa,34,5.0,6,1,Derrota,430.0
3065,24/03/2026,07:35,J0024,Desierto Neon,Ranked,  Nadia;Vex ,37,11.0,5,2,Derrota,1100.0
8995,2026-06-30,13:56,J0056,Bosque Umbral,Casual,Magnus;Brisa,30,4.0,3,4,Derrota,540.0
9003,2026-07-01,19:35,J0033,Canales de Hielo,Ranked,Tesla,34,11.0,0,5,Victoria,1850.0
2459,2026-03-13,21:22,J0200,Bosque Umbral,Casual,Nadia;Magnus,29,8.0,4,3,Derrota,870.0
9114,2026-07-03,12:11,J0099,Ciudadela,Ranked,Magnus,32,0.0,10,6,Derrota,100.0
3913,2026-04-09,22:56,J0066,Puerto Escarlata,Casual,Lienzo;Koro,8,13.0,4,6,Victoria,2020.0
5508,07/05/2026,20:16,J0020,Bosque Umbral,Casual,Brisa,23,7.0,6,1,Derrota,630.0
7809,2026-06-13,22:16,J0060,Estacion Orbital,Ranked,Nadia;Tesla,40,3.0,2,0,Derrota,260.0
7310,2026-06-04,12:34,J0115,Bosque Umbral,Casual,Lienzo,22,3.0,2,6,victoria,1060.0
4881,2026-04-26,19:48,J0002,Bosque Umbral,Casual,Magnus;Brisa,8,5.0,3,2,Derrota,540.0
1198,2026-02-14,21:45,J0029,Ciudadela,Torneo,Umbra,8,4.0,6,6,Victoria,1080.0
5530,08-05-26,18:07,J0015,Ciudadela,Ranked,Brisa;Umbra,44,7.0,7,4,Victoria,1260.0
5160,02/05/2026,20:18,J0037,Bosque Umbral,Ranked,Tesla,37,6.0,5,4,Derrota,700.0
3048,2026-03-23,18:11,J0021,Puerto Escarlata,Torneo,Umbra,15,5.0,3,4,,640.0
6454,2026-05-22,17:44,J0079,Puerto Escarlata,Ranked,Lienzo,25,2.0,6,6,Victoria,880.0
1430,2026-02-19,06:42,J0006,Estacion Orbital,Casual,Lienzo;Brisa;Umbra,18,6.0,7,8,,1360.0
4646,2026-04-23,16:21,J0022,Puerto Escarlata,Casual,Umbra,19,5.0,6,4,Victoria,1080.0
3791,2026-04-07,15:49,J0005,Bosque Umbral,Ranked,Umbra,34,6.0,3,4,Victoria,1240.0
4895,2026-04-27,19:55,J0004,Puerto Escarlata,Ranked,Tesla,26,4.0,5,3,Derrota,450.0
3035,2026-03-23,11:44,J0065,Bosque Umbral,Ranked,Brisa,35,11.0,8,5,Derrota,1190.0
9570,2026-07-09,17:17,J0012,Canales de Hielo,Ranked,Tesla;Nadia,36,3.0,7,4,Victoria,860.0
6506,2026-05-23,19:41,J0058,Bosque Umbral,Casual,Vex;Tesla,10,14.0,3,2,Derrota,1440.0
1154,2026-02-13,00:29,J0024,Desierto Neon,Ranked,Brisa,42,6.0,2,6,Derrota,860.0
2817,20-03-26,18:09,J0144,Desierto Neon,Casual,Nadia;Brisa,28,,7,6,Derrota,460.0
6891,29/05/2026,17:05,J0011,Bosque Umbral,Casual,Tesla;Nadia;Koro,25,6.0,3,2,Derrota,640.0
6052,2026-05-16,10:19,J0079,Canales de Hielo,Casual,Koro;Magnus,10,1.0,3,6,Victoria,840.0
8745,2026-06-27,13:18,J0085,Desierto Neon,Ranked,Koro,23,4.0,7,3,Victoria,
5460,06/05/2026,22:40,J0025,Bosque Umbral,Casual,Nadia;Brisa,17,5.0,7,2,Derrota,460.0
3264,2026-03-28,08:18,J0068,Puerto Escarlata,Ranked,tesla;lienzo;brisa,28,5.0,9,4,Derrota,520.0
4813,25-04-26,20:12,J0067,Estacion Orbital,Ranked,  Vex;Umbra ,43,12.0,5,6,Derrota,1400.0
4873,2026-04-26,20:59,J0013,Canales de Hielo,Casual,Lienzo,17,9.0,4,7,Derrota,1170.0
4533,2026-04-21,21:40,J0200,Bosque Umbral,Ranked,,22,7.0,2,4,Victoria,1360.0
965,08/02/2026,18:22,J0024,Ciudadela,Casual,Brisa;Umbra;Tesla,28,9.0,6,4,Victoria,1480.0
5258,2026-05-03,10:12,J0008,Canales de Hielo,Casual,Vex,30,2.0,4,4,Derrota,320.0
606,31-01-26,09:21,J0092,Puerto Escarlata,Ranked,Koro,39,8.0,3,2,Victoria,1340.0
5690,2026-05-10,12:30,J0066,Puerto Escarlata,Ranked,Umbra;Brisa;Tesla,26,4.0,8,7,Victoria,1090.0
6752,2026-05-26,01:23,J0051,Bosque Umbral,Ranked,Tesla,45,1.0,3,1,Victoria,590.0
7882,13-06-26,17:41,J0059,Bosque Umbral,Casual,Nadia,22,1.0,5,2,Derrota,
2749,2026-03-18,16:59,J0095,Desierto Neon,Ranked,Vex,36,8.0,5,2,Victoria,1300.0
1484,20/02/2026,17:54,J0031,Ciudadela,Torneo,Magnus,30,2.0,8,3,Derrota,190.0
3146,2026-03-25,09:35,J0029,Puerto Escarlata,Torneo,Vex,11,12.0,3,7,Victoria,1990.0
2998,2026-03-23,07:52,J0045,Estacion Orbital,Ranked,Brisa,37,7.0,1,4,Derrota,880.0
4872,2026-04-26,23:48,J0113,Bosque Umbral,Ranked,Koro;Vex;Magnus,37,5.0,2,7,  Victoria ,1310.0
2699,2026-03-17,00:05,J0033,Puerto Escarlata,Ranked,Tesla;Lienzo;Nadia,40,4.0,5,6,Derrota,600.0
4195,2026-04-15,17:27,J0017,Puerto Escarlata,Casual,Nadia;Lienzo,12,11.0,8,3,Derrota,"1090,0 pts"
1427,19-02-26,13:46,J0118,Canales de Hielo,Ranked,lienzo;vex,40,5.0,3,1,  Derrota ,490.0
497,2026-01-28,10:26,J0048,Ciudadela,Ranked,Nadia,38,6.0,3,4,Victoria,1240.0
6726,26-05-26,19:13,J0071,Desierto Neon,Casual,Tesla;Umbra,17,3.0,4,2,Derrota,320.0
7090,2026-06-01,18:23,J0068,Puerto Escarlata,Torneo,Tesla,13,6.0,10,1,Derrota,450.0
759,2026-02-04,19:23,J0016,Desierto Neon,Ranked,Brisa,29,11.0,3,3,Victoria,"1690,0 pts"
838,06-02-26,20:44,J0007,Desierto Neon,Ranked,Vex,33,19.0,8,4,Victoria,"2440,0 pts"
5937,2026-05-14,16:03,J0110,Bosque Umbral,Ranked,Lienzo,22,5.0,8,5,Derrota,590.0
8469,23-06-26,17:38,J0019,Desierto Neon,Ranked,Nadia;Brisa;Umbra,39,6.0,9,9,Victoria,1370.0
2026,2026-03-04,10:16,J0162,Desierto Neon,Ranked,Umbra;Koro,33,5.0,7,2,Victoria,960.0
1023,2026-02-10,  17:32 ,J0026,Estacion Orbital,Ranked,Koro,22,4.0,0,4,Derrota,600.0
8830,2026-06-28,04:53,J0021,Canales de Hielo,Ranked,Brisa;Nadia,26,2.0,6,4,Derrota,
5713,2026-05-10,20:13,J0012,Ciudadela,Ranked,Lienzo,26,5.0,6,4,Derrota,580.0
7676,2026-06-10,18:41,J0044,Puerto Escarlata,Ranked,Koro;Tesla,23,10.0,6,5,Derrota,
1058,2026-02-11,19:58,J0036,Canales de Hielo,Ranked,Koro,34,4.0,5,6,Derrota,600.0
7935,14-06-26,16:03,J0006,Desierto Neon,Ranked,Brisa;Koro,30,1.0,6,1,Derrota,30.0
5415,2026-05-06,18:55,J0102,Bosque Umbral,Ranked,brisa;vex,28,6.0,2,3,Derrota,710.0
4735,24/04/2026,17:08,J0063,Desierto Neon,Ranked,Brisa;Koro,31,8.0,3,3,Victoria,1390.0
7924,2026-06-14,19:39,J0010,Ciudadela,Casual,Brisa;Umbra,15,4.0,2,3,Derrota,510.0
6366,2026-05-21,18:27,J0097,Bosque Umbral,Casual,Tesla,9,7.0,3,5,Victoria,1390.0
2871,2026-03-21,18:53,J0104,Puerto Escarlata,Casual,Koro,8,5.0,6,6,Derrota,680.0
3756,2026-04-06,02:58,J0009,Puerto Escarlata,Ranked,Umbra,24,5.0,6,1,Victoria,930.0
1545,2026-02-21,19:31,J0012,Ciudadela,Ranked,Koro,22,6.0,9,3,Derrota,570.0
2885,2026-03-21,00:25,J0122,Ciudadela,Ranked,Lienzo,26,6.0,5,5,Victoria,1250.0
3033,2026-03-23,17:04,J0021,Ciudadela,Casual,Tesla,21,8.0,7,4,Victoria,1360.0
8965,30/06/2026,12:56,J0044,Desierto Neon,Casual,Brisa,28,4.0,1,7,Victoria,1230.0
725,2026-02-03,01:11,J0015,Desierto Neon,Casual,Magnus,13,10.0,6,1,Victoria,1430.0
5260,2026-05-03,23:13,J0064,Desierto Neon,Casual,Brisa,20,4.0,6,4,DERROTA,480.0
5590,09/05/2026,21:14,J0161,Puerto Escarlata,Ranked,Lienzo,31,6.0,1,2,  Derrota ,680.0
1128,2026-02-12,12:18,J0045,Ciudadela,Ranked,Magnus,32,1.0,6,5,Derrota,230.0
3071,2026-03-24,21:06,J0092,Ciudadela,Casual,Tesla,27,6.0,6,3,Victoria,1130.0
5248,03-05-26,21:08,J0148,Canales de Hielo,Casual,Tesla,29,4.0,7,2,Victoria,860.0
4904,2026-04-27,14:37,J0007,Desierto Neon,Ranked,Koro,34,9.0,3,3,Derrota,990.0
3108,2026-03-25,19:57,J0010,Canales de Hielo,Torneo,Vex;Lienzo,18,6.0,4,7,Victoria,1370.0
7804,2026-06-12,17:06,J0187,Canales de Hielo,Ranked,Koro,27,5.0,9,3,Victoria,970.0
6681,2026-05-25,21:58,J0031,Ciudadela,Casual,Tesla;Vex,29,2.0,5,6,Victoria,900.0
5370,05/05/2026,22:19,J0127,Ciudadela,Casual,Magnus,18,4.0,6,7,Derrota,630.0
1562,2026-02-21,22:22,J0053,Ciudadela,Casual,Magnus,14,3.0,3,4,  Derrota ,440.0
4128,2026-04-13,10:55,J0072,Canales de Hielo,Ranked,Koro,26,3.0,8,6,Derrota,"440,0 pts"
8331,21-06-26,20:38,J0108,Puerto Escarlata,Casual,Lienzo,29,7.0,5,4,Victoria,1300.0
8089,17-06-26,00:11,J0011,Desierto Neon,Ranked,Vex,36,3.0,5,4,Victoria,900.0
9947,2026-07-14,20:38,J0022,Estacion Orbital,Ranked,Umbra,35,5.0,3,5,Victoria,1190.0
9350,2026-07-06,20:23,J0011,Bosque Umbral,Torneo,Nadia;Brisa,17,7.0,6,2,Victoria,1180.0
5701,2026-05-10,01:03,J0111,Estacion Orbital,Casual,Tesla,23,6.0,2,8,Victoria,1460.0
4594,2026-04-22,12:25,J0064,Bosque Umbral,Casual,Magnus,8,5.0,10,5,Victoria,1050.0
5810,2026-05-12,00:03,J0022,Estacion Orbital,Ranked,Vex,26,7.0,5,1,Victoria,
7050,2026-05-31,22:43,J0120,Bosque Umbral,Ranked,Tesla,38,4.0,1,3,Derrota,530.0
6311,20/05/2026,00:06,J0006,Ciudadela,Casual,Brisa,14,9.0,5,3,Victoria,1450.0
3938,2026-04-10,07:25,J0054,Bosque Umbral,Ranked,Vex,38,6.0,3,4,Victoria,1240.0
8351,2026-06-21,10:21,J0009,Desierto Neon,Ranked,Umbra;Vex,24,5.0,3,4,Victoria,1140.0
2361,2026-03-10,12:52,J0028,Desierto Neon,Casual,Umbra;Vex,21,7.0,8,2,Victoria,1140.0
1393,2026-02-18,19:48,J0200,Desierto Neon,Casual,Nadia,21,,3,9,Victoria,1290.0
7014,2026-05-31,20:36,J0007,Bosque Umbral,Casual,Nadia,9,7.0,9,7,Derrota,870.0
4937,27-04-26,13:21,J0005,Canales de Hielo,Casual,,8,10.0,5,5,Victoria,1650.0
5045,30/04/2026,13:21,J0163,Puerto Escarlata,Ranked,Koro,25,8.0,4,7,Victoria,1570.0
8631,2026-06-25,22:36,J0018,Canales de Hielo,Casual,Brisa;Umbra,25,,8,5,derrota,590.0
8159,2026-06-18,00:21,J0018,Estacion Orbital,Ranked,Nadia;Brisa;Magnus,43,3.0,6,7,Derrota,530.0
18,2026-01-16,07:26,J0016,Canales de Hielo,Casual,Tesla,21,8.0,2,1,Victoria,1310.0
1771,26/02/2026,20:43,J0053,Bosque Umbral,Ranked,Lienzo,39,11.0,5,2,Derrota,1100.0
1889,2026-03-01,20:01,J0200,Estacion Orbital,Casual,Magnus,17,1.0,4,5,Victoria,770.0
1643,2026-02-23,19:37,J0011,Puerto Escarlata,Casual,Lienzo,21,2.0,7,5,Derrota,310.0
133,2026-01-19,23:24,J0033,Desierto Neon,Casual,Nadia;Koro;Vex,18,15.0,5,4,Derrota,1600.0
5454,2026-05-06,01:33,J0066,Estacion Orbital,Ranked,Magnus,24,6.0,8,7,Victoria,1290.0
9846,12/07/2026,18:45,J0126,Bosque Umbral,Casual,Tesla;Nadia;Koro,17,6.0,5,5,Derrota,750.0
7987,2026-06-15,19:17,J0072,Estacion Orbital,Torneo,Tesla,30,4.0,5,3,VICTORIA,950.0
1096,2026-02-11,23:34,J0040,Canales de Hielo,Casual,Tesla,31,2.0,3,3,Victoria,790.0
3232,2026-03-27,21:49,J0041,Estacion Orbital,Casual,Magnus,25,2.0,6,2,Derrota,180.0
8741,2026-06-27,16:17,J0138,Ciudadela,Ranked,Brisa;Magnus,37,2.0,2,3,derrota,310.0
6111,17-05-26,20:44,J0200,Puerto Escarlata,Ranked,Umbra,23,4.0,4,3,Victoria,970.0
4185,2026-04-14,21:26,J0123,Ciudadela,Ranked,Nadia,43,9.0,3,6,Victoria,1640.0
2003,03-03-26,16:52,J0005,Puerto Escarlata,Casual,Lienzo,16,5.0,4,5,Victoria,1170.0
5699,2026-05-10,20:24,J0073,Ciudadela,Ranked,Umbra,28,5.0,3,3,  Victoria ,1090.0
169,2026-01-20,16:53,J0182,Desierto Neon,Ranked,Tesla,29,12.0,9,3,VICTORIA,1670.0
8086,2026-06-17,20:03,J0015,Ciudadela,Casual,Lienzo,28,7.0,2,6,Derrota,"960,0 pts"
1920,2026-03-01,23:21,J0122,Canales de Hielo,Ranked,Vex,33,4.0,5,6,Victoria,1100.0
3773,07-04-26,11:18,J0030,Bosque Umbral,Casual,Nadia,29,7.0,6,6,Derrota,880.0
4639,23/04/2026,13:22,J0008,Canales de Hielo,Ranked,Magnus,33,7.0,3,1,Victoria,1190.0
3961,10-04-26,17:29,J0004,Canales de Hielo,Casual,Brisa,32,5.0,7,6,Derrota,660.0
9316,2026-07-05,20:15,J0051,Puerto Escarlata,Torneo,Magnus,9,3.0,6,3,Derrota,
6121,2026-05-17,16:32,J0060,Desierto Neon,Ranked,Nadia,34,5.0,5,3,Victoria,1050.0
7342,2026-06-05,11:27,J0038,Puerto Escarlata,Casual,Vex;Brisa,27,3.0,6,5,,930.0
8185,2026-06-18,15:25,J0105,Ciudadela,Casual,Koro,16,12.0,4,4,Derrota,1320.0
1299,2026-02-16,20:31,J0058,Bosque Umbral,Casual,Brisa,27,6.0,5,3,Derrota,650.0
5741,11/05/2026,18:48,J0105,Bosque Umbral,Ranked,Tesla,43,7.0,5,3,Derrota,750.0
4036,2026-04-11,22:51,J0158,Estacion Orbital,Ranked,Umbra;Vex;Lienzo,42,15.0,2,1,Victoria,2010.0
3096,25/03/2026,23:07,J0020,Ciudadela,Casual,Brisa,10,9.0,3,4,Victoria,"1540,0 pts"
7521,07/06/2026,22:59,J0035,Ciudadela,Casual,Lienzo,19,7.0,4,5,Victoria,1370.0
1288,16-02-26,22:32,J0083,Desierto Neon,Torneo,Umbra,23,3.0,5,1,Derrota,250.0
3439,2026-03-31,15:42,J0005,Bosque Umbral,Ranked,Lienzo;Koro;Brisa,45,9.0,3,2,Victoria,1440.0
8158,2026-06-18,20:01,J0135,Desierto Neon,Casual,Vex;Tesla;Magnus,27,13.0,4,2,Victoria,"1820,0 pts"
2957,22-03-26,01:19,J0151,Puerto Escarlata,Casual,Vex;Umbra,19,5.0,6,10,Derrota,880.0
8095,2026-06-17,19:51,J0053,Estacion Orbital,Ranked,Nadia,33,4.0,3,3,Derrota,490.0
2014,2026-03-03,18:34,J0111,Desierto Neon,Ranked,Tesla;Nadia,24,6.0,7,5,Victoria,1210.0
8299,2026-06-20,19:56,J0071,Desierto Neon,Casual,Vex,27,6.0,8,2,Victoria,1040.0
5364,2026-05-05,17:38,J0106,Ciudadela,Casual,Vex;Lienzo;Magnus,15,8.0,2,3,Victoria,1410.0
4460,2026-04-19,21:48,J0095,Desierto Neon,Ranked,Umbra;Magnus,45,8.0,10,5,Victoria,1350.0
2341,2026-03-10,20:38,J0091,Canales de Hielo,Ranked,Lienzo;Umbra,43,8.0,5,4,Victoria,1400.0
2955,2026-03-22,16:13,J0009,Canales de Hielo,Ranked,Nadia;Brisa;Tesla,22,5.0,3,6,Derrota,740.0
9973,2026-07-14,11:54,J0115,Ciudadela,Casual,Nadia,13,,3,2,Derrota,440.0
7204,2026-06-03,20:34,J0047,Canales de Hielo,Casual,Brisa,24,10.0,6,2,VICTORIA,1480.0
5317,04/05/2026,18:14,J0038,Estacion Orbital,Ranked,Brisa,44,4.0,9,6,Victoria,"1020,0 pts"
450,2026-01-27,13:48,J0034,Estacion Orbital,Casual,Umbra,9,4.0,4,7,,670.0
6581,23-05-26,22:12,J0033,Bosque Umbral,Casual,Umbra;Koro,21,6.0,7,4,Victoria,1160.0
8880,29-06-26,12:10,J0006,Bosque Umbral,Torneo,Nadia;Umbra;Lienzo,28,5.0,6,3,Victoria,1030.0
811,2026-02-05,18:05,J0200,Puerto Escarlata,Torneo,Lienzo;Brisa,20,4.0,7,5,Derrota,510.0
7367,2026-06-05,13:57,J0166,Desierto Neon,Ranked,Lienzo,43,5.0,8,4,victoria,1040.0
7948,14/06/2026,16:26,J0024,Bosque Umbral,Ranked,Tesla;Vex,44,3.0,3,2,Victoria,840.0
4378,2026-04-18,21:37,J0001,Estacion Orbital,Ranked,Vex,41,6.0,5,7,Derrota,850.0
9527,09-07-26,20:03,J0089,Ciudadela,Torneo,TESLA,27,4.0,6,3,Derrota,430.0
5993,2026-05-15,09:20,J0108,Desierto Neon,Ranked,Magnus,38,5.0,3,2,Derrota,540.0
6483,2026-05-22,22:00,J0046,Bosque Umbral,Casual,Magnus,26,4.0,5,1,Victoria,850.0
7887,2026-06-14,11:28,J0092,Desierto Neon,Casual,Magnus,25,7.0,2,4,Derrota,860.0
1478,2026-02-20,22:32,J0036,Estacion Orbital,Casual,,9,3.0,8,4,Derrota,340.0
1791,2026-02-27,14:38,J0014,Puerto Escarlata,Ranked,Magnus,26,3.0,4,6,Derrota,520.0
2009,03/03/2026,19:56,J0016,Puerto Escarlata,Ranked,Umbra,27,11.0,4,6,Derrota,1320.0
683,02-02-26,11:27,J0012,Estacion Orbital,Ranked,Brisa,44,,9,4,Victoria,920.0
9292,2026-07-05,15:38,J0137,Puerto Escarlata,Ranked,Koro;Tesla;Lienzo,32,10.0,2,4,Victoria,1660.0
5194,2026-05-02,01:17,J0013,Estacion Orbital,Ranked,Tesla;Nadia,36,3.0,3,8,Derrota,640.0
8346,2026-06-21,19:54,J0009,Canales de Hielo,Casual,,12,4.0,7,6,Victoria,1060.0
58,2026-01-17,10:18,J0058,Estacion Orbital,Ranked,Nadia;Tesla,40,7.0,3,7,Victoria,1490.0
2179,07-03-26,09:34,J0075,Puerto Escarlata,Casual,Lienzo;Nadia,27,6.0,5,2,Derrota,600.0
4223,2026-04-15,19:58,J0200,Puerto Escarlata,Casual,Brisa,23,7.0,6,3,Victoria,
8761,27-06-26,17:48,J0022,Bosque Umbral,Casual,Vex;Magnus;Koro,29,12.0,3,2,,1740.0
6612,2026-05-24,09:11,J0033,Canales de Hielo,Casual,Lienzo;Brisa;Nadia,21,1.0,9,5,Derrota,170.0
47,2026-01-17,17:18,J0051,Desierto Neon,Casual,Brisa,18,3.0,8,6,Derrota,"440,0 pts"
31,2026-01-17,21:26,J0007,Estacion Orbital,Ranked,Umbra;Vex,38,9.0,4,4,Victoria,1520.0
8266,20-06-26,18:21,J0067,Estacion Orbital,Ranked,Magnus,43,5.0,3,5,Victoria,1190.0
5618,09/05/2026,00:03,J0065,Bosque Umbral,Casual,Tesla,14,3.0,4,2,Derrota,320.0
1469,2026-02-20,04:47,J0048,Estacion Orbital,Casual,Vex,14,8.0,3,5,Derrota,990.0
1666,24/02/2026,09:44,J0008,Bosque Umbral,Ranked,Magnus;Tesla,45,3.0,4,5,Victoria,970.0
1417,2026-02-19,00:31,J0190,Bosque Umbral,Torneo,Magnus,32,5.0,3,5,Victoria,1190.0
5643,09-05-26,01:54,J0008,Estacion Orbital,Ranked,Brisa,42,4.0,1,5,Victoria,1130.0
8253,2026-06-20,18:08,J0018,Desierto Neon,Casual,Koro;Umbra,16,2.0,5,5,Victoria,850.0
7739,2026-06-11,18:57,J0016,Ciudadela,Casual,Vex,30,8.0,7,4,Victoria,1360.0
7368,2026-06-05,07:43,J0006,Bosque Umbral,Torneo,Koro,10,4.0,3,5,Victoria,1090.0
2824,2026-03-20,21:33,J0081,Puerto Escarlata,Casual,Koro,19,4.0,4,4,Victoria,1020.0
430,26-01-26,15:25,J0034,Ciudadela,Casual,Umbra,32,2.0,5,4,Derrota,300.0
5340,2026-05-04,15:27,J0088,Estacion Orbital,Casual,,23,6.0,3,7,Victoria,1390.0
2795,2026-03-19,19:44,J0152,Estacion Orbital,Casual,Vex,20,17.0,6,7,,"1930,0 pts"
386,2026-01-25,16:23,J0062,Puerto Escarlata,Torneo,Magnus,20,6.0,4,2,Victoria,1120.0
1946,02-03-26,22:30,J0060,Canales de Hielo,Torneo,magnus,21,5.0,7,6,Derrota,"660,0 pts"
4305,2026-04-17,22:28,J0011,Bosque Umbral,Torneo,Nadia,26,10.0,5,2,Victoria,1500.0
474,2026-01-27,18:15,J0067,Estacion Orbital,Casual,Lienzo,28,6.0,7,9,Victoria,1410.0
8743,2026-06-27,09:54,J0052,Canales de Hielo,Ranked,Vex,36,4.0,1,6,Victoria,1180.0
6871,2026-05-28,13:25,J0025,Estacion Orbital,Casual,Nadia,21,5.0,6,5,Derrota,630.0
6673,2026-05-25,01:05,J0077,Estacion Orbital,Casual,Umbra;Nadia,28,6.0,5,8,Derrota,900.0
8241,19/06/2026,19:19,J0059,Canales de Hielo,Ranked,Brisa;Nadia;Lienzo,39,1.0,6,7,Victoria,830.0
1056,2026-02-11,10:46,J0119,Puerto Escarlata,Ranked,Lienzo;Vex,41,10.0,2,4,  Derrota ,1160.0
8094,2026-06-17,13:26,J0056,Ciudadela,Casual,Lienzo;Tesla,14,3.0,2,2,Derrota,360.0
3380,2026-03-30,18:56,J0012,Canales de Hielo,Ranked,Tesla,22,6.0,5,4,Victoria,1200.0
7566,2026-06-08,18:53,J0046,Canales de Hielo,Ranked,MAGNUS;VEX,43,11.0,3,4,Victoria,1740.0
5919,2026-05-14,11:01,J0004,Desierto Neon,Casual,Tesla;Umbra,14,7.0,7,4,Derrota,"760,0 pts"
812,05/02/2026,19:38,J0035,Desierto Neon,Ranked,Koro;Lienzo,32,9.0,6,4,Derrota,980.0
6978,2026-05-30,21:41,J0092,Puerto Escarlata,Ranked,Lienzo,31,3.0,9,5,Victoria,870.0
2514,2026-03-14,14:48,J0034,Puerto Escarlata,Ranked,Lienzo;Koro,39,7.0,3,4,Victoria,1340.0
9424,07/07/2026,21:53,J0060,Estacion Orbital,Casual,Umbra,26,2.0,7,4,Victoria,760.0
6385,2026-05-21,13:15,J0141,Bosque Umbral,Casual,Brisa;Nadia,9,4.0,4,6,Derrota,620.0
6337,2026-05-20,19:32,J0003,Estacion Orbital,Ranked,LIENZO,38,8.0,3,0,Victoria,1240.0
112,2026-01-18,19:30,J0008,Bosque Umbral,Ranked,Lienzo;Tesla,22,7.0,3,2,Victoria,"1240,0 pts"
8979,2026-06-30,16:01,J0009,Canales de Hielo,Casual,Tesla,24,3.0,1,3,Victoria,930.0
1746,25/02/2026,12:55,J0029,Puerto Escarlata,Casual,Umbra;Tesla;Lienzo,12,2.0,3,4,Derrota,340.0
9429,2026-07-07,22:05,J0108,Canales de Hielo,Ranked,Lienzo,40,11.0,5,4,Victoria,1700.0
1453,2026-02-20,16:49,J0099,Desierto Neon,Ranked,Tesla,23,4.0,8,2,Derrota,340.0
2150,2026-03-06,05:25,J0008,Puerto Escarlata,Ranked,Tesla;Magnus,23,5.0,8,2,Victoria,940.0
320,24-01-26,17:49,J0039,Ciudadela,Casual,Nadia,27,9.0,9,4,,920.0
4690,24-04-26,18:33,J0069,Canales de Hielo,Casual,Umbra,16,2.0,6,3,Derrota,230.0
6072,2026-05-16,19:55,J0114,Desierto Neon,Ranked,Brisa,38,3.0,3,6,Derrota,540.0
1923,01/03/2026,16:42,J0021,Puerto Escarlata,Ranked,Magnus;Koro,37,7.0,3,2,Victoria,1240.0
5968,2026-05-14,21:18,J0010,Estacion Orbital,Ranked,Umbra,28,7.0,6,5,VICTORIA,1330.0
7673,2026-06-10,18:28,J0196,Ciudadela,Ranked,Nadia,23,6.0,6,7,Victoria,1330.0
3429,2026-03-31,19:43,J0051,Puerto Escarlata,Casual,Tesla,9,2.0,5,6,Derrota,400.0
4387,2026-04-18,18:19,J0026,Puerto Escarlata,Casual,Vex,14,14.0,7,2,Derrota,1360.0
7738,2026-06-11,11:43,J0016,Canales de Hielo,Ranked,Koro;Nadia,24,10.0,1,10,Derrota,1480.0
2130,06/03/2026,19:49,J0014,Canales de Hielo,Casual,Tesla;Magnus;Umbra,11,6.0,3,3,Derrota,690.0
2484,13/03/2026,14:22,J0014,Canales de Hielo,Ranked,Vex,22,13.0,4,5,Derrota,1470.0
7601,2026-06-09,21:29,J0038,Canales de Hielo,Torneo,Vex,23,4.0,6,3,Victoria,930.0
4449,2026-04-19,05:23,J0024,Puerto Escarlata,Ranked,Lienzo,44,9.0,5,2,Derrota,900.0
1053,2026-02-11,20:06,J0011,Desierto Neon,Ranked,Lienzo,27,4.0,5,4,Victoria,1000.0
4939,2026-04-27,15:40,J0022,Bosque Umbral,Ranked,Umbra,31,10.0,6,5,Derrota,1130.0
6655,2026-05-24,17:40,J0033,Canales de Hielo,Ranked,Brisa,44,9.0,6,3,Derrota,930.0
100,18-01-26,13:54,J0189,Puerto Escarlata,Casual,Nadia,18,4.0,7,2,,360.0
6518,23-05-26,15:06,J0036,Puerto Escarlata,Ranked,Magnus,36,2.0,4,4,Derrota,320.0
1457,2026-02-20,20:58,J0125,Canales de Hielo,Ranked,Magnus,34,4.0,3,4,Victoria,1040.0
7819,2026-06-13,19:16,J0019,Canales de Hielo,Ranked,Tesla;Brisa,36,3.0,1,2,Derrota,380.0
813,05-02-26,12:17,J0075,Puerto Escarlata,Casual,Nadia,14,6.0,2,5,Victoria,1310.0
9162,2026-07-03,21:32,J0003,Puerto Escarlata,Ranked,Koro;Nadia,29,6.0,5,2,Victoria,1100.0
5838,2026-05-12,15:44,J0200,Canales de Hielo,Casual,,20,,4,4,,
4333,2026-04-17,22:32,J0022,Desierto Neon,Ranked,Lienzo,42,5.0,2,3,Victoria,1110.0
3947,10-04-26,15:58,J0013,Ciudadela,Ranked,Brisa,42,8.0,8,9,Derrota,1090.0
8808,2026-06-28,23:02,J0027,Bosque Umbral,Casual,Nadia;Lienzo,12,11.0,9,4,Derrota,1120.0
8482,2026-06-23,19:46,J0117,Canales de Hielo,Ranked,Umbra;Vex,26,6.0,5,7,Victoria,1350.0
6577,23/05/2026,19:33,J0002,Ciudadela,Ranked,Magnus,28,3.0,6,3,Derrota,330.0
5922,14/05/2026,09:10,J0031,Ciudadela,Casual,Brisa;Tesla,27,3.0,6,3,Derrota,
1415,2026-02-19,20:40,J0003,Estacion Orbital,Ranked,,27,3.0,6,4,Derrota,380.0
541,29/01/2026,19:28,J0001,Canales de Hielo,Casual,Lienzo;Magnus,11,5.0,6,8,Derrota,780.0
9579,2026-07-09,  18:55 ,J0128,Bosque Umbral,Torneo,Lienzo;Nadia,19,7.0,5,4,Derrota,800.0
6393,2026-05-21,15:11,J0035,Ciudadela,Ranked,Koro,41,10.0,4,3,Derrota,1070.0
8211,2026-06-19,19:48,J0011,Estacion Orbital,Casual,Tesla,24,5.0,3,3,Derrota,590.0
755,2026-02-04,18:43,J0039,Bosque Umbral,Ranked,Koro,27,11.0,11,2,Derrota,
7681,2026-06-10,07:10,J0048,Canales de Hielo,Ranked,Koro;Brisa,26,4.0,1,5,Victoria,1130.0
2751,2026-03-18,13:56,J0142,Puerto Escarlata,Ranked,Umbra,30,5.0,3,1,Victoria,990.0
4607,2026-04-22,21:23,J0200,Ciudadela,Casual,Tesla,30,6.0,3,6,Derrota,840.0
9592,2026-07-10,12:23,J0007,Canales de Hielo,Ranked,Umbra;Lienzo,38,13.0,4,5,Derrota,
3400,2026-03-30,23:53,J0006,Desierto Neon,Ranked,Umbra,24,7.0,4,5,Victoria,
2639,2026-03-16,22:55,J0032,Estacion Orbital,Ranked,Nadia;Vex,41,11.0,4,4,derrota,1220.0
8067,2026-06-16,20:03,J0003,Estacion Orbital,Ranked,Nadia,43,4.0,6,6,Victoria,1080.0
3126,2026-03-25,17:14,J0033,Canales de Hielo,Ranked,Magnus,23,4.0,9,5,Derrota,470.0
2895,2026-03-21,21:11,J0083,Desierto Neon,Torneo,Nadia,23,4.0,2,5,Victoria,1110.0
1189,14-02-26,08:32,J0016,Estacion Orbital,Ranked,Koro;Magnus,38,14.0,4,5,Victoria,2070.0
9465,08/07/2026,20:15,J0011,Canales de Hielo,Ranked,VEX;NADIA,24,8.0,8,4,Victoria,1340.0
5728,2026-05-10,19:15,J0060,Canales de Hielo,Ranked,Magnus,29,3.0,5,4,Victoria,900.0
3949,10/04/2026,21:27,J0086,Puerto Escarlata,Ranked,Tesla,28,4.0,8,5,Derrota,490.0
4598,2026-04-22,09:28,J0020,Puerto Escarlata,Casual,Tesla,17,8.0,5,2,Victoria,1300.0
5928,2026-05-14,19:38,J0007,Bosque Umbral,Ranked,Magnus,25,7.0,7,4,,760.0
602,2026-01-31,20:56,J0135,Desierto Neon,Ranked,Lienzo,42,9.0,8,6,Derrota,1040.0
5290,03/05/2026,22:11,J0058,Ciudadela,Casual,Umbra,28,6.0,7,4,Derrota,660.0
8989,30/06/2026,14:15,J0143,Bosque Umbral,Ranked,Koro;Brisa;Vex,44,4.0,5,6,Derrota,600.0
3101,25/03/2026,23:28,J0074,Ciudadela,Ranked,Koro,29,2.0,8,3,Derrota,190.0
2466,2026-03-13,15:50,J0020,Estacion Orbital,Casual,Umbra;Lienzo;Nadia,17,9.0,2,7,Derrota,1210.0
3972,11/04/2026,20:19,J0060,Canales de Hielo,Casual,Nadia,16,4.0,6,6,Victoria,1080.0
8566,24/06/2026,18:10,J0067,Ciudadela,Ranked,Magnus,43,6.0,1,2,Victoria,1180.0
1045,2026-02-10,11:19,J0025,Desierto Neon,Casual,Lienzo,20,5.0,4,3,Derrota,570.0
7462,2026-06-07,15:59,J0087,Desierto Neon,Casual,TESLA,17,11.0,5,8,Derrota,1400.0
1558,21-02-26,21:05,J0200,Desierto Neon,Torneo,Brisa;Nadia,26,6.0,7,5,Victoria,1210.0
3885,09-04-26,16:20,J0012,Canales de Hielo,Torneo,Brisa;Lienzo;Umbra,31,6.0,5,2,Derrota,600.0
4631,2026-04-23,15:58,J0181,Estacion Orbital,Ranked,Brisa;Umbra;Koro,31,5.0,4,8,Derrota,"820,0 pts"
181,2026-01-21,21:34,J0064,Puerto Escarlata,Ranked,Tesla,45,4.0,2,5,Victoria,1110.0
2116,05-03-26,13:00,J0049,Bosque Umbral,Casual,Nadia,19,4.0,7,4,Victoria,"960,0 pts"
1700,2026-02-24,22:26,J0095,Canales de Hielo,Casual,Koro;Nadia;Brisa,14,11.0,3,3,,1690.0
1380,18/02/2026,20:01,J0019,Bosque Umbral,Casual,Vex;Brisa;Lienzo,26,0.0,4,3,Victoria,570.0
2471,13-03-26,18:55,J0035,Puerto Escarlata,Casual,Nadia,31,9.0,7,7,Derrota,1110.0
7355,2026-06-05,20:36,J0027,Puerto Escarlata,Ranked,Vex;Umbra,33,4.0,5,2,Derrota,400.0
6148,2026-05-17,18:14,J0034,Ciudadela,Torneo,Lienzo,26,6.0,3,7,Victoria,1390.0
619,2026-01-31,19:29,J0016,Estacion Orbital,Ranked,Umbra;Brisa,36,4.0,6,8,Derrota,680.0
3729,2026-04-06,19:21,J0100,Ciudadela,Casual,Vex;Tesla,24,15.0,5,1,Derrota,1450.0
9925,13/07/2026,  20:59 ,J0002,Canales de Hielo,Ranked,Lienzo;Koro,34,5.0,3,3,Derrota,"590,0 pts"
1601,22/02/2026,01:25,J0020,Bosque Umbral,Ranked,Vex,27,10.0,2,1,Derrota,1010.0
6068,16-05-26,14:16,J0101,Canales de Hielo,Ranked,  Nadia ,41,6.0,3,3,Derrota,690.0
1616,2026-02-23,  07:59 ,J0019,Canales de Hielo,Torneo,Tesla;Vex;Koro,20,10.0,4,1,Victoria,1470.0
6023,2026-05-16,18:54,J0022,Ciudadela,Casual,Umbra;Brisa,19,2.0,5,3,Victoria,750.0
439,26-01-26,15:12,J0034,Desierto Neon,Ranked,Lienzo,40,3.0,2,3,Derrota,410.0
7429,2026-06-06,16:20,J0042,Estacion Orbital,Ranked,Lienzo,36,4.0,6,1,,330.0
2084,2026-03-05,01:40,J0128,Canales de Hielo,Ranked,Brisa,35,7.0,4,5,Derrota,870.0
6212,2026-05-18,07:44,J0127,Bosque Umbral,Ranked,Magnus;Umbra,43,2.0,8,5,Derrota,290.0
9759,2026-07-12,20:11,J0004,Desierto Neon,Casual,Magnus,24,2.0,3,1,Derrota,190.0
5213,2026-05-02,00:41,J0009,Bosque Umbral,Casual,Koro,29,4.0,4,3,Derrota,470.0
4673,2026-04-23,20:14,J0108,Canales de Hielo,Ranked,Tesla,27,3.0,5,3,Victoria,850.0
7564,2026-06-08,19:33,J0020,Ciudadela,Ranked,Tesla;Umbra,35,10.0,8,1,Victoria,"1390,0 pts"
6928,2026-05-30,20:28,J0040,Canales de Hielo,Ranked,Vex,41,3.0,2,3,Victoria,910.0
6671,2026-05-25,20:03,J0174,Estacion Orbital,Ranked,,26,4.0,2,5,Victoria,1110.0
5091,2026-04-30,09:36,J0036,Bosque Umbral,Ranked,,32,2.0,4,6,Derrota,420.0
8400,2026-06-21,06:42,J0172,Ciudadela,Ranked,Magnus;Koro;Brisa,36,8.0,5,2,Derrota,800.0
1919,2026-03-01,02:31,J0034,Ciudadela,Casual,Brisa;Magnus,9,4.0,4,1,Derrota,370.0
8396,21/06/2026,02:47,J0001,Ciudadela,Torneo,Umbra;Lienzo,11,6.0,10,6,Victoria,1200.0
5808,2026-05-12,17:03,J0200,Desierto Neon,Torneo,  Brisa;Koro ,13,8.0,2,2,Victoria,1360.0
7114,01/06/2026,17:12,J0054,Puerto Escarlata,Ranked,Koro;Vex,29,9.0,5,4,Victoria,1500.0
3667,05-04-26,21:40,J0096,Ciudadela,Casual,Umbra;Magnus,32,11.0,4,3,Victoria,1670.0
6448,2026-05-22,10:52,J0016,Ciudadela,Ranked,Vex,43,10.0,2,6,Victoria,1760.0
2055,2026-03-04,21:32,J0200,Ciudadela,Ranked,Vex;Lienzo;Umbra,30,13.0,1,5,Victoria,2030.0
4798,2026-04-25,15:37,J0122,Puerto Escarlata,Casual,,30,4.0,6,3,Derrota,430.0
9280,05-07-26,22:29,J0116,Puerto Escarlata,Casual,BRISA;UMBRA;LIENZO,8,8.0,5,4,Victoria,1400.0
2226,07-03-26,21:45,J0100,Desierto Neon,Casual,Magnus,10,7.0,3,4,Victoria,1340.0
8553,2026-06-24,21:48,J0012,Desierto Neon,Ranked,,33,3.0,6,6,Victoria,980.0
1127,2026-02-12,02:26,J0046,Canales de Hielo,Ranked,Umbra,27,2.0,5,3,VICTORIA,750.0
8317,2026-06-20,20:10,J0085,Canales de Hielo,Ranked,Umbra,22,6.0,7,6,Derrota,760.0
4687,24/04/2026,17:13,J0031,Bosque Umbral,Ranked,Lienzo,44,10.0,4,3,Derrota,1070.0
4487,20/04/2026,17:44,J0009,Canales de Hielo,Casual,Brisa,26,3.0,3,3,Victoria,890.0
9807,2026-07-12,12:39,J0042,Estacion Orbital,Torneo,Tesla,22,4.0,1,5,Derrota,630.0
1323,2026-02-17,20:31,J0032,Estacion Orbital,Casual,Vex;Brisa,18,5.0,6,5,VICTORIA,1130.0
1604,2026-02-22,13:05,J0034,Estacion Orbital,Casual,Umbra;Tesla,31,7.0,3,4,Victoria,1340.0
8556,2026-06-24,20:09,J0006,Puerto Escarlata,Ranked,Brisa;Koro;Lienzo,45,3.0,6,5,Derrota,430.0
7554,2026-06-08,12:33,J0026,Estacion Orbital,Casual,Lienzo,23,6.0,9,1,Derrota,470.0
4419,2026-04-19,12:54,J0013,Desierto Neon,Casual,,27,5.0,5,4,Derrota,600.0
7048,31/05/2026,16:11,J0070,Canales de Hielo,Ranked,Nadia,36,2.0,3,1,  Derrota ,190.0
8845,28/06/2026,17:27,J0007,Canales de Hielo,Casual,Magnus;Umbra;Brisa,8,10.0,4,6,Derrota,"1220,0 pts"
6568,2026-05-23,20:37,J0079,Estacion Orbital,Casual,Vex,32,6.0,5,4,Victoria,1200.0
8686,2026-06-26,01:46,J0017,Desierto Neon,Ranked,Koro,42,4.0,5,6,Victoria,1100.0
9414,2026-07-07,18:00,J0031,Ciudadela,Casual,Lienzo,26,5.0,5,2,Victoria,1000.0
2479,2026-03-13,11:06,J0069,Desierto Neon,Casual,Tesla;Umbra,28,2.0,7,1,Derrota,110.0
9524,2026-07-09,13:00,J0094,Bosque Umbral,Ranked,Brisa;Umbra,44,4.0,5,6,Victoria,1100.0
1560,2026-02-21,02:11,J0068,Estacion Orbital,Ranked,Lienzo,25,7.0,6,3,Victoria,1230.0
4768,2026-04-25,18:48,J0112,Estacion Orbital,Casual,Koro,18,6.0,4,5,Derrota,770.0
8850,28-06-26,04:11,J0114,Estacion Orbital,Ranked,,34,5.0,5,4,Derrota,600.0
3920,09-04-26,18:52,J0082,Canales de Hielo,Ranked,tesla,38,4.0,5,1,Victoria,850.0
3280,2026-03-28,19:10,J0164,Ciudadela,Ranked,Magnus;Vex,35,,7,5,Victoria,1110.0
3911,2026-04-09,09:15,J0086,Ciudadela,Casual,tesla;vex,32,,5,5,Victoria,1050.0
8449,2026-06-22,18:34,J0187,Ciudadela,Ranked,Umbra,45,6.0,6,7,Victoria,1330.0
1355,2026-02-18,13:43,J0114,Canales de Hielo,Ranked,Umbra;Brisa,32,4.0,8,5,Derrota,490.0
46,2026-01-17,22:24,J0200,Canales de Hielo,Casual,Vex,31,10.0,8,2,Victoria,1440.0
3539,2026-04-02,14:18,J0180,Desierto Neon,Torneo,Koro;Tesla,29,6.0,7,4,victoria,1160.0
749,2026-02-03,  21:12 ,J0200,Ciudadela,Casual,Magnus,27,3.0,9,4,Derrota,320.0
5578,2026-05-09,17:36,J0023,Canales de Hielo,Casual,Umbra,9,15.0,10,2,Derrota,"1400,0 pts"
9317,2026-07-05,17:52,J0060,Bosque Umbral,Casual,Magnus,11,4.0,4,5,Victoria,1070.0
7101,2026-06-01,15:24,J0104,Canales de Hielo,Ranked,Vex,25,5.0,5,4,Derrota,600.0
4743,2026-04-24,21:48,J0018,Bosque Umbral,Ranked,Tesla;Lienzo,34,1.0,1,6,Victoria,880.0
3016,2026-03-23,17:40,J0119,Bosque Umbral,Casual,Tesla;Magnus,28,6.0,5,7,Victoria,1350.0
8984,2026-06-30,22:13,J0069,Estacion Orbital,Ranked,Koro,43,3.0,6,1,Derrota,230.0
5269,03/05/2026,12:21,J0104,Ciudadela,Torneo,Nadia;Magnus,15,5.0,5,1,Victoria,950.0
6387,2026-05-21,06:45,J0030,Bosque Umbral,Ranked,Lienzo;Koro,39,3.0,8,3,Victoria,790.0
2252,2026-03-08,16:02,J0037,Bosque Umbral,Ranked,Koro;Lienzo,27,3.0,5,0,Victoria,700.0
2250,2026-03-08,21:48,J0062,Puerto Escarlata,Ranked,Nadia;Tesla;Vex,31,5.0,5,3,Derrota,550.0
2665,16-03-26,05:26,J0200,Estacion Orbital,Casual,Magnus,28,6.0,5,5,Victoria,1250.0
8869,28-06-26,20:31,J0049,Puerto Escarlata,Casual,Umbra,26,2.0,4,2,Victoria,720.0
3258,2026-03-28,18:06,J0012,Ciudadela,Casual,Umbra,16,6.0,8,5,Derrota,690.0
2465,2026-03-13,21:47,J0063,Estacion Orbital,Casual,Brisa,29,9.0,4,6,Derrota,1120.0
3579,2026-04-03,16:51,J0037,Desierto Neon,Ranked,Tesla;Magnus;Nadia,26,5.0,6,2,Victoria,980.0
9263,05/07/2026,17:27,J0011,Bosque Umbral,Casual,Tesla,32,3.0,2,2,Derrota,360.0
4752,25/04/2026,01:36,J0041,Puerto Escarlata,Ranked,Lienzo,26,,4,4,Derrota,820.0
5744,2026-05-11,11:50,J0096,Desierto Neon,Ranked,Tesla;Koro,24,8.0,6,7,Victoria,1530.0
9712,2026-07-11,13:41,J0013,Bosque Umbral,Casual,Nadia;Tesla,20,10.0,3,6,Victoria,1740.0
8672,2026-06-26,16:52,J0020,Estacion Orbital,Ranked,Umbra;Nadia;Brisa,27,5.0,4,2,Derrota,520.0
665,2026-02-01,20:30,J0009,Ciudadela,Ranked,Tesla;Koro,32,3.0,3,5,Derrota,490.0
6162,17/05/2026,08:05,J0012,Canales de Hielo,Ranked,,32,4.0,7,3,Derrota,410.0
3890,2026-04-09,18:28,J0192,Ciudadela,Ranked,Lienzo,24,6.0,2,5,Victoria,1310.0
6399,21/05/2026,21:30,J0019,Ciudadela,Ranked,KORO;BRISA,38,4.0,6,4,Victoria,980.0
9673,2026-07-11,11:41,J0002,Bosque Umbral,Casual,Brisa,29,7.0,5,2,Derrota,700.0
8576,25/06/2026,14:27,J0101,Bosque Umbral,Casual,Koro;Tesla;Brisa,15,10.0,7,4,Derrota,1060.0
676,2026-02-02,07:43,J0136,Bosque Umbral,Casual,Brisa,26,15.0,7,7,Victoria,2210.0
7638,2026-06-10,17:21,J0037,Bosque Umbral,Casual,Umbra;Tesla,17,4.0,8,3,Derrota,390.0
2971,22-03-26,20:09,J0018,Estacion Orbital,Casual,Vex,30,7.0,7,5,Victoria,1310.0
8582,25/06/2026,21:46,J0028,Estacion Orbital,Ranked,Vex,22,9.0,6,4,Derrota,980.0
1963,02/03/2026,18:57,J0013,Ciudadela,Ranked,Nadia,34,5.0,5,3,Victoria,1050.0
1841,2026-02-28,17:40,J0182,Puerto Escarlata,Casual,Koro;Nadia;Lienzo,28,9.0,5,3,Victoria,1450.0
4300,17/04/2026,11:08,J0047,Desierto Neon,Casual,Nadia,24,12.0,5,3,Victoria,1750.0
3236,2026-03-28,20:24,J0013,Bosque Umbral,Torneo,Koro,16,9.0,6,7,Victoria,1630.0
6411,21/05/2026,19:56,J0048,Estacion Orbital,Ranked,Lienzo;Brisa;Umbra,30,2.0,2,5,Derrota,410.0
5736,2026-05-11,23:23,J0150,Estacion Orbital,Casual,Nadia,32,10.0,5,1,Victoria,1450.0
7021,31/05/2026,19:42,J0049,Puerto Escarlata,Casual,Lienzo,31,3.0,5,6,Derrota,500.0
8027,2026-06-16,21:06,J0034,Bosque Umbral,Casual,Magnus;Nadia,22,5.0,4,6,Victoria,1220.0
3648,2026-04-04,07:24,J0080,Estacion Orbital,Ranked,Koro,33,3.0,5,3,Derrota,350.0
3743,2026-04-06,09:25,J0064,Bosque Umbral,Casual,umbra;nadia,32,8.0,7,7,Derrota,1010.0
6323,2026-05-20,16:12,J0040,Ciudadela,Casual,Magnus,27,3.0,3,0,Derrota,240.0
4853,2026-04-26,17:30,J0016,Desierto Neon,Casual,Vex;Nadia;Lienzo,9,11.0,3,3,Derrota,1190.0
412,2026-01-26,20:01,J0045,Ciudadela,Ranked,Lienzo,31,7.0,5,2,Victoria,1200.0
614,2026-01-31,20:21,J0055,Desierto Neon,Torneo,Tesla;Lienzo,8,1.0,3,3,Derrota,190.0
2907,2026-03-21,19:44,J0025,Puerto Escarlata,Ranked,Brisa;Vex,34,9.0,1,4,Derrota,1080.0
5304,04-05-26,12:41,J0041,Canales de Hielo,Ranked,Vex,24,8.0,5,2,Victoria,"1300,0 pts"
1431,19-02-26,16:07,J0040,Canales de Hielo,Casual,Brisa;Nadia,32,4.0,3,9,Derrota,790.0
2517,2026-03-14,13:56,J0023,Puerto Escarlata,Ranked,,22,,6,3,Derrota,730.0
7608,2026-06-09,20:55,J0013,Estacion Orbital,Ranked,Brisa,41,2.0,11,2,Derrota,80.0
8538,2026-06-24,14:03,J0025,Desierto Neon,Casual,Nadia;Lienzo,30,4.0,4,6,Derrota,620.0
9489,08-07-26,13:06,J0200,Desierto Neon,Torneo,Nadia,22,8.0,3,3,Derrota,890.0
3647,04-04-26,07:48,J0022,Puerto Escarlata,Casual,Umbra;Brisa,22,6.0,6,6,Victoria,1280.0
1418,2026-02-19,18:13,J0094,Bosque Umbral,Ranked,Tesla,28,12.0,7,5,Victoria,1810.0
4216,15-04-26,19:11,J0024,Desierto Neon,Casual,Umbra,18,4.0,5,5,Victoria,1050.0
605,2026-01-31,20:31,J0059,Desierto Neon,Casual,Vex,25,12.0,4,3,Derrota,1270.0
1273,2026-02-15,01:20,J0028,Bosque Umbral,Casual,Koro;Brisa,25,3.0,6,4,,880.0
4111,13/04/2026,19:08,J0007,Canales de Hielo,Casual,Vex,17,,4,4,Victoria,1820.0
6481,22-05-26,19:19,J0200,Desierto Neon,Torneo,Umbra,32,4.0,2,3,Victoria,1010.0
9324,06/07/2026,19:58,J0141,Estacion Orbital,Ranked,Koro,34,13.0,4,1,Victoria,1770.0
4408,2026-04-19,13:01,J0002,Puerto Escarlata,Casual,Magnus,8,3.0,5,5,Victoria,950.0
248,22/01/2026,00:39,J0064,Puerto Escarlata,Ranked,Tesla,39,5.0,4,4,Victoria,1120.0
7067,2026-05-31,17:00,J0188,Puerto Escarlata,Casual,Koro,11,6.0,1,0,Derrota,580.0
1983,2026-03-03,21:08,J0059,Desierto Neon,Ranked,Lienzo,32,2.0,5,5,Derrota,350.0
2909,21-03-26,19:30,J0090,Estacion Orbital,Torneo,Brisa;Vex;Koro,32,4.0,5,3,Victoria,950.0
5427,2026-05-06,21:46,J0025,Desierto Neon,Casual,Brisa,29,5.0,4,5,Victoria,1170.0
200,2026-01-21,22:11,J0041,Desierto Neon,Ranked,Lienzo;Koro,36,3.0,2,0,Derrota,260.0
486,2026-01-28,09:58,J0101,Puerto Escarlata,Ranked,lienzo;brisa,33,10.0,8,7,Victoria,1690.0
6193,18-05-26,19:04,J0005,Estacion Orbital,Casual,Nadia,9,6.0,2,1,Victoria,1110.0
3464,31-03-26,12:41,J0162,Ciudadela,Ranked,Lienzo,22,4.0,6,4,Victoria,980.0
456,2026-01-27,22:22,J0006,Puerto Escarlata,Casual,Magnus;Lienzo,19,3.0,3,5,Victoria,990.0
9872,13/07/2026,22:28,J0155,Bosque Umbral,Casual,Tesla,29,3.0,2,3,Victoria,910.0
8896,2026-06-29,21:50,J0061,Desierto Neon,Ranked,Koro,42,11.0,6,3,  Victoria ,1630.0
6632,2026-05-24,16:56,J0094,Canales de Hielo,Ranked,Nadia,38,10.0,6,7,Victoria,1730.0
1722,25/02/2026,20:39,J0068,Canales de Hielo,Ranked,Nadia;Umbra,41,10.0,5,3,Victoria,1550.0
5247,2026-05-03,18:36,J0172,Bosque Umbral,Ranked,Vex,34,12.0,10,3,Derrota,1150.0
4030,11-04-26,14:38,J0200,Bosque Umbral,Casual,Magnus,13,5.0,6,1,Victoria,930.0
8244,19-06-26,18:01,J0081,Ciudadela,Casual,Vex;Tesla,19,8.0,4,3,Derrota,870.0
6747,2026-05-26,20:31,J0081,Desierto Neon,Casual,Nadia;Brisa;Umbra,10,4.0,6,5,Derrota,530.0
5912,14-05-26,20:13,J0048,Bosque Umbral,Casual,Umbra,30,4.0,7,4,Victoria,960.0
3044,23-03-26,21:21,J0029,Ciudadela,Torneo,Umbra,23,3.0,6,2,Victoria,780.0
863,06/02/2026,13:24,J0114,Desierto Neon,Casual,Nadia,9,7.0,4,7,Victoria,1470.0
2095,2026-03-05,14:39,J0009,Ciudadela,Ranked,,29,6.0,4,2,Victoria,1120.0
948,2026-02-08,15:00,J0015,Puerto Escarlata,Casual,BRISA;LIENZO,31,13.0,6,3,Victoria,1830.0
8819,2026-06-28,00:56,J0085,Desierto Neon,Casual,Vex,22,8.0,8,1,Victoria,1190.0
1445,20/02/2026,21:39,J0200,Bosque Umbral,Torneo,Magnus,28,6.0,4,2,Victoria,1120.0
1281,16-02-26,17:26,J0094,Puerto Escarlata,Casual,Lienzo;Umbra,20,10.0,2,7,Victoria,1810.0
3575,03-04-26,21:27,J0016,Estacion Orbital,Casual,Lienzo,24,10.0,2,6,Victoria,1760.0
4295,17/04/2026,17:49,J0141,Desierto Neon,Casual,Brisa,15,7.0,3,6,,940.0
4526,2026-04-21,20:08,J0020,Estacion Orbital,Torneo,Brisa,25,8.0,6,5,Derrota,"930,0 pts"
8739,2026-06-27,21:54,J0044,Bosque Umbral,Torneo,Tesla,12,10.0,6,3,Victoria,1530.0
3132,2026-03-25,18:14,J0034,Bosque Umbral,Casual,Lienzo,9,7.0,3,2,Derrota,740.0
2303,2026-03-09,20:08,J0059,Estacion Orbital,Ranked,Brisa;Koro,24,2.0,3,3,Derrota,290.0
2005,2026-03-03,22:35,J0085,Canales de Hielo,Casual,Nadia,9,6.0,4,9,Derrota,970.0
7932,14-06-26,14:16,J0061,Estacion Orbital,Ranked,Magnus,23,3.0,3,4,Victoria,940.0
8773,2026-06-27,14:08,J0011,Desierto Neon,Ranked,Nadia;Magnus;Brisa,23,8.0,6,7,Victoria,1530.0
1006,2026-02-09,12:54,J0004,Canales de Hielo,Casual,Koro;Tesla,21,2.0,1,3,Victoria,830.0
6009,2026-05-16,16:20,J0069,Ciudadela,Ranked,Lienzo,37,3.0,7,5,Derrota,410.0
3774,2026-04-07,22:06,J0130,Ciudadela,Torneo,Brisa;Vex,14,7.0,4,9,Victoria,1570.0
8650,2026-06-26,20:04,J0024,Puerto Escarlata,Ranked,Lienzo,39,5.0,9,3,Derrota,470.0
3704,2026-04-05,00:57,J0082,Estacion Orbital,Ranked,Nadia;Tesla,31,9.0,8,4,Victoria,1440.0
2133,06/03/2026,09:52,J0004,Puerto Escarlata,Ranked,Brisa,39,3.0,3,2,Victoria,840.0
4346,18-04-26,10:07,J0200,Desierto Neon,Ranked,Koro,40,4.0,5,4,Derrota,"500,0 pts"
2058,2026-03-04,11:41,J0200,Puerto Escarlata,Casual,  Tesla ,18,4.0,3,5,Victoria,"1090,0 pts"
2958,2026-03-22,20:44,J0021,Estacion Orbital,Torneo,Brisa,9,11.0,3,6,Victoria,1840.0
230,2026-01-22,15:54,J0058,Puerto Escarlata,Casual,Brisa,18,11.0,4,4,Derrota,1220.0
3919,2026-04-09,19:01,J0022,Canales de Hielo,Ranked,Lienzo;Vex,35,5.0,2,7,Victoria,1310.0
5636,09/05/2026,20:12,J0200,Bosque Umbral,Casual,Koro;Lienzo,24,10.0,6,2,Derrota,980.0
7903,2026-06-14,22:25,J0004,Ciudadela,Ranked,Nadia;Vex,29,7.0,5,6,Victoria,1400.0
2532,2026-03-14,12:42,J0015,Ciudadela,Casual,Lienzo,14,10.0,5,5,Victoria,1650.0
3544,2026-04-02,04:14,J0084,Puerto Escarlata,Casual,Umbra,22,3.0,7,2,Victoria,760.0
8447,22/06/2026,19:35,J0006,Puerto Escarlata,Ranked,Nadia,36,10.0,7,4,Derrota,1060.0
210,2026-01-21,17:38,J0016,Bosque Umbral,Ranked,Umbra,39,15.0,2,4,Derrota,1660.0
2863,2026-03-21,13:19,J0033,Ciudadela,Casual,Nadia,17,3.0,4,8,Victoria,1120.0
6216,2026-05-18,19:29,J0200,Ciudadela,Casual,Lienzo,9,7.0,3,2,Victoria,1240.0
3062,24-03-26,15:35,J0004,Estacion Orbital,Torneo,Brisa;Umbra;Lienzo,23,2.0,3,8,Victoria,1040.0
7640,10/06/2026,17:24,J0028,Desierto Neon,Torneo,Brisa;Vex;Koro,25,3.0,4,3,Victoria,870.0
3799,2026-04-07,17:49,J0046,Desierto Neon,Ranked,Koro,31,12.0,3,3,Derrota,1290.0
1729,2026-02-25,19:04,J0116,Ciudadela,Casual,Nadia,8,8.0,4,5,Victoria,1470.0
8274,2026-06-20,21:26,J0003,Desierto Neon,Casual,Tesla;Vex;Magnus,15,3.0,4,5,Derrota,470.0
338,2026-01-24,15:25,J0055,Ciudadela,Casual,Nadia,29,1.0,4,6,VICTORIA,820.0
9589,10-07-26,12:00,J0099,Canales de Hielo,Ranked,Umbra;Tesla;Brisa,30,3.0,5,2,Derrota,300.0
4534,21-04-26,12:16,J0127,Bosque Umbral,Casual,Umbra,18,2.0,2,0,Victoria,660.0
8207,2026-06-19,16:55,J0028,Puerto Escarlata,Ranked,Vex,28,8.0,4,2,Victoria,1320.0
3860,08/04/2026,19:07,J0200,Canales de Hielo,Torneo,Nadia;Magnus,17,5.0,2,1,Victoria,1010.0
1227,2026-02-15,  19:54 ,J0013,Ciudadela,Ranked,Tesla,22,5.0,6,4,Victoria,1080.0
4383,2026-04-18,03:55,J0050,Estacion Orbital,Ranked,Brisa;Koro,38,,5,2,Derrota,100.0
8370,21-06-26,02:09,J0157,Ciudadela,Ranked,Lienzo;Tesla,26,12.0,3,1,Derrota,1190.0
3678,2026-04-05,21:56,J0011,Ciudadela,Ranked,Tesla,44,4.0,3,3,Victoria,990.0
8842,2026-06-28,06:04,J0200,Desierto Neon,Ranked,Vex,42,9.0,3,4,Victoria,1540.0
4253,2026-04-16,20:36,J0026,Estacion Orbital,Casual,Nadia,24,8.0,4,8,Victoria,1620.0
2112,2026-03-05,09:18,J0039,Desierto Neon,Ranked,Brisa,37,11.0,3,3,victoria,1690.0
8771,27/06/2026,17:18,J0011,Estacion Orbital,Casual,Brisa;Nadia,14,4.0,6,1,Derrota,
4520,20-04-26,20:40,J0042,Estacion Orbital,Ranked,Nadia;Vex,22,6.0,5,2,Derrota,600.0
3853,08-04-26,23:13,J0067,Desierto Neon,Ranked,Umbra,42,7.0,4,7,,1470.0
1018,10-02-26,17:23,J0015,Ciudadela,Casual,Nadia,24,7.0,5,6,,1400.0
5197,2026-05-02,20:32,J0074,Ciudadela,Casual,Lienzo,24,5.0,7,3,Victoria,1010.0
8485,23-06-26,19:47,J0162,Bosque Umbral,Casual,Magnus;Brisa;Koro,23,10.0,6,6,Derrota,
9588,2026-07-10,23:26,J0009,Puerto Escarlata,Ranked,Vex;Koro,29,8.0,9,3,derrota,770.0
1929,01-03-26,09:30,J0042,Desierto Neon,Casual,,18,4.0,6,4,Derrota,480.0
351,2026-01-25,15:23,J0045,Bosque Umbral,Ranked,Koro;Magnus;Brisa,42,6.0,7,2,Victoria,1060.0
8016,2026-06-16,19:38,J0004,Bosque Umbral,Ranked,Lienzo;Tesla,37,1.0,6,5,Derrota,230.0
4272,16-04-26,15:14,J0022,Estacion Orbital,Ranked,  Brisa ,23,3.0,2,4,Derrota,460.0
1935,2026-03-01,18:06,J0157,Desierto Neon,Casual,Brisa;Magnus,15,5.0,8,7,Victoria,1190.0
7024,2026-05-31,00:22,J0131,Bosque Umbral,Torneo,Koro,18,12.0,4,3,Victoria,1770.0
9808,2026-07-12,18:35,J0126,Bosque Umbral,Ranked,Magnus,25,4.0,5,2,,900.0
565,2026-01-30,09:28,J0040,Canales de Hielo,Casual,Nadia,8,3.0,5,5,Victoria,950.0
1583,2026-02-22,13:55,J0008,Estacion Orbital,Ranked,Umbra;Nadia,24,1.0,5,8,  Derrota ,400.0
8991,30-06-26,20:19,J0078,Bosque Umbral,Ranked,brisa,29,2.0,3,3,Victoria,790.0
2176,2026-03-07,19:51,J0078,Canales de Hielo,Casual,Brisa,31,4.0,2,3,Victoria,1010.0
7816,2026-06-13,02:39,J0200,Canales de Hielo,Ranked,  Tesla;Koro;Lienzo ,36,6.0,4,1,Victoria,1070.0
4130,2026-04-13,14:36,J0016,Bosque Umbral,Ranked,koro;brisa,39,13.0,6,2,Victoria,1780.0
2229,2026-03-08,21:44,J0043,Puerto Escarlata,Casual,Vex;Magnus,22,5.0,9,3,Derrota,470.0
1116,2026-02-12,20:44,J0018,Ciudadela,Ranked,Magnus;Koro,27,7.0,4,6,Derrota,920.0
9471,2026-07-08,17:30,J0003,Desierto Neon,Casual,Brisa,22,7.0,4,3,Victoria,1270.0
8938,2026-06-30,20:00,J0058,Puerto Escarlata,Torneo,Lienzo,13,10.0,5,9,Derrota,1350.0
6756,26-05-26,23:42,J0043,Ciudadela,Ranked,Lienzo;Koro,34,9.0,6,7,Derrota,1130.0
7867,13/06/2026,01:37,J0008,Puerto Escarlata,Ranked,Nadia,38,4.0,6,1,Victoria,830.0
9010,2026-07-01,15:35,J0179,Estacion Orbital,Ranked,Lienzo,43,8.0,7,6,Victoria,1460.0
822,05-02-26,18:37,J0193,Puerto Escarlata,Casual,Magnus;Tesla,10,2.0,4,5,Derrota,370.0
3376,30/03/2026,21:10,J0095,Puerto Escarlata,Ranked,Magnus,29,5.0,10,4,Derrota,500.0
2273,2026-03-08,05:59,J0043,Canales de Hielo,Ranked,Vex,34,9.0,3,3,Victoria,1490.0
7390,06/06/2026,18:55,J0069,Puerto Escarlata,Torneo,Koro,25,2.0,3,5,Derrota,390.0
82,2026-01-18,22:14,J0003,Canales de Hielo,Ranked,  Koro;Magnus ,40,3.0,4,5,victoria,970.0
1324,2026-02-17,12:04,J0060,Estacion Orbital,Ranked,Lienzo,41,2.0,4,4,Victoria,820.0
9653,2026-07-11,23:39,J0027,Puerto Escarlata,Torneo,Magnus,21,8.0,4,6,Derrota,1020.0
1615,2026-02-22,07:08,J0057,Ciudadela,Ranked,Magnus,29,1.0,4,1,Victoria,570.0
832,06/02/2026,00:07,J0006,Ciudadela,Ranked,Magnus;Nadia,30,5.0,3,5,Derrota,690.0
7436,2026-06-06,19:58,J0155,Bosque Umbral,Casual,Umbra;Magnus,11,6.0,5,3,Derrota,650.0
9023,2026-07-01,10:52,J0047,Desierto Neon,Casual,Brisa,30,8.0,2,5,DERROTA,1010.0
2421,2026-03-12,13:41,J0050,Estacion Orbital,Ranked,Nadia,26,2.0,6,3,Victoria,730.0
9837,2026-07-12,17:58,J0183,Ciudadela,Ranked,Umbra;Koro,35,5.0,5,1,Victoria,950.0
5616,2026-05-09,00:39,J0008,Desierto Neon,Casual,Vex,17,10.0,6,5,Victoria,1630.0
2626,15-03-26,08:31,J0008,Bosque Umbral,Ranked,Vex;Nadia,43,9.0,7,5,Victoria,1510.0
1650,2026-02-23,13:34,J0054,Ciudadela,Casual,Lienzo,9,8.0,7,2,Victoria,
5984,2026-05-15,19:09,J0029,Canales de Hielo,Casual,Koro,11,3.0,6,4,Victoria,880.0
6112,2026-05-17,19:58,J0014,Bosque Umbral,Ranked,Lienzo,38,2.0,2,1,Victoria,
8535,2026-06-24,07:25,J0055,Puerto Escarlata,Casual,Magnus,11,7.0,3,1,Victoria,1190.0
8607,2026-06-25,19:13,J0200,Desierto Neon,Torneo,Umbra,20,5.0,9,6,Victoria,1120.0
6840,2026-05-28,21:01,J0142,Bosque Umbral,Ranked,Umbra,29,8.0,4,5,Victoria,1470.0
7269,2026-06-04,16:03,J0174,Ciudadela,Ranked,Vex,45,6.0,10,3,Victoria,1050.0
7012,2026-05-31,12:23,J0026,Bosque Umbral,Ranked,Umbra;Lienzo;Nadia,26,10.0,8,5,Derrota,1090.0
2649,2026-03-16,06:23,J0084,Puerto Escarlata,Casual,Vex,14,9.0,2,4,Derrota,1060.0
5198,2026-05-02,03:36,J0162,Estacion Orbital,Casual,Lienzo,31,5.0,7,5,Derrota,610.0
9988,14-07-26,20:27,J0061,Puerto Escarlata,Casual,Koro,22,3.0,6,7,Derrota,530.0
750,2026-02-03,07:36,J0032,Bosque Umbral,Casual,Brisa,15,6.0,2,3,Derrota,710.0
6251,2026-05-19,20:12,J0025,Bosque Umbral,Ranked,Lienzo,37,2.0,2,4,Victoria,"860,0 pts"
2374,2026-03-11,12:27,J0011,Desierto Neon,Ranked,Nadia,39,9.0,6,2,Victoria,1380.0
8066,2026-06-16,22:12,J0008,Canales de Hielo,Casual,Koro,30,3.0,1,8,Derrota,680.0
6696,2026-05-25,21:29,J0007,Puerto Escarlata,Casual,Magnus,24,8.0,3,5,Derrota,990.0
9481,08-07-26,19:44,J0040,Ciudadela,Casual,Tesla,8,3.0,3,4,Victoria,940.0
5065,30/04/2026,21:34,J0014,Desierto Neon,Torneo,Nadia,10,3.0,7,4,Victoria,860.0
8436,22-06-26,22:46,J0007,Bosque Umbral,Torneo,,25,7.0,4,6,Victoria,1420.0
5925,2026-05-14,23:59,J0121,Desierto Neon,Casual,Koro,26,2.0,1,5,Victoria,930.0
4732,2026-04-24,19:30,J0123,Estacion Orbital,Ranked,Koro,24,6.0,4,4,Derrota,720.0
7489,2026-06-07,17:39,J0152,Puerto Escarlata,Casual,Umbra,28,2.0,4,3,Derrota,270.0
8329,21-06-26,23:13,J0044,Ciudadela,Ranked,Nadia,35,7.0,5,3,Victoria,1250.0
5805,2026-05-12,21:27,J0040,Estacion Orbital,Ranked,Magnus,32,8.0,3,6,Victoria,1540.0
4784,2026-04-25,16:27,J0063,Canales de Hielo,Casual,Nadia;Magnus,16,13.0,6,7,Victoria,2030.0
4540,2026-04-21,17:37,J0106,Ciudadela,Ranked,Brisa;Nadia;Koro,29,9.0,7,0,Victoria,1260.0
1140,13/02/2026,12:39,J0016,Bosque Umbral,Casual,Magnus;Lienzo;Tesla,17,7.0,8,5,Victoria,1290.0
7761,12/06/2026,20:02,J0105,Estacion Orbital,Ranked,Koro;Lienzo,45,7.0,5,7,Victoria,1450.0
2232,2026-03-08,06:33,J0006,Bosque Umbral,Ranked,Umbra,35,7.0,6,7,Derrota,930.0
2165,06-03-26,18:26,J0080,Estacion Orbital,Casual,Umbra;Tesla,22,8.0,2,3,Victoria,1410.0
8947,2026-06-30,16:48,J0066,Ciudadela,Ranked,Brisa,22,10.0,3,6,Derrota,1240.0
6516,2026-05-23,11:00,J0191,Ciudadela,Casual,Umbra;Magnus,11,8.0,8,4,Derrota,840.0
8856,28/06/2026,18:47,J0005,Estacion Orbital,Casual,Umbra,20,9.0,6,1,Derrota,830.0
2575,2026-03-15,19:56,J0050,Ciudadela,Ranked,Lienzo,35,6.0,3,6,Victoria,1340.0
1571,2026-02-22,23:06,J0001,Ciudadela,Ranked,Umbra;Lienzo,34,3.0,5,3,Derrota,350.0
173,2026-01-20,21:48,J0005,Puerto Escarlata,Casual,Vex,10,11.0,2,6,Victoria,1860.0
7289,2026-06-04,06:07,J0069,Canales de Hielo,Torneo,  Magnus;Lienzo ,22,6.0,8,1,Derrota,490.0
2088,2026-03-05,20:26,J0012,Ciudadela,Casual,Brisa,23,7.0,3,3,Derrota,790.0
8181,2026-06-18,19:19,J0200,Bosque Umbral,Ranked,Nadia;Vex,41,6.0,7,5,Victoria,1210.0
7077,01/06/2026,23:45,J0130,Puerto Escarlata,Torneo,Tesla,26,4.0,8,5,Derrota,490.0
7214,2026-06-03,16:01,J0008,Ciudadela,Ranked,Nadia;Vex;Koro,23,7.0,3,6,Derrota,940.0
6449,22/05/2026,05:47,J0006,Canales de Hielo,Ranked,Umbra,29,4.0,3,4,Derrota,540.0
6588,24-05-26,17:27,J0200,Puerto Escarlata,Ranked,,31,7.0,7,2,Victoria,1160.0
5118,2026-05-01,16:45,J0072,Bosque Umbral,Ranked,Vex,34,5.0,2,2,Victoria,1060.0
1833,2026-02-28,23:13,J0105,Puerto Escarlata,Casual,Magnus,16,4.0,8,2,Derrota,340.0
8882,29/06/2026,17:05,J0005,Estacion Orbital,Casual,Magnus,19,6.0,3,6,Derrota,840.0
5262,2026-05-03,23:33,J0080,Bosque Umbral,Ranked,Magnus;Tesla,32,1.0,4,5,Derrota,270.0
9201,04/07/2026,  07:25 ,J0027,Bosque Umbral,Casual,Magnus;Lienzo,13,3.0,5,9,Victoria,1150.0
9191,04/07/2026,20:43,J0082,Puerto Escarlata,Casual,Koro;Magnus,32,8.0,4,2,Derrota,820.0
9924,13/07/2026,17:30,J0010,Puerto Escarlata,Casual,Brisa,15,8.0,6,3,Derrota,830.0
9549,09/07/2026,23:58,J0039,Bosque Umbral,Casual,Magnus;Koro,17,5.0,4,2,Victoria,1020.0
6461,2026-05-22,12:02,J0046,Estacion Orbital,Casual,Umbra;Brisa,32,4.0,2,9,Victoria,1310.0
835,2026-02-06,21:45,J0200,Ciudadela,Ranked,Vex,28,7.0,6,5,,1330.0
2487,2026-03-13,20:10,J0048,Puerto Escarlata,Ranked,Magnus,31,10.0,4,3,Derrota,"1070,0 pts"
9185,2026-07-04,21:47,J0039,Puerto Escarlata,Casual,Nadia,8,8.0,4,7,Derrota,1070.0
3929,2026-04-10,02:21,J0042,Estacion Orbital,Ranked,Vex,39,3.0,2,4,Victoria,960.0
3291,28/03/2026,19:03,J0010,Canales de Hielo,Ranked,Koro,44,5.0,1,1,Victoria,
3644,2026-04-04,21:26,J0149,Ciudadela,Casual,Lienzo;Magnus,26,6.0,1,3,Victoria,1230.0
8862,2026-06-28,19:54,J0014,Ciudadela,Casual,Tesla,32,1.0,2,2,victoria,"660,0 pts"
3556,03-04-26,13:09,J0055,Puerto Escarlata,Casual,NADIA;UMBRA;BRISA,27,4.0,4,2,Derrota,420.0
66,2026-01-17,19:08,J0001,Ciudadela,Ranked,Brisa;Nadia;Lienzo,27,3.0,5,4,,400.0
3078,24/03/2026,18:28,J0091,Ciudadela,Casual,Nadia,24,7.0,5,4,VICTORIA,1300.0
7372,2026-06-05,21:23,J0017,Bosque Umbral,Ranked,Tesla;Lienzo,45,1.0,1,5,Victoria,830.0
5422,2026-05-06,13:02,J0027,Ciudadela,Casual,Umbra,11,3.0,2,4,Victoria,960.0
355,2026-01-25,  03:34 ,J0069,Estacion Orbital,Casual,Nadia;Umbra;Lienzo,8,4.0,1,3,Derrota,530.0
4098,2026-04-12,21:27,J0054,Canales de Hielo,Casual,Umbra;Brisa;Lienzo,14,6.0,6,1,Victoria,1030.0
5818,12-05-26,21:48,J0051,Desierto Neon,Ranked,Nadia,33,1.0,7,3,Derrota,110.0
2904,2026-03-21,21:34,J0076,Bosque Umbral,Ranked,Lienzo,43,3.0,6,7,Victoria,1030.0
7339,2026-06-05,20:24,J0024,Puerto Escarlata,Casual,Lienzo,8,5.0,1,4,Derrota,680.0
6859,2026-05-28,13:16,J0011,Bosque Umbral,Ranked,Magnus,34,7.0,7,6,Victoria,1360.0
3425,2026-03-31,19:17,J0080,Desierto Neon,Casual,Lienzo;Koro,9,6.0,5,6,Victoria,"1300,0 pts"
9266,05-07-26,20:39,J0030,Canales de Hielo,Torneo,Magnus,9,6.0,5,3,Victoria,1150.0
8179,2026-06-18,19:00,J0087,Estacion Orbital,Casual,Vex,26,10.0,2,4,Victoria,1660.0
4197,15-04-26,01:10,J0026,Canales de Hielo,Ranked,Tesla;Magnus,27,4.0,1,4,Derrota,580.0
7872,2026-06-13,16:05,J0028,Bosque Umbral,Ranked,Koro;Vex,29,10.0,7,5,Derrota,1110.0
473,2026-01-27,22:37,J0019,Puerto Escarlata,Ranked,Magnus,26,6.0,3,9,Derrota,990.0
2610,2026-03-15,16:34,J0021,Canales de Hielo,Ranked,Umbra,35,12.0,3,2,Victoria,1740.0
6051,2026-05-16,18:49,J0006,Estacion Orbital,Ranked,,44,7.0,5,1,Victoria,1150.0
4044,2026-04-12,22:09,J0037,Estacion Orbital,Casual,,9,4.0,7,4,Derrota,460.0
2865,2026-03-21,18:21,J0108,Bosque Umbral,Casual,Nadia;Koro,17,6.0,3,7,Derrota,890.0
869,2026-02-07,16:22,J0010,Bosque Umbral,Casual,Tesla;Vex;Magnus,17,11.0,8,4,VICTORIA,1640.0
5962,14/05/2026,17:55,J0089,Estacion Orbital,Ranked,Nadia,37,4.0,4,5,Derrota,570.0
7415,2026-06-06,07:16,J0017,Estacion Orbital,Torneo,Brisa;Vex,15,12.0,6,3,Victoria,1730.0
1507,21/02/2026,01:34,J0005,Canales de Hielo,Casual,Vex,30,6.0,4,5,Derrota,770.0
5251,2026-05-03,20:04,J0011,Ciudadela,Casual,Tesla,31,6.0,4,4,Derrota,720.0
5708,2026-05-10,19:48,J0166,Bosque Umbral,Ranked,Vex,23,7.0,5,8,Victoria,1500.0
2759,19/03/2026,07:24,J0041,Estacion Orbital,Casual,Lienzo;Nadia;Brisa,25,3.0,6,4,Derrota,380.0
9401,07-07-26,  18:42 ,J0009,Canales de Hielo,Ranked,Tesla;Nadia,39,7.0,7,5,Victoria,1310.0
5740,2026-05-11,08:12,J0006,Ciudadela,Casual,Lienzo;Umbra,28,3.0,6,4,Victoria,880.0
9745,2026-07-11,17:56,J0117,Desierto Neon,Ranked,Koro,37,5.0,2,5,Victoria,1210.0
6975,30-05-26,17:05,J0027,Estacion Orbital,Casual,Koro;Tesla,25,4.0,4,2,Victoria,920.0
1076,2026-02-11,18:18,J0028,Ciudadela,Ranked,Lienzo,34,3.0,5,4,Victoria,900.0
7040,2026-05-31,21:26,J0024,Desierto Neon,Casual,Umbra;Koro;Lienzo,9,6.0,0,1,Derrota,650.0
6872,2026-05-28,14:10,J0145,Puerto Escarlata,Torneo,Nadia,31,3.0,4,5,Derrota,470.0
4393,2026-04-18,07:32,J0103,Canales de Hielo,Torneo,Koro,31,7.0,4,3,Derrota,770.0
6097,2026-05-17,22:11,J0079,Estacion Orbital,Casual,Magnus,27,3.0,1,2,VICTORIA,880.0
4846,26-04-26,19:25,J0005,Canales de Hielo,Casual,Magnus,22,7.0,8,7,Victoria,1390.0
3861,08/04/2026,21:20,J0002,Estacion Orbital,Ranked,Tesla,42,11.0,5,1,Derrota,1050.0
7149,02-06-26,21:27,J0039,Puerto Escarlata,Casual,Magnus;Brisa,32,10.0,2,5,Victoria,1710.0
6007,2026-05-16,21:40,J0075,Bosque Umbral,Casual,Koro,32,7.0,5,8,Victoria,1500.0
7287,04/06/2026,18:08,J0014,Ciudadela,Ranked,Vex,22,12.0,4,5,Victoria,1870.0
74,2026-01-17,  19:15 ,J0014,Estacion Orbital,Torneo,Magnus,25,5.0,5,4,,600.0
5147,2026-05-01,20:38,J0200,Puerto Escarlata,Ranked,Koro,45,5.0,7,3,Victoria,
3460,31-03-26,17:11,J0131,Ciudadela,Casual,Tesla,24,9.0,6,3,Victoria,1430.0
5715,2026-05-10,  17:31 ,J0014,Ciudadela,Ranked,Brisa;Vex,36,4.0,5,5,Victoria,1050.0
8570,2026-06-24,13:54,J0037,Estacion Orbital,Casual,Nadia;Lienzo,29,9.0,3,4,Derrota,1040.0
4473,2026-04-20,18:10,J0056,Ciudadela,Ranked,Lienzo,36,7.0,7,7,Derrota,910.0
1102,12/02/2026,02:27,J0159,Ciudadela,Casual,Magnus;Nadia,10,8.0,2,1,Derrota,810.0
9610,2026-07-10,21:27,J0002,Canales de Hielo,Ranked,,36,9.0,4,2,Derrota,920.0
7785,2026-06-12,18:35,J0200,Ciudadela,Ranked,Nadia,44,7.0,4,7,Victoria,"1470,0 pts"
2834,20-03-26,12:34,J0200,Estacion Orbital,Torneo,Nadia,15,7.0,6,5,Derrota,830.0
5099,2026-04-30,19:35,J0200,Canales de Hielo,Casual,Nadia,19,8.0,2,11,Derrota,1310.0
119,2026-01-19,22:55,J0074,Bosque Umbral,Casual,Vex,18,3.0,7,3,Victoria,810.0
2023,2026-03-04,18:11,J0059,Ciudadela,Ranked,Koro,35,8.0,0,3,Victoria,1450.0
9960,2026-07-14,17:23,J0023,Ciudadela,Ranked,Tesla;Umbra,36,9.0,4,4,Victoria,1520.0
6394,2026-05-21,19:44,J0031,Puerto Escarlata,Casual,Tesla,12,6.0,3,3,Victoria,1190.0
2035,2026-03-04,17:30,J0157,Canales de Hielo,Casual,Lienzo,29,7.0,6,8,Derrota,
6430,2026-05-21,10:48,J0029,Bosque Umbral,Casual,Magnus,9,2.0,4,3,Derrota,270.0
8734,2026-06-27,22:00,J0033,Puerto Escarlata,Ranked,Tesla;Lienzo,23,5.0,6,5,Derrota,"630,0 pts"
3681,05-04-26,17:34,J0040,Bosque Umbral,Casual,Vex,8,4.0,2,6,Derrota,660.0
1220,14/02/2026,20:44,J0105,Bosque Umbral,Casual,Lienzo,29,16.0,6,4,Victoria,2180.0
6429,2026-05-21,14:06,J0002,Canales de Hielo,Casual,Brisa;Tesla,24,8.0,5,2,Victoria,1300.0
8992,2026-06-30,07:23,J0170,Canales de Hielo,Torneo,Koro,26,6.0,8,5,VICTORIA,1190.0
3013,23/03/2026,12:22,J0200,Puerto Escarlata,Casual,Brisa,27,10.0,6,4,Victoria,1580.0
6665,2026-05-25,14:57,J0095,Estacion Orbital,Casual,Koro;Tesla;Vex,11,5.0,5,1,Derrota,450.0
2511,2026-03-14,15:15,J0091,Desierto Neon,Casual,Umbra;Vex;Koro,10,13.0,3,6,Victoria,2040.0
9101,2026-07-02,02:21,J0008,Canales de Hielo,Ranked,Tesla,41,4.0,2,4,Derrota,560.0
4470,2026-04-20,18:08,J0026,Ciudadela,Ranked,Lienzo,38,6.0,7,1,Victoria,1010.0
4574,22-04-26,00:24,J0039,Bosque Umbral,Casual,TESLA,23,12.0,5,3,Derrota,1250.0
2860,2026-03-21,21:51,J0144,Puerto Escarlata,Casual,Brisa,18,5.0,8,3,Victoria,990.0
9865,13/07/2026,16:57,J0024,Canales de Hielo,Torneo,Nadia;Lienzo,32,3.0,6,2,Victoria,780.0
178,2026-01-20,15:24,J0078,Canales de Hielo,Ranked,Lienzo;Vex,22,7.0,10,3,Derrota,650.0
1644,2026-02-23,  12:21 ,J0118,Ciudadela,Casual,Vex,20,12.0,2,2,Victoria,1760.0
9363,2026-07-06,18:27,J0011,Ciudadela,Ranked,Magnus;Nadia,28,4.0,4,4,Derrota,520.0
3033,2026-03-23,17:04,J0021,Ciudadela,Casual,Tesla,21,8.0,7,4,Victoria,1360.0
1375,2026-02-18,00:04,J0033,Canales de Hielo,Ranked,Tesla;Koro,28,4.0,7,3,Victoria,910.0
1721,25-02-26,03:22,J0051,Puerto Escarlata,Ranked,Vex;Umbra,25,,8,5,Victoria,1390.0
9233,2026-07-04,23:10,J0032,Desierto Neon,Ranked,Koro,29,7.0,5,4,Victoria,1300.0
7291,2026-06-04,15:55,J0005,Ciudadela,Ranked,Nadia,44,8.0,5,4,Victoria,1400.0
2265,08/03/2026,22:53,J0042,Canales de Hielo,Torneo,Lienzo;Umbra,16,2.0,3,0,Victoria,640.0
88,2026-01-18,19:14,J0137,Desierto Neon,Casual,Umbra,11,7.0,7,2,Victoria,1160.0
2956,2026-03-22,21:56,J0074,Estacion Orbital,Casual,Magnus,14,4.0,4,7,Victoria,1170.0
9945,14/07/2026,05:47,J0133,Puerto Escarlata,Ranked,Vex,22,8.0,6,2,Derrota,780.0
404,2026-01-26,05:54,J0057,Desierto Neon,Ranked,Brisa;Lienzo,42,7.0,9,1,Derrota,570.0
5289,03-05-26,18:47,J0008,Desierto Neon,Ranked,  Brisa;Umbra ,38,1.0,7,4,Victoria,660.0
8934,30-06-26,16:35,J0200,Puerto Escarlata,Ranked,Koro,41,5.0,6,6,Victoria,1180.0
6956,30/05/2026,11:03,J0125,Canales de Hielo,Ranked,Tesla,45,4.0,5,6,Derrota,600.0
6654,24/05/2026,07:38,J0012,Desierto Neon,Ranked,Umbra,37,4.0,9,6,Derrota,
2457,2026-03-12,19:26,J0010,Puerto Escarlata,Casual,Brisa,16,3.0,4,5,Derrota,470.0
2856,2026-03-20,01:40,J0010,Canales de Hielo,Casual,Koro;Lienzo;Tesla,12,8.0,1,3,Victoria,1430.0
2215,07-03-26,20:33,J0022,Desierto Neon,Casual,Koro,20,3.0,5,1,Victoria,750.0
1028,2026-02-10,15:56,J0019,Bosque Umbral,Casual,  Vex ,20,6.0,3,2,Victoria,"1140,0 pts"
9777,2026-07-12,22:45,J0002,Ciudadela,Casual,Vex;Koro,27,10.0,1,5,Derrota,1230.0
1422,19/02/2026,15:42,J0007,Bosque Umbral,Torneo,Magnus,13,4.0,4,6,Victoria,1120.0
2437,2026-03-12,17:50,J0117,Ciudadela,Ranked,Vex;Umbra;Tesla,25,3.0,3,1,Derrota,290.0
5401,2026-05-05,03:28,J0075,Desierto Neon,Ranked,Koro,32,5.0,2,6,Derrota,760.0
5649,2026-05-09,23:35,J0160,Estacion Orbital,Ranked,Nadia,37,3.0,3,4,Derrota,440.0
9158,2026-07-03,07:15,J0046,Puerto Escarlata,Torneo,Lienzo;Magnus,16,9.0,4,5,Victoria,1570.0
1279,2026-02-15,09:31,J0071,Canales de Hielo,Torneo,Lienzo,27,7.0,7,4,Derrota,"760,0 pts"
9879,2026-07-13,12:12,J0045,Desierto Neon,Casual,Lienzo;Magnus,23,3.0,9,7,Victoria,970.0
9393,2026-07-07,21:04,J0117,Bosque Umbral,Ranked,Lienzo;Koro,38,10.0,6,4,Derrota,1080.0
5156,2026-05-01,14:38,J0195,Bosque Umbral,Torneo,Lienzo,22,3.0,13,5,Victoria,790.0
6716,2026-05-25,17:34,J0046,Desierto Neon,Ranked,Umbra,25,7.0,4,3,Victoria,1270.0
1979,2026-03-02,12:42,J0002,Bosque Umbral,Casual,Umbra,23,15.0,1,4,Derrota,
1062,11-02-26,18:36,J0020,Estacion Orbital,Casual,Magnus;Koro,26,5.0,11,3,,430.0
4061,12-04-26,20:58,J0032,Desierto Neon,Ranked,Koro;Umbra,38,7.0,4,3,Victoria,1270.0
4620,2026-04-22,18:32,J0200,Canales de Hielo,Ranked,Koro,32,10.0,4,4,Victoria,1620.0
7117,2026-06-01,16:09,J0005,Bosque Umbral,Ranked,Brisa,31,8.0,7,4,Derrota,860.0
9520,2026-07-09,20:04,J0093,Desierto Neon,Ranked,Magnus;Nadia,34,3.0,7,5,Derrota,410.0
1503,2026-02-21,04:05,J0071,Estacion Orbital,Casual,Umbra,21,5.0,3,10,Victoria,1440.0
8637,25/06/2026,16:01,J0097,Ciudadela,Ranked,Magnus,41,6.0,4,9,victoria,1470.0
3401,2026-03-30,19:47,J0079,Desierto Neon,Casual,Nadia,17,4.0,9,2,Derrota,320.0
6910,29/05/2026,15:00,J0054,Desierto Neon,Casual,Tesla,31,4.0,9,6,Derrota,520.0
6969,30/05/2026,16:23,J0005,Estacion Orbital,Ranked,Lienzo;Umbra,43,7.0,3,6,Derrota,940.0
5008,2026-04-29,03:35,J0011,Ciudadela,Ranked,Vex,40,7.0,3,1,Victoria,1190.0
679,2026-02-02,13:40,J0022,Estacion Orbital,Casual,Umbra,26,3.0,5,5,Victoria,950.0
4763,2026-04-25,16:19,J0063,Puerto Escarlata,Casual,Nadia,31,6.0,4,4,Victoria,1220.0
2944,22/03/2026,11:36,J0150,Puerto Escarlata,Ranked,Lienzo;Umbra,29,8.0,5,6,Victoria,1500.0
9596,10-07-26,19:28,J0003,Puerto Escarlata,Casual,Koro,12,4.0,3,5,Derrota,590.0
7878,13-06-26,06:57,J0099,Canales de Hielo,Ranked,Magnus,26,,7,3,Victoria,810.0
103,2026-01-18,20:48,J0013,Canales de Hielo,Ranked,Umbra;Magnus,30,5.0,7,2,,460.0
958,08/02/2026,21:32,J0120,Ciudadela,Ranked,Nadia;Umbra;Koro,39,6.0,2,2,Victoria,1160.0
4510,2026-04-20,18:46,J0074,Puerto Escarlata,Casual,Magnus;Brisa,11,5.0,5,3,Victoria,1050.0
5425,06-05-26,20:14,J0076,Ciudadela,Ranked,Magnus,41,5.0,6,4,Derrota,580.0
8857,28-06-26,20:39,J0056,Desierto Neon,Torneo,Brisa;Vex,15,8.0,2,7,Victoria,1610.0
7052,2026-05-31,14:08,J0040,Bosque Umbral,Ranked,Lienzo;Umbra,26,7.0,3,4,Derrota,"840,0 pts"
3746,2026-04-06,11:58,J0044,Desierto Neon,Ranked,Umbra;Tesla,31,10.0,1,9,Derrota,1430.0
4979,2026-04-28,12:11,J0149,Estacion Orbital,Ranked,Nadia;Brisa,26,5.0,4,5,Derrota,670.0
7580,2026-06-09,13:32,J0079,Desierto Neon,Casual,Koro;Umbra,18,6.0,3,2,Derrota,640.0
9413,2026-07-07,20:35,J0032,Desierto Neon,Ranked,Tesla,33,5.0,5,7,Victoria,1250.0
2933,2026-03-22,23:26,J0029,Estacion Orbital,Ranked,Koro,29,7.0,6,4,Derrota,780.0
3934,2026-04-10,22:19,J0001,Bosque Umbral,Casual,Brisa;Magnus,8,1.0,2,5,Derrota,310.0
419,2026-01-26,23:39,J0003,Puerto Escarlata,Casual,Koro,23,4.0,4,4,Victoria,1020.0
5849,2026-05-12,19:37,J0114,Canales de Hielo,Casual,Koro,25,1.0,4,2,Victoria,620.0
4217,15-04-26,18:50,J0165,Bosque Umbral,Ranked,Vex,39,6.0,6,6,Derrota,780.0
9836,2026-07-12,06:58,J0200,Canales de Hielo,Casual,Nadia;Tesla,20,6.0,6,5,Derrota,730.0
1948,2026-03-02,17:36,J0071,Canales de Hielo,Ranked,Lienzo;Koro,45,6.0,6,6,Victoria,1280.0
8159,2026-06-18,00:21,J0018,Estacion Orbital,Ranked,Nadia;Brisa;Magnus,43,3.0,6,7,Derrota,530.0
2300,2026-03-09,07:46,J0078,Desierto Neon,Casual,Vex,22,4.0,3,6,Derrota,640.0
7022,31-05-26,03:13,J0066,Canales de Hielo,Ranked,Vex,38,4.0,6,2,VICTORIA,880.0
9690,2026-07-11,07:56,J0093,Estacion Orbital,Casual,Nadia,19,2.0,5,5,Derrota,350.0
6150,2026-05-17,06:31,J0041,Puerto Escarlata,Casual,Magnus,25,4.0,5,5,Victoria,1050.0
4605,2026-04-22,07:51,J0065,Bosque Umbral,Ranked,Magnus;Nadia,30,3.0,4,4,Victoria,920.0
3397,2026-03-30,21:01,J0038,Desierto Neon,Casual,Vex;Koro,20,3.0,6,2,Victoria,780.0
8347,2026-06-21,20:58,J0050,Puerto Escarlata,Torneo,Koro,18,4.0,5,2,Victoria,900.0
529,2026-01-29,03:12,J0065,Desierto Neon,Casual,Umbra,12,3.0,1,2,Derrota,380.0
1234,15/02/2026,20:13,J0046,Desierto Neon,Casual,Koro,16,8.0,5,2,VICTORIA,1300.0
780,2026-02-04,14:10,J0079,Canales de Hielo,Casual,Magnus;Koro,29,4.0,7,10,Victoria,1260.0
4076,2026-04-12,21:52,J0100,Canales de Hielo,Ranked,Umbra,33,9.0,4,4,Derrota,1020.0
9909,2026-07-13,18:36,J0077,Puerto Escarlata,Ranked,Umbra,37,5.0,5,4,Victoria,1100.0
4962,28/04/2026,17:20,J0124,Bosque Umbral,Ranked,Brisa;Tesla,37,9.0,7,2,Derrota,860.0
1861,28-02-26,14:39,J0104,Desierto Neon,Ranked,nadia,42,6.0,2,9,Victoria,1510.0
8537,24/06/2026,20:05,J0153,Bosque Umbral,Torneo,BRISA;TESLA,26,10.0,4,4,Victoria,1620.0
7620,2026-06-09,18:37,J0013,Bosque Umbral,Ranked,Nadia,26,6.0,5,7,Victoria,
9859,2026-07-13,03:00,J0080,Desierto Neon,Ranked,Vex,26,8.0,1,3,Victoria,1430.0
8608,2026-06-25,23:59,J0021,Puerto Escarlata,Casual,koro;nadia,13,8.0,6,1,VICTORIA,1230.0
1993,2026-03-03,17:45,J0018,Canales de Hielo,Ranked,Koro,39,4.0,10,3,Derrota,350.0
3882,2026-04-09,21:02,J0019,Canales de Hielo,Casual,Koro;Nadia,13,2.0,6,6,Victoria,880.0
7365,05-06-26,13:25,J0028,Desierto Neon,Ranked,Umbra,40,5.0,4,3,Derrota,570.0
5400,05/05/2026,06:56,J0004,Canales de Hielo,Casual,Brisa,8,7.0,7,3,Derrota,710.0
6934,2026-05-30,15:32,J0046,Bosque Umbral,Ranked,Koro;Umbra,34,6.0,7,8,Derrota,860.0
3915,09-04-26,16:43,J0002,Ciudadela,Ranked,Tesla;Koro;Brisa,41,10.0,5,5,Derrota,1150.0
2472,2026-03-13,20:34,J0040,Ciudadela,Ranked,Vex,33,5.0,3,8,Derrota,840.0
8355,2026-06-21,19:44,J0110,Canales de Hielo,Ranked,Brisa;Vex,27,5.0,7,4,Victoria,1060.0
6180,2026-05-18,12:52,J0032,Bosque Umbral,Ranked,Tesla,31,6.0,1,3,Derrota,730.0
9422,2026-07-07,19:15,J0135,Puerto Escarlata,Ranked,lienzo,32,7.0,4,3,Derrota,770.0
1397,2026-02-18,19:40,J0022,Puerto Escarlata,Casual,Vex,30,8.0,9,0,Victoria,1120.0
1490,2026-02-21,23:49,J0006,Bosque Umbral,Ranked,Brisa,45,5.0,7,2,Victoria,960.0
5961,2026-05-14,17:28,J0085,Bosque Umbral,Ranked,Tesla,23,5.0,4,3,Victoria,1070.0
5598,2026-05-09,15:53,J0001,Canales de Hielo,Ranked,Umbra,24,6.0,1,1,Victoria,1130.0
1043,2026-02-10,20:15,J0031,Bosque Umbral,Torneo,Nadia;Tesla,32,5.0,4,1,Victoria,
4880,26/04/2026,17:00,J0022,Puerto Escarlata,Ranked,Umbra,45,5.0,10,1,Derrota,350.0
8950,30-06-26,20:53,J0086,Desierto Neon,Casual,Tesla,25,1.0,4,3,Victoria,670.0
7384,2026-06-06,00:59,J0061,Bosque Umbral,Ranked,Nadia,29,8.0,8,1,Derrota,690.0
258,23-01-26,00:08,J0021,Estacion Orbital,Casual,Brisa;Koro,10,3.0,6,4,derrota,"380,0 pts"
7414,2026-06-06,15:15,J0059,Canales de Hielo,Casual,Lienzo,18,1.0,5,8,Derrota,400.0
8820,2026-06-28,10:25,J0058,Bosque Umbral,Casual,Vex;Lienzo,9,8.0,7,1,Victoria,"1210,0 pts"
7950,14-06-26,05:41,J0145,Ciudadela,Casual,Nadia,27,0.0,3,4,Victoria,640.0
7226,2026-06-03,20:13,J0200,Ciudadela,Casual,Koro;Tesla,17,3.0,5,6,Derrota,500.0
2090,2026-03-05,18:43,J0117,Canales de Hielo,Casual,,27,7.0,2,3,Victoria,1310.0
8794,27-06-26,15:35,J0024,Canales de Hielo,Casual,Umbra,30,10.0,5,2,VICTORIA,1500.0
504,28-01-26,19:39,J0141,Estacion Orbital,Casual,Umbra,9,7.0,4,4,Derrota,820.0
3498,2026-04-01,15:46,J0080,Puerto Escarlata,Ranked,Brisa;Magnus,36,,2,2,Derrota,760.0
8884,29/06/2026,02:52,J0004,Canales de Hielo,Ranked,Magnus,39,4.0,4,3,Victoria,970.0
1346,2026-02-17,19:19,J0052,Ciudadela,Ranked,Umbra;Tesla,23,7.0,8,6,Derrota,840.0
5731,10/05/2026,16:22,J0104,Estacion Orbital,Ranked,Koro,24,3.0,4,1,Victoria,770.0
5138,2026-05-01,22:19,J0012,Desierto Neon,Casual,Brisa,31,8.0,8,4,Derrota,840.0
2249,2026-03-08,02:42,J0028,Desierto Neon,Torneo,Nadia,29,3.0,6,3,Derrota,330.0
5071,2026-04-30,16:47,J0054,Estacion Orbital,Casual,Lienzo;Koro,30,13.0,7,6,Victoria,1960.0
373,2026-01-25,02:44,J0198,Estacion Orbital,Casual,Tesla,19,2.0,4,5,Victoria,870.0
9016,01/07/2026,00:48,J0062,Bosque Umbral,Torneo,Nadia,16,4.0,7,3,Derrota,"410,0 pts"
4626,2026-04-23,00:29,J0021,Estacion Orbital,Casual,Vex,14,13.0,5,4,Derrota,1400.0
2007,03-03-26,18:51,J0020,Ciudadela,Ranked,Vex,42,9.0,6,4,Derrota,980.0
3849,2026-04-08,21:28,J0084,Puerto Escarlata,Ranked,Magnus,42,8.0,2,2,Victoria,1360.0
3858,08-04-26,21:55,J0087,Canales de Hielo,Ranked,Nadia;Koro,33,4.0,7,4,Victoria,960.0
5822,12/05/2026,09:15,J0050,Estacion Orbital,Ranked,Tesla;Lienzo,40,2.0,4,3,Derrota,270.0
9968,2026-07-14,10:28,J0029,Canales de Hielo,Casual,Nadia;Vex;Magnus,20,4.0,2,6,Victoria,1160.0
5432,2026-05-06,20:09,J0052,Canales de Hielo,Ranked,Magnus;Vex,42,9.0,5,6,Derrota,1100.0
6182,2026-05-18,06:32,J0066,Puerto Escarlata,Ranked,Umbra,31,3.0,6,1,Derrota,230.0
2103,05/03/2026,19:19,J0026,Canales de Hielo,Ranked,Umbra,25,5.0,6,5,Derrota,630.0
998,2026-02-09,14:27,J0022,Bosque Umbral,Casual,Tesla;Umbra,20,1.0,2,3,Victoria,710.0
8251,2026-06-20,22:23,J0023,Bosque Umbral,Casual,Brisa,10,10.0,5,5,Victoria,1650.0
9096,2026-07-02,18:23,J0035,Estacion Orbital,Ranked,Brisa,35,11.0,4,0,Derrota,1020.0
1177,2026-02-14,22:45,J0185,Puerto Escarlata,Ranked,Magnus;Lienzo,26,6.0,3,2,Victoria,1140.0
552,29-01-26,21:54,J0058,Estacion Orbital,Ranked,Brisa,41,5.0,5,1,Derrota,
745,2026-02-03,14:23,J0097,Canales de Hielo,Ranked,Umbra;Lienzo,45,6.0,5,6,Victoria,1300.0
5668,2026-05-10,12:34,J0169,Bosque Umbral,Casual,Vex,23,8.0,3,5,Victoria,1490.0
3205,27-03-26,23:20,J0078,Desierto Neon,Torneo,Brisa,14,3.0,5,4,Victoria,900.0
9687,2026-07-11,18:16,J0062,Bosque Umbral,Torneo,Umbra,30,2.0,5,4,Victoria,800.0
6970,2026-05-30,14:25,J0031,Estacion Orbital,Casual,Brisa,8,4.0,6,5,Derrota,530.0
7720,2026-06-11,12:46,J0093,Puerto Escarlata,Ranked,Vex;Lienzo,33,2.0,9,0,Victoria,"520,0 pts"
9561,2026-07-09,19:06,J0016,Puerto Escarlata,Casual,Tesla;Magnus,18,6.0,4,6,Victoria,1320.0
6968,2026-05-30,19:06,J0106,Puerto Escarlata,Ranked,Umbra;Vex,29,10.0,5,5,Victoria,1650.0
7745,12/06/2026,07:59,J0092,Bosque Umbral,Casual,Umbra,29,8.0,4,6,  Victoria ,1520.0
7677,2026-06-10,21:32,J0112,Ciudadela,Ranked,Brisa,29,1.0,3,3,Derrota,190.0
8223,2026-06-19,09:10,J0143,Estacion Orbital,Casual,Brisa,14,1.0,2,2,VICTORIA,660.0
3027,2026-03-23,18:42,J0049,Ciudadela,Casual,Lienzo,29,2.0,2,4,Victoria,860.0
5455,2026-05-06,18:35,J0200,Estacion Orbital,Ranked,Nadia;Koro;Tesla,24,6.0,5,3,,1150.0
5551,2026-05-08,18:59,J0016,Puerto Escarlata,Ranked,Lienzo;Umbra,42,4.0,4,4,Derrota,520.0
9704,2026-07-11,15:46,J0073,Bosque Umbral,Casual,Lienzo;Koro,10,3.0,4,3,Victoria,870.0
3083,2026-03-24,18:07,J0064,Desierto Neon,Casual,  Koro ,27,6.0,9,2,Derrota,520.0
694,2026-02-02,11:40,J0066,Estacion Orbital,Casual,Koro;Vex,29,9.0,5,2,Derrota,900.0
2534,2026-03-14,17:31,J0026,Estacion Orbital,Casual,Lienzo;Umbra,24,7.0,2,3,Derrota,810.0
4611,22-04-26,17:47,J0040,Puerto Escarlata,Ranked,Nadia,39,6.0,4,4,DERROTA,720.0
983,09-02-26,21:52,J0084,Estacion Orbital,Casual,Vex;Koro,12,10.0,5,2,Victoria,1500.0
4769,2026-04-25,15:34,J0009,Bosque Umbral,Torneo,Nadia,32,5.0,4,1,Victoria,970.0
80,2026-01-18,20:46,J0023,Ciudadela,Torneo,Brisa;Umbra,32,9.0,3,4,Victoria,1540.0
7978,15/06/2026,00:19,J0115,Ciudadela,Casual,Nadia,31,7.0,6,3,Derrota,730.0
6651,24-05-26,17:34,J0200,Ciudadela,Ranked,,22,9.0,4,5,Derrota,1070.0
9405,07/07/2026,00:56,J0067,Estacion Orbital,Casual,Vex,11,5.0,1,8,Victoria,1380.0
7357,2026-06-05,21:03,J0033,Puerto Escarlata,Ranked,Tesla,26,11.0,8,2,Derrota,1040.0
3470,2026-03-31,21:58,J0043,Estacion Orbital,Torneo,Tesla,11,11.0,2,3,Victoria,1710.0
3870,2026-04-08,18:55,J0016,Desierto Neon,Ranked,,32,7.0,9,4,Derrota,720.0
5857,2026-05-13,17:14,J0052,Estacion Orbital,Casual,Nadia,30,4.0,6,3,Derrota,430.0
262,2026-01-23,02:25,J0031,Canales de Hielo,Casual,Vex,32,4.0,4,6,Derrota,620.0
2143,2026-03-06,17:06,J0083,Bosque Umbral,Casual,Koro,18,5.0,12,4,Victoria,960.0
6422,2026-05-21,18:39,J0068,Desierto Neon,Ranked,Koro;Umbra;Tesla,26,8.0,5,5,Victoria,1450.0
2269,08-03-26,22:35,J0061,Puerto Escarlata,Casual,Umbra;Nadia;Koro,15,3.0,5,4,Derrota,400.0
446,27-01-26,00:37,J0047,Puerto Escarlata,Ranked,Vex,38,16.0,12,10,  Derrota ,1860.0
9068,02-07-26,17:59,J0083,Estacion Orbital,Casual,Koro,28,5.0,6,5,Victoria,1130.0
5380,05-05-26,16:39,J0008,Ciudadela,Ranked,Umbra;Vex,31,7.0,7,3,Victoria,1210.0
5203,2026-05-02,19:48,J0029,Canales de Hielo,Ranked,Magnus,31,6.0,5,1,Victoria,1050.0
6750,2026-05-26,17:54,J0116,Estacion Orbital,Torneo,Lienzo;Magnus,32,9.0,7,1,Victoria,1310.0
9794,2026-07-12,17:50,J0024,Bosque Umbral,Ranked,Umbra,42,4.0,4,5,Derrota,570.0
1702,2026-02-24,04:52,J0085,Desierto Neon,Casual,Nadia,25,7.0,3,3,Victoria,1290.0
2527,14/03/2026,20:28,J0089,Ciudadela,Casual,Tesla;Brisa,16,6.0,8,3,Derrota,590.0
3330,2026-03-29,07:04,J0097,Bosque Umbral,Casual,Umbra,20,8.0,5,5,Victoria,1450.0
69,2026-01-17,15:56,J0049,Estacion Orbital,Casual,Magnus;Brisa;Tesla,18,0.0,7,4,Derrota,60.0
1169,14/02/2026,18:34,J0060,Ciudadela,Casual,Nadia;Koro,16,2.0,3,3,Victoria,790.0
49,2026-01-17,20:31,J0020,Bosque Umbral,Casual,Koro;Umbra,20,10.0,3,5,Victoria,1690.0
1054,2026-02-11,16:36,J0008,Ciudadela,Casual,Koro;Tesla,15,2.0,1,7,Victoria,1030.0
85,2026-01-18,18:30,J0053,Desierto Neon,Ranked,Nadia;Umbra;Vex,34,8.0,6,4,Victoria,1380.0
881,07-02-26,16:06,J0028,Puerto Escarlata,Ranked,Brisa,29,4.0,9,1,Victoria,
2652,16-03-26,17:32,J0049,Canales de Hielo,Ranked,Magnus,27,3.0,7,4,DERROTA,360.0
9000,30/06/2026,21:12,J0079,Ciudadela,Ranked,Tesla;Umbra;Brisa,26,8.0,5,2,Derrota,800.0
2440,12/03/2026,19:57,J0192,Ciudadela,Casual,Brisa;Koro,19,9.0,6,6,Derrota,1080.0
6453,2026-05-22,14:34,J0200,Estacion Orbital,Casual,Koro,25,3.0,11,4,Derrota,280.0
4795,2026-04-25,11:37,J0002,Ciudadela,Ranked,Brisa;Koro,34,3.0,6,2,Derrota,280.0
1468,2026-02-20,10:48,J0042,Ciudadela,Casual,Koro;Magnus;Vex,9,5.0,3,8,Victoria,1340.0
9033,2026-07-01,23:55,J0073,Ciudadela,Casual,Vex;Magnus,14,5.0,1,4,Victoria,1180.0
9660,2026-07-11,17:37,J0119,Canales de Hielo,Ranked,vex,37,9.0,3,4,Victoria,1540.0
2442,2026-03-12,20:48,J0011,Bosque Umbral,Casual,Vex;Tesla,29,11.0,4,2,Victoria,1620.0
4760,25-04-26,19:28,J0009,Estacion Orbital,Ranked,Tesla;Koro,45,4.0,4,5,Victoria,1070.0
231,2026-01-22,14:34,J0066,Desierto Neon,Torneo,Koro;Brisa,10,12.0,7,4,Victoria,1760.0
1321,17-02-26,22:48,J0037,Desierto Neon,Ranked,KORO,30,7.0,7,1,,610.0
42,2026-01-17,19:44,J0018,Desierto Neon,Casual,Lienzo;Koro,16,3.0,8,2,derrota,240.0
778,2026-02-04,22:06,J0086,Canales de Hielo,Casual,Tesla;Vex,27,9.0,2,6,Victoria,
9021,01/07/2026,18:30,J0040,Puerto Escarlata,Casual,Umbra,18,3.0,4,2,Derrota,320.0
6933,2026-05-30,21:09,J0200,Bosque Umbral,Ranked,Tesla,37,6.0,6,3,Derrota,630.0
1730,2026-02-25,21:26,J0045,Canales de Hielo,Casual,Koro,26,,7,3,Derrota,410.0
8492,2026-06-23,19:15,J0032,Bosque Umbral,Ranked,Koro,33,14.0,4,2,Derrota,1420.0
580,30/01/2026,20:28,J0001,Ciudadela,Casual,Koro;Tesla,28,5.0,5,6,Derrota,700.0
8863,2026-06-28,20:16,J0029,Estacion Orbital,Ranked,Lienzo,28,2.0,7,5,Victoria,810.0
8929,2026-06-29,12:25,J0004,Bosque Umbral,Torneo,Magnus,12,3.0,4,5,Victoria,970.0
6719,2026-05-25,00:20,J0109,Puerto Escarlata,Casual,Umbra;Tesla;Lienzo,27,5.0,5,2,Derrota,500.0
6763,2026-05-26,15:58,J0013,Ciudadela,Casual,TESLA,13,7.0,7,5,Victoria,1310.0
1492,2026-02-21,19:10,J0065,Ciudadela,Torneo,Koro,14,6.0,4,6,Victoria,1320.0
7707,2026-06-11,21:13,J0118,Canales de Hielo,Casual,Tesla,12,4.0,2,2,Victoria,960.0
5710,10-05-26,15:16,J0007,Bosque Umbral,Casual,Tesla,20,,5,1,Victoria,1350.0
62,2026-01-17,23:42,J0106,Desierto Neon,Ranked,Magnus,29,10.0,5,8,Victoria,1800.0
4484,20-04-26,20:33,J0041,Ciudadela,Casual,Lienzo,19,2.0,2,7,Victoria,1010.0
7294,04/06/2026,10:05,J0131,Desierto Neon,Ranked,Vex,24,9.0,2,6,Victoria,1660.0
6648,2026-05-24,04:34,J0103,Estacion Orbital,Ranked,nadia,42,8.0,6,5,Victoria,1430.0
403,2026-01-26,14:32,J0012,Desierto Neon,Torneo,Vex,15,6.0,10,4,Victoria,1100.0
333,2026-01-24,  15:26 ,J0200,Estacion Orbital,Ranked,Umbra,28,7.0,8,2,Victoria,1140.0
2085,2026-03-05,23:58,J0071,Canales de Hielo,Ranked,Lienzo,37,2.0,3,5,Victoria,890.0
6954,2026-05-30,21:07,J0005,Ciudadela,Casual,Vex,16,4.0,10,1,Derrota,250.0
165,2026-01-20,16:53,J0085,Estacion Orbital,Ranked,Koro;Umbra;Vex,45,6.0,4,8,Derrota,920.0
4334,2026-04-17,17:39,J0014,Ciudadela,Casual,Koro;Tesla,27,3.0,5,2,Derrota,300.0
2716,17-03-26,19:52,J0052,Bosque Umbral,Ranked,Tesla,24,8.0,5,5,Victoria,1450.0
8993,30-06-26,03:56,J0073,Desierto Neon,Casual,Vex,26,4.0,2,4,Victoria,1060.0
8860,2026-06-28,19:41,J0197,Puerto Escarlata,Casual,Umbra,9,4.0,3,6,Victoria,1140.0
2756,2026-03-19,23:35,J0018,Ciudadela,Casual,Brisa,31,6.0,6,3,Victoria,1130.0
5550,2026-05-08,19:13,J0005,Bosque Umbral,Casual,Brisa,13,4.0,6,9,Victoria,1230.0
7171,2026-06-02,18:28,J0082,Ciudadela,Casual,Vex;Umbra,15,5.0,8,1,Victoria,890.0
1335,2026-02-17,19:34,J0027,Canales de Hielo,Ranked,Lienzo,24,4.0,4,5,Victoria,1070.0
9779,2026-07-12,19:01,J0021,Canales de Hielo,Ranked,Tesla;Magnus,29,3.0,2,5,Victoria,1010.0
1660,2026-02-23,18:32,J0006,Desierto Neon,Ranked,Umbra;Lienzo;Koro,25,9.0,6,6,Derrota,1080.0
7984,2026-06-15,20:17,J0036,Canales de Hielo,Casual,Nadia;Vex,19,2.0,4,1,Victoria,670.0
754,04/02/2026,21:44,J0071,Puerto Escarlata,Ranked,Magnus,29,9.0,7,4,Derrota,960.0
6701,25-05-26,08:03,J0069,Estacion Orbital,Ranked,Nadia;Brisa,30,5.0,8,4,Derrota,540.0
707,02/02/2026,19:22,J0155,Estacion Orbital,Casual,Lienzo;Magnus;Koro,20,1.0,1,3,Derrota,230.0
6292,2026-05-20,13:03,J0002,Estacion Orbital,Casual,Magnus;Tesla,26,5.0,3,3,Victoria,1090.0
8627,2026-06-25,18:53,J0033,Estacion Orbital,Casual,Brisa,14,4.0,4,1,Derrota,370.0
9950,2026-07-14,20:06,J0030,Desierto Neon,Casual,Tesla,21,6.0,5,1,Victoria,1050.0
9655,2026-07-11,05:59,J0064,Bosque Umbral,Casual,Brisa,25,,3,2,Derrota,540.0
7703,11-06-26,00:50,J0045,Desierto Neon,Ranked,  Lienzo;Nadia ,43,2.0,6,3,Derrota,"230,0 pts"
9629,2026-07-10,16:35,J0058,Ciudadela,Ranked,Umbra,25,,5,4,Derrota,800.0
9054,01-07-26,18:12,J0024,Bosque Umbral,Torneo,Koro;Brisa,22,4.0,4,7,Derrota,670.0
1835,28-02-26,07:35,J0133,Canales de Hielo,Ranked,Brisa,27,6.0,4,5,Victoria,1270.0
3111,25-03-26,18:08,J0117,Puerto Escarlata,Casual,Nadia,26,2.0,5,3,Victoria,750.0
8029,2026-06-16,01:26,J0076,Puerto Escarlata,Ranked,Koro,29,1.0,3,2,Victoria,640.0
4031,2026-04-11,20:26,J0056,Ciudadela,Ranked,Umbra,26,4.0,4,5,Derrota,570.0
4583,22/04/2026,  19:20 ,J0200,Canales de Hielo,Ranked,Magnus,37,5.0,8,2,Derrota,440.0
6600,24/05/2026,21:55,J0080,Bosque Umbral,Casual,Umbra;Magnus,16,4.0,3,6,Victoria,1140.0
7064,2026-05-31,16:55,J0056,Canales de Hielo,Casual,Nadia;Tesla,8,10.0,7,7,Derrota,1210.0
7370,05/06/2026,12:51,J0007,Ciudadela,Casual,Tesla,24,8.0,9,5,Victoria,1370.0
7221,2026-06-03,22:35,J0048,Desierto Neon,Ranked,Lienzo,37,4.0,5,2,Victoria,900.0
5492,2026-05-07,16:55,J0114,Canales de Hielo,Ranked,Koro,23,3.0,7,9,Derrota,610.0
3884,2026-04-09,20:20,J0007,Puerto Escarlata,Ranked,Nadia,30,10.0,4,7,Victoria,1770.0
2247,08/03/2026,18:49,J0012,Bosque Umbral,Ranked,Magnus;Nadia,38,5.0,5,5,Victoria,1150.0
836,2026-02-06,22:22,J0200,Desierto Neon,Ranked,Nadia,30,7.0,6,7,Victoria,1430.0
8460,22-06-26,17:04,J0031,Bosque Umbral,Casual,Lienzo,22,3.0,1,7,Derrota,630.0
3669,2026-04-05,14:19,J0029,Desierto Neon,Casual,Tesla,22,2.0,5,8,Victoria,1000.0
433,26/01/2026,15:17,J0051,Puerto Escarlata,Casual,Tesla,16,4.0,4,3,Derrota,470.0
9083,02-07-26,21:20,J0057,Puerto Escarlata,Ranked,Koro,45,6.0,6,6,Victoria,1280.0
9409,07/07/2026,17:17,J0057,Puerto Escarlata,Casual,vex,24,7.0,2,2,Victoria,1260.0
4924,27/04/2026,15:03,J0026,Bosque Umbral,Casual,Koro,18,6.0,5,2,Victoria,1100.0
5936,2026-05-14,11:44,J0008,Estacion Orbital,Ranked,Lienzo;Nadia,32,2.0,4,7,DERROTA,
5991,2026-05-15,10:12,J0010,Canales de Hielo,Casual,UMBRA,9,4.0,4,5,Victoria,1070.0
1194,2026-02-14,14:27,J0059,Canales de Hielo,Casual,Lienzo,17,3.0,6,4,Victoria,880.0
9534,09/07/2026,15:26,J0019,Canales de Hielo,Casual,Nadia;Lienzo,22,4.0,6,2,Derrota,380.0
5559,2026-05-08,20:53,J0016,Ciudadela,Ranked,Koro,43,11.0,6,4,Victoria,1680.0
6370,2026-05-21,15:45,J0005,Desierto Neon,Ranked,Tesla;Lienzo,27,4.0,7,5,Victoria,"1010,0 pts"
4278,2026-04-16,08:10,J0085,Puerto Escarlata,Ranked,Koro,40,9.0,8,2,Victoria,1340.0
3161,26/03/2026,19:16,J0126,Ciudadela,Casual,Brisa,20,5.0,4,4,Derrota,620.0
3326,2026-03-29,22:35,J0023,Bosque Umbral,Ranked,Nadia,28,11.0,13,3,Derrota,990.0
2730,18/03/2026,16:49,J0081,Ciudadela,Casual,Lienzo;Umbra;Koro,32,3.0,8,5,Derrota,390.0
4701,24-04-26,18:46,J0023,Desierto Neon,Casual,Vex;Tesla,8,6.0,3,7,Victoria,1390.0
434,26/01/2026,18:42,J0006,Bosque Umbral,Ranked,Nadia;Brisa;Vex,37,12.0,3,1,Victoria,1690.0
3398,2026-03-30,21:27,J0023,Bosque Umbral,Torneo,Nadia;Koro,11,4.0,5,10,Derrota,800.0
8855,2026-06-28,18:23,J0041,Canales de Hielo,Torneo,Lienzo;Brisa,12,4.0,3,6,Victoria,1140.0
9721,2026-07-11,20:02,J0035,Bosque Umbral,Ranked,Koro;Nadia;Tesla,25,12.0,4,3,Victoria,1770.0
105,2026-01-18,14:33,J0040,Puerto Escarlata,Casual,Magnus,31,7.0,7,3,,1210.0
6075,16-05-26,15:33,J0024,Ciudadela,Casual,Tesla,22,2.0,4,5,Derrota,370.0
1657,23-02-26,17:13,J0072,Bosque Umbral,Casual,Magnus,25,1.0,0,5,Victoria,850.0
1534,21/02/2026,19:30,J0075,Puerto Escarlata,Casual,  Vex ,30,15.0,7,3,Victoria,2010.0
4931,27/04/2026,13:16,J0113,Ciudadela,Casual,Umbra,13,3.0,2,6,Derrota,560.0
1333,2026-02-17,18:30,J0200,Ciudadela,Ranked,,22,6.0,4,6,Victoria,1320.0
5339,2026-05-04,16:43,J0025,Bosque Umbral,Casual,Magnus;Nadia,26,5.0,3,4,Victoria,1140.0
7037,2026-05-31,08:36,J0007,Ciudadela,Casual,Tesla;Vex;Lienzo,12,7.0,1,5,Derrota,930.0
1444,20-02-26,14:54,J0077,Estacion Orbital,Ranked,Tesla;Brisa;Magnus,26,8.0,4,5,Derrota,970.0
215,21/01/2026,22:56,J0187,Desierto Neon,Ranked,Magnus;Nadia;Koro,44,4.0,4,4,Derrota,520.0
5453,06/05/2026,19:36,J0195,Bosque Umbral,Casual,Brisa;Koro,26,7.0,4,4,Victoria,1320.0
3474,2026-04-01,21:57,J0145,Ciudadela,Torneo,Magnus;Lienzo,8,4.0,5,2,Derrota,400.0
9971,2026-07-14,21:06,J0048,Ciudadela,Casual,Tesla;Nadia,16,2.0,2,7,Victoria,1010.0
9996,2026-07-14,18:12,J0014,Desierto Neon,Casual,umbra,22,9.0,3,4,Victoria,1540.0
1420,2026-02-19,11:48,J0004,Puerto Escarlata,Casual,Brisa;Lienzo,15,9.0,3,2,  Victoria ,1440.0
9967,2026-07-14,22:24,J0174,Bosque Umbral,Casual,Brisa,23,4.0,4,0,Derrota,320.0
8543,2026-06-24,23:13,J0054,Canales de Hielo,Casual,Vex,17,12.0,4,2,Victoria,1720.0
182,21/01/2026,23:35,J0041,Estacion Orbital,Ranked,Umbra,29,4.0,6,3,Victoria,930.0
4465,19-04-26,16:22,J0152,Estacion Orbital,Casual,Nadia,22,6.0,3,5,Derrota,790.0
8769,2026-06-27,05:02,J0007,Canales de Hielo,Ranked,Tesla,33,3.0,3,1,Victoria,790.0
2447,12/03/2026,18:58,J0023,Ciudadela,Casual,Lienzo;Koro,13,6.0,7,5,Victoria,1210.0
5418,2026-05-06,21:34,J0188,Bosque Umbral,Casual,Brisa;Nadia,25,4.0,9,3,Victoria,870.0
4129,13-04-26,17:41,J0048,Puerto Escarlata,Ranked,Umbra,35,5.0,6,5,Derrota,630.0
8759,2026-06-27,18:45,J0061,Desierto Neon,Ranked,Nadia,24,5.0,4,1,Victoria,970.0
7524,2026-06-08,01:01,J0113,Ciudadela,Ranked,Lienzo,42,4.0,13,4,Victoria,840.0
7897,2026-06-14,20:52,J0077,Ciudadela,Casual,Koro;Lienzo,26,2.0,6,4,Derrota,"280,0 pts"
8112,2026-06-17,17:10,J0169,Desierto Neon,Ranked,Koro;Vex,22,10.0,5,2,Victoria,1500.0
4012,11-04-26,16:58,J0108,Puerto Escarlata,Ranked,Koro;Umbra;Tesla,27,3.0,3,4,Victoria,940.0
71,2026-01-17,00:52,J0083,Ciudadela,Casual,Magnus,9,2.0,4,4,Victoria,
545,2026-01-29,15:02,J0200,Ciudadela,Ranked,Umbra,41,6.0,3,4,Victoria,1240.0
1205,14/02/2026,20:35,J0065,Canales de Hielo,Casual,Umbra;Vex,17,7.0,3,4,Victoria,1340.0
3383,30/03/2026,20:26,J0024,Desierto Neon,Ranked,Umbra,26,2.0,6,5,Victoria,830.0
8540,2026-06-24,10:25,J0100,Puerto Escarlata,Casual,Brisa,22,10.0,9,7,Derrota,1170.0
9177,2026-07-04,10:20,J0073,Desierto Neon,Casual,Tesla,18,8.0,4,4,Derrota,920.0
3521,02/04/2026,15:16,J0009,Bosque Umbral,Casual,Brisa;Lienzo,15,4.0,8,8,Derrota,640.0
9754,2026-07-12,16:43,J0148,Estacion Orbital,Ranked,Umbra,38,5.0,3,8,Derrota,"840,0 pts"
3379,2026-03-30,13:44,J0047,Canales de Hielo,Torneo,Koro,24,12.0,7,2,Derrota,1160.0
8395,21-06-26,20:24,J0118,Estacion Orbital,Casual,Lienzo,23,8.0,4,6,Derrota,
7378,05/06/2026,20:02,J0145,Desierto Neon,Ranked,Koro,43,7.0,4,3,Victoria,1270.0
7362,2026-06-05,18:38,J0031,Estacion Orbital,Ranked,Vex;Magnus,43,9.0,10,6,  Derrota ,1000.0
8782,2026-06-27,11:34,J0022,Desierto Neon,Casual,Umbra,27,3.0,8,2,Derrota,
878,07/02/2026,06:25,J0064,Estacion Orbital,Ranked,Brisa;Koro,45,6.0,3,9,derrota,990.0
8760,2026-06-27,08:13,J0069,Estacion Orbital,Ranked,Nadia;Koro,31,4.0,8,3,Victoria,890.0
197,2026-01-21,17:44,J0020,Desierto Neon,Casual,Vex,9,8.0,1,5,Derrota,1030.0
9820,12/07/2026,22:43,J0011,Bosque Umbral,Casual,Koro,29,2.0,6,4,Derrota,"280,0 pts"
6245,2026-05-19,19:00,J0002,Desierto Neon,Ranked,Umbra;Brisa;Magnus,40,3.0,11,2,Derrota,180.0
4182,2026-04-14,02:35,J0013,Desierto Neon,Ranked,Brisa,27,13.0,3,5,  Victoria ,1990.0
2572,2026-03-15,08:56,J0005,Canales de Hielo,Ranked,,22,5.0,3,6,Derrota,740.0
5027,2026-04-29,19:30,J0200,Bosque Umbral,Ranked,Koro;Nadia,37,9.0,7,1,Victoria,1310.0
7366,2026-06-05,20:02,J0101,Desierto Neon,Casual,Brisa,9,6.0,7,4,Victoria,1160.0
8697,2026-06-26,07:10,J0085,Puerto Escarlata,Casual,Magnus;Koro,20,7.0,4,4,Derrota,820.0
9439,2026-07-07,20:05,J0002,Canales de Hielo,Ranked,Koro;Lienzo,45,4.0,7,8,Derrota,660.0
9546,09/07/2026,20:37,J0002,Canales de Hielo,Ranked,Magnus,34,5.0,10,4,Victoria,1000.0
8145,2026-06-18,17:17,J0044,Bosque Umbral,Ranked,lienzo;magnus,38,9.0,2,3,Derrota,1010.0
5567,09/05/2026,16:10,J0108,Puerto Escarlata,Ranked,Brisa;Lienzo,28,1.0,3,9,Derrota,490.0
4923,2026-04-27,16:08,J0122,Bosque Umbral,Ranked,Umbra,24,6.0,2,2,Victoria,1160.0
2869,2026-03-21,22:10,J0098,Desierto Neon,Ranked,,37,4.0,1,3,Victoria,1030.0
2719,17/03/2026,15:49,J0013,Ciudadela,Casual,Brisa;Lienzo;Magnus,19,7.0,3,1,Victoria,1190.0
8724,2026-06-27,15:34,J0090,Canales de Hielo,Ranked,Brisa;Lienzo,35,6.0,5,6,Derrota,800.0
3834,2026-04-08,11:29,J0034,Ciudadela,Ranked,brisa,36,8.0,3,3,Derrota,890.0
4329,2026-04-17,21:29,J0080,Ciudadela,Casual,Umbra;Tesla;Lienzo,25,6.0,6,7,Victoria,
8324,21/06/2026,18:42,J0061,Puerto Escarlata,Torneo,Vex;Brisa,27,9.0,6,4,Derrota,980.0
5716,10/05/2026,08:26,J0130,Bosque Umbral,Casual,magnus,26,3.0,8,6,Derrota,440.0
3995,2026-04-11,18:05,J0045,Estacion Orbital,Casual,UMBRA,32,4.0,7,5,Derrota,510.0
2683,2026-03-17,18:00,J0109,Estacion Orbital,Ranked,Nadia;Magnus,39,5.0,6,4,Victoria,1080.0
4505,2026-04-20,09:41,J0069,Bosque Umbral,Casual,Tesla;Koro,31,4.0,2,6,Derrota,660.0
5800,2026-05-12,20:13,J0068,Canales de Hielo,Casual,Magnus;Umbra,31,7.0,4,1,Victoria,1170.0
9328,06-07-26,17:43,J0008,Bosque Umbral,Casual,Magnus,18,,2,7,Victoria,1110.0
9032,2026-07-01,16:38,J0109,Canales de Hielo,Casual,magnus,31,5.0,3,3,Victoria,1090.0
219,22/01/2026,22:45,J0113,Puerto Escarlata,Ranked,Vex,39,14.0,4,0,,1820.0
5763,2026-05-11,18:36,J0060,Bosque Umbral,Casual,Brisa,10,1.0,4,3,Victoria,
3835,2026-04-08,09:10,J0003,Canales de Hielo,Ranked,Magnus,22,3.0,7,2,Victoria,760.0
8698,26-06-26,21:24,J0015,Puerto Escarlata,Torneo,Brisa,12,12.0,3,3,Derrota,1290.0
2544,14-03-26,18:07,J0017,Canales de Hielo,Ranked,Vex,39,12.0,4,5,Derrota,1370.0
4066,2026-04-12,08:00,J0025,Estacion Orbital,Casual,,22,4.0,4,3,Derrota,470.0
1245,2026-02-15,03:18,J0063,Ciudadela,Ranked,Nadia,43,5.0,11,3,Victoria,930.0
421,26-01-26,12:26,J0046,Estacion Orbital,Ranked,Umbra,36,2.0,6,1,  Derrota ,130.0
6339,2026-05-20,22:41,J0053,Estacion Orbital,Casual,Vex;Nadia;Tesla,31,9.0,10,2,Victoria,1300.0
2059,04-03-26,21:15,J0102,Ciudadela,Ranked,Tesla;Vex;Brisa,23,4.0,4,3,Derrota,470.0
8560,2026-06-24,00:33,J0056,Bosque Umbral,Ranked,Umbra;Brisa,35,7.0,6,6,Derrota,880.0
6548,2026-05-23,07:32,J0097,Ciudadela,Torneo,Vex;Brisa,19,6.0,4,8,Victoria,1420.0
4925,2026-04-27,22:12,J0159,Estacion Orbital,Ranked,Brisa;Vex,35,12.0,4,2,Victoria,
5609,2026-05-09,18:40,J0055,Canales de Hielo,Ranked,Magnus;Nadia,33,2.0,7,6,Victoria,860.0
1167,2026-02-14,19:05,J0042,Bosque Umbral,Casual,Nadia,8,5.0,1,3,Victoria,1130.0
255,22/01/2026,17:57,J0064,Canales de Hielo,Ranked,Magnus,28,,9,4,,320.0
416,26/01/2026,22:59,J0005,Canales de Hielo,Ranked,Brisa,24,11.0,8,4,Derrota,114000.0
4005,11-04-26,00:33,J0105,Canales de Hielo,Ranked,Nadia,37,10.0,3,4,Derrota,1140.0
9246,05-07-26,03:01,J0062,Canales de Hielo,Casual,Tesla;Brisa,15,0.0,6,5,Derrota,130.0
3316,29/03/2026,18:20,J0008,Estacion Orbital,Ranked,Tesla,23,,3,2,Victoria,740.0
3007,2026-03-23,20:30,J0012,Estacion Orbital,Ranked,Umbra,39,4.0,4,11,Victoria,1370.0
760,2026-02-04,15:07,J0118,Puerto Escarlata,Ranked,Vex;Koro;Lienzo,40,8.0,4,6,Victoria,1520.0
1386,18-02-26,18:51,J0049,Desierto Neon,Torneo,Koro;Umbra,10,4.0,2,5,Victoria,
655,2026-02-01,16:52,J0014,Canales de Hielo,Torneo,lienzo;koro;brisa,15,4.0,4,5,derrota,570.0
1202,2026-02-14,15:24,J0034,Estacion Orbital,Casual,Magnus,13,5.0,5,4,Victoria,"1100,0 pts"
2414,12/03/2026,00:14,J0013,Canales de Hielo,Casual,Koro,25,4.0,8,3,,
3207,2026-03-27,14:55,J0048,Canales de Hielo,Ranked,Brisa;Lienzo;Tesla,44,6.0,3,6,Victoria,1340.0
8495,2026-06-23,14:05,J0093,Ciudadela,Ranked,Tesla,35,6.0,7,4,Victoria,1160.0
9156,2026-07-03,19:00,J0036,Estacion Orbital,Ranked,Brisa,45,1.0,6,8,Victoria,880.0
8641,2026-06-26,13:45,J0126,Desierto Neon,Torneo,MAGNUS;LIENZO;NADIA,23,3.0,5,3,Derrota,
3173,26-03-26,21:33,J0033,Estacion Orbital,Torneo,Brisa;Magnus,30,5.0,4,4,Victoria,1120.0
2831,2026-03-20,15:45,J0024,Desierto Neon,Ranked,,41,4.0,4,3,Derrota,470.0
4576,2026-04-22,21:40,J0091,Ciudadela,Casual,Vex,27,13.0,3,2,Victoria,1840.0
329,24/01/2026,14:58,J0104,Ciudadela,Casual,Lienzo;Koro,8,10.0,6,6,Derrota,1180.0
4351,18-04-26,01:23,J0084,Estacion Orbital,Casual,Magnus,21,8.0,4,1,Derrota,770.0
6101,2026-05-17,21:40,J0048,Canales de Hielo,Torneo,Umbra;Magnus,19,5.0,5,4,derrota,600.0
4476,2026-04-20,19:35,J0069,Ciudadela,Ranked,Tesla;Koro,42,4.0,2,1,Victoria,910.0
2064,04/03/2026,22:59,J0020,Canales de Hielo,Casual,Tesla;Lienzo,11,9.0,7,6,Victoria,1560.0
6687,2026-05-25,19:40,J0037,Bosque Umbral,Casual,Lienzo;Brisa,28,14.0,5,2,Derrota,1400.0
8459,2026-06-22,19:57,J0026,Desierto Neon,Casual,Nadia,8,5.0,6,7,Victoria,1230.0
5602,2026-05-09,  17:24 ,J0011,Canales de Hielo,Casual,Nadia,8,3.0,2,4,Victoria,960.0
9289,05-07-26,10:49,J0059,Ciudadela,Casual,Nadia,18,4.0,3,3,Derrota,490.0
5047,2026-04-30,11:59,J0069,Desierto Neon,Casual,Umbra;Brisa,19,4.0,5,3,Victoria,950.0
1282,16/02/2026,13:06,J0200,Ciudadela,Ranked,Umbra,23,10.0,4,4,Victoria,1620.0
5580,2026-05-09,20:30,J0042,Ciudadela,Ranked,Umbra,30,3.0,3,2,Victoria,840.0
2637,2026-03-16,13:02,J0016,Puerto Escarlata,Casual,Vex;Brisa,25,8.0,1,7,Derrota,1130.0
3456,31/03/2026,20:27,J0019,Desierto Neon,Ranked,Lienzo,31,5.0,2,5,Derrota,710.0
8242,2026-06-19,09:53,J0200,Puerto Escarlata,Ranked,Brisa,24,5.0,1,2,victoria,1080.0
6551,2026-05-23,15:08,J0195,Estacion Orbital,Ranked,Nadia;Lienzo,29,6.0,7,5,Victoria,1210.0
2946,2026-03-22,17:47,J0087,Ciudadela,Casual,lienzo,28,6.0,7,3,,610.0
4958,28/04/2026,20:18,J0019,Canales de Hielo,Ranked,Tesla;Vex,34,5.0,9,4,Victoria,1020.0
3943,2026-04-10,19:26,J0025,Canales de Hielo,Ranked,Magnus;Lienzo,24,7.0,3,4,derrota,840.0
9426,07-07-26,13:35,J0037,Bosque Umbral,Ranked,UMBRA;TESLA,22,7.0,4,6,Derrota,
2664,16-03-26,13:14,J0055,Desierto Neon,Ranked,Koro,29,9.0,5,7,Victoria,1650.0
8348,2026-06-21,16:29,J0007,Desierto Neon,Ranked,Umbra,38,3.0,4,4,Derrota,420.0
1283,16-02-26,22:59,J0083,Estacion Orbital,Ranked,Nadia,33,2.0,1,1,,230.0
3615,04/04/2026,17:30,J0058,Puerto Escarlata,Ranked,Lienzo;Magnus,44,3.0,3,4,Victoria,940.0
1363,18/02/2026,13:51,J0121,Desierto Neon,Ranked,Magnus,31,7.0,3,3,Victoria,1290.0
1438,2026-02-20,16:06,J0199,Estacion Orbital,Ranked,Nadia,33,3.0,6,9,derrota,630.0
9702,11/07/2026,23:12,J0155,Puerto Escarlata,Ranked,Magnus,25,2.0,3,7,Victoria,990.0
3786,2026-04-07,22:47,J0120,Estacion Orbital,Torneo,Koro,22,6.0,8,3,VICTORIA,1090.0
57,2026-01-17,04:04,J0006,Ciudadela,Casual,Nadia;Lienzo;Tesla,21,10.0,3,4,Victoria,1640.0
4683,2026-04-24,  14:51 ,J0071,Canales de Hielo,Casual,Vex;Umbra,30,6.0,5,7,Victoria,1350.0
8546,2026-06-24,14:03,J0049,Ciudadela,Ranked,Lienzo,43,3.0,5,4,  Victoria ,900.0
3922,09/04/2026,07:08,J0058,Desierto Neon,Ranked,Tesla,38,6.0,5,8,Victoria,1400.0
1845,2026-02-28,16:55,J0052,Desierto Neon,Ranked,Koro,38,3.0,1,1,,830.0
3185,2026-03-26,19:30,J0045,Puerto Escarlata,Ranked,Magnus;Lienzo,26,2.0,9,4,  Derrota ,
8642,2026-06-26,21:11,J0016,Bosque Umbral,Casual,Magnus,32,9.0,4,10,Victoria,1820.0
6818,27-05-26,12:18,J0044,Canales de Hielo,Torneo,Koro,18,4.0,6,3,Victoria,930.0
2881,2026-03-21,17:35,J0014,Puerto Escarlata,Torneo,Vex;Tesla,25,5.0,4,2,Derrota,520.0
1744,25-02-26,20:56,J0055,Bosque Umbral,Ranked,Nadia;Umbra;Koro,22,2.0,11,2,Derrota,80.0
8464,2026-06-22,15:51,J0039,Canales de Hielo,Casual,Magnus,27,2.0,8,3,Victoria,690.0
8861,2026-06-28,20:56,J0034,Desierto Neon,Casual,Koro;Lienzo,18,6.0,4,4,Victoria,1220.0
4268,16/04/2026,23:03,J0015,Estacion Orbital,Ranked,Koro;Brisa;Magnus,41,7.0,5,6,Derrota,900.0
6389,21-05-26,16:56,J0083,Desierto Neon,Ranked,Nadia;Lienzo;Vex,38,7.0,10,1,Derrota,550.0
741,2026-02-03,18:06,J0200,Bosque Umbral,Ranked,Magnus;Tesla;Brisa,37,14.0,4,5,Derrota,1570.0
9649,11-07-26,13:40,J0032,Puerto Escarlata,Ranked,Koro,32,7.0,1,0,Victoria,1180.0
4640,2026-04-23,22:50,J0114,Bosque Umbral,Casual,VEX,14,11.0,3,1,Victoria,1590.0
1625,2026-02-23,19:34,J0032,Ciudadela,Ranked,Brisa;Koro,31,7.0,5,4,Victoria,1300.0
525,29-01-26,21:38,J0015,Bosque Umbral,Casual,Umbra,32,12.0,7,5,Derrota,1310.0
8279,2026-06-20,18:15,J0039,Ciudadela,Casual,Lienzo;Brisa,14,9.0,8,4,Victoria,1440.0
8240,2026-06-19,00:14,J0017,Canales de Hielo,Ranked,Nadia,42,5.0,2,6,Victoria,1260.0
5523,2026-05-08,19:27,J0096,Canales de Hielo,Ranked,Tesla,44,9.0,2,3,Derrota,
9586,2026-07-10,10:27,J0035,Estacion Orbital,Ranked,Koro;Tesla,33,7.0,6,1,Victoria,1130.0
6522,2026-05-23,22:38,J0137,Puerto Escarlata,Ranked,,28,8.0,7,3,Victoria,1310.0
436,2026-01-26,19:01,J0200,Puerto Escarlata,Ranked,  Tesla;Magnus ,33,9.0,4,1,Victoria,1370.0
7666,2026-06-10,22:14,J0006,Estacion Orbital,Casual,Nadia;Koro,9,5.0,3,5,Victoria,1190.0
8077,2026-06-17,15:47,J0054,Desierto Neon,Casual,Lienzo;Brisa,9,6.0,7,7,,810.0
309,24-01-26,21:27,J0022,Canales de Hielo,Torneo,Lienzo,29,5.0,4,3,Derrota,570.0
1566,2026-02-22,16:51,J0020,Puerto Escarlata,Ranked,Koro,26,3.0,7,6,Derrota,460.0
2632,2026-03-16,17:55,J0018,Estacion Orbital,Ranked,Lienzo;Nadia,30,3.0,8,4,Derrota,340.0
5696,2026-05-10,15:05,J0200,Estacion Orbital,Torneo,Lienzo,28,6.0,4,1,Victoria,1070.0
5875,13-05-26,22:49,J0050,Ciudadela,Torneo,Tesla,9,3.0,5,4,Victoria,900.0
402,26/01/2026,17:52,J0200,Canales de Hielo,Ranked,Nadia,40,4.0,8,5,Derrota,490.0
6865,28/05/2026,12:46,J0073,Canales de Hielo,Casual,Vex;Nadia,20,5.0,6,1,Victoria,930.0
882,2026-02-07,13:12,J0020,Ciudadela,Casual,Lienzo;Tesla,31,2.0,6,3,Derrota,"230,0 pts"
435,2026-01-26,21:03,J0084,Puerto Escarlata,Ranked,Lienzo;Umbra;Nadia,33,8.0,6,5,Derrota,930.0
7244,2026-06-03,16:47,J0072,Bosque Umbral,Ranked,Magnus,24,2.0,3,2,Derrota,240.0
5666,2026-05-10,15:44,J0023,Bosque Umbral,Casual,Umbra;Koro,8,9.0,1,4,derrota,1080.0
9946,2026-07-14,17:13,J0047,Estacion Orbital,Casual,Tesla,9,11.0,7,4,Derrota,1160.0
8472,2026-06-23,21:54,J0043,Estacion Orbital,Ranked,Nadia,34,3.0,6,6,Derrota,480.0
4909,2026-04-27,19:30,J0053,Puerto Escarlata,Casual,,15,,1,4,Derrota,180.0
5837,2026-05-12,21:01,J0009,Canales de Hielo,Ranked,Umbra,23,,3,9,Derrota,790.0
5653,10/05/2026,23:47,J0091,Ciudadela,Ranked,Magnus;Umbra,32,4.0,4,4,Derrota,520.0
289,23/01/2026,15:19,J0004,Ciudadela,Ranked,Vex,43,8.0,7,3,Derrota,810.0
8286,2026-06-20,03:14,J0024,Puerto Escarlata,Ranked,Brisa,32,4.0,5,2,Victoria,900.0
9160,03-07-26,14:34,J0028,Puerto Escarlata,Ranked,Nadia,39,2.0,5,1,Victoria,650.0
2624,15/03/2026,18:40,J0118,Bosque Umbral,Ranked,Tesla,44,12.0,6,1,Victoria,1630.0
8046,2026-06-16,20:32,J0021,Puerto Escarlata,Casual,magnus,25,8.0,12,3,Victoria,1210.0
477,2026-01-27,20:08,J0031,Estacion Orbital,Torneo,Umbra;Brisa,23,3.0,5,2,Derrota,300.0
7151,02-06-26,19:32,J0053,Estacion Orbital,Casual,,20,8.0,3,3,Victoria,1390.0
9222,2026-07-04,22:44,J0028,Desierto Neon,Casual,Nadia;Tesla,27,6.0,3,2,Derrota,640.0
3904,2026-04-09,15:53,J0200,Ciudadela,Torneo,Vex;Umbra;Nadia,30,3.0,8,4,victoria,840.0
8404,2026-06-22,09:42,J0054,Puerto Escarlata,Casual,Nadia;Vex;Umbra,20,11.0,4,6,Derrota,1320.0
7860,13-06-26,07:40,J0123,Puerto Escarlata,Casual,Tesla,19,3.0,5,5,Derrota,450.0
738,2026-02-03,17:16,J0022,Puerto Escarlata,Torneo,Brisa;Magnus,19,3.0,4,5,Victoria,970.0
6106,2026-05-17,21:11,J0075,Ciudadela,Casual,Nadia,14,11.0,4,3,Victoria,1670.0
8426,22/06/2026,18:17,J0050,Desierto Neon,Ranked,Lienzo,29,8.0,2,5,Derrota,1010.0
8885,2026-06-29,16:23,J0044,Ciudadela,Ranked,Magnus;Tesla;Brisa,33,10.0,3,2,Victoria,1540.0
5504,2026-05-07,18:45,J0010,Ciudadela,Ranked,Magnus;Brisa,44,7.0,11,3,,1130.0
8137,17/06/2026,21:29,J0027,Estacion Orbital,Casual,Magnus,8,2.0,2,1,Victoria,"710,0 pts"
4975,28/04/2026,09:38,J0001,Ciudadela,Ranked,Umbra,34,4.0,6,4,Victoria,980.0
4234,2026-04-15,21:29,J0099,Desierto Neon,Ranked,Magnus,41,6.0,2,2,Victoria,1160.0
7569,2026-06-08,19:14,J0200,Canales de Hielo,Ranked,Brisa,44,5.0,7,7,  Victoria ,1210.0
4705,2026-04-24,21:48,J0123,Ciudadela,Casual,Umbra,8,5.0,5,6,Derrota,700.0
7333,2026-06-05,12:33,J0126,Ciudadela,Ranked,Nadia,28,5.0,3,4,Derrota,640.0
4318,2026-04-17,18:45,J0014,Bosque Umbral,Ranked,Tesla;Brisa,40,2.0,3,5,Derrota,390.0
1840,2026-02-28,20:00,J0124,Desierto Neon,Ranked,Magnus,35,0.0,5,3,Derrota,50.0
1996,2026-03-03,23:02,J0018,Ciudadela,Ranked,Koro,29,6.0,6,3,Victoria,1130.0
2400,2026-03-11,12:16,J0031,Ciudadela,Ranked,Vex,34,10.0,1,6,Victoria,1780.0
4338,2026-04-18,01:49,J0087,Estacion Orbital,Ranked,Brisa,24,6.0,1,0,Victoria,1080.0
5664,2026-05-10,18:35,J0010,Desierto Neon,Casual,Umbra,15,9.0,6,4,Victoria,1480.0
4773,2026-04-25,21:40,J0093,Estacion Orbital,Ranked,Brisa,26,4.0,6,4,Victoria,980.0
7516,2026-06-07,21:59,J0038,Estacion Orbital,Ranked,Lienzo,22,2.0,7,2,Derrota,160.0
801,2026-02-05,08:52,J0179,Bosque Umbral,Casual,Nadia,26,10.0,8,3,Victoria,1490.0
9070,02-07-26,18:18,J0021,Desierto Neon,Casual,Vex;Tesla;Nadia,16,8.0,7,3,Victoria,1310.0
7967,15/06/2026,13:01,J0118,Desierto Neon,Ranked,Magnus,39,3.0,5,2,Victoria,800.0
1406,19-02-26,09:21,J0037,Desierto Neon,Casual,Koro;Magnus;Lienzo,19,5.0,2,10,Derrota,960.0
5528,2026-05-08,23:28,J0200,Desierto Neon,Casual,Magnus;Tesla,11,9.0,4,4,Derrota,1020.0
70,2026-01-17,18:35,J0035,Bosque Umbral,Ranked,  Umbra ,23,5.0,6,6,Victoria,
5827,12-05-26,17:21,J0106,Ciudadela,Casual,Nadia;Koro,8,12.0,2,3,Derrota,1310.0
2760,19-03-26,20:08,J0094,Puerto Escarlata,Casual,Nadia,29,3.0,4,3,Derrota,370.0
9780,2026-07-12,21:28,J0113,Puerto Escarlata,Casual,Vex,15,7.0,7,5,Victoria,131000.0
1587,2026-02-22,18:36,J0077,Bosque Umbral,Ranked,Lienzo;Tesla,33,6.0,12,5,Victoria,1110.0
6477,22-05-26,17:21,J0001,Canales de Hielo,Casual,Vex;Nadia;Lienzo,9,10.0,2,6,Derrota,1260.0
5681,10/05/2026,17:20,J0077,Canales de Hielo,Torneo,Vex,23,10.0,5,3,Victoria,1550.0
1075,2026-02-11,13:49,J0022,Canales de Hielo,Torneo,Lienzo,28,4.0,4,4,Victoria,1020.0
6136,2026-05-17,19:40,J0137,Ciudadela,Casual,Umbra;Nadia;Lienzo,22,8.0,5,4,Derrota,900.0
3210,2026-03-27,15:21,J0041,Bosque Umbral,Ranked,Koro;Magnus,37,4.0,10,4,Derrota,400.0
8564,24/06/2026,18:20,J0010,Canales de Hielo,Casual,,20,7.0,5,4,Victoria,
9140,03/07/2026,15:30,J0144,Desierto Neon,Casual,Tesla;Brisa,31,3.0,6,4,,380.0
2604,15/03/2026,18:27,J0036,Bosque Umbral,Casual,Magnus;Tesla,23,2.0,5,5,Derrota,"350,0 pts"
6235,2026-05-19,11:04,J0016,Puerto Escarlata,Casual,Koro;Brisa;Umbra,9,,4,7,Derrota,970.0
1580,2026-02-22,19:09,J0086,Desierto Neon,Casual,Brisa;Nadia,13,9.0,4,2,Victoria,1420.0
3300,2026-03-28,10:12,J0028,Desierto Neon,Casual,Lienzo,32,,1,8,Derrota,1080.0
4897,2026-04-27,00:45,J0052,Ciudadela,Casual,Tesla,21,4.0,9,5,Derrota,470.0
3686,05/04/2026,20:37,J0093,Puerto Escarlata,Ranked,,40,6.0,6,3,VICTORIA,1130.0
410,26/01/2026,  17:25 ,J0032,Puerto Escarlata,Casual,Lienzo,26,2.0,3,2,Derrota,240.0
5493,07-05-26,16:21,J0200,Canales de Hielo,Ranked,Magnus,39,9.0,4,3,Victoria,1470.0
8770,27-06-26,17:09,J0013,Puerto Escarlata,Casual,Koro,25,8.0,6,5,Victoria,1430.0
6158,2026-05-17,19:57,J0040,Bosque Umbral,Casual,Brisa,18,2.0,4,3,Derrota,270.0
5326,04-05-26,20:12,J0085,Desierto Neon,Casual,Lienzo;Koro,26,9.0,3,2,Victoria,1440.0
7800,12/06/2026,17:25,J0074,Estacion Orbital,Ranked,Tesla,36,8.0,10,5,Derrota,850.0
3092,2026-03-24,22:54,J0099,Desierto Neon,Torneo,Tesla;Vex,10,6.0,5,5,Derrota,"750,0 pts"
2727,2026-03-17,17:01,J0093,Canales de Hielo,Casual,Vex,9,6.0,4,2,Derrota,620.0
478,2026-01-27,04:15,J0004,Canales de Hielo,Casual,Koro,11,4.0,6,8,,680.0
1330,2026-02-17,21:30,J0130,Puerto Escarlata,Ranked,Umbra;Tesla;Nadia,44,1.0,3,5,Derrota,290.0
2284,09/03/2026,05:47,J0047,Estacion Orbital,Ranked,Nadia,23,6.0,6,4,  Victoria ,1180.0
9716,2026-07-11,22:27,J0103,Puerto Escarlata,Torneo,magnus;nadia,15,3.0,5,6,Derrota,500.0
6482,2026-05-22,19:54,J0036,Estacion Orbital,Casual,Lienzo;Tesla,18,,5,4,Victoria,1000.0
1778,26-02-26,22:03,J0081,Puerto Escarlata,Casual,Umbra,27,3.0,3,8,Derrota,640.0
6206,2026-05-18,20:07,J0016,Canales de Hielo,Ranked,Nadia,27,8.0,5,6,Victoria,1500.0
752,04-02-26,16:04,J0131,Puerto Escarlata,Casual,Nadia,12,4.0,3,4,,540.0
5895,13-05-26,18:58,J0001,Ciudadela,Casual,Nadia,15,,5,0,Derrota,600.0
4158,2026-04-14,14:56,J0093,Puerto Escarlata,Torneo,Lienzo;Tesla,31,7.0,2,5,Victoria,1410.0
7273,04/06/2026,23:11,J0024,Bosque Umbral,Ranked,Magnus,37,8.0,3,4,Derrota,940.0
7734,2026-06-11,09:44,J0048,Ciudadela,Casual,Tesla,30,5.0,5,5,Victoria,1150.0
6001,2026-05-15,19:26,J0003,Estacion Orbital,Casual,Tesla;Lienzo,29,4.0,8,4,Derrota,440.0
3777,2026-04-07,17:01,J0022,Puerto Escarlata,Casual,Magnus;Nadia;Brisa,19,7.0,6,6,Derrota,880.0
4002,2026-04-11,08:55,J0054,Ciudadela,Casual,Magnus,16,7.0,7,2,Victoria,1160.0
5285,2026-05-03,19:11,J0155,Canales de Hielo,Casual,Magnus,20,7.0,1,3,Victoria,1330.0
6633,2026-05-24,12:28,J0101,Canales de Hielo,Ranked,Umbra,45,11.0,7,2,Victoria,1560.0
469,27/01/2026,18:10,J0051,Ciudadela,Ranked,Tesla,38,4.0,3,6,Victoria,1140.0
1546,21/02/2026,12:22,J0003,Estacion Orbital,Torneo,Nadia,11,4.0,8,8,  Derrota ,640.0
6423,2026-05-21,02:08,J0062,Bosque Umbral,Ranked,Koro;Vex,34,4.0,2,4,,1060.0
2684,17-03-26,15:29,J0080,Ciudadela,Ranked,Lienzo;Tesla,41,5.0,4,4,Derrota,620.0
8352,21/06/2026,19:57,J0043,Estacion Orbital,Casual,Nadia;Lienzo,17,6.0,5,3,Derrota,650.0
6293,20-05-26,17:57,J0070,Ciudadela,Casual,Brisa;Tesla,20,1.0,8,6,Victoria,740.0
1026,2026-02-10,15:05,J0008,Bosque Umbral,Ranked,Magnus,44,9.0,8,1,Derrota,790.0
9665,2026-07-11,16:50,J0008,Desierto Neon,Ranked,Vex,32,6.0,10,4,Victoria,1100.0
3510,2026-04-02,22:35,J0048,Desierto Neon,Torneo,Nadia,21,7.0,6,2,Derrota,680.0
5465,07/05/2026,19:04,J0020,Puerto Escarlata,Ranked,Umbra,22,8.0,2,6,Derrota,1060.0
2355,10/03/2026,13:37,J0025,Puerto Escarlata,Ranked,MAGNUS,35,3.0,5,3,Derrota,350.0
7558,08-06-26,15:22,J0042,Desierto Neon,Ranked,Vex,30,13.0,2,2,Victoria,1860.0
7018,31-05-26,12:15,J0177,Puerto Escarlata,Casual,Vex;Umbra,17,8.0,5,3,Victoria,1350.0
774,2026-02-04,21:44,J0044,Estacion Orbital,Ranked,Vex,44,7.0,5,7,Derrota,950.0
5980,2026-05-15,17:05,J0043,Estacion Orbital,Casual,Koro,21,2.0,5,4,Victoria,800.0
8879,2026-06-29,10:26,J0111,Canales de Hielo,Casual,Umbra;Tesla,11,6.0,4,3,Victoria,1170.0
6221,2026-05-18,22:24,J0002,Desierto Neon,Casual,Umbra,18,5.0,3,2,Derrota,540.0
7783,2026-06-12,19:59,J0091,Canales de Hielo,Ranked,Umbra,35,11.0,4,3,Derrota,1170.0
642,01-02-26,19:02,J0135,Desierto Neon,Ranked,Brisa,28,,8,2,Derrota,1140.0
4314,17/04/2026,18:40,J0062,Canales de Hielo,Ranked,Brisa,25,0.0,3,4,Derrota,"140,0 pts"
5497,2026-05-07,14:51,J0052,Canales de Hielo,Ranked,Umbra,33,8.0,4,4,Derrota,920.0
8212,2026-06-19,00:33,J0060,Puerto Escarlata,Torneo,Magnus;Koro,16,4.0,7,3,Victoria,910.0
8597,25-06-26,20:46,J0029,Ciudadela,Ranked,Lienzo;Magnus,35,6.0,5,5,Derrota,750.0
1109,12-02-26,20:56,J0024,Puerto Escarlata,Ranked,KORO,29,7.0,4,7,Victoria,1470.0
6005,2026-05-15,23:01,J0026,Bosque Umbral,Ranked,Umbra,40,5.0,4,2,Victoria,1020.0
8030,16/06/2026,19:27,J0001,Estacion Orbital,Ranked,nadia,35,4.0,5,3,Victoria,950.0
1421,2026-02-19,19:24,J0169,Puerto Escarlata,Casual,Brisa,23,3.0,7,1,Victoria,710.0
6795,27/05/2026,20:22,J0054,Canales de Hielo,Casual,Vex,12,7.0,7,5,Victoria,1310.0
4033,2026-04-11,18:26,J0046,Canales de Hielo,Torneo,Nadia;Koro,31,7.0,5,3,Victoria,1250.0
7606,09/06/2026,17:31,J0052,Desierto Neon,Ranked,Umbra,45,5.0,4,4,Derrota,620.0
5318,2026-05-04,00:52,J0047,Desierto Neon,Casual,Nadia;Umbra,8,,6,3,Victoria,930.0
5028,2026-04-29,10:45,J0107,Estacion Orbital,Ranked,Nadia;Koro;Brisa,34,6.0,2,3,Victoria,1210.0
9737,11/07/2026,11:46,J0099,Estacion Orbital,Casual,Brisa,25,3.0,3,6,Victoria,"1040,0 pts"
7946,2026-06-14,15:56,J0200,Bosque Umbral,Ranked,Brisa,37,5.0,5,4,Derrota,600.0
1681,2026-02-24,15:22,J0107,Canales de Hielo,Ranked,Magnus,27,7.0,6,3,Derrota,730.0
6833,28/05/2026,21:16,J0012,Desierto Neon,Torneo,Brisa,17,3.0,5,3,  Victoria ,850.0
634,31-01-26,08:30,J0046,Bosque Umbral,Casual,Lienzo,18,6.0,2,3,Derrota,710.0
2570,2026-03-15,00:39,J0098,Ciudadela,Ranked,Nadia,35,9.0,6,6,Derrota,1080.0
3465,31/03/2026,15:35,J0200,Canales de Hielo,Casual,Lienzo;Vex;Nadia,8,11.0,5,10,  Victoria ,2000.0
2167,2026-03-06,06:20,J0039,Ciudadela,Casual,Lienzo;Tesla,28,5.0,4,5,victoria,1170.0
364,2026-01-25,18:56,J0023,Ciudadela,Casual,Umbra,22,4.0,5,7,Victoria,1150.0
6886,2026-05-29,10:20,J0095,Canales de Hielo,Ranked,Vex;Tesla,35,15.0,4,3,Victoria,2070.0
2826,2026-03-20,17:46,J0043,Bosque Umbral,Ranked,Brisa,36,7.0,1,1,Victoria,1230.0
5314,04/05/2026,18:31,J0187,Estacion Orbital,Ranked,Umbra;Lienzo,31,6.0,9,2,Victoria,1020.0
9343,2026-07-06,13:51,J0024,Ciudadela,Casual,Koro,31,3.0,4,4,Victoria,920.0
9369,06/07/2026,23:14,J0057,Puerto Escarlata,Ranked,Magnus;Umbra,30,2.0,8,6,Victoria,840.0
8024,2026-06-16,12:56,J0012,Bosque Umbral,Casual,Nadia,16,3.0,3,8,Victoria,1140.0
3661,2026-04-05,13:31,J0020,Estacion Orbital,Torneo,Umbra,18,5.0,2,3,Victoria,1110.0
3626,2026-04-04,02:37,J0015,Puerto Escarlata,Torneo,Koro,12,10.0,2,4,,1160.0
9731,2026-07-11,12:24,J0020,Canales de Hielo,Ranked,Magnus,34,2.0,6,4,Victoria,780.0
5964,14-05-26,19:26,J0097,Canales de Hielo,Ranked,Tesla,40,4.0,2,2,Derrota,460.0
1173,14-02-26,22:29,J0004,Bosque Umbral,Ranked,,43,4.0,2,3,Victoria,1010.0
8360,2026-06-21,23:48,J0067,Puerto Escarlata,Casual,Magnus;Koro,22,7.0,8,8,Victoria,1440.0
4303,2026-04-17,18:27,J0042,Canales de Hielo,Casual,Vex,26,3.0,4,2,Victoria,820.0
3339,29-03-26,17:33,J0066,Canales de Hielo,Casual,Vex,25,12.0,7,5,Victoria,1810.0
2577,15/03/2026,10:54,J0080,Desierto Neon,Casual,Umbra;Koro;Tesla,14,2.0,1,4,Victoria,880.0
1990,2026-03-03,11:20,J0019,Canales de Hielo,Ranked,Brisa,45,3.0,5,2,Victoria,800.0
7319,2026-06-05,08:04,J0153,Puerto Escarlata,Casual,Brisa,17,16.0,4,6,Victoria,2320.0
3211,2026-03-27,08:10,J0058,Puerto Escarlata,Casual,Magnus;Nadia,30,6.0,9,2,Victoria,1020.0
8327,21/06/2026,21:11,J0003,Ciudadela,Casual,Tesla,32,4.0,4,6,Victoria,
3334,2026-03-29,19:11,J0042,Puerto Escarlata,Ranked,Vex;Umbra,45,2.0,6,1,Derrota,130.0
9113,03/07/2026,21:52,J0022,Desierto Neon,Torneo,Vex,26,10.0,10,2,Victoria,1400.0
2629,15-03-26,21:49,J0055,Puerto Escarlata,Casual,Magnus,14,2.0,4,3,Victoria,770.0
7937,2026-06-14,13:26,J0200,Ciudadela,Ranked,Brisa,22,8.0,7,4,Victoria,1360.0
1411,2026-02-19,17:56,J0017,Puerto Escarlata,Ranked,Umbra;Lienzo,42,5.0,4,2,Derrota,520.0
4903,2026-04-27,18:42,J0100,Bosque Umbral,Ranked,Nadia,42,5.0,4,6,Victoria,1220.0
4023,11/04/2026,22:24,J0016,Canales de Hielo,Ranked,Koro;Tesla,39,7.0,3,2,Derrota,740.0
5313,2026-05-04,00:15,J0094,Bosque Umbral,Torneo,Umbra;Tesla,29,6.0,4,0,VICTORIA,1020.0
5095,2026-04-30,10:53,J0057,Bosque Umbral,Casual,TESLA,8,3.0,4,5,Derrota,470.0
8015,2026-06-16,19:39,J0018,Puerto Escarlata,Casual,Nadia;Brisa,31,2.0,4,4,Derrota,320.0
6672,25/05/2026,20:31,J0092,Ciudadela,Torneo,Tesla;Vex;Nadia,18,8.0,4,4,Victoria,1420.0
816,05-02-26,17:34,J0033,Puerto Escarlata,Casual,Lienzo;Tesla,13,4.0,8,3,Derrota,390.0
2405,2026-03-11,13:10,J0004,Ciudadela,Casual,Umbra;Vex;Nadia,30,7.0,8,2,Derrota,640.0
5494,2026-05-07,21:35,J0045,Desierto Neon,Casual,Brisa,28,3.0,4,9,Victoria,1170.0
322,24/01/2026,19:01,J0050,Puerto Escarlata,Ranked,Tesla;Nadia,33,4.0,3,6,Derrota,640.0
2132,2026-03-06,17:32,J0050,Puerto Escarlata,Ranked,Brisa;Magnus;Tesla,35,7.0,3,4,Victoria,1340.0
1798,2026-02-27,18:03,J0059,Bosque Umbral,Casual,Tesla;Vex,18,5.0,8,7,Victoria,1190.0
3091,24-03-26,19:37,J0051,Ciudadela,Casual,Nadia;Magnus;Koro,30,5.0,1,2,Derrota,580.0
8940,30-06-26,19:28,J0016,Estacion Orbital,Ranked,Magnus,41,2.0,7,5,Victoria,810.0
4650,2026-04-23,19:12,J0024,Ciudadela,Casual,Umbra;Koro;Nadia,29,5.0,6,5,Victoria,1130.0
3123,25-03-26,19:20,J0009,Canales de Hielo,Torneo,Koro,32,3.0,4,2,Victoria,820.0
5770,2026-05-11,21:46,J0013,Estacion Orbital,Ranked,Tesla,35,,3,4,Derrota,1440.0
4304,2026-04-17,11:45,J0037,Bosque Umbral,Casual,Vex,19,8.0,3,7,Derrota,1090.0
123,2026-01-19,07:09,J0059,Desierto Neon,Casual,Koro,14,4.0,8,4,Derrota,440.0
180,20/01/2026,10:49,J0002,Canales de Hielo,Ranked,Umbra;Nadia;Koro,45,7.0,6,5,Derrota,830.0
9321,2026-07-06,04:21,J0024,Bosque Umbral,Torneo,Lienzo,10,6.0,4,5,Victoria,1270.0
9253,2026-07-05,20:23,J0072,Puerto Escarlata,Casual,Nadia,25,4.0,8,3,,890.0
4608,2026-04-22,15:09,J0023,Estacion Orbital,Casual,Lienzo;Nadia;Vex,12,7.0,3,6,Victoria,1440.0
3937,2026-04-10,23:12,J0014,Bosque Umbral,Casual,Lienzo,17,1.0,7,4,victoria,660.0
5082,30-04-26,18:46,J0125,Puerto Escarlata,Ranked,Brisa,32,3.0,5,5,Derrota,450.0
1158,13/02/2026,14:04,J0034,Puerto Escarlata,Casual,Lienzo;Umbra;Vex,27,9.0,9,2,Victoria,1320.0
238,2026-01-22,10:12,J0200,Ciudadela,Casual,Magnus;Brisa;Umbra,26,3.0,2,2,Derrota,360.0
1533,2026-02-21,15:21,J0136,Puerto Escarlata,Ranked,Umbra,43,10.0,4,3,Victoria,1570.0
3689,05-04-26,16:21,J0200,Desierto Neon,Casual,Lienzo,14,7.0,3,4,Victoria,1340.0
6415,2026-05-21,13:00,J0126,Ciudadela,Casual,Koro,30,6.0,8,5,Derrota,690.0
9181,2026-07-04,09:15,J0012,Ciudadela,Casual,Lienzo;Koro,30,9.0,4,4,Victoria,1520.0
1536,21/02/2026,18:40,J0014,Canales de Hielo,Ranked,Magnus,30,2.0,5,6,Victoria,900.0
7700,11-06-26,21:50,J0111,Bosque Umbral,Casual,Umbra,21,1.0,9,3,Victoria,570.0
4555,2026-04-21,20:22,J0150,Desierto Neon,Ranked,Nadia,27,11.0,6,6,Victoria,1780.0
2606,2026-03-15,17:05,J0019,Puerto Escarlata,Ranked,Umbra,41,3.0,6,3,VICTORIA,830.0
3814,2026-04-08,15:24,J0049,Bosque Umbral,Casual,Lienzo;Brisa,13,5.0,8,2,  Derrota ,440.0
7875,13/06/2026,16:28,J0027,Ciudadela,Ranked,Tesla;Lienzo,39,6.0,1,4,Victoria,1280.0
7587,2026-06-09,11:43,J0011,Estacion Orbital,Ranked,Tesla,38,5.0,10,5,Victoria,1050.0
2178,07/03/2026,21:51,J0023,Ciudadela,Ranked,Koro,31,12.0,5,4,Derrota,1300.0
9428,2026-07-07,18:00,J0045,Ciudadela,Torneo,Tesla;Umbra,20,4.0,2,14,Derrota,1060.0
2352,2026-03-10,06:38,J0023,Bosque Umbral,Ranked,Umbra,34,5.0,3,1,Derrota,490.0
8102,2026-06-17,21:49,J0014,Puerto Escarlata,Ranked,Umbra,30,4.0,5,1,,850.0
6868,28-05-26,20:59,J0016,Desierto Neon,Casual,Koro,16,7.0,6,3,Victoria,1230.0
2135,2026-03-06,17:37,J0018,Bosque Umbral,Ranked,Brisa,44,4.0,3,5,Victoria,1090.0
1481,2026-02-20,20:29,J0030,Desierto Neon,Casual,Umbra;Lienzo,20,10.0,3,4,Derrota,1140.0
2794,2026-03-19,  19:26 ,J0198,Ciudadela,Ranked,Vex,35,5.0,2,7,Victoria,1310.0
6805,2026-05-27,21:05,J0130,Canales de Hielo,Ranked,Tesla,31,4.0,4,4,Victoria,1020.0
9854,2026-07-13,18:44,J0008,Estacion Orbital,Ranked,Umbra,26,6.0,9,6,Victoria,1220.0
6364,2026-05-21,13:55,J0001,Bosque Umbral,Ranked,Umbra,23,5.0,5,2,Victoria,1000.0
5014,2026-04-29,12:04,J0067,Bosque Umbral,Ranked,Lienzo,24,7.0,2,4,Victoria,
9440,07-07-26,10:32,J0200,Canales de Hielo,Ranked,Umbra;Nadia,35,7.0,7,5,Derrota,810.0
8713,2026-06-27,19:48,J0011,Estacion Orbital,Torneo,Tesla,31,2.0,5,2,Victoria,700.0
7518,2026-06-07,19:47,J0031,Desierto Neon,Casual,Magnus,32,5.0,6,3,,530.0
3622,2026-04-04,13:06,J0010,Estacion Orbital,Ranked,Lienzo;Vex,33,12.0,4,4,Derrota,1320.0
3871,08/04/2026,21:14,J0200,Puerto Escarlata,Casual,Umbra,9,6.0,5,6,Victoria,1300.0
4170,14/04/2026,16:55,J0093,Ciudadela,Ranked,Tesla,26,3.0,5,3,Victoria,850.0
6171,2026-05-18,00:16,J0029,Puerto Escarlata,Torneo,Brisa,21,3.0,3,1,Victoria,790.0
1953,2026-03-02,19:05,J0002,Canales de Hielo,Torneo,Lienzo;Nadia,16,,2,5,Victoria,
556,2026-01-29,15:34,J0023,Ciudadela,Ranked,  Nadia;Brisa ,35,,3,3,Derrota,490.0
4345,18/04/2026,20:03,J0038,Ciudadela,Ranked,Tesla;Lienzo,45,5.0,4,4,VICTORIA,1120.0
1164,2026-02-13,19:21,J0118,Canales de Hielo,Ranked,Koro;Tesla;Lienzo,33,,3,8,Victoria,1540.0
1585,2026-02-22,21:39,J0041,Bosque Umbral,Ranked,Vex,42,5.0,5,1,Victoria,950.0
6262,2026-05-19,02:33,J0042,Estacion Orbital,Ranked,Lienzo;Brisa,45,1.0,7,4,Derrota,160.0
8470,23/06/2026,00:06,J0081,Estacion Orbital,Ranked,Lienzo,39,8.0,6,3,Victoria,1330.0
9231,2026-07-04,23:44,J0052,Bosque Umbral,Casual,Tesla;Lienzo,9,7.0,5,6,Victoria,"1400,0 pts"
5357,2026-05-05,14:05,J0116,Bosque Umbral,Ranked,Umbra;Nadia,42,4.0,7,3,Victoria,"910,0 pts"
5334,2026-05-04,21:15,J0018,Estacion Orbital,Casual,Tesla;Umbra;Koro,27,2.0,4,3,Victoria,770.0
8047,16-06-26,04:58,J0039,Bosque Umbral,Torneo,Koro;Lienzo,16,10.0,7,2,Derrota,960.0
8893,2026-06-29,21:57,J0051,Bosque Umbral,Casual,Tesla,17,4.0,8,5,Victoria,990.0
1599,2026-02-22,17:55,J0002,Bosque Umbral,Ranked,Koro,37,,10,3,Derrota,
7308,2026-06-04,17:19,J0048,Desierto Neon,Ranked,Tesla;Nadia;Umbra,34,4.0,7,3,Derrota,"410,0 pts"
301,24/01/2026,21:51,J0079,Puerto Escarlata,Ranked,Magnus;Nadia,30,8.0,3,8,Derrota,1140.0
8475,2026-06-23,22:15,J0079,Estacion Orbital,Casual,Lienzo,20,6.0,1,2,Victoria,1180.0
9734,2026-07-11,08:34,J0002,Desierto Neon,Ranked,Koro;Nadia,45,5.0,7,2,Derrota,460.0
9842,2026-07-12,10:12,J0150,Canales de Hielo,Ranked,Tesla,44,7.0,10,2,Victoria,1100.0
4522,20/04/2026,19:04,J0124,Canales de Hielo,Casual,Nadia;Tesla;Umbra,31,3.0,3,4,  Victoria ,940.0
1732,25/02/2026,10:06,J0018,Puerto Escarlata,Ranked,Lienzo,27,2.0,6,4,Derrota,280.0
4658,2026-04-23,12:39,J0035,Desierto Neon,Casual,Koro;Umbra,30,10.0,8,4,Derrota,1040.0
4418,19/04/2026,17:42,J0003,Canales de Hielo,Torneo,Koro,12,2.0,7,2,Derrota,160.0
2859,2026-03-21,17:53,J0059,Desierto Neon,Casual,Umbra;Koro,18,3.0,6,7,Victoria,1030.0
3471,2026-03-31,18:26,J0166,Estacion Orbital,Casual,Lienzo,29,7.0,7,4,Victoria,1260.0
3143,2026-03-25,14:13,J0038,Estacion Orbital,Ranked,Umbra;Tesla;Lienzo,37,6.0,6,4,Derrota,680.0
1360,2026-02-18,20:42,J0027,Ciudadela,Casual,Magnus,26,6.0,3,6,Victoria,1340.0
4618,22-04-26,19:11,J0091,Desierto Neon,Casual,Tesla,31,4.0,7,7,Derrota,610.0
4081,12/04/2026,11:59,J0018,Bosque Umbral,Casual,,17,3.0,4,3,Victoria,870.0
3206,2026-03-27,22:16,J0007,Bosque Umbral,Ranked,Nadia,40,7.0,3,2,VICTORIA,"1240,0 pts"
9045,2026-07-01,00:30,J0034,Puerto Escarlata,Ranked,Brisa,25,9.0,3,0,Victoria,1340.0
487,2026-01-28,18:36,J0055,Canales de Hielo,Ranked,Lienzo;Brisa,34,4.0,11,4,Derrota,380.0
9134,2026-07-03,22:45,J0003,Ciudadela,Casual,Koro;Magnus;Nadia,24,6.0,8,1,DERROTA,490.0
8852,2026-06-28,18:07,J0063,Desierto Neon,Ranked,Umbra,26,6.0,5,3,Victoria,1150.0
7970,15/06/2026,17:26,J0048,Estacion Orbital,Ranked,Nadia,24,8.0,5,3,Derrota,850.0
8010,2026-06-16,22:05,J0043,Desierto Neon,Torneo,Nadia,31,8.0,7,2,Derrota,760.0
9958,14-07-26,20:46,J0200,Canales de Hielo,Ranked,Nadia;Brisa;Vex,26,6.0,6,4,Victoria,1180.0
9509,08/07/2026,23:51,J0170,Bosque Umbral,Torneo,Koro,13,7.0,7,2,Victoria,
9241,2026-07-04,18:19,J0017,Bosque Umbral,Casual,,8,2.0,1,5,Derrota,430.0
1153,2026-02-13,10:03,J0017,Canales de Hielo,Ranked,,30,7.0,4,1,Victoria,1170.0
5479,2026-05-07,21:25,J0007,Ciudadela,Ranked,Brisa,39,5.0,8,4,Derrota,540.0
9815,12-07-26,21:44,J0003,Puerto Escarlata,Torneo,Vex;Lienzo,20,7.0,3,5,Victoria,
7364,2026-06-05,15:21,J0169,Ciudadela,Torneo,Brisa;Vex,15,11.0,7,5,Victoria,1710.0
7991,2026-06-15,08:18,J0200,Desierto Neon,Casual,Lienzo,23,9.0,1,3,Victoria,1530.0
4964,2026-04-28,18:46,J0034,Ciudadela,Ranked,Vex,24,6.0,7,5,,710.0
3317,2026-03-29,23:51,J0025,Bosque Umbral,Casual,Nadia,31,6.0,7,2,Victoria,1060.0
6301,2026-05-20,18:47,J0036,Ciudadela,Ranked,Magnus,43,2.0,3,4,Derrota,340.0
9776,2026-07-12,21:24,J0065,Ciudadela,Casual,Koro,11,3.0,4,4,Victoria,920.0
8335,2026-06-21,17:31,J0106,Puerto Escarlata,Casual,Magnus,25,6.0,4,7,Victoria,1370.0
8117,2026-06-17,19:19,J0183,Bosque Umbral,Casual,Tesla,28,11.0,2,4,Derrota,1260.0
5995,15/05/2026,12:06,J0200,Puerto Escarlata,Ranked,Umbra,28,11.0,3,5,Derrota,1290.0
666,01/02/2026,20:20,J0143,Ciudadela,Ranked,Koro;Lienzo,25,3.0,2,1,Victoria,810.0
3482,2026-04-01,20:21,J0055,Ciudadela,Ranked,Vex,32,8.0,5,5,Derrota,"950,0 pts"
9286,2026-07-05,17:38,J0101,Ciudadela,Casual,Tesla;Nadia,21,5.0,7,5,Victoria,1110.0
7412,2026-06-06,14:30,J0200,Desierto Neon,Casual,Umbra,30,6.0,5,2,Victoria,1100.0
643,2026-02-01,14:27,J0143,Canales de Hielo,Ranked,Brisa,33,2.0,4,3,Victoria,770.0
9313,05-07-26,21:43,J0019,Canales de Hielo,Ranked,  Lienzo ,22,6.0,2,2,Derrota,660.0
177,2026-01-20,21:01,J0041,Desierto Neon,Casual,Vex,19,3.0,3,2,Victoria,840.0
6152,17/05/2026,23:50,J0070,Canales de Hielo,Casual,Nadia,10,2.0,1,7,Victoria,1030.0
9985,2026-07-14,19:04,J0010,Puerto Escarlata,Casual,Brisa;Umbra,17,4.0,4,4,Derrota,520.0
3571,2026-04-03,12:14,J0028,Desierto Neon,Ranked,Koro;Tesla,27,6.0,4,1,Victoria,"1070,0 pts"
787,2026-02-04,11:34,J0121,Puerto Escarlata,Casual,Brisa,30,5.0,4,7,Derrota,770.0
6505,23-05-26,21:18,J0002,Puerto Escarlata,Casual,Nadia;Brisa,26,2.0,6,10,Victoria,1080.0
6473,2026-05-22,20:56,J0026,Canales de Hielo,Casual,Magnus,29,7.0,7,4,Victoria,1260.0
6985,30-05-26,19:04,J0036,Ciudadela,Ranked,Nadia,42,4.0,7,2,Derrota,360.0
3203,27/03/2026,17:27,J0011,Desierto Neon,Casual,Vex;Koro,28,,6,6,victoria,1180.0
4891,2026-04-26,21:21,J0110,Canales de Hielo,Casual,Umbra;Nadia,9,2.0,4,1,Victoria,670.0
6953,30-05-26,18:33,J0079,Desierto Neon,Ranked,Lienzo,33,4.0,5,3,Derrota,450.0
8075,17/06/2026,15:37,J0024,Desierto Neon,Casual,Koro;Lienzo,11,2.0,3,3,Victoria,790.0
92,2026-01-18,21:28,J0014,Bosque Umbral,Casual,Umbra,12,2.0,3,4,Victoria,840.0
5863,2026-05-13,21:30,J0058,Bosque Umbral,Casual,Nadia,28,5.0,10,4,Victoria,1000.0
8050,2026-06-16,  22:01 ,J0062,Estacion Orbital,Torneo,Brisa,15,2.0,4,3,Victoria,770.0
9577,2026-07-09,00:30,J0054,Desierto Neon,Casual,Koro,26,5.0,9,9,Derrota,"770,0 pts"
5315,2026-05-04,13:24,J0131,Desierto Neon,Torneo,Magnus,30,6.0,7,6,Derrota,760.0
1972,2026-03-02,17:51,J0022,Bosque Umbral,Ranked,Vex,41,6.0,9,1,Victoria,970.0
2906,21-03-26,07:39,J0087,Puerto Escarlata,Casual,,15,3.0,4,7,Victoria,"1070,0 pts"
531,29-01-26,13:39,J0039,Canales de Hielo,Ranked,Brisa,42,16.0,6,3,Victoria,2130.0
9453,08/07/2026,18:43,J0008,Bosque Umbral,Casual,Vex,28,7.0,2,7,Victoria,1510.0
997,2026-02-09,00:04,J0062,Estacion Orbital,Ranked,Nadia;Umbra,22,4.0,8,3,,390.0
7855,13/06/2026,19:42,J0018,Estacion Orbital,Casual,Magnus,31,4.0,4,2,Derrota,420.0
9828,12/07/2026,21:20,J0200,Estacion Orbital,Casual,Magnus;Lienzo;Koro,12,8.0,2,6,Victoria,1560.0
3782,2026-04-07,05:14,J0044,Ciudadela,Ranked,Umbra,27,5.0,4,6,victoria,1220.0
7263,03/06/2026,21:09,J0044,Puerto Escarlata,Ranked,Koro,30,6.0,5,2,Victoria,1100.0
2313,09/03/2026,16:51,J0047,Puerto Escarlata,Ranked,Brisa,43,8.0,3,4,Derrota,940.0
2155,2026-03-06,18:41,J0115,Canales de Hielo,Ranked,Magnus;Koro,30,7.0,3,5,Derrota,890.0
5273,03/05/2026,18:52,J0017,Puerto Escarlata,Casual,vex,16,8.0,3,2,Derrota,840.0
1428,2026-02-19,19:29,J0069,Ciudadela,Casual,Umbra,21,5.0,5,7,Derrota,750.0
4686,2026-04-24,09:49,J0062,Desierto Neon,Ranked,Umbra;Vex;Lienzo,42,4.0,3,4,Victoria,1040.0
6142,17/05/2026,01:04,J0026,Estacion Orbital,Casual,Nadia,9,7.0,9,5,Victoria,1270.0
7443,06/06/2026,18:09,J0008,Puerto Escarlata,Ranked,lienzo,24,2.0,5,2,Derrota,200.0
3687,2026-04-05,00:34,J0006,Canales de Hielo,Casual,Tesla,18,10.0,3,2,Derrota,1040.0
3086,2026-03-24,22:03,J0002,Desierto Neon,Casual,Brisa,11,4.0,5,4,Victoria,1000.0
7504,2026-06-07,14:32,J0200,Desierto Neon,Casual,Nadia,30,10.0,2,8,VICTORIA,1860.0
6841,2026-05-28,21:31,J0010,Ciudadela,Casual,Magnus,15,4.0,4,1,Derrota,"370,0 pts"
3750,06/04/2026,22:47,J0092,Ciudadela,Ranked,Lienzo,27,3.0,6,6,Victoria,980.0
6361,2026-05-21,15:04,J0010,Canales de Hielo,Casual,Umbra,10,9.0,8,5,Derrota,
5199,02/05/2026,18:23,J0159,Ciudadela,Casual,Vex;Umbra,10,11.0,1,1,Derrota,1130.0
496,28-01-26,07:37,J0073,Canales de Hielo,Ranked,Vex,27,3.0,7,4,Victoria,860.0
9607,10/07/2026,17:16,J0031,Puerto Escarlata,Ranked,Koro;Vex;Nadia,28,3.0,6,3,Derrota,330.0
2322,09/03/2026,21:18,J0053,Desierto Neon,Casual,Vex,11,9.0,3,3,Victoria,1490.0
4348,18-04-26,07:17,J0176,Desierto Neon,Ranked,  Vex ,35,6.0,4,3,Victoria,1170.0
3536,2026-04-02,17:39,J0086,Bosque Umbral,Casual,Magnus;Koro;Brisa,13,1.0,1,3,Victoria,730.0
152,2026-01-20,19:04,J0051,Puerto Escarlata,Ranked,Brisa,45,4.0,1,7,Victoria,1230.0
7686,2026-06-10,21:48,J0024,Bosque Umbral,Casual,Umbra;Koro,21,6.0,5,3,Derrota,650.0
695,02-02-26,20:26,J0014,Bosque Umbral,Casual,Vex,28,5.0,7,5,Derrota,610.0
7747,2026-06-12,15:43,J0145,Bosque Umbral,Casual,Magnus,12,5.0,9,6,Victoria,1120.0
9694,2026-07-11,13:24,J0198,Bosque Umbral,Casual,Umbra,32,8.0,5,4,Derrota,900.0
1739,2026-02-25,19:19,J0031,Puerto Escarlata,Ranked,Tesla;Lienzo,35,4.0,3,4,Derrota,540.0
3002,2026-03-23,23:45,J0013,Desierto Neon,Ranked,Koro;Umbra,38,6.0,12,4,Victoria,1060.0
168,2026-01-20,01:31,J0038,Bosque Umbral,Casual,Lienzo;Nadia,25,1.0,6,5,Derrota,230.0
9965,14-07-26,10:03,J0016,Canales de Hielo,Ranked,Nadia,34,12.0,5,5,Victoria,
4708,2026-04-24,20:02,J0116,Estacion Orbital,Casual,Lienzo;Brisa,28,6.0,2,3,Victoria,1210.0
2866,2026-03-21,22:54,J0034,Ciudadela,Casual,Tesla,13,8.0,6,4,Victoria,1380.0
8613,25/06/2026,17:44,J0069,Puerto Escarlata,Casual,Brisa,17,4.0,4,3,Derrota,470.0
3895,09/04/2026,11:35,J0021,Ciudadela,Ranked,,28,9.0,6,3,Victoria,1430.0
2884,2026-03-21,13:43,J0046,Bosque Umbral,Casual,Vex;Nadia,32,8.0,11,3,VICTORIA,1230.0
3032,2026-03-23,20:26,J0200,Puerto Escarlata,Casual,Nadia,15,10.0,5,3,,1050.0
7461,2026-06-07,16:48,J0005,Desierto Neon,Ranked,,44,9.0,3,4,,1540.0
8601,2026-06-25,05:39,J0070,Desierto Neon,Casual,Brisa,9,7.0,3,4,Victoria,1340.0
9974,2026-07-14,16:32,J0045,Puerto Escarlata,Casual,Brisa;Koro,10,5.0,5,3,Derrota,550.0
7325,05/06/2026,23:18,J0050,Ciudadela,Ranked,Magnus;Brisa;Tesla,25,1.0,7,4,Derrota,160.0
9097,02-07-26,19:46,J0148,Canales de Hielo,Torneo,Nadia,21,6.0,6,5,Victoria,1230.0
9464,2026-07-08,17:26,J0122,Bosque Umbral,Casual,Vex,32,7.0,3,4,Victoria,1340.0
2277,08/03/2026,21:03,J0159,Ciudadela,Ranked,Koro;Tesla;Nadia,36,10.0,5,3,Victoria,1550.0
9194,2026-07-04,11:51,J0112,Canales de Hielo,Casual,Umbra,23,2.0,9,2,Victoria,620.0
5806,2026-05-12,09:14,J0032,Bosque Umbral,Casual,Brisa,21,11.0,3,1,Derrota,1090.0
8411,22/06/2026,19:46,J0101,Bosque Umbral,Ranked,Magnus,23,10.0,7,6,Derrota,1160.0
5571,2026-05-09,19:19,J0029,Estacion Orbital,Ranked,Magnus,25,4.0,6,3,Victoria,930.0
9630,2026-07-10,18:35,J0041,Ciudadela,Ranked,Nadia,37,4.0,1,4,Victoria,1080.0
7498,2026-06-07,18:43,J0031,Ciudadela,Casual,Koro;Vex,32,9.0,9,7,Victoria,1570.0
429,2026-01-26,19:55,J0168,Estacion Orbital,Casual,Magnus,27,3.0,9,3,Derrota,270.0
9558,2026-07-09,20:09,J0016,Estacion Orbital,Torneo,Nadia;Umbra,11,6.0,7,3,Derrota,610.0
8511,2026-06-23,19:23,J0096,Canales de Hielo,Ranked,Nadia,25,5.0,4,5,Derrota,670.0
4296,2026-04-17,18:54,J0017,Estacion Orbital,Torneo,Umbra;Tesla,25,9.0,4,2,Derrota,920.0
427,26-01-26,22:23,J0045,Bosque Umbral,Casual,Lienzo,24,6.0,4,5,Victoria,1270.0
2224,2026-03-07,14:28,J0200,Canales de Hielo,Ranked,Koro,33,7.0,5,3,Victoria,1250.0
101,2026-01-18,01:05,J0141,Puerto Escarlata,Ranked,Koro,35,9.0,7,4,Victoria,1460.0
9544,09/07/2026,18:59,J0058,Ciudadela,Ranked,Tesla,31,9.0,4,7,Victoria,1670.0
3435,2026-03-31,20:55,J0036,Estacion Orbital,Casual,Vex;Koro,18,2.0,7,3,Victoria,710.0
2763,2026-03-19,22:48,J0098,Desierto Neon,Casual,TESLA,16,6.0,7,3,Victoria,1110.0
9109,2026-07-02,19:48,J0058,Canales de Hielo,Ranked,Koro;Tesla;Umbra,27,6.0,3,4,Victoria,1240.0
4824,2026-04-26,18:24,J0030,Desierto Neon,Casual,Lienzo,32,11.0,4,3,Derrota,1170.0
5698,2026-05-10,20:10,J0009,Ciudadela,Torneo,Umbra,24,4.0,4,6,Victoria,1120.0
9706,2026-07-11,18:04,J0060,Canales de Hielo,Ranked,Umbra,37,6.0,5,7,Victoria,1350.0
3287,2026-03-28,04:20,J0019,Ciudadela,Ranked,Lienzo;Magnus;Brisa,28,4.0,2,4,Derrota,560.0
5795,12-05-26,19:10,J0006,Estacion Orbital,Casual,Vex,28,5.0,3,5,Victoria,1190.0
7614,2026-06-09,17:02,J0024,Ciudadela,Torneo,Umbra,25,4.0,10,4,Victoria,900.0
6342,2026-05-20,21:56,J0200,Ciudadela,Ranked,Magnus,39,4.0,7,2,Derrota,360.0
6177,18-05-26,02:50,J0068,Bosque Umbral,Ranked,Tesla,40,7.0,12,6,Victoria,1260.0
9934,2026-07-14,13:37,J0024,Puerto Escarlata,Ranked,Tesla,27,,2,7,,310.0
9306,2026-07-05,21:18,J0068,Bosque Umbral,Ranked,Vex,40,13.0,3,4,Victoria,1940.0
8518,23-06-26,09:19,J0177,Canales de Hielo,Ranked,Tesla;Koro;Vex,30,15.0,1,3,Derrota,1630.0
1466,2026-02-20,18:07,J0023,Ciudadela,Torneo,Magnus,15,6.0,5,7,Derrota,850.0
5059,2026-04-30,20:55,J0038,Canales de Hielo,Casual,Koro;Umbra,22,,6,4,Derrota,680.0
2235,2026-03-08,06:12,J0142,Estacion Orbital,Ranked,Magnus;Lienzo,23,5.0,5,1,Victoria,950.0
1745,2026-02-25,12:43,J0024,Canales de Hielo,Casual,Tesla,24,5.0,3,3,Victoria,1090.0
5821,12/05/2026,18:22,J0030,Desierto Neon,Casual,Vex;Nadia,24,6.0,4,3,Derrota,670.0
6204,2026-05-18,18:10,J0019,Bosque Umbral,Casual,Nadia;Brisa,11,2.0,9,3,Victoria,
7713,11/06/2026,07:52,J0063,Canales de Hielo,Ranked,Nadia,43,9.0,5,2,Victoria,1400.0
3458,2026-03-31,05:57,J0027,Canales de Hielo,Ranked,VEX,32,6.0,6,3,victoria,1130.0
5858,2026-05-13,20:07,J0042,Puerto Escarlata,Casual,Vex,20,6.0,5,2,Victoria,1100.0
9944,2026-07-14,04:43,J0020,Canales de Hielo,Casual,Nadia,32,4.0,5,4,Derrota,500.0
9305,2026-07-05,04:06,J0058,Bosque Umbral,Ranked,LIENZO,43,8.0,4,5,VICTORIA,1470.0
1984,03-03-26,20:36,J0022,Ciudadela,Ranked,Lienzo,44,5.0,4,3,Derrota,570.0
6984,2026-05-30,20:45,J0010,Canales de Hielo,Ranked,Koro;Umbra,35,8.0,8,4,  Victoria ,1340.0
5447,2026-05-06,01:36,J0013,Puerto Escarlata,Casual,Lienzo;Nadia,8,8.0,5,6,Derrota,1000.0
9494,08/07/2026,19:15,J0106,Desierto Neon,Ranked,Brisa,34,5.0,5,2,Victoria,1000.0
2122,06-03-26,07:30,J0081,Puerto Escarlata,Ranked,Lienzo,38,3.0,4,6,Victoria,1020.0
3486,2026-04-01,00:49,J0044,Estacion Orbital,Ranked,Lienzo,24,3.0,4,4,Derrota,420.0
7567,2026-06-08,19:17,J0068,Ciudadela,Casual,Brisa,24,5.0,2,5,Victoria,1210.0
3932,10-04-26,16:20,J0053,Estacion Orbital,Casual,Umbra,10,10.0,6,4,Derrota,1080.0
3583,2026-04-03,19:46,J0155,Canales de Hielo,Casual,Lienzo,11,3.0,2,5,Derrota,510.0
917,2026-02-07,10:05,J0031,Bosque Umbral,Casual,Magnus;Lienzo,15,9.0,7,6,Victoria,1560.0
8618,25-06-26,01:43,J0022,Puerto Escarlata,Casual,Umbra;Lienzo;Nadia,20,3.0,5,7,,
7768,12/06/2026,18:03,J0017,Ciudadela,Ranked,Tesla,37,5.0,6,3,Victoria,1030.0
5170,02/05/2026,22:22,J0110,Bosque Umbral,Casual,Tesla;Koro,25,2.0,3,8,Victoria,1040.0
3162,2026-03-26,13:56,J0095,Ciudadela,Casual,Lienzo;Tesla,15,7.0,10,8,Victoria,1400.0
3461,2026-03-31,16:55,J0069,Canales de Hielo,Casual,Nadia,20,2.0,4,4,Derrota,320.0
5573,2026-05-09,20:03,J0115,Bosque Umbral,Casual,Lienzo,11,5.0,4,1,Victoria,970.0
8583,2026-06-25,18:32,J0012,Bosque Umbral,Torneo,Koro,18,5.0,6,5,  Derrota ,630.0
5519,2026-05-08,21:25,J0080,Bosque Umbral,Ranked,Vex,41,8.0,7,4,Victoria,1360.0
7865,13/06/2026,16:04,J0129,Estacion Orbital,Ranked,Koro;Umbra,25,3.0,2,6,Derrota,560.0
1204,14-02-26,19:27,J0044,Estacion Orbital,Ranked,Koro,35,1.0,4,4,Derrota,220.0
8710,27-06-26,21:21,J0026,Canales de Hielo,Ranked,Lienzo,38,5.0,4,5,Derrota,670.0
6154,2026-05-17,19:01,J0004,Puerto Escarlata,Ranked,Tesla,32,6.0,6,2,victoria,1080.0
4003,2026-04-11,21:20,J0004,Desierto Neon,Casual,Magnus,28,4.0,5,3,Victoria,950.0
1927,01-03-26,00:43,J0054,Desierto Neon,Ranked,Vex,25,14.0,10,1,Victoria,1750.0
3115,2026-03-25,23:43,J0056,Desierto Neon,Casual,Tesla;Nadia,30,3.0,5,1,Derrota,250.0
2642,2026-03-16,22:38,J0081,Puerto Escarlata,Ranked,Nadia;Koro,28,5.0,3,2,Victoria,1040.0
4047,12-04-26,18:23,J0014,Ciudadela,Casual,Tesla,19,3.0,5,5,Derrota,450.0
7488,07/06/2026,18:48,J0016,Puerto Escarlata,Ranked,Koro;Magnus,40,7.0,7,7,Victoria,1410.0
8951,2026-06-30,16:00,J0016,Canales de Hielo,Ranked,Magnus;Tesla;Nadia,23,11.0,5,2,Victoria,1600.0
2563,2026-03-15,04:53,J0200,Bosque Umbral,Ranked,Nadia;Umbra,31,6.0,7,4,,660.0
7740,2026-06-11,20:39,J0100,Ciudadela,Casual,Umbra,17,11.0,4,3,Victoria,1670.0
2729,18/03/2026,20:54,J0075,Bosque Umbral,Ranked,Tesla;Umbra;Brisa,42,6.0,4,2,Derrota,620.0
7939,2026-06-14,17:35,J0003,Bosque Umbral,Casual,Vex;Brisa,24,5.0,8,1,Victoria,890.0
9090,2026-07-02,13:26,J0011,Puerto Escarlata,Torneo,Magnus,32,5.0,7,5,Victoria,1110.0
8148,2026-06-18,16:58,J0055,Puerto Escarlata,Casual,Tesla;Brisa,28,1.0,8,0,Derrota,0.0
7829,2026-06-13,19:09,J0033,Ciudadela,Casual,Vex,25,13.0,8,5,Derrota,1390.0
4610,2026-04-22,17:21,J0147,Canales de Hielo,Ranked,Lienzo,26,4.0,5,3,Derrota,450.0
2627,2026-03-15,17:12,J0026,Canales de Hielo,Casual,Nadia,27,4.0,3,7,Victoria,1190.0
9748,2026-07-12,15:30,J0038,Canales de Hielo,Casual,Lienzo,30,6.0,3,1,Victoria,1090.0
8432,2026-06-22,10:21,J0014,Ciudadela,Casual,Brisa,15,3.0,1,2,Derrota,380.0
4697,2026-04-24,15:33,J0150,Puerto Escarlata,Ranked,Lienzo;Brisa,32,10.0,3,4,Derrota,1140.0
806,2026-02-05,13:42,J0020,Estacion Orbital,Ranked,Magnus;Brisa,23,4.0,10,7,Victoria,1050.0
9473,2026-07-08,19:48,J0006,Puerto Escarlata,Casual,Lienzo;Tesla,24,3.0,6,1,Derrota,230.0
4056,2026-04-12,15:16,J0038,Puerto Escarlata,Casual,Lienzo,15,1.0,6,5,Victoria,730.0
5665,2026-05-10,18:27,J0068,Ciudadela,Torneo,Koro,15,6.0,7,3,Victoria,1110.0
4276,2026-04-16,18:54,J0033,Canales de Hielo,Ranked,Nadia;Lienzo,45,7.0,5,3,Derrota,750.0
3953,2026-04-10,19:02,J0128,Canales de Hielo,Ranked,LIENZO,33,6.0,5,3,Victoria,1150.0
3705,2026-04-05,02:36,J0009,Ciudadela,Casual,Brisa,32,4.0,5,3,Derrota,450.0
4739,24/04/2026,13:19,J0040,Ciudadela,Casual,Umbra,18,5.0,2,5,VICTORIA,1210.0
1243,2026-02-15,05:54,J0042,Estacion Orbital,Ranked,Magnus,45,5.0,6,7,Derrota,730.0
7068,2026-05-31,19:00,J0155,Desierto Neon,Ranked,Magnus,43,4.0,7,5,Derrota,510.0
5661,2026-05-10,19:14,J0119,Desierto Neon,Ranked,,27,15.0,10,3,Derrota,1450.0
4029,11/04/2026,21:36,J0024,Puerto Escarlata,Casual,Magnus;Lienzo;Umbra,20,5.0,1,4,Derrota,680.0
548,29/01/2026,21:53,J0005,Puerto Escarlata,Casual,Umbra;Lienzo,29,9.0,5,6,Derrota,1100.0
3023,23/03/2026,17:29,J0055,Desierto Neon,Casual,Vex,31,6.0,5,4,Victoria,1200.0
9817,2026-07-12,03:27,J0024,Estacion Orbital,Ranked,Umbra,32,2.0,6,5,Victoria,830.0
9695,2026-07-11,11:55,J0135,Bosque Umbral,Ranked,Koro;Brisa,22,9.0,9,5,Victoria,1470.0
27,2026-01-16,12:48,J0107,Desierto Neon,Ranked,  Vex ,30,7.0,6,5,Derrota,830.0
9853,2026-07-13,22:00,J0039,Bosque Umbral,Casual,Vex;Koro,17,11.0,0,2,Victoria,1700.0
4355,18-04-26,13:52,J0021,Puerto Escarlata,Casual,,25,4.0,2,4,Victoria,1060.0
2509,2026-03-14,19:15,J0001,Puerto Escarlata,Casual,  Koro;Magnus ,12,7.0,5,3,Derrota,750.0
1434,2026-02-19,21:15,J0200,Desierto Neon,Casual,Magnus,22,7.0,4,1,Derrota,670.0
2583,2026-03-15,20:51,J0035,Bosque Umbral,Ranked,Koro,36,11.0,3,3,Derrota,1190.0
1303,2026-02-16,23:20,J0042,Puerto Escarlata,Ranked,Nadia;Brisa;Lienzo,37,4.0,7,5,Derrota,510.0
5915,2026-05-14,08:42,J0105,Estacion Orbital,Casual,Magnus,23,9.0,5,3,Derrota,950.0
8640,2026-06-26,22:49,J0014,Desierto Neon,Casual,Tesla,14,3.0,1,6,Derrota,580.0
4105,2026-04-13,21:53,J0002,Bosque Umbral,Ranked,Magnus,35,8.0,7,2,Victoria,1260.0
7779,12/06/2026,20:21,J0186,Puerto Escarlata,Ranked,Vex,24,20.0,4,3,Derrota,2070.0
1222,2026-02-14,18:19,J0003,Estacion Orbital,Casual,Vex,20,5.0,15,1,Victoria,
7616,2026-06-09,19:41,J0200,Bosque Umbral,Ranked,Nadia;Brisa,33,6.0,1,3,Derrota,730.0
2549,2026-03-14,12:00,J0009,Ciudadela,Torneo,Magnus;Koro,22,2.0,2,3,Victoria,810.0
751,03/02/2026,18:42,J0110,Ciudadela,Casual,Brisa,29,10.0,6,7,Victoria,1730.0
438,2026-01-26,05:35,J0147,Puerto Escarlata,Ranked,Lienzo;Magnus,35,2.0,3,5,Victoria,890.0
4455,19-04-26,23:50,J0128,Bosque Umbral,Ranked,Brisa,36,6.0,7,8,Victoria,1360.0
3412,30/03/2026,01:15,J0184,Puerto Escarlata,Ranked,Nadia;Koro,26,4.0,9,4,Derrota,420.0
4340,18/04/2026,19:37,J0030,Estacion Orbital,Ranked,Lienzo,24,,7,5,Derrota,1110.0
2848,2026-03-20,19:38,J0015,Bosque Umbral,Casual,Brisa,19,6.0,4,3,Victoria,1170.0
1174,14-02-26,22:22,J0010,Ciudadela,Ranked,BRISA,35,11.0,5,6,VICTORIA,1800.0
7625,2026-06-09,20:14,J0025,Ciudadela,Ranked,Tesla;Magnus,34,4.0,3,2,Victoria,940.0
2700,2026-03-17,21:28,J0004,Estacion Orbital,Casual,Lienzo,29,,5,4,Derrota,500.0
6070,16-05-26,17:52,J0090,Canales de Hielo,Ranked,Koro,43,5.0,9,4,Derrota,"520,0 pts"
7810,2026-06-13,21:09,J0086,Canales de Hielo,Casual,Koro,32,2.0,3,4,Derrota,340.0
5873,2026-05-13,18:58,J0180,Desierto Neon,Ranked,Umbra;Nadia,26,7.0,8,2,  Derrota ,640.0
2482,2026-03-13,11:19,J0005,Estacion Orbital,Casual,Koro,27,4.0,3,5,Victoria,1090.0
6640,24-05-26,18:19,J0019,Estacion Orbital,Casual,,28,3.0,5,2,Victoria,"800,0 pts"
8510,23/06/2026,  14:57 ,J0178,Ciudadela,Ranked,Tesla;Umbra,34,9.0,6,4,,1480.0
2707,2026-03-17,18:15,J0110,Puerto Escarlata,Ranked,Umbra,31,3.0,6,4,Derrota,380.0
6388,2026-05-21,20:05,J0063,Puerto Escarlata,Torneo,Nadia;Lienzo,12,9.0,7,3,Victoria,1410.0
327,24-01-26,19:27,J0098,Bosque Umbral,Ranked,Magnus,24,12.0,4,1,Victoria,1670.0
1040,2026-02-10,08:36,J0019,Bosque Umbral,Torneo,Nadia,13,3.0,8,3,Victoria,790.0
2638,2026-03-16,18:44,J0032,Bosque Umbral,Casual,Vex;Nadia,23,8.0,5,2,Victoria,1300.0
5112,2026-05-01,13:35,J0035,Bosque Umbral,Casual,Umbra;Nadia,24,13.0,6,3,Victoria,1830.0
2500,2026-03-13,13:27,J0145,Bosque Umbral,Ranked,TESLA;UMBRA,34,2.0,9,4,Victoria,720.0
1005,2026-02-09,17:32,J0200,Estacion Orbital,Casual,vex;brisa,27,9.0,4,6,Derrota,1120.0
2862,2026-03-21,00:30,J0049,Ciudadela,Torneo,Vex,25,5.0,6,4,Victoria,1080.0
3234,2026-03-28,20:53,J0036,Desierto Neon,Casual,Lienzo;Umbra,21,2.0,8,4,Victoria,740.0
1871,2026-02-28,22:20,J0124,Canales de Hielo,Ranked,Nadia;Lienzo;Koro,44,2.0,3,6,Derrota,440.0
5377,2026-05-05,09:57,J0146,Desierto Neon,Torneo,,8,6.0,5,1,Victoria,1050.0
8691,2026-06-26,14:33,J0043,Estacion Orbital,Ranked,Magnus;Nadia,29,10.0,4,3,Victoria,1570.0
8451,2026-06-22,08:38,J0084,Bosque Umbral,Casual,Umbra,17,6.0,4,4,Derrota,720.0
6400,2026-05-21,05:16,J0068,Ciudadela,Ranked,Vex;Tesla,42,,4,5,Derrota,1070.0
535,2026-01-29,21:16,J0199,Puerto Escarlata,Ranked,Koro,43,4.0,5,2,Derrota,
6383,2026-05-21,17:28,J0069,Estacion Orbital,Ranked,,24,3.0,5,3,Victoria,850.0
6225,2026-05-19,18:00,J0017,Bosque Umbral,Ranked,Magnus;Lienzo,22,9.0,2,5,Derrota,1110.0
7493,07/06/2026,05:10,J0032,Canales de Hielo,Ranked,Magnus,44,8.0,4,3,Derrota,870.0
586,2026-01-30,19:02,J0031,Canales de Hielo,Torneo,Vex;Lienzo;Umbra,16,9.0,2,2,Victoria,1460.0
9989,14-07-26,17:31,J0140,Desierto Neon,Casual,Koro,26,4.0,4,1,Victoria,870.0
3036,2026-03-23,12:00,J0016,Estacion Orbital,Torneo,Umbra;Nadia,9,5.0,7,3,Victoria,1010.0
4512,2026-04-20,23:57,J0041,Puerto Escarlata,Casual,Lienzo;Tesla,18,6.0,2,10,Derrota,
2586,2026-03-15,08:36,J0021,Ciudadela,Ranked,Umbra,27,3.0,6,3,Derrota,330.0
1704,2026-02-24,14:58,J0001,Canales de Hielo,Casual,,17,8.0,8,3,Victoria,1290.0
4376,18/04/2026,21:01,J0001,Puerto Escarlata,Torneo,Nadia;Umbra;Tesla,29,5.0,4,5,Victoria,1170.0
5667,2026-05-10,17:02,J0078,Desierto Neon,Ranked,Koro,27,6.0,6,4,Victoria,1180.0
492,2026-01-28,19:54,J0048,Puerto Escarlata,Ranked,Magnus;Umbra,37,3.0,4,7,Derrota,570.0
6576,2026-05-23,17:26,J0178,Estacion Orbital,Ranked,Nadia;Umbra,26,5.0,6,4,Victoria,1080.0
8803,2026-06-28,16:34,J0118,Desierto Neon,Casual,Brisa;Koro;Vex,13,9.0,8,5,Victoria,1490.0
2837,20-03-26,18:46,J0047,Desierto Neon,Ranked,Umbra,34,10.0,6,2,Derrota,980.0
2267,2026-03-08,04:41,J0075,Desierto Neon,Casual,Umbra,15,4.0,8,4,Derrota,440.0
7854,2026-06-13,19:20,J0144,Puerto Escarlata,Torneo,Tesla,16,3.0,6,1,Victoria,730.0
3964,10/04/2026,16:34,J0200,Canales de Hielo,Casual,Magnus;Nadia;Koro,20,11.0,4,3,Derrota,1170.0
6605,2026-05-24,01:04,J0006,Bosque Umbral,Casual,Lienzo,8,,7,2,Derrota,460.0
4793,2026-04-25,12:43,J0200,Estacion Orbital,Ranked,Koro;Nadia,43,8.0,8,3,,1290.0
7656,2026-06-10,21:27,J0013,Desierto Neon,Casual,Tesla,10,10.0,3,5,Derrota,1190.0
3549,2026-04-03,19:29,J0094,Bosque Umbral,Ranked,Lienzo,31,7.0,5,5,Victoria,1350.0
2901,2026-03-21,12:26,J0001,Ciudadela,Torneo,Koro,8,,12,4,  Derrota ,"260,0 pts"
8123,17-06-26,20:54,J0025,Bosque Umbral,Ranked,Magnus;Koro,41,8.0,4,3,Derrota,870.0
2945,2026-03-22,00:26,J0016,Canales de Hielo,Torneo,Brisa;Tesla,11,8.0,4,4,Victoria,1420.0
1917,01-03-26,18:54,J0084,Ciudadela,Ranked,Nadia;Brisa,24,5.0,7,3,Derrota,510.0
3186,26-03-26,18:51,J0087,Bosque Umbral,Ranked,Koro;Lienzo,26,7.0,4,3,Derrota,770.0
3711,2026-04-06,20:32,J0104,Canales de Hielo,Ranked,Vex;Koro,45,4.0,5,3,Victoria,950.0
5913,2026-05-14,22:23,J0017,Ciudadela,Casual,Vex;Umbra,27,8.0,4,2,Derrota,820.0
7382,06/06/2026,16:01,J0055,Canales de Hielo,Ranked,Brisa;Tesla;Umbra,43,3.0,4,2,Derrota,320.0
4327,17-04-26,22:35,J0086,Estacion Orbital,Ranked,Vex;Magnus;Brisa,31,8.0,7,4,Victoria,
3650,2026-04-05,18:38,J0052,Ciudadela,Casual,Tesla;Koro,12,9.0,6,3,Derrota,930.0
1134,2026-02-12,18:07,J0014,Canales de Hielo,Casual,Nadia,24,4.0,3,7,Victoria,1190.0
9339,06/07/2026,00:18,J0062,Puerto Escarlata,Casual,Tesla,23,3.0,7,2,Victoria,760.0
8954,2026-06-30,12:21,J0126,Canales de Hielo,Ranked,Koro,41,4.0,8,3,Derrota,390.0
2519,2026-03-14,18:19,J0140,Puerto Escarlata,Torneo,Koro,31,4.0,6,3,Victoria,930.0
398,2026-01-25,16:41,J0067,Estacion Orbital,Casual,Koro,31,4.0,9,3,Victoria,870.0
1318,2026-02-17,20:21,J0033,Desierto Neon,Torneo,Tesla,27,7.0,4,2,Victoria,1220.0
6875,28-05-26,09:55,J0070,Desierto Neon,Ranked,Vex;Tesla,31,8.0,3,2,victoria,1340.0
122,2026-01-19,08:41,J0028,Ciudadela,Casual,Nadia;Koro;Brisa,25,1.0,2,4,Derrota,
2450,2026-03-12,23:36,J0076,Puerto Escarlata,Casual,Umbra,13,8.0,4,3,Victoria,1370.0
6523,23-05-26,17:46,J0192,Estacion Orbital,Casual,Umbra,23,7.0,2,4,Derrota,860.0
3230,2026-03-27,20:43,J0200,Canales de Hielo,Casual,Lienzo;Koro,15,6.0,3,5,Derrota,790.0
1567,22-02-26,11:05,J0113,Bosque Umbral,Ranked,Brisa,28,4.0,4,2,Victoria,920.0
1985,2026-03-03,20:42,J0091,Desierto Neon,Ranked,Tesla;Brisa;Magnus,38,4.0,8,9,Victoria,1190.0
4416,19-04-26,21:46,J0012,Canales de Hielo,Casual,brisa,21,3.0,4,5,Victoria,970.0
8044,2026-06-16,19:19,J0044,Estacion Orbital,Casual,NADIA,12,9.0,8,3,Victoria,
5546,2026-05-08,22:12,J0046,Canales de Hielo,Ranked,VEX;NADIA,32,5.0,2,3,Victoria,1110.0
4072,2026-04-12,17:36,J0048,Ciudadela,Ranked,Koro,41,10.0,5,5,Derrota,1150.0
5539,2026-05-08,19:11,J0010,Ciudadela,Ranked,Koro;Vex,40,9.0,6,2,Victoria,1380.0
2174,07/03/2026,06:43,J0021,Bosque Umbral,Ranked,Koro;Magnus,40,6.0,5,2,Derrota,600.0
3284,28/03/2026,20:18,J0123,Canales de Hielo,Ranked,Umbra,36,6.0,3,5,Victoria,1290.0
8562,24/06/2026,22:19,J0004,Puerto Escarlata,Torneo,Vex;Koro,21,7.0,5,4,Derrota,800.0
8653,2026-06-26,21:10,J0076,Bosque Umbral,Ranked,Tesla,36,5.0,5,3,,1050.0
2334,2026-03-10,11:35,J0110,Puerto Escarlata,Casual,Magnus,22,4.0,0,3,Derrota,550.0
574,2026-01-30,09:52,J0020,Puerto Escarlata,Casual,Koro,25,6.0,3,4,Derrota,740.0
8778,27/06/2026,17:50,J0030,Bosque Umbral,Casual,Nadia,32,7.0,9,5,Victoria,1270.0
9146,2026-07-03,  18:46 ,J0072,Desierto Neon,Torneo,,20,3.0,6,2,Victoria,780.0
982,08-02-26,19:43,J0123,Canales de Hielo,Ranked,Koro,41,5.0,5,5,Victoria,1150.0
5814,2026-05-12,18:13,J0023,Puerto Escarlata,Casual,Magnus,19,11.0,6,6,Victoria,1780.0
3503,2026-04-01,06:12,J0049,Estacion Orbital,Torneo,,31,4.0,3,3,Derrota,490.0
1408,2026-02-19,13:25,J0106,Desierto Neon,Ranked,Magnus;Tesla;Lienzo,44,11.0,1,5,Victoria,1830.0
536,29-01-26,00:49,J0059,Ciudadela,Casual,Nadia;Vex,25,8.0,9,2,Derrota,720.0
4221,2026-04-15,19:23,J0036,Estacion Orbital,Ranked,Lienzo,36,3.0,4,2,Derrota,320.0
7499,2026-06-07,19:50,J0058,Bosque Umbral,Torneo,Koro;Lienzo,17,7.0,4,4,Derrota,820.0
9303,2026-07-05,22:09,J0069,Estacion Orbital,Ranked,Brisa,36,2.0,7,2,,660.0
7252,2026-06-03,20:03,J0051,Puerto Escarlata,Ranked,Lienzo,41,2.0,5,3,Victoria,750.0
1435,2026-02-19,14:21,J0066,Estacion Orbital,Ranked,Vex,25,7.0,7,2,Derrota,660.0
8918,2026-06-29,08:25,J0080,Bosque Umbral,Ranked,Lienzo,43,1.0,3,5,Derrota,290.0
2580,2026-03-15,12:31,J0067,Ciudadela,Torneo,Lienzo,14,8.0,7,8,Victoria,1560.0
3722,06/04/2026,19:52,J0030,Ciudadela,Torneo,  Umbra ,17,5.0,7,1,Derrota,410.0
3270,2026-03-28,14:25,J0086,Estacion Orbital,Ranked,Nadia,24,1.0,5,3,Victoria,650.0
9626,2026-07-10,21:24,J0135,Ciudadela,Ranked,Koro;Vex;Magnus,38,12.0,4,5,Derrota,1370.0
7992,15/06/2026,20:58,J0015,Bosque Umbral,Torneo,Vex;Tesla,29,16.0,8,3,Victoria,2090.0
5413,2026-05-06,17:43,J0012,Puerto Escarlata,Ranked,Nadia,29,4.0,7,2,Victoria,860.0
1868,2026-02-28,21:50,J0104,Ciudadela,Casual,Koro;Magnus,17,6.0,6,3,  Victoria ,1130.0
1455,20/02/2026,10:41,J0056,Canales de Hielo,Casual,Tesla;Umbra,29,4.0,5,4,Victoria,1000.0
1787,2026-02-27,18:57,J0073,Estacion Orbital,Casual,Brisa,30,4.0,0,4,Derrota,600.0
9987,14/07/2026,12:41,J0095,Puerto Escarlata,Casual,Nadia,20,5.0,4,3,Victoria,"1070,0 pts"
4206,2026-04-15,22:14,J0159,Bosque Umbral,Ranked,Tesla,23,6.0,5,2,Derrota,600.0
2522,2026-03-14,12:40,J0027,Estacion Orbital,Torneo,Umbra,9,5.0,3,8,Victoria,1340.0
4523,21-04-26,20:17,J0008,Ciudadela,Casual,Brisa;Nadia,31,6.0,3,8,Victoria,1440.0
1821,27-02-26,16:43,J0075,Desierto Neon,Ranked,Lienzo;Magnus,37,8.0,5,5,Derrota,950.0
4542,21/04/2026,18:15,J0030,Estacion Orbital,Ranked,Lienzo,26,5.0,3,1,Victoria,990.0
2930,2026-03-22,18:51,J0013,Estacion Orbital,Ranked,Umbra,30,7.0,3,5,Victoria,1390.0
52,2026-01-17,03:40,J0124,Canales de Hielo,Casual,Koro,19,4.0,4,6,Victoria,1120.0
4756,2026-04-25,03:58,J0032,Desierto Neon,Casual,Tesla;Umbra,24,6.0,7,5,Derrota,710.0
5817,2026-05-12,19:03,J0036,Desierto Neon,Ranked,umbra;brisa,32,6.0,6,2,Victoria,1080.0
5841,12-05-26,14:32,J0172,Desierto Neon,Ranked,Lienzo;Nadia;Tesla,34,8.0,8,5,Victoria,1390.0
3578,2026-04-03,10:25,J0063,Canales de Hielo,Ranked,Lienzo,28,8.0,5,2,VICTORIA,1300.0
470,27-01-26,18:24,J0070,Canales de Hielo,Ranked,Magnus,39,5.0,3,3,Derrota,590.0
2630,2026-03-15,20:33,J0114,Bosque Umbral,Ranked,Umbra;Tesla,42,3.0,4,6,Victoria,1020.0
5279,03-05-26,19:46,J0195,Canales de Hielo,Ranked,Vex,38,3.0,6,5,Derrota,430.0
8440,2026-06-22,  18:38 ,J0028,Bosque Umbral,Ranked,Lienzo,33,3.0,7,3,Derrota,310.0
9686,2026-07-11,18:26,J0146,Estacion Orbital,Ranked,Nadia;Vex,38,10.0,1,7,Victoria,1830.0
6316,2026-05-20,09:20,J0033,Ciudadela,Ranked,Lienzo,22,7.0,4,7,Victoria,1470.0
4343,2026-04-18,10:03,J0016,Estacion Orbital,Casual,Tesla,25,3.0,2,4,Derrota,460.0
1859,2026-02-28,14:26,J0030,Ciudadela,Ranked,Tesla;Koro,42,6.0,6,3,Victoria,1130.0
9605,2026-07-10,14:18,J0009,Desierto Neon,Casual,Koro,9,6.0,6,10,Derrota,980.0
866,2026-02-06,09:35,J0065,Puerto Escarlata,Ranked,Brisa,39,4.0,2,4,Victoria,1060.0
8383,2026-06-21,09:58,J0069,Puerto Escarlata,Casual,Tesla;Koro,30,2.0,2,3,Victoria,810.0
7338,2026-06-05,19:13,J0028,Desierto Neon,Casual,Umbra,32,7.0,2,1,Victoria,1210.0
8311,2026-06-20,20:42,J0013,Ciudadela,Casual,Lienzo,32,6.0,10,4,Victoria,1100.0
6487,2026-05-22,18:03,J0039,Ciudadela,Ranked,Nadia;Tesla,40,4.0,9,0,Victoria,720.0
9295,2026-07-05,12:25,J0192,Ciudadela,Casual,Umbra;Magnus;Vex,31,12.0,4,2,Victoria,1720.0
8890,29-06-26,18:04,J0198,Bosque Umbral,Ranked,Brisa,28,0.0,5,4,Derrota,100.0
7417,2026-06-06,17:43,J0059,Estacion Orbital,Ranked,Magnus,28,4.0,4,3,Victoria,970.0
6040,16/05/2026,20:11,J0022,Desierto Neon,Casual,Koro,30,6.0,3,5,Derrota,790.0
426,2026-01-26,20:55,J0025,Estacion Orbital,Ranked,,25,8.0,7,4,Derrota,860.0
189,2026-01-21,22:47,J0158,Canales de Hielo,Ranked,Magnus,32,12.0,5,5,DERROTA,1350.0
5729,2026-05-10,12:41,J0006,Canales de Hielo,Casual,Umbra;Koro,19,6.0,5,3,  Derrota ,650.0
4442,2026-04-19,19:56,J0036,Bosque Umbral,Ranked,Brisa,42,4.0,3,4,Victoria,1040.0
229,2026-01-22,18:17,J0044,Puerto Escarlata,Ranked,Nadia,29,6.0,3,3,VICTORIA,1190.0
7891,14-06-26,20:54,J0026,Puerto Escarlata,Ranked,Magnus;Umbra;Lienzo,31,6.0,5,3,Victoria,1150.0
5271,03-05-26,20:06,J0009,Puerto Escarlata,Torneo,Nadia,9,4.0,4,4,Victoria,1020.0
2742,2026-03-18,18:34,J0012,Ciudadela,Torneo,tesla,23,5.0,7,3,Victoria,1010.0
1042,2026-02-10,21:34,J0020,Ciudadela,Ranked,Brisa;Magnus,41,,4,5,Victoria,1270.0
8810,2026-06-28,00:11,J0038,Canales de Hielo,Casual,Tesla;Magnus;Koro,19,1.0,6,6,Derrota,280.0
9211,04-07-26,21:06,J0013,Puerto Escarlata,Casual,Lienzo;Tesla,16,11.0,4,1,Derrota,1070.0
3721,2026-04-06,23:12,J0045,Estacion Orbital,Casual,Tesla,15,3.0,7,2,Derrota,260.0
7431,06/06/2026,13:07,J0027,Desierto Neon,Casual,Vex;Lienzo,25,8.0,8,1,victoria,1190.0
472,27-01-26,22:43,J0036,Bosque Umbral,Ranked,Koro;Nadia,27,5.0,9,2,Derrota,420.0
2922,2026-03-21,03:04,J0030,Desierto Neon,Casual,Lienzo,16,6.0,4,8,,920.0
1906,2026-03-01,21:56,J0076,Puerto Escarlata,Casual,Koro;Nadia,26,6.0,6,10,victoria,1480.0
9614,2026-07-10,21:34,J0039,Desierto Neon,Casual,Magnus;Lienzo,26,8.0,10,6,Victoria,1400.0
802,05-02-26,19:22,J0064,Ciudadela,Ranked,Umbra,40,4.0,6,5,DERROTA,530.0
1488,2026-02-21,17:45,J0110,Canales de Hielo,Ranked,umbra,38,3.0,5,7,Victoria,1050.0
8507,23-06-26,17:30,J0030,Canales de Hielo,Casual,Umbra,11,9.0,2,3,Derrota,1010.0
3654,2026-04-05,05:06,J0057,Desierto Neon,Ranked,Brisa,44,10.0,5,4,Derrota,1100.0
228,2026-01-22,17:24,J0004,Estacion Orbital,Casual,,9,6.0,2,3,Victoria,1210.0
4175,14/04/2026,19:20,J0021,Canales de Hielo,Ranked,Nadia,38,5.0,4,5,Victoria,1170.0
1129,2026-02-12,01:04,J0098,Ciudadela,Casual,Nadia,11,9.0,6,3,Derrota,"930,0 pts"
9550,2026-07-09,12:07,J0010,Ciudadela,Ranked,Magnus;Umbra;Tesla,34,4.0,8,1,Derrota,290.0
7227,2026-06-03,23:14,J0033,Puerto Escarlata,Ranked,  Lienzo ,22,8.0,8,5,Victoria,1390.0
2209,2026-03-07,17:33,J0014,Desierto Neon,Ranked,Brisa,41,1.0,7,5,Victoria,710.0
7406,2026-06-06,13:34,J0200,Estacion Orbital,Casual,Tesla;Brisa;Magnus,24,10.0,2,3,Victoria,1610.0
8971,2026-06-30,21:25,J0056,Canales de Hielo,Casual,Tesla,13,9.0,4,3,Victoria,1470.0
4289,17/04/2026,16:31,J0093,Ciudadela,Ranked,Lienzo;Nadia;Vex,23,4.0,10,5,Victoria,950.0
4948,28/04/2026,15:50,J0068,Puerto Escarlata,Ranked,  Brisa ,27,7.0,4,2,Derrota,720.0
3154,2026-03-26,13:50,J0167,Puerto Escarlata,Ranked,Umbra,43,7.0,3,4,Derrota,840.0
4788,2026-04-25,17:10,J0079,Desierto Neon,Casual,Magnus,13,5.0,7,8,Victoria,1260.0
8161,2026-06-18,18:37,J0017,Desierto Neon,Casual,Tesla;Koro,29,5.0,3,4,Victoria,1140.0
7770,2026-06-12,20:58,J0016,Estacion Orbital,Casual,Magnus;Umbra,21,10.0,3,3,Derrota,1090.0
6327,20-05-26,20:05,J0028,Desierto Neon,Casual,Tesla,29,6.0,10,4,Derrota,600.0
9672,2026-07-11,05:49,J0009,Bosque Umbral,Casual,Nadia,11,5.0,5,2,Victoria,1000.0
2145,06-03-26,19:10,J0039,Ciudadela,Casual,Magnus,19,6.0,4,4,Victoria,1220.0
7540,08/06/2026,05:28,J0036,Estacion Orbital,Ranked,Tesla,42,2.0,9,3,Victoria,670.0
6178,2026-05-18,15:20,J0109,Desierto Neon,Ranked,Lienzo,23,5.0,4,1,Victoria,970.0
2375,2026-03-11,15:04,J0089,Estacion Orbital,Ranked,Lienzo;Tesla;Umbra,22,5.0,4,4,Victoria,1120.0
2578,2026-03-15,12:43,J0138,Bosque Umbral,Casual,Magnus;Lienzo;Vex,20,7.0,4,3,Derrota,770.0
1633,23-02-26,18:45,J0005,Ciudadela,Ranked,Nadia;Magnus,27,7.0,2,5,Derrota,910.0
5172,02/05/2026,10:19,J0027,Bosque Umbral,Ranked,  Lienzo;Brisa;Nadia ,30,,5,5,Victoria,1250.0
2299,2026-03-09,22:40,J0189,Canales de Hielo,Ranked,Tesla;Brisa,37,1.0,6,6,Derrota,280.0
9297,2026-07-05,09:14,J0023,Puerto Escarlata,Torneo,Umbra,12,9.0,0,3,Victoria,1550.0
157,20/01/2026,22:15,J0073,Ciudadela,Ranked,Nadia,34,4.0,4,3,Derrota,470.0
9786,2026-07-12,16:14,J0036,Desierto Neon,Casual,,28,3.0,5,7,Derrota,550.0
7468,2026-06-07,20:42,J0034,Estacion Orbital,Casual,Umbra,12,9.0,3,2,Derrota,940.0
3350,2026-03-29,06:51,J0200,Bosque Umbral,Ranked,Vex,37,11.0,4,3,Victoria,1670.0
2880,2026-03-21,00:44,J0200,Canales de Hielo,Ranked,Umbra,28,7.0,2,5,Victoria,1410.0
3414,30-03-26,19:47,J0122,Bosque Umbral,Casual,Koro,20,8.0,8,2,Victoria,1240.0
9656,2026-07-11,17:40,J0004,Ciudadela,Casual,Koro,23,4.0,6,5,Victoria,1030.0
8073,2026-06-16,20:50,J0042,Desierto Neon,Casual,,21,3.0,9,2,Victoria,720.0
5270,03/05/2026,23:29,J0074,Bosque Umbral,Ranked,Magnus,26,5.0,3,7,Victoria,1290.0
4280,2026-04-16,11:03,J0141,Bosque Umbral,Casual,Nadia;Tesla;Brisa,31,9.0,4,5,Victoria,1570.0
4448,2026-04-19,09:17,J0189,Puerto Escarlata,Casual,Vex,24,14.0,4,4,Victoria,2020.0
5610,09/05/2026,09:35,J0034,Puerto Escarlata,Casual,Magnus;Tesla,11,7.0,5,2,Derrota,700.0
3768,07/04/2026,13:46,J0152,Puerto Escarlata,Torneo,Umbra;Tesla;Koro,21,8.0,3,4,Victoria,1440.0
6827,2026-05-28,15:36,J0034,Puerto Escarlata,Ranked,Umbra,41,3.0,2,6,Victoria,
9400,07/07/2026,20:17,J0016,Puerto Escarlata,Torneo,Magnus;Vex,32,11.0,7,4,Victoria,1660.0
4882,2026-04-26,18:16,J0048,Estacion Orbital,Casual,Nadia,16,3.0,6,4,Victoria,
5754,2026-05-11,18:04,J0028,Puerto Escarlata,Torneo,Magnus;Tesla,32,6.0,4,3,Derrota,670.0
2496,2026-03-13,20:52,J0014,Canales de Hielo,Ranked,Brisa,23,1.0,3,4,Derrota,240.0
6828,2026-05-28,07:21,J0087,Canales de Hielo,Ranked,Nadia,45,16.0,5,3,Victoria,2150.0
2373,2026-03-10,21:36,J0001,Desierto Neon,Casual,Lienzo;Tesla,14,4.0,7,4,Derrota,460.0
6441,2026-05-22,16:13,J0084,Ciudadela,Casual,Magnus,12,9.0,5,1,Victoria,1350.0
5663,10-05-26,15:40,J0011,Bosque Umbral,Torneo,Koro;Umbra;Tesla,32,4.0,6,2,Derrota,380.0
3462,2026-03-31,16:02,J0179,Estacion Orbital,Casual,Lienzo;Umbra,24,5.0,7,4,Derrota,560.0
6086,17-05-26,23:46,J0183,Bosque Umbral,Casual,Lienzo;Koro;Nadia,28,5.0,2,5,VICTORIA,1210.0
5488,2026-05-07,18:20,J0100,Desierto Neon,Ranked,Umbra;Nadia,40,8.0,8,4,Derrota,840.0
8032,2026-06-16,14:19,J0046,Ciudadela,Casual,Lienzo;Vex;Magnus,28,14.0,3,8,Derrota,1740.0
7245,2026-06-03,05:42,J0056,Desierto Neon,Casual,Tesla,12,2.0,6,5,DERROTA,330.0
5129,2026-05-01,12:25,J0002,Canales de Hielo,Ranked,Vex,26,9.0,4,0,Derrota,820.0
4588,2026-04-22,18:06,J0200,Desierto Neon,Casual,Tesla,19,5.0,3,4,Derrota,640.0
2551,14/03/2026,22:41,J0011,Estacion Orbital,Ranked,Koro,34,6.0,5,6,Victoria,1300.0
6378,2026-05-21,22:00,J0078,Bosque Umbral,Torneo,Umbra,13,7.0,4,2,Victoria,1220.0
848,2026-02-06,16:53,J0024,Canales de Hielo,Casual,Tesla,10,5.0,3,5,Derrota,690.0
3345,2026-03-29,12:24,J0063,Ciudadela,Ranked,Lienzo,39,7.0,4,3,Derrota,770.0
939,08-02-26,19:06,J0047,Canales de Hielo,Casual,Lienzo,26,12.0,8,5,Derrota,1290.0
4914,27/04/2026,20:50,J0084,Canales de Hielo,Casual,Brisa,10,6.0,3,0,Derrota,540.0
8167,18-06-26,18:59,J0200,Ciudadela,Casual,Nadia,28,7.0,4,1,VICTORIA,1170.0
9682,11/07/2026,22:00,J0037,Canales de Hielo,Ranked,Magnus,34,6.0,7,2,Victoria,1060.0
8679,26/06/2026,18:20,J0013,Canales de Hielo,Casual,Tesla,16,8.0,4,4,Derrota,920.0
9084,02/07/2026,15:14,J0004,Bosque Umbral,Torneo,Nadia;Lienzo;Tesla,15,2.0,5,4,Derrota,300.0
4950,28/04/2026,13:38,J0029,Desierto Neon,Ranked,Umbra,35,1.0,6,4,Derrota,180.0
9797,12-07-26,22:01,J0059,Desierto Neon,Torneo,Brisa;Umbra,26,8.0,5,2,Derrota,800.0
757,2026-02-04,17:03,J0160,Canales de Hielo,Ranked,Nadia;Brisa,32,4.0,4,4,Derrota,520.0
4837,2026-04-26,18:53,J0143,Desierto Neon,Casual,Nadia;Brisa,13,5.0,5,3,Victoria,1050.0
2645,2026-03-16,16:34,J0016,Estacion Orbital,Ranked,Nadia;Umbra,32,11.0,4,4,Victoria,1720.0
4242,2026-04-16,17:53,J0031,Puerto Escarlata,Ranked,KORO;UMBRA;LIENZO,28,8.0,3,6,Derrota,1040.0
4367,18/04/2026,20:42,J0072,Puerto Escarlata,Casual,Vex,30,7.0,6,2,Victoria,1180.0
3166,2026-03-26,16:17,J0001,Desierto Neon,Torneo,Nadia,22,2.0,2,1,Victoria,710.0
3640,2026-04-04,19:58,J0030,Desierto Neon,Casual,Koro;Tesla,28,10.0,6,6,DERROTA,1180.0
7958,2026-06-15,15:53,J0035,Estacion Orbital,Ranked,Vex,33,8.0,4,6,Victoria,1520.0
6614,2026-05-24,13:34,J0012,Estacion Orbital,Casual,Umbra,19,2.0,4,3,Victoria,770.0
6493,2026-05-22,22:39,J0076,Canales de Hielo,Ranked,,37,5.0,5,6,Victoria,1200.0
4025,2026-04-11,10:29,J0200,Canales de Hielo,Torneo,Nadia;Vex,21,9.0,4,5,Victoria,1570.0
5910,2026-05-14,09:04,J0012,Estacion Orbital,Torneo,Nadia,12,7.0,7,2,Victoria,1160.0
2358,10/03/2026,04:01,J0035,Bosque Umbral,Casual,Brisa,16,6.0,4,8,Victoria,1420.0
3419,30-03-26,18:24,J0060,Ciudadela,Ranked,Brisa;Koro,36,4.0,2,1,Victoria,910.0
9979,14-07-26,20:10,J0018,Bosque Umbral,Casual,Magnus;Koro,21,3.0,4,5,Derrota,470.0
2062,2026-03-04,20:24,J0002,Estacion Orbital,Ranked,Nadia;Tesla,23,5.0,4,4,Victoria,1120.0
550,29/01/2026,08:04,J0062,Canales de Hielo,Casual,,15,1.0,4,3,Victoria,670.0
4377,18/04/2026,03:06,J0049,Canales de Hielo,Torneo,KORO,31,2.0,4,5,Derrota,370.0
2813,20/03/2026,20:37,J0042,Bosque Umbral,Ranked,Nadia,22,4.0,4,5,Derrota,"570,0 pts"
8846,2026-06-28,20:43,J0004,Ciudadela,Casual,Brisa,28,8.0,6,6,Victoria,1480.0
9066,2026-07-02,14:03,J0146,Ciudadela,Casual,Lienzo,15,3.0,4,0,  Victoria ,720.0
2550,2026-03-14,20:43,J0104,Estacion Orbital,Torneo,Vex,20,6.0,3,6,Derrota,840.0
6179,2026-05-18,16:45,J0061,Desierto Neon,Casual,Umbra,29,6.0,3,5,Derrota,
3170,26/03/2026,14:07,J0046,Estacion Orbital,Ranked,Umbra,38,3.0,6,2,Derrota,280.0
8937,30/06/2026,01:07,J0097,Estacion Orbital,Ranked,Umbra;Nadia;Koro,26,6.0,1,5,Victoria,1330.0
5832,2026-05-12,05:19,J0012,Desierto Neon,Ranked,Koro,32,2.0,8,2,Victoria,640.0
4374,2026-04-18,11:05,J0003,Ciudadela,Casual,Nadia,25,5.0,6,3,Victoria,1030.0
1260,2026-02-15,21:11,J0143,Desierto Neon,Ranked,Tesla,27,4.0,5,6,Derrota,600.0
8012,16/06/2026,10:55,J0011,Ciudadela,Ranked,Magnus;Brisa,45,3.0,5,3,Derrota,350.0
5154,2026-05-01,13:13,J0028,Ciudadela,Casual,Lienzo,8,1.0,2,4,Derrota,260.0
8056,2026-06-16,12:28,J0014,Ciudadela,Casual,Brisa,13,3.0,2,4,Victoria,960.0
1025,10/02/2026,16:19,J0042,Ciudadela,Torneo,Nadia,29,5.0,6,5,Derrota,630.0
9220,2026-07-04,17:59,J0012,Ciudadela,Casual,Brisa;Koro,23,7.0,5,3,Victoria,1250.0
753,2026-02-04,23:25,J0200,Estacion Orbital,Ranked,Lienzo;Vex,31,9.0,1,4,Victoria,1580.0
7041,2026-05-31,15:19,J0080,Bosque Umbral,Casual,Magnus,11,8.0,5,5,Victoria,
3856,2026-04-08,00:58,J0010,Estacion Orbital,Ranked,Magnus,32,8.0,4,2,Derrota,820.0
5490,07-05-26,21:23,J0090,Desierto Neon,Ranked,Umbra,42,5.0,10,2,Victoria,900.0
1952,2026-03-02,09:06,J0047,Estacion Orbital,Casual,Umbra,15,10.0,8,4,  Victoria ,1540.0
7662,2026-06-10,19:47,J0073,Estacion Orbital,Ranked,Magnus,34,3.0,7,5,Victoria,910.0
352,2026-01-25,19:39,J0200,Estacion Orbital,Casual,Umbra,24,5.0,6,3,Victoria,1030.0
1512,2026-02-21,15:25,J0133,Ciudadela,Casual,Lienzo;Tesla,13,8.0,5,6,Derrota,1000.0
5010,2026-04-29,06:55,J0200,Canales de Hielo,Ranked,Lienzo;Vex,25,13.0,3,6,,1540.0
4550,21-04-26,  20:04 ,J0011,Estacion Orbital,Casual,Vex;Umbra,16,,5,7,Victoria,1250.0
7083,2026-06-01,19:07,J0037,Canales de Hielo,Ranked,Nadia;Brisa;Koro,40,7.0,5,5,Derrota,850.0
8202,2026-06-18,11:16,J0024,Puerto Escarlata,Ranked,Koro;Tesla,44,7.0,3,0,Victoria,1140.0
702,02-02-26,18:12,J0109,Canales de Hielo,Casual,Vex;Nadia,16,7.0,7,4,Victoria,1260.0
4342,2026-04-18,16:23,J0032,Canales de Hielo,Ranked,Magnus,40,5.0,8,5,derrota,590.0
3663,05-04-26,19:21,J0040,Desierto Neon,Casual,Magnus,26,9.0,10,8,Victoria,1600.0
5782,11/05/2026,10:46,J0076,Bosque Umbral,Casual,Vex,11,7.0,5,3,Victoria,1250.0
4657,23-04-26,23:58,J0081,Bosque Umbral,Ranked,Umbra,32,2.0,6,2,VICTORIA,680.0
562,2026-01-30,10:33,J0141,Bosque Umbral,Torneo,Lienzo,25,7.0,3,0,Derrota,640.0
2319,2026-03-09,15:47,J0186,Bosque Umbral,Ranked,Magnus,26,6.0,7,5,Victoria,1210.0
3099,25-03-26,12:37,J0029,Desierto Neon,Ranked,Vex,33,4.0,4,2,Victoria,920.0
3945,10/04/2026,12:23,J0119,Bosque Umbral,Casual,Lienzo,31,12.0,5,5,VICTORIA,1850.0
3151,2026-03-25,17:50,J0023,Canales de Hielo,Torneo,Koro,10,6.0,3,6,Derrota,
5707,2026-05-10,20:07,J0038,Bosque Umbral,Casual,Vex;Umbra,24,6.0,4,3,Derrota,670.0
4380,2026-04-18,14:58,J0057,Estacion Orbital,Casual,Lienzo,29,3.0,4,4,Derrota,420.0
8523,23-06-26,03:17,J0189,Bosque Umbral,Torneo,Koro,27,9.0,4,1,Victoria,1370.0
3574,2026-04-03,14:46,J0056,Bosque Umbral,Casual,,21,1.0,6,2,Victoria,580.0
4711,2026-04-24,20:51,J0038,Ciudadela,Casual,Vex;Nadia,8,11.0,4,3,Derrota,1170.0
5677,10-05-26,20:14,J0128,Desierto Neon,Casual,,29,10.0,2,3,Derrota,1110.0
6396,2026-05-21,11:40,J0075,Puerto Escarlata,Ranked,Lienzo,35,7.0,4,4,Victoria,1320.0
7529,08/06/2026,14:25,J0064,Bosque Umbral,Ranked,Magnus;Lienzo,41,1.0,7,1,Victoria,510.0
1048,2026-02-11,20:53,J0052,Desierto Neon,Casual,Lienzo;Vex,27,5.0,6,7,,1230.0
2940,2026-03-22,12:34,J0101,Bosque Umbral,Ranked,Tesla;Umbra;Magnus,34,6.0,4,5,Victoria,1270.0
1809,2026-02-27,17:19,J0167,Puerto Escarlata,Casual,Magnus,20,6.0,4,6,Derrota,820.0
3167,26/03/2026,  19:09 ,J0085,Desierto Neon,Ranked,Magnus;Nadia,39,7.0,2,5,Derrota,910.0
415,26/01/2026,19:19,J0069,Puerto Escarlata,Casual,Nadia,25,3.0,4,0,Victoria,720.0
1341,2026-02-17,  01:54 ,J0046,Ciudadela,Torneo,MAGNUS;TESLA,24,5.0,5,1,Derrota,450.0
9442,2026-07-07,20:25,J0007,Canales de Hielo,Casual,Brisa;Lienzo,14,5.0,5,5,Derrota,650.0
7033,2026-05-31,20:03,J0033,Canales de Hielo,Casual,Umbra,28,13.0,4,4,,1920.0
5152,2026-05-01,21:41,J0039,Puerto Escarlata,Casual,Tesla,24,11.0,4,2,Derrota,
4719,2026-04-24,20:55,J0124,Canales de Hielo,Torneo,Lienzo;Tesla,31,4.0,2,5,,
4695,24-04-26,19:18,J0200,Canales de Hielo,Ranked,Magnus;Vex,37,15.0,4,3,Victoria,2070.0
7494,07/06/2026,18:58,J0036,Desierto Neon,Ranked,UMBRA;VEX,29,5.0,3,8,Victoria,1340.0
1470,20/02/2026,21:07,J0028,Canales de Hielo,Casual,Brisa;Nadia;Vex,27,11.0,5,5,Derrota,1250.0
1711,2026-02-25,12:24,J0100,Estacion Orbital,Ranked,Lienzo,28,4.0,5,3,Victoria,950.0
9634,2026-07-10,13:17,J0003,Bosque Umbral,Casual,Brisa,13,6.0,9,4,Victoria,1120.0
9870,13-07-26,04:39,J0033,Ciudadela,Casual,Brisa;Umbra,15,9.0,3,4,Derrota,1040.0
2272,08/03/2026,17:30,J0028,Ciudadela,Ranked,Umbra,45,9.0,3,3,Derrota,990.0
1584,22-02-26,17:51,J0042,Canales de Hielo,Ranked,Lienzo;Koro;Nadia,24,8.0,5,6,Victoria,1500.0
1413,2026-02-19,21:57,J0006,Canales de Hielo,Casual,Tesla;Lienzo,21,16.0,7,3,Derrota,1610.0
4191,2026-04-14,13:50,J0200,Desierto Neon,Casual,Vex,28,14.0,4,4,Victoria,"2020,0 pts"
8815,28-06-26,18:39,J0122,Bosque Umbral,Casual,Nadia;Brisa,19,4.0,7,4,Victoria,960.0
7782,2026-06-12,00:34,J0073,Puerto Escarlata,Casual,Nadia,15,2.0,5,6,Victoria,900.0
6811,2026-05-27,23:57,J0016,Puerto Escarlata,Ranked,Magnus;Nadia,25,5.0,4,1,Derrota,470.0
1723,25/02/2026,03:08,J0005,Ciudadela,Ranked,Koro;Lienzo;Brisa,45,3.0,4,4,Victoria,920.0
2025,2026-03-04,11:19,J0016,Bosque Umbral,Casual,Tesla,16,3.0,2,2,Derrota,360.0
2213,2026-03-07,18:06,J0031,Bosque Umbral,Ranked,Nadia;Vex;Brisa,27,11.0,7,4,Victoria,1660.0
1508,2026-02-21,21:42,J0006,Canales de Hielo,Casual,Lienzo,10,7.0,7,1,Victoria,1110.0
2623,2026-03-15,23:16,J0032,Canales de Hielo,Torneo,Vex;Tesla,26,10.0,9,6,DERROTA,1120.0
5387,2026-05-05,22:12,J0105,Puerto Escarlata,Ranked,Nadia,22,,4,6,Victoria,1720.0
9199,2026-07-04,12:18,J0123,Estacion Orbital,Casual,VEX;UMBRA,32,9.0,4,6,Victoria,1620.0
1322,2026-02-17,22:15,J0113,Canales de Hielo,Casual,Umbra,11,6.0,7,1,Derrota,510.0
843,06-02-26,09:36,J0035,Puerto Escarlata,Ranked,Tesla;Vex,42,,6,2,Victoria,1480.0
1147,2026-02-13,21:15,J0004,Estacion Orbital,Casual,Lienzo,18,7.0,5,2,Victoria,1200.0
3625,04/04/2026,20:04,J0088,Bosque Umbral,Ranked,Koro;Lienzo;Tesla,32,9.0,8,3,Victoria,1390.0
9568,2026-07-09,22:41,J0005,Bosque Umbral,Ranked,  Tesla;Nadia ,22,6.0,5,4,Derrota,700.0
4293,2026-04-17,21:18,J0007,Bosque Umbral,Torneo,Brisa,29,8.0,4,4,Derrota,920.0
9057,2026-07-01,00:44,J0135,Puerto Escarlata,Ranked,Magnus,30,14.0,7,1,Derrota,1310.0
4767,25/04/2026,05:33,J0003,Canales de Hielo,Ranked,  Magnus ,44,7.0,7,5,Derrota,810.0
464,2026-01-27,17:28,J0038,Ciudadela,Casual,Brisa,16,1.0,5,1,Victoria,550.0
1755,2026-02-26,23:41,J0106,Bosque Umbral,Casual,Vex,14,15.0,7,2,Victoria,1960.0
8883,29-06-26,22:28,J0200,Puerto Escarlata,Ranked,Magnus,35,4.0,2,3,Derrota,510.0
4672,23/04/2026,18:47,J0049,Canales de Hielo,Casual,Koro,31,2.0,5,10,  Victoria ,1100.0
9533,2026-07-09,17:15,J0200,Puerto Escarlata,Casual,Magnus,14,8.0,3,6,Derrota,1040.0
4485,2026-04-20,21:52,J0140,Desierto Neon,Casual,Nadia,22,8.0,3,3,Derrota,890.0
7526,2026-06-08,22:55,J0019,Ciudadela,Ranked,Umbra,31,5.0,5,4,Victoria,1100.0
4116,2026-04-13,07:15,J0117,Desierto Neon,Torneo,Nadia;Brisa,32,9.0,4,3,Derrota,970.0
6432,2026-05-21,20:58,J0074,Puerto Escarlata,Casual,VEX,32,4.0,5,4,Victoria,1000.0
379,25/01/2026,20:18,J0084,Canales de Hielo,Casual,Lienzo,24,4.0,11,3,Victoria,830.0
3107,2026-03-25,20:05,J0121,Canales de Hielo,Casual,Umbra,9,3.0,7,5,Victoria,910.0
8281,2026-06-20,13:01,J0104,Puerto Escarlata,Casual,Magnus,24,7.0,0,1,Derrota,750.0
1336,2026-02-17,20:09,J0028,Estacion Orbital,Ranked,Nadia;Koro,34,7.0,6,3,,1230.0
1224,2026-02-15,19:08,J0003,Puerto Escarlata,Ranked,Lienzo;Brisa,37,5.0,3,4,Derrota,640.0
8705,27-06-26,16:05,J0025,Ciudadela,Casual,Koro,23,3.0,2,6,Derrota,560.0
2717,17/03/2026,07:58,J0030,Ciudadela,Casual,Koro;Umbra;Lienzo,12,6.0,6,4,Victoria,1180.0
5363,05-05-26,21:10,J0015,Bosque Umbral,Ranked,Nadia;Brisa,42,11.0,3,5,Victoria,1790.0
2953,2026-03-22,06:59,J0060,Desierto Neon,Casual,Magnus,14,4.0,5,2,Derrota,400.0
1351,2026-02-18,20:42,J0022,Estacion Orbital,Ranked,Magnus,43,6.0,2,3,Victoria,1210.0
1083,11-02-26,07:03,J0003,Estacion Orbital,Ranked,,42,3.0,2,2,Derrota,360.0
9029,2026-07-01,00:04,J0200,Ciudadela,Casual,Lienzo,14,10.0,6,5,Victoria,1630.0
5522,2026-05-08,19:13,J0200,Estacion Orbital,Ranked,Vex,26,8.0,6,4,Victoria,1380.0
9684,11/07/2026,00:29,J0112,Desierto Neon,Ranked,Magnus,33,4.0,1,3,Victoria,1030.0
1812,2026-02-27,10:30,J0039,Desierto Neon,Casual,Vex,20,12.0,8,3,Derrota,"1190,0 pts"
4943,2026-04-28,20:11,J0095,Canales de Hielo,Ranked,Koro;Vex,31,14.0,8,6,Victoria,2040.0
1352,2026-02-18,18:21,J0114,Estacion Orbital,Ranked,Nadia,33,3.0,2,9,Victoria,1210.0
7631,2026-06-09,11:30,J0104,Puerto Escarlata,Casual,Lienzo,19,8.0,7,3,Victoria,1310.0
8921,2026-06-29,16:45,J0200,Desierto Neon,Ranked,Lienzo;Nadia,26,4.0,6,8,  Derrota ,680.0
1895,2026-03-01,15:18,J0158,Desierto Neon,Ranked,Magnus;Nadia;Tesla,22,10.0,4,4,Derrota,1120.0
6757,2026-05-26,07:15,J0032,Canales de Hielo,Ranked,Brisa;Umbra;Nadia,44,,5,3,Victoria,1250.0
566,2026-01-30,17:41,J0049,Canales de Hielo,Casual,Koro,17,3.0,4,7,Victoria,1070.0
4477,2026-04-20,23:09,J0008,Desierto Neon,Ranked,Tesla,31,,4,3,Derrota,"270,0 pts"
5771,11-05-26,01:50,J0030,Canales de Hielo,Casual,Umbra,28,8.0,3,4,Victoria,1440.0
3674,2026-04-05,03:39,J0063,Puerto Escarlata,Casual,Tesla;Umbra,16,10.0,6,3,Victoria,1530.0
6572,23-05-26,18:05,J0063,Ciudadela,Ranked,Magnus;Vex;Brisa,44,8.0,2,8,Derrota,1160.0
9281,05-07-26,13:52,J0025,Desierto Neon,Ranked,Vex;Koro,32,9.0,4,2,Victoria,1420.0
1213,14/02/2026,12:49,J0025,Canales de Hielo,Casual,Brisa;Koro;Magnus,14,5.0,3,5,derrota,690.0
1190,14-02-26,09:29,J0195,Estacion Orbital,Ranked,Umbra,39,9.0,4,1,Victoria,1370.0
9111,2026-07-03,20:39,J0018,Canales de Hielo,Ranked,Koro;Vex,32,6.0,5,3,Victoria,"1150,0 pts"
899,07-02-26,18:42,J0012,Ciudadela,Casual,Tesla;Brisa;Koro,17,4.0,6,2,DERROTA,380.0
4787,2026-04-25,21:44,J0195,Canales de Hielo,Ranked,Tesla,43,6.0,4,4,DERROTA,720.0
7496,2026-06-07,12:48,J0016,Puerto Escarlata,Ranked,Lienzo,44,,6,2,Victoria,980.0
4688,2026-04-24,13:57,J0111,Ciudadela,Ranked,,27,2.0,3,4,Derrota,340.0
8966,2026-06-30,19:50,J0045,Bosque Umbral,Ranked,Umbra,43,4.0,2,3,Derrota,510.0
3455,2026-03-31,19:13,J0021,Puerto Escarlata,Casual,Vex,16,12.0,4,1,Victoria,1670.0
3610,2026-04-04,18:30,J0032,Ciudadela,Ranked,Tesla;Vex,39,8.0,4,4,,1420.0
5376,2026-05-05,07:10,J0057,Ciudadela,Ranked,Lienzo,26,7.0,3,5,Derrota,890.0
8834,28/06/2026,21:19,J0037,Canales de Hielo,Torneo,Umbra,14,3.0,3,7,Derrota,590.0
9751,2026-07-12,19:42,J0088,Canales de Hielo,Casual,,10,7.0,7,2,Victoria,1160.0
8295,2026-06-20,14:50,J0027,Ciudadela,Torneo,Magnus,20,7.0,2,4,Victoria,1360.0
5903,2026-05-13,20:15,J0048,Estacion Orbital,Ranked,Nadia,42,,2,7,Derrota,510.0
5820,2026-05-12,16:14,J0039,Ciudadela,Ranked,Vex,30,10.0,7,3,,1510.0
4085,2026-04-12,17:24,J0038,Ciudadela,Casual,Koro,31,3.0,10,8,,500.0
2333,2026-03-10,19:21,J0017,Puerto Escarlata,Torneo,Umbra;Tesla,29,6.0,6,1,Derrota,530.0
6129,2026-05-17,03:04,J0027,Ciudadela,Ranked,Vex,24,11.0,6,5,Derrota,1230.0
2263,2026-03-08,  17:38 ,J0200,Puerto Escarlata,Casual,Koro,13,9.0,11,3,Victoria,1330.0
6897,2026-05-29,07:39,J0008,Desierto Neon,Casual,Umbra;Nadia,21,3.0,6,6,Derrota,480.0
5883,2026-05-13,21:11,J0027,Ciudadela,Casual,Brisa,24,2.0,7,3,Victoria,710.0
2596,15-03-26,12:08,J0133,Ciudadela,Ranked,Magnus,43,3.0,3,6,Derrota,540.0
7326,2026-06-05,  18:31 ,J0046,Estacion Orbital,Torneo,Tesla,11,2.0,6,5,DERROTA,330.0
3594,04/04/2026,22:43,J0087,Estacion Orbital,Casual,Koro,14,6.0,6,5,Victoria,1230.0
5310,04-05-26,20:32,J0200,Desierto Neon,Ranked,Magnus,45,7.0,8,1,Derrota,590.0
1031,2026-02-10,19:54,J0055,Bosque Umbral,Ranked,Koro;Nadia,27,1.0,4,3,Victoria,670.0
4723,24-04-26,18:54,J0177,Canales de Hielo,Ranked,Magnus;Vex,34,10.0,4,2,Victoria,1520.0
7225,2026-06-03,16:13,J0029,Estacion Orbital,Casual,Magnus,22,1.0,9,5,Victoria,670.0
3775,2026-04-07,17:36,J0200,Estacion Orbital,Casual,Magnus;Umbra,25,8.0,8,4,Victoria,1340.0
7701,11-06-26,  18:55 ,J0014,Canales de Hielo,Torneo,Brisa;Lienzo,26,4.0,7,2,Derrota,360.0
7455,2026-06-06,09:39,J0026,Canales de Hielo,Casual,Vex,26,4.0,7,4,Victoria,960.0
5834,12-05-26,21:17,J0052,Estacion Orbital,Casual,Vex;Koro,9,9.0,4,7,Derrota,1170.0
5475,07-05-26,17:45,J0200,Desierto Neon,Ranked,Umbra,33,6.0,5,6,Derrota,800.0
6858,2026-05-28,23:23,J0066,Ciudadela,Casual,Vex;Brisa,26,8.0,2,4,Derrota,960.0
1756,26-02-26,19:44,J0030,Bosque Umbral,Casual,Brisa,30,4.0,5,4,Victoria,1000.0
6174,2026-05-18,17:08,J0079,Canales de Hielo,Ranked,Nadia,45,5.0,8,5,Victoria,1090.0
8586,2026-06-25,07:02,J0200,Desierto Neon,Ranked,Brisa;Vex,36,12.0,6,4,Derrota,1280.0
4801,2026-04-25,16:13,J0077,Ciudadela,Ranked,Tesla,25,5.0,5,5,Derrota,650.0
232,2026-01-22,22:59,J0027,Bosque Umbral,Casual,Nadia,16,4.0,4,2,Victoria,920.0
8091,17/06/2026,07:04,J0001,Estacion Orbital,Casual,Nadia,30,4.0,4,6,,1120.0
111,2026-01-18,01:08,J0034,Ciudadela,Torneo,Umbra,16,9.0,5,3,Derrota,950.0
7353,2026-06-05,18:34,J0054,Bosque Umbral,Casual,Tesla,8,6.0,4,5,Victoria,1270.0
6826,2026-05-28,04:25,J0200,Estacion Orbital,Casual,Lienzo;Umbra;Brisa,32,11.0,6,3,Victoria,1630.0
2515,14/03/2026,21:42,J0200,Ciudadela,Ranked,Umbra;Brisa;Koro,25,3.0,8,5,Victoria,890.0
6066,2026-05-16,20:03,J0008,Canales de Hielo,Casual,Umbra,31,5.0,3,5,Victoria,1190.0
4360,2026-04-18,14:32,J0200,Bosque Umbral,Ranked,Magnus;Umbra,34,8.0,3,6,Victoria,1540.0
8786,27-06-26,15:20,J0129,Bosque Umbral,Ranked,Lienzo,41,8.0,4,6,Victoria,1520.0
2918,21-03-26,18:29,J0038,Bosque Umbral,Casual,Koro,28,5.0,6,4,Derrota,580.0
8728,2026-06-27,01:41,J0010,Canales de Hielo,Ranked,Umbra,26,7.0,6,5,Victoria,1330.0
2993,2026-03-22,12:19,J0085,Desierto Neon,Casual,NADIA,20,7.0,5,1,Derrota,650.0
2318,09/03/2026,18:38,J0077,Canales de Hielo,Casual,,24,3.0,6,2,,280.0
6081,2026-05-16,08:57,J0041,Bosque Umbral,Casual,Vex;Nadia;Brisa,30,3.0,10,6,Victoria,900.0
4373,2026-04-18,08:20,J0036,Estacion Orbital,Ranked,Magnus;Umbra;Tesla,26,5.0,4,3,Victoria,1070.0
8402,2026-06-22,14:35,J0055,Estacion Orbital,Casual,Tesla;Vex,27,3.0,5,3,Victoria,850.0
1516,2026-02-21,19:34,J0084,Puerto Escarlata,Ranked,,29,12.0,3,2,Victoria,1740.0
217,21-01-26,  20:40 ,J0131,Puerto Escarlata,Casual,Koro;Magnus,29,7.0,4,4,Derrota,"820,0 pts"
9284,05-07-26,14:02,J0081,Bosque Umbral,Casual,Tesla,27,4.0,7,3,Derrota,410.0
9132,03/07/2026,23:01,J0001,Ciudadela,Casual,Vex,25,11.0,3,3,Victoria,1690.0
8483,23/06/2026,07:03,J0114,Ciudadela,Casual,Umbra;Brisa,31,2.0,3,2,Derrota,240.0
2264,2026-03-08,12:14,J0022,Desierto Neon,Ranked,Tesla;Vex,30,7.0,7,4,Derrota,760.0
5423,06/05/2026,01:20,J0001,Ciudadela,Casual,Umbra;Magnus,27,4.0,1,1,Victoria,930.0
8452,2026-06-22,18:48,J0048,Estacion Orbital,Casual,,24,5.0,8,4,Derrota,540.0
8565,2026-06-24,13:01,J0200,Ciudadela,Ranked,Vex,31,10.0,4,4,Derrota,1120.0
6119,2026-05-17,09:30,J0001,Puerto Escarlata,Casual,Brisa,12,8.0,2,5,Victoria,1510.0
894,07/02/2026,18:46,J0038,Estacion Orbital,Ranked,Tesla,23,3.0,0,3,Derrota,450.0
1491,2026-02-21,16:29,J0089,Desierto Neon,Ranked,Lienzo,41,6.0,2,3,Derrota,710.0
3004,2026-03-23,18:00,J0034,Estacion Orbital,Ranked,Lienzo,25,11.0,1,7,Victoria,1930.0
1851,2026-02-28,23:42,J0030,Puerto Escarlata,Ranked,Magnus,22,6.0,3,5,Derrota,790.0
5293,2026-05-03,20:55,J0053,Desierto Neon,Casual,Umbra;Tesla,15,3.0,2,2,Derrota,360.0
7502,2026-06-07,20:08,J0050,Ciudadela,Ranked,Umbra,29,2.0,8,2,Derrota,140.0
325,24/01/2026,23:39,J0017,Bosque Umbral,Torneo,Vex,16,9.0,4,6,victoria,1620.0
1216,2026-02-14,22:33,J0004,Ciudadela,Casual,Tesla,23,4.0,0,5,Victoria,1150.0
2900,21-03-26,20:36,J0020,Bosque Umbral,Ranked,Magnus,27,8.0,4,5,Victoria,1470.0
2934,22-03-26,12:10,J0039,Desierto Neon,Ranked,Koro;Brisa;Umbra,28,10.0,1,7,derrota,1330.0
3659,2026-04-05,18:31,J0026,Ciudadela,Ranked,Umbra,41,2.0,2,2,Victoria,760.0
8210,2026-06-19,05:50,J0021,Ciudadela,Ranked,Vex,26,4.0,3,3,Derrota,490.0
6791,2026-05-27,23:50,J0010,Bosque Umbral,Casual,Koro,26,4.0,5,4,Derrota,500.0
6410,2026-05-21,19:07,J0016,Estacion Orbital,Ranked,Tesla,40,4.0,6,3,Victoria,930.0
8655,26-06-26,12:24,J0076,Desierto Neon,Ranked,Lienzo;Umbra;Nadia,36,7.0,5,4,Derrota,800.0
7820,2026-06-13,13:17,J0003,Ciudadela,Casual,Vex;Magnus,15,1.0,5,7,Derrota,350.0
9798,12/07/2026,17:25,J0155,Ciudadela,Casual,Nadia,23,3.0,4,1,derrota,270.0
1130,12-02-26,19:58,J0055,Canales de Hielo,Ranked,Nadia,35,1.0,6,3,Derrota,130.0
5280,2026-05-03,12:45,J0041,Desierto Neon,Casual,Lienzo,24,2.0,8,6,Victoria,840.0
2919,21-03-26,15:54,J0016,Puerto Escarlata,Casual,,11,4.0,7,3,Victoria,910.0
4054,2026-04-12,00:58,J0011,Bosque Umbral,Casual,TESLA,12,7.0,4,7,Derrota,970.0
8082,2026-06-17,17:04,J0200,Puerto Escarlata,Ranked,Nadia,29,7.0,2,6,Derrota,960.0
3466,2026-03-31,23:13,J0011,Ciudadela,Ranked,Koro;Umbra,29,5.0,4,3,DERROTA,570.0
6626,24-05-26,17:45,J0034,Desierto Neon,Casual,Umbra,26,4.0,2,1,Derrota,410.0
5013,29-04-26,20:54,J0011,Ciudadela,Casual,Vex;Nadia,26,8.0,6,4,,1380.0
209,2026-01-21,16:26,J0052,Puerto Escarlata,Casual,Vex,31,5.0,8,5,Victoria,1090.0
3255,2026-03-28,23:47,J0005,Canales de Hielo,Ranked,Tesla,24,11.0,3,2,Derrota,1140.0
2796,2026-03-19,07:21,J0118,Estacion Orbital,Casual,Brisa;Magnus,10,8.0,4,6,Derrota,1020.0
5584,09/05/2026,17:04,J0055,Canales de Hielo,Casual,Koro;Lienzo;Tesla,18,4.0,8,4,Derrota,440.0
5959,2026-05-14,17:08,J0007,Ciudadela,Casual,  Magnus ,17,2.0,7,2,Victoria,660.0
799,2026-02-05,17:29,J0028,Estacion Orbital,Casual,Magnus;Nadia;Umbra,22,3.0,4,5,derrota,470.0
9176,2026-07-04,18:00,J0014,Estacion Orbital,Torneo,vex,16,10.0,9,3,Victoria,1470.0
735,03-02-26,19:50,J0043,Estacion Orbital,Casual,Brisa,11,5.0,4,7,Victoria,1270.0
2245,2026-03-08,09:52,J0009,Desierto Neon,Ranked,Nadia;Brisa;Magnus,39,2.0,5,7,Victoria,950.0
179,2026-01-20,22:08,J0053,Estacion Orbital,Casual,Tesla,27,4.0,4,3,Victoria,970.0
7591,2026-06-09,19:12,J0051,Puerto Escarlata,Casual,Koro;Umbra,12,,5,3,Victoria,1150.0
7132,01-06-26,19:56,J0048,Bosque Umbral,Casual,Lienzo,17,6.0,2,8,Derrota,960.0
1175,2026-02-14,20:40,J0113,Bosque Umbral,Casual,Brisa;Magnus,9,2.0,7,4,Derrota,260.0
5020,2026-04-29,22:22,J0010,Puerto Escarlata,Ranked,Brisa,39,9.0,5,2,Derrota,
6760,2026-05-26,19:42,J0066,Bosque Umbral,Ranked,Koro;Brisa,32,12.0,6,6,Derrota,1380.0
5951,14-05-26,19:07,J0056,Desierto Neon,Casual,Nadia;Magnus,21,6.0,3,6,Victoria,1340.0
1832,28-02-26,06:27,J0154,Puerto Escarlata,Ranked,Koro;Vex,42,,5,5,Victoria,85000.0
9661,2026-07-11,20:11,J0067,Desierto Neon,Ranked,Umbra,35,2.0,5,5,Derrota,350.0
9061,2026-07-01,20:03,J0069,Bosque Umbral,Ranked,Umbra,25,3.0,2,2,Derrota,"360,0 pts"
8031,2026-06-16,  20:10 ,J0121,Puerto Escarlata,Ranked,Umbra,24,3.0,4,2,Victoria,820.0
7769,12/06/2026,09:19,J0044,Desierto Neon,Torneo,Vex,31,11.0,5,2,Victoria,1600.0
7394,06-06-26,20:00,J0037,Estacion Orbital,Ranked,Tesla;Umbra,29,4.0,3,3,Victoria,990.0
8168,2026-06-18,08:54,J0092,Canales de Hielo,Casual,Vex;Magnus,30,10.0,5,7,Victoria,1750.0
199,2026-01-21,20:30,J0019,Estacion Orbital,Ranked,Magnus;Nadia,34,2.0,4,1,Derrota,170.0
8063,16/06/2026,18:05,J0135,Canales de Hielo,Ranked,Magnus,34,8.0,4,1,Derrota,770.0
5791,2026-05-11,20:17,J0018,Bosque Umbral,Casual,Vex,15,10.0,5,5,Victoria,1650.0
9355,06/07/2026,05:15,J0010,Ciudadela,Ranked,Nadia,40,7.0,5,2,,1200.0
1098,11/02/2026,21:31,J0027,Puerto Escarlata,Ranked,Vex;Umbra,36,9.0,5,7,Victoria,1650.0
549,2026-01-29,20:00,J0079,Estacion Orbital,Casual,Brisa,14,7.0,3,5,Victoria,1390.0
7031,2026-05-31,17:25,J0042,Ciudadela,Casual,Vex,24,8.0,6,10,Victoria,"1680,0 pts"
4899,27-04-26,22:12,J0080,Estacion Orbital,Ranked,Tesla,42,7.0,3,3,Victoria,1290.0
5130,2026-05-01,12:21,J0045,Desierto Neon,Casual,Koro,12,6.0,8,4,Derrota,640.0
6425,21-05-26,21:33,J0076,Desierto Neon,Torneo,Magnus,24,5.0,5,7,Derrota,750.0
4475,2026-04-20,22:22,J0162,Estacion Orbital,Casual,Vex,24,10.0,5,1,Derrota,950.0
3370,30-03-26,15:29,J0106,Ciudadela,Ranked,Koro;Umbra,30,5.0,3,2,Derrota,540.0
4906,27-04-26,06:02,J0070,Desierto Neon,Casual,Nadia,15,1.0,6,7,Derrota,330.0
2533,2026-03-14,19:22,J0129,Desierto Neon,Ranked,  Vex ,44,9.0,10,7,Victoria,1550.0
1635,2026-02-23,18:34,J0003,Bosque Umbral,Ranked,Vex;Koro,44,7.0,5,4,Victoria,1300.0
2315,2026-03-09,20:50,J0064,Canales de Hielo,Ranked,Magnus;Umbra,26,3.0,2,8,Victoria,1160.0
8248,2026-06-20,22:06,J0001,Desierto Neon,Ranked,Vex,34,9.0,2,5,Victoria,1610.0
7007,31-05-26,19:33,J0014,Puerto Escarlata,Ranked,Tesla,36,6.0,6,5,Victoria,1230.0
7284,04-06-26,18:30,J0073,Ciudadela,Casual,Magnus;Nadia;Koro,19,4.0,5,2,Derrota,400.0
2816,2026-03-20,21:13,J0006,Ciudadela,Casual,Magnus,29,6.0,4,5,Derrota,770.0
3438,2026-03-31,19:54,J0001,Canales de Hielo,Ranked,Nadia;Umbra,23,5.0,1,7,Derrota,830.0
4032,2026-04-11,21:51,J0042,Desierto Neon,Casual,Brisa;Lienzo,24,5.0,2,4,Derrota,660.0
5876,13-05-26,16:25,J0086,Desierto Neon,Ranked,Magnus;Nadia;Umbra,45,3.0,4,4,Derrota,420.0
67,17/01/2026,21:47,J0186,Puerto Escarlata,Ranked,Umbra;Magnus,36,7.0,10,6,Victoria,1300.0
8000,15/06/2026,02:59,J0149,Bosque Umbral,Ranked,Koro,45,5.0,4,3,Derrota,570.0
617,2026-01-31,18:46,J0091,Puerto Escarlata,Casual,  Lienzo;Tesla ,16,9.0,5,3,Derrota,950.0
1119,12/02/2026,20:31,J0069,Desierto Neon,Casual,Brisa,24,2.0,8,1,Derrota,90.0
3261,2026-03-28,21:31,J0031,Bosque Umbral,Casual,Lienzo,15,5.0,5,8,Derrota,800.0
3402,30-03-26,16:41,J0200,Canales de Hielo,Casual,Magnus;Lienzo,25,,5,6,Derrota,800.0
3693,2026-04-05,10:00,J0001,Ciudadela,Ranked,Koro;Magnus;Vex,37,7.0,3,6,  Victoria ,1440.0
938,08/02/2026,14:44,J0172,Canales de Hielo,Casual,Vex;Brisa;Nadia,10,10.0,2,3,Victoria,
6721,2026-05-25,11:59,J0006,Desierto Neon,Ranked,Magnus,40,7.0,3,4,Derrota,840.0
2573,2026-03-15,17:04,J0120,Estacion Orbital,Ranked,Nadia;Brisa,22,4.0,5,6,,600.0
5793,2026-05-11,22:04,J0009,Bosque Umbral,Casual,Magnus;Koro,27,3.0,4,3,Victoria,870.0
6436,2026-05-22,11:40,J0005,Puerto Escarlata,Ranked,Tesla;Vex,32,6.0,4,1,Derrota,570.0
623,2026-01-31,21:22,J0019,Canales de Hielo,Casual,Koro,10,,5,4,Derrota,400.0
1682,24/02/2026,22:46,J0003,Canales de Hielo,Ranked,Lienzo;Brisa;Tesla,30,6.0,10,6,Derrota,700.0
2127,2026-03-06,18:01,J0105,Bosque Umbral,Ranked,,30,4.0,5,9,Victoria,1250.0
788,2026-02-04,07:12,J0012,Estacion Orbital,Casual,Umbra,13,4.0,2,4,Derrota,560.0
3333,2026-03-29,20:29,J0050,Ciudadela,Ranked,Umbra,29,2.0,6,3,Derrota,230.0
5115,2026-05-01,10:28,J0017,Puerto Escarlata,Torneo,Koro,21,4.0,7,3,Derrota,410.0
1093,2026-02-11,18:24,J0013,Bosque Umbral,Ranked,Koro,42,6.0,7,9,Victoria,1410.0
3892,2026-04-09,00:11,J0019,Estacion Orbital,Casual,BRISA,24,7.0,6,5,Victoria,1330.0
4394,18/04/2026,20:14,J0055,Ciudadela,Casual,  Lienzo ,22,5.0,6,0,Derrota,"380,0 pts"
8615,2026-06-25,21:41,J0032,Estacion Orbital,Casual,Lienzo;Vex,24,7.0,5,2,Derrota,700.0
8277,2026-06-20,19:34,J0030,Ciudadela,Casual,Lienzo,27,7.0,4,4,Victoria,1320.0
8591,2026-06-25,10:34,J0009,Canales de Hielo,Ranked,Tesla;Koro,38,4.0,7,2,Victoria,86000.0
3281,2026-03-28,23:46,J0145,Ciudadela,Casual,Koro;Lienzo,17,4.0,5,5,Derrota,550.0
4819,2026-04-25,21:33,J0154,Estacion Orbital,Casual,Brisa,29,9.0,5,2,Victoria,1400.0
2202,2026-03-07,13:30,J0049,Bosque Umbral,Ranked,nadia,43,2.0,6,4,Derrota,280.0
1161,2026-02-13,10:32,J0011,Canales de Hielo,Ranked,Tesla,35,2.0,6,4,Derrota,280.0
6965,30/05/2026,20:52,J0174,Puerto Escarlata,Torneo,Magnus;Brisa,17,6.0,2,4,Derrota,760.0
3593,04/04/2026,17:31,J0200,Canales de Hielo,Ranked,Koro;Vex,29,13.0,5,6,Victoria,2000.0
6837,2026-05-28,15:22,J0027,Canales de Hielo,Casual,Tesla;Koro,25,,4,2,Derrota,420.0
9765,2026-07-12,15:54,J0086,Bosque Umbral,Ranked,Tesla,35,1.0,6,4,Derrota,180.0
6359,2026-05-21,14:27,J0012,Ciudadela,Ranked,Magnus;Vex;Nadia,44,8.0,3,3,Derrota,890.0
4424,2026-04-19,18:32,J0112,Canales de Hielo,Ranked,Tesla;Magnus;Vex,25,8.0,2,1,Victoria,1310.0
479,2026-01-27,19:57,J0020,Bosque Umbral,Casual,Magnus,27,4.0,5,6,Derrota,
1353,2026-02-18,16:58,J0038,Ciudadela,Casual,Umbra,28,2.0,3,7,Derrota,"490,0 pts"
6488,22/05/2026,12:33,J0059,Estacion Orbital,Casual,Brisa;Koro,17,2.0,5,2,Victoria,700.0
5799,2026-05-12,19:07,J0074,Desierto Neon,Ranked,Umbra,35,6.0,4,4,Derrota,720.0
2648,16-03-26,20:18,J0048,Puerto Escarlata,Casual,Vex,23,5.0,6,7,Derrota,730.0
8526,2026-06-23,14:30,J0012,Estacion Orbital,Ranked,BRISA,31,7.0,6,3,Victoria,1230.0
4292,17/04/2026,20:13,J0010,Canales de Hielo,Casual,Brisa,8,5.0,4,4,Derrota,620.0
6391,2026-05-21,19:50,J0080,Ciudadela,Casual,Brisa,13,8.0,2,3,Derrota,910.0
5216,2026-05-02,18:31,J0125,Desierto Neon,Casual,Lienzo,26,4.0,5,2,Derrota,400.0
2590,15/03/2026,21:58,J0011,Desierto Neon,Torneo,Vex;Nadia,20,5.0,6,4,Victoria,1080.0
1034,10/02/2026,20:40,J0068,Canales de Hielo,Casual,Umbra;Nadia;Tesla,10,7.0,1,3,Derrota,830.0
4772,2026-04-25,08:36,J0124,Estacion Orbital,Ranked,Brisa;Tesla,41,4.0,4,4,Derrota,520.0
5101,2026-04-30,17:52,J0018,Bosque Umbral,Ranked,Koro,42,1.0,3,3,Victoria,690.0
2599,2026-03-15,02:02,J0001,Desierto Neon,Ranked,,41,6.0,4,3,Victoria,1170.0
4225,15-04-26,20:19,J0200,Bosque Umbral,Ranked,Koro,22,6.0,5,7,Derrota,850.0
4694,2026-04-24,19:28,J0058,Ciudadela,Torneo,Magnus,21,11.0,8,8,Derrota,1340.0
8536,2026-06-24,  17:50 ,J0079,Bosque Umbral,Ranked,Umbra,41,5.0,7,3,Victoria,1010.0
4535,2026-04-21,19:29,J0050,Puerto Escarlata,Ranked,Magnus,39,2.0,4,9,Victoria,"1070,0 pts"
7579,09/06/2026,23:49,J0036,Estacion Orbital,Ranked,Tesla;Vex,26,6.0,7,1,Derrota,510.0
4908,2026-04-27,04:49,J0037,Puerto Escarlata,Ranked,Koro;Magnus,34,4.0,3,2,Victoria,940.0
5682,2026-05-10,17:58,J0102,Puerto Escarlata,Casual,Umbra,17,4.0,4,1,Victoria,870.0
3718,2026-04-06,19:33,J0035,Desierto Neon,Ranked,Umbra;Lienzo,22,5.0,1,8,Derrota,880.0
4630,2026-04-23,23:51,J0072,Puerto Escarlata,Torneo,Magnus;Lienzo,11,4.0,2,3,Derrota,510.0
3965,2026-04-10,11:05,J0200,Bosque Umbral,Ranked,Umbra,32,8.0,8,4,Victoria,1340.0
4082,2026-04-12,08:20,J0064,Desierto Neon,Ranked,Koro;Brisa,42,3.0,6,7,Victoria,"1030,0 pts"
3618,2026-04-04,20:12,J0054,Canales de Hielo,Casual,Koro;Brisa;Magnus,15,5.0,6,7,Victoria,1230.0
1426,2026-02-19,22:35,J0128,Puerto Escarlata,Casual,Koro,23,6.0,1,5,Derrota,830.0
5565,2026-05-08,21:21,J0017,Desierto Neon,Ranked,Koro,40,6.0,5,4,derrota,700.0
2920,21-03-26,16:12,J0032,Ciudadela,Casual,Umbra,30,8.0,5,4,Derrota,900.0
3820,2026-04-08,13:52,J0102,Estacion Orbital,Ranked,Vex,23,4.0,5,5,Victoria,1050.0
1872,2026-02-28,18:44,J0064,Puerto Escarlata,Casual,Magnus,15,5.0,5,6,VICTORIA,1200.0
6578,2026-05-23,01:40,J0028,Bosque Umbral,Ranked,Lienzo,28,5.0,4,2,Victoria,1020.0
481,2026-01-27,06:12,J0028,Ciudadela,Ranked,Tesla,33,3.0,1,2,Derrota,380.0
4000,2026-04-11,21:38,J0030,Desierto Neon,Ranked,Magnus,33,9.0,5,3,Victoria,1450.0
5029,2026-04-29,09:13,J0048,Canales de Hielo,Ranked,Umbra;Magnus,27,7.0,5,4,Derrota,800.0
9674,2026-07-11,11:27,J0027,Desierto Neon,Ranked,Nadia,38,,2,6,Victoria,1160.0
2889,2026-03-21,14:50,J0078,Desierto Neon,Casual,Magnus;Brisa,26,7.0,5,3,Victoria,1250.0
6804,2026-05-27,11:29,J0123,Canales de Hielo,Casual,koro,26,6.0,2,2,Derrota,660.0
6427,2026-05-21,13:48,J0013,Canales de Hielo,Ranked,  Magnus;Koro ,23,5.0,6,4,Victoria,1080.0
528,29/01/2026,16:29,J0044,Desierto Neon,Casual,Brisa,22,10.0,9,8,Derrota,
8527,2026-06-23,21:04,J0008,Puerto Escarlata,Casual,Vex,17,8.0,11,4,Derrota,780.0
723,2026-02-03,22:37,J0040,Canales de Hielo,Ranked,Umbra,38,3.0,3,5,Derrota,490.0
5212,2026-05-02,16:43,J0052,Canales de Hielo,Ranked,Lienzo;Brisa;Koro,36,2.0,3,5,Derrota,390.0
4808,2026-04-25,10:45,J0054,Bosque Umbral,Casual,Brisa,13,7.0,4,7,Victoria,1470.0
221,22/01/2026,20:15,J0043,Canales de Hielo,Ranked,Umbra,36,4.0,4,8,Victoria,1220.0
9259,2026-07-05,20:45,J0027,Bosque Umbral,Ranked,Brisa,40,10.0,3,1,Victoria,1490.0
1936,2026-03-01,08:13,J0152,Puerto Escarlata,Casual,Tesla,24,2.0,4,0,Derrota,120.0
345,25-01-26,21:30,J0023,Desierto Neon,Ranked,Tesla;Vex,37,10.0,6,1,,1430.0
8398,21/06/2026,18:28,J0005,Estacion Orbital,Ranked,Magnus;Brisa,45,9.0,4,4,Derrota,1020.0
5899,2026-05-13,05:28,J0111,Desierto Neon,Casual,Nadia;Koro,24,4.0,4,4,Derrota,520.0
4157,14/04/2026,16:03,J0122,Puerto Escarlata,Torneo,Vex,25,11.0,3,3,Derrota,1190.0
4336,18-04-26,00:26,J0085,Estacion Orbital,Ranked,Koro,41,4.0,4,3,Victoria,970.0
4017,11/04/2026,22:19,J0073,Ciudadela,Ranked,Magnus;Lienzo;Tesla,44,2.0,10,2,,100.0
5291,2026-05-03,20:21,J0078,Ciudadela,Torneo,Koro,30,4.0,3,1,Victoria,890.0
6030,2026-05-16,17:57,J0035,Ciudadela,Torneo,Brisa,10,17.0,3,7,Derrota,1990.0
6244,19-05-26,17:50,J0200,Ciudadela,Ranked,Vex;Koro;Lienzo,35,9.0,5,2,Victoria,1400.0
9225,2026-07-04,22:28,J0004,Ciudadela,Casual,,31,2.0,7,4,Derrota,260.0
6065,2026-05-16,  22:04 ,J0042,Bosque Umbral,Casual,Tesla,15,3.0,8,4,derrota,340.0
7158,2026-06-02,20:53,J0100,Canales de Hielo,Casual,Vex;Brisa,17,12.0,6,3,Victoria,1730.0
6161,2026-05-17,14:18,J0014,Bosque Umbral,Casual,Umbra,17,4.0,6,4,Derrota,480.0
2392,11-03-26,20:14,J0033,Bosque Umbral,Ranked,Brisa,43,4.0,10,7,Victoria,1050.0
7307,2026-06-04,07:37,J0161,Puerto Escarlata,Ranked,Tesla,27,10.0,3,3,,1590.0
6170,2026-05-18,22:57,J0096,Canales de Hielo,Casual,Vex;Lienzo,31,5.0,7,5,,1110.0
7525,2026-06-08,20:40,J0049,Desierto Neon,Casual,Lienzo,27,2.0,3,6,Derrota,440.0
4316,17-04-26,09:52,J0064,Canales de Hielo,Ranked,Umbra;Nadia,35,6.0,3,1,Derrota,590.0
9166,03/07/2026,20:08,J0165,Ciudadela,Ranked,Umbra,28,3.0,6,5,Derrota,430.0
6712,2026-05-25,20:54,J0066,Canales de Hielo,Casual,koro;tesla,16,8.0,5,4,Victoria,1400.0
2882,2026-03-21,15:47,J0117,Ciudadela,Casual,Tesla,32,6.0,6,5,Victoria,1230.0
1678,2026-02-24,14:04,J0018,Estacion Orbital,Torneo,Vex,17,3.0,3,2,VICTORIA,840.0
4386,18/04/2026,11:13,J0028,Desierto Neon,Ranked,Magnus;Lienzo,36,4.0,5,4,Victoria,1000.0
902,2026-02-07,01:09,J0200,Ciudadela,Casual,Vex,12,13.0,4,3,Victoria,1870.0
7256,2026-06-03,  11:30 ,J0072,Bosque Umbral,Ranked,Brisa;Magnus,45,,4,2,Victoria,820.0
2297,2026-03-09,19:26,J0045,Canales de Hielo,Casual,Koro;Tesla,13,2.0,9,4,,720.0
6349,2026-05-21,10:10,J0011,Canales de Hielo,Casual,Magnus,30,4.0,4,3,Derrota,470.0
4281,16-04-26,20:57,J0200,Canales de Hielo,Ranked,Umbra;Koro;Brisa,30,8.0,4,7,Derrota,1070.0
297,24-01-26,07:54,J0026,Puerto Escarlata,Ranked,Magnus;Umbra,27,6.0,4,7,Victoria,1370.0
8847,2026-06-28,14:33,J0052,Canales de Hielo,Casual,Umbra,30,8.0,6,5,Derrota,930.0
9462,08/07/2026,14:54,J0038,Bosque Umbral,Casual,Umbra;Lienzo;Tesla,9,7.0,8,2,  Derrota ,640.0
28,16-01-26,17:18,J0043,Bosque Umbral,Casual,Lienzo;Brisa,30,5.0,7,7,Victoria,1210.0
8709,27/06/2026,15:19,J0080,Desierto Neon,Ranked,Brisa;Magnus,36,5.0,6,3,,530.0
9540,2026-07-09,02:06,J0025,Canales de Hielo,Ranked,Magnus;Brisa,30,3.0,5,7,Derrota,550.0
7066,2026-05-31,15:07,J0043,Ciudadela,Casual,Tesla,18,4.0,1,7,Victoria,1230.0
7087,2026-06-01,19:24,J0020,Puerto Escarlata,Casual,Lienzo;Magnus;Brisa,31,9.0,5,6,  Derrota ,1100.0
3249,2026-03-28,19:04,J0006,Estacion Orbital,Casual,Koro;Magnus;Umbra,28,4.0,3,4,Victoria,1040.0
7793,2026-06-12,17:02,J0002,Canales de Hielo,Ranked,Vex,36,5.0,11,7,Victoria,1130.0
2581,2026-03-15,20:17,J0200,Ciudadela,Ranked,Tesla,24,3.0,1,5,victoria,1030.0
5398,2026-05-05,08:31,J0200,Ciudadela,Casual,Vex;Lienzo,25,7.0,6,6,Derrota,880.0
1371,2026-02-18,19:39,J0095,Bosque Umbral,Ranked,Umbra;Magnus,23,6.0,7,3,Victoria,
9929,2026-07-13,00:30,J0096,Desierto Neon,Casual,  Magnus;Nadia;Brisa ,11,7.0,2,4,Derrota,860.0
8480,2026-06-23,17:14,J0056,Estacion Orbital,Ranked,Koro,39,5.0,6,4,Derrota,580.0
9196,2026-07-04,15:00,J0032,Estacion Orbital,Ranked,Umbra;Lienzo;Brisa,41,1.0,9,3,Victoria,570.0
8065,16/06/2026,23:22,J0004,Bosque Umbral,Ranked,Vex,22,6.0,4,3,Victoria,1170.0
682,02/02/2026,12:18,J0158,Ciudadela,Casual,Nadia,24,9.0,6,2,Victoria,1380.0
3160,2026-03-26,17:56,J0044,Desierto Neon,Ranked,Umbra,41,7.0,6,8,Derrota,980.0
2988,2026-03-22,12:01,J0015,Puerto Escarlata,Casual,  Brisa ,15,6.0,4,4,Derrota,720.0
1883,2026-03-01,19:03,J0082,Canales de Hielo,Ranked,Koro;Umbra;Tesla,32,6.0,5,6,,800.0
1941,2026-03-02,10:31,J0036,Puerto Escarlata,Casual,Tesla,19,3.0,7,5,Victoria,910.0
3297,2026-03-28,18:00,J0071,Desierto Neon,Ranked,Brisa,36,6.0,6,5,Derrota,730.0
3535,2026-04-02,17:58,J0029,Canales de Hielo,Casual,Umbra,30,1.0,10,7,Derrota,250.0
3730,2026-04-06,17:55,J0029,Puerto Escarlata,Ranked,Koro,38,4.0,5,4,Victoria,1000.0
6330,2026-05-20,21:55,J0162,Bosque Umbral,Ranked,Umbra;Tesla,41,3.0,2,2,Derrota,360.0
1182,14-02-26,18:17,J0032,Estacion Orbital,Casual,Magnus,10,4.0,4,4,Victoria,1020.0
1376,18-02-26,07:16,J0013,Estacion Orbital,Ranked,Lienzo,31,9.0,3,8,victoria,1740.0
5305,2026-05-04,18:39,J0035,Puerto Escarlata,Casual,magnus,18,9.0,4,2,Victoria,1420.0
627,2026-01-31,12:42,J0041,Bosque Umbral,Casual,Tesla,29,,4,7,Victoria,1070.0
2113,2026-03-05,13:33,J0016,Bosque Umbral,Ranked,Koro;Nadia,35,13.0,4,5,Derrota,1470.0
9126,03-07-26,15:24,J0058,Bosque Umbral,Casual,Nadia;Koro,13,13.0,4,2,Victoria,1820.0
6662,2026-05-25,14:39,J0066,Ciudadela,Ranked,Tesla;Vex,37,11.0,6,4,Victoria,1680.0
6320,2026-05-20,19:37,J0200,Desierto Neon,Torneo,Koro;Nadia;Umbra,11,6.0,7,6,Derrota,760.0
7110,01/06/2026,15:50,J0011,Ciudadela,Torneo,Koro;Umbra;Nadia,11,6.0,7,3,Derrota,610.0
4507,20-04-26,12:18,J0062,Estacion Orbital,Casual,Umbra,12,,5,2,Derrota,200.0
1463,2026-02-20,05:15,J0019,Ciudadela,Casual,Lienzo,26,3.0,5,3,Victoria,850.0
2888,2026-03-21,02:42,J0040,Estacion Orbital,Casual,Brisa,8,6.0,4,7,Derrota,870.0
8980,2026-06-30,21:09,J0107,Bosque Umbral,Casual,Brisa,11,3.0,6,6,Derrota,480.0
685,2026-02-02,21:22,J0182,Puerto Escarlata,Ranked,Umbra,27,14.0,1,6,Victoria,"2180,0 pts"
7336,2026-06-05,16:10,J0074,Puerto Escarlata,Ranked,nadia,31,5.0,4,4,Derrota,620.0
7689,2026-06-10,13:04,J0068,Puerto Escarlata,Casual,Brisa;Koro,13,4.0,7,7,Derrota,610.0
1367,2026-02-18,19:27,J0085,Puerto Escarlata,Casual,Magnus,15,7.0,6,4,Victoria,1280.0
3917,2026-04-09,21:25,J0093,Estacion Orbital,Ranked,Magnus;Lienzo;Umbra,45,1.0,6,2,Derrota,
2640,2026-03-16,18:28,J0074,Estacion Orbital,Casual,Umbra,32,2.0,5,2,Victoria,700.0
9531,2026-07-09,07:40,J0089,Puerto Escarlata,Torneo,Tesla,31,6.0,6,8,Derrota,880.0
9108,2026-07-02,22:59,J0007,Canales de Hielo,Ranked,Umbra,26,4.0,2,0,Derrota,360.0
5921,14/05/2026,23:55,J0121,Desierto Neon,Torneo,Tesla,15,4.0,6,2,Derrota,380.0
2301,09/03/2026,  21:22 ,J0010,Puerto Escarlata,Ranked,Vex;Nadia;Umbra,36,11.0,6,3,Victoria,1630.0
2939,22/03/2026,05:57,J0019,Desierto Neon,Ranked,Vex,26,4.0,4,7,Derrota,670.0
6604,24/05/2026,17:51,J0050,Ciudadela,Casual,Magnus,12,3.0,2,0,Derrota,260.0
8727,2026-06-27,16:50,J0011,Desierto Neon,Casual,Nadia,14,4.0,7,4,Victoria,960.0
5107,2026-05-01,20:18,J0013,Puerto Escarlata,Casual,Vex;Magnus;Brisa,27,10.0,3,2,Derrota,1040.0
1980,2026-03-02,17:56,J0119,Estacion Orbital,Ranked,Lienzo;Magnus;Nadia,33,7.0,4,5,Victoria,"1370,0 pts"
3804,2026-04-08,19:07,J0034,Puerto Escarlata,Torneo,Tesla;Nadia,23,7.0,4,5,Victoria,1370.0
8962,2026-06-30,12:02,J0016,Estacion Orbital,Ranked,Lienzo;Nadia;Umbra,45,8.0,2,8,Victoria,1660.0
4415,2026-04-19,13:28,J0003,Desierto Neon,Ranked,Nadia,36,7.0,4,3,Derrota,770.0
5767,2026-05-11,09:20,J0062,Canales de Hielo,Torneo,Tesla,8,4.0,7,3,Victoria,910.0
4814,2026-04-25,04:28,J0075,Canales de Hielo,Casual,Brisa,17,6.0,7,3,Derrota,610.0
2281,2026-03-09,17:33,J0010,Desierto Neon,Torneo,Nadia;Umbra,24,7.0,3,3,Victoria,1290.0
4519,20-04-26,15:17,J0200,Puerto Escarlata,Torneo,Nadia,18,3.0,5,1,Derrota,250.0
4227,15-04-26,20:42,J0015,Desierto Neon,Casual,Nadia;Koro,27,12.0,6,4,Derrota,1280.0
9180,04-07-26,21:29,J0183,Puerto Escarlata,Casual,Umbra,23,1.0,4,4,Derrota,220.0
4131,2026-04-13,01:35,J0066,Canales de Hielo,Casual,Brisa,32,5.0,6,3,Derrota,530.0
9271,05/07/2026,14:35,J0117,Desierto Neon,Ranked,Nadia,31,3.0,7,4,Derrota,360.0
9883,13/07/2026,04:19,J0056,Canales de Hielo,Ranked,Umbra;Magnus,37,8.0,4,5,Derrota,970.0
1785,27/02/2026,18:36,J0049,Desierto Neon,Ranked,Lienzo,41,2.0,6,4,,280.0
3183,26-03-26,14:50,J0005,Puerto Escarlata,Casual,Magnus;Lienzo,28,10.0,2,5,Derrota,1210.0
495,2026-01-28,21:49,J0004,Ciudadela,Ranked,Tesla,40,6.0,4,2,Derrota,620.0
8750,27/06/2026,15:07,J0022,Estacion Orbital,Casual,tesla,17,5.0,7,4,Victoria,1060.0
2861,2026-03-21,17:44,J0088,Estacion Orbital,Torneo,Vex;Tesla,18,8.0,5,7,Derrota,
6146,17-05-26,17:07,J0135,Canales de Hielo,Torneo,Lienzo,27,10.0,10,2,Victoria,1400.0
4042,12/04/2026,11:13,J0109,Canales de Hielo,Ranked,Tesla,31,6.0,3,0,Victoria,1040.0
7304,2026-06-04,21:44,J0056,Desierto Neon,Casual,Umbra;Lienzo,10,1.0,1,2,Victoria,680.0
2898,21-03-26,11:41,J0011,Ciudadela,Ranked,Vex,37,9.0,4,3,Victoria,1470.0
367,25-01-26,13:56,J0054,Canales de Hielo,Ranked,Vex;Nadia,40,15.0,5,6,Derrota,1700.0
850,2026-02-06,16:28,J0035,Canales de Hielo,Casual,Nadia,13,8.0,4,8,Victoria,1620.0
5278,2026-05-03,21:54,J0060,Bosque Umbral,Ranked,Nadia;Lienzo,27,2.0,3,5,Victoria,890.0
9646,2026-07-10,14:07,J0063,Desierto Neon,Casual,Brisa,26,9.0,6,6,Victoria,1580.0
4382,2026-04-18,22:19,J0178,Puerto Escarlata,Casual,Vex,26,4.0,1,4,Victoria,1080.0
2654,2026-03-16,20:48,J0119,Ciudadela,Casual,Magnus;Vex,22,14.0,4,7,Victoria,2170.0
3504,2026-04-01,18:03,J0026,Bosque Umbral,Torneo,Tesla,11,4.0,5,3,,"450,0 pts"
1542,2026-02-21,19:50,J0098,Puerto Escarlata,Casual,Nadia,25,11.0,3,6,,1340.0
5297,2026-05-03,19:56,J0028,Puerto Escarlata,Casual,Koro;Nadia,32,3.0,3,9,Derrota,690.0
8936,2026-06-30,20:23,J0004,Canales de Hielo,Casual,Umbra,14,6.0,5,1,Derrota,550.0
323,2026-01-24,19:50,J0121,Ciudadela,Casual,Umbra;Vex;Nadia,31,10.0,5,5,Victoria,1650.0
2032,04/03/2026,12:56,J0009,Puerto Escarlata,Ranked,Umbra;Vex,29,5.0,7,2,Derrota,460.0
814,2026-02-05,13:53,J0140,Desierto Neon,Ranked,Umbra;Brisa,38,6.0,5,4,Derrota,700.0
7699,2026-06-11,11:11,J0130,Canales de Hielo,Casual,Lienzo,20,2.0,4,4,,320.0
9446,2026-07-08,12:42,J0062,Canales de Hielo,Ranked,Umbra;Vex;Brisa,26,6.0,5,4,Victoria,1200.0
1080,2026-02-11,17:34,J0074,Puerto Escarlata,Ranked,Magnus,23,6.0,3,4,Victoria,1240.0
2227,2026-03-07,09:44,J0010,Ciudadela,Casual,Koro,21,4.0,6,5,Derrota,"530,0 pts"
9207,2026-07-04,  13:44 ,J0121,Desierto Neon,Ranked,Nadia,39,,4,6,Victoria,820.0
6498,2026-05-22,16:19,J0059,Bosque Umbral,Ranked,Vex;Nadia,29,6.0,3,8,Victoria,1440.0
2706,17-03-26,16:03,J0030,Ciudadela,Casual,  Nadia ,23,4.0,1,2,Victoria,980.0
9811,2026-07-12,21:32,J0009,Estacion Orbital,Ranked,Koro;Umbra,27,3.0,1,7,Derrota,630.0
4337,18/04/2026,10:24,J0043,Bosque Umbral,Ranked,Tesla,44,4.0,6,5,Derrota,530.0
1165,13/02/2026,18:32,J0099,Puerto Escarlata,Casual,Umbra;Koro;Vex,32,3.0,3,7,Victoria,1090.0
3262,2026-03-28,21:14,J0002,Desierto Neon,Ranked,UMBRA,37,,7,2,Derrota,560.0
7702,2026-06-11,18:49,J0080,Ciudadela,Casual,Magnus;Umbra,31,6.0,7,2,Derrota,560.0
1451,2026-02-20,22:02,J0063,Puerto Escarlata,Ranked,Nadia;Vex,26,10.0,3,3,Victoria,1590.0
3863,2026-04-08,16:09,J0124,Canales de Hielo,Casual,Nadia,15,6.0,6,6,Victoria,1280.0
8912,2026-06-29,02:51,J0053,Desierto Neon,Ranked,Lienzo,22,7.0,4,5,Victoria,1370.0
7857,2026-06-13,17:37,J0069,Bosque Umbral,Ranked,Koro;Umbra,28,3.0,3,4,Derrota,440.0
9406,2026-07-07,20:21,J0093,Ciudadela,Casual,Tesla,20,2.0,5,3,Victoria,750.0
4978,2026-04-28,10:16,J0200,Canales de Hielo,Torneo,Magnus,11,6.0,6,5,Derrota,730.0
8225,2026-06-19,14:16,J0024,Desierto Neon,Casual,Brisa,18,3.0,6,6,Victoria,980.0
6326,2026-05-20,12:43,J0011,Ciudadela,Casual,Koro,17,4.0,4,3,Derrota,470.0
6731,26-05-26,23:37,J0040,Ciudadela,Ranked,Umbra;Brisa;Tesla,31,2.0,7,4,Victoria,760.0
4575,2026-04-22,16:43,J0009,Ciudadela,Ranked,  Tesla ,34,2.0,5,4,Derrota,300.0
4057,2026-04-12,10:34,J0200,Ciudadela,Casual,Nadia;Umbra,11,2.0,2,5,Derrota,410.0
9584,10/07/2026,22:19,J0060,Desierto Neon,Casual,brisa,11,5.0,5,3,Victoria,1050.0
3000,2026-03-23,18:41,J0132,Bosque Umbral,Ranked,Magnus,42,10.0,6,2,Victoria,1480.0
9095,2026-07-02,22:56,J0034,Ciudadela,Casual,Brisa,21,8.0,3,6,Derrota,1040.0
1232,15/02/2026,21:59,J0021,Bosque Umbral,Casual,BRISA;VEX;LIENZO,8,8.0,11,5,Derrota,830.0
1515,2026-02-21,04:12,J0090,Canales de Hielo,Casual,Lienzo,18,6.0,7,3,Victoria,1110.0
2314,09-03-26,18:38,J0003,Desierto Neon,Torneo,Lienzo,8,5.0,3,1,Derrota,490.0
1452,20-02-26,  19:56 ,J0051,Canales de Hielo,Torneo,Magnus,29,4.0,2,5,Derrota,610.0
6078,2026-05-16,22:18,J0041,Desierto Neon,Ranked,Tesla;Umbra,32,5.0,6,1,Derrota,430.0
5826,12/05/2026,17:41,J0014,Bosque Umbral,Ranked,Magnus,38,0.0,6,7,Derrota,230.0
8599,2026-06-25,20:34,J0106,Estacion Orbital,Ranked,Umbra;Lienzo,41,13.0,7,5,,1410.0
5689,10-05-26,15:48,J0008,Ciudadela,Ranked,Lienzo,44,4.0,3,2,Victoria,940.0
839,2026-02-06,16:54,J0052,Desierto Neon,Casual,Lienzo,9,4.0,6,3,Derrota,430.0
9990,14/07/2026,18:25,J0077,Canales de Hielo,Casual,Magnus,15,6.0,11,1,Victoria,930.0
5869,2026-05-13,09:50,J0200,Ciudadela,Casual,Magnus;Vex,14,8.0,5,6,Victoria,1500.0
8438,22-06-26,13:53,J0047,Estacion Orbital,Casual,  Brisa ,19,10.0,7,6,Victoria,1660.0
8571,2026-06-24,21:07,J0013,Puerto Escarlata,Casual,Tesla,17,5.0,1,5,Victoria,1230.0
3568,2026-04-03,19:54,J0088,Puerto Escarlata,Casual,Umbra;Nadia,9,6.0,7,6,Victoria,1260.0
9335,2026-07-06,22:33,J0045,Canales de Hielo,Ranked,Magnus,31,3.0,5,3,Derrota,350.0
3088,2026-03-24,13:22,J0046,Estacion Orbital,Casual,Tesla,30,10.0,6,5,Derrota,1130.0
8712,2026-06-27,18:26,J0193,Puerto Escarlata,Casual,Brisa,20,2.0,6,8,Derrota,480.0
1715,2026-02-25,16:12,J0163,Desierto Neon,Casual,Koro,27,14.0,3,3,Derrota,1490.0
340,2026-01-24,14:00,J0006,Canales de Hielo,Ranked,nadia,35,3.0,8,5,Victoria,
6851,28/05/2026,15:32,J0014,Ciudadela,Ranked,Brisa,31,3.0,3,4,Victoria,940.0
6046,2026-05-16,14:02,J0158,Canales de Hielo,Torneo,Lienzo,17,13.0,2,2,Victoria,1860.0
6120,2026-05-17,21:43,J0049,Canales de Hielo,Ranked,  Koro ,38,4.0,7,3,Victoria,910.0
8682,2026-06-26,23:12,J0200,Canales de Hielo,Casual,Koro,19,12.0,6,3,DERROTA,1230.0
4994,2026-04-29,20:51,J0122,Canales de Hielo,Casual,Magnus;Tesla,16,7.0,7,7,Derrota,910.0
589,30/01/2026,01:42,J0003,Canales de Hielo,Ranked,Nadia;Koro,27,5.0,2,5,Derrota,710.0
3366,30-03-26,20:18,J0068,Canales de Hielo,Ranked,Vex;Tesla;Koro,25,13.0,4,3,Victoria,1870.0
2671,16/03/2026,15:22,J0081,Ciudadela,Casual,Umbra,29,9.0,5,7,Derrota,1150.0
3590,03-04-26,  12:28 ,J0052,Bosque Umbral,Ranked,Lienzo,43,4.0,4,3,Derrota,470.0
35,2026-01-17,16:31,J0001,Bosque Umbral,Ranked,Brisa,24,2.0,3,1,Victoria,690.0
29,17/01/2026,00:43,J0023,Ciudadela,Ranked,Koro;Brisa,22,6.0,6,3,Derrota,630.0
8827,2026-06-28,15:58,J0001,Ciudadela,Casual,Koro,18,7.0,6,3,Victoria,1230.0
8674,2026-06-26,18:57,J0006,Bosque Umbral,Casual,Tesla,31,9.0,2,4,Derrota,1060.0
2171,2026-03-07,21:43,J0102,Bosque Umbral,Torneo,Lienzo,27,1.0,4,5,Victoria,770.0
6031,2026-05-16,21:39,J0200,Bosque Umbral,Ranked,Lienzo;Nadia,22,11.0,5,3,Derrota,1150.0
9505,2026-07-08,18:28,J0004,Puerto Escarlata,Casual,Koro,8,2.0,7,2,Victoria,660.0
890,2026-02-07,22:14,J0058,Estacion Orbital,Casual,Umbra,22,8.0,3,2,Derrota,840.0
6606,24/05/2026,18:47,J0083,Puerto Escarlata,Casual,Lienzo,11,3.0,2,7,Derrota,610.0
3323,2026-03-29,16:59,J0035,Ciudadela,Ranked,Koro;Brisa,44,7.0,4,1,Victoria,1170.0
9467,2026-07-08,13:27,J0066,Ciudadela,Ranked,Vex;Brisa;Umbra,33,7.0,2,2,Victoria,1260.0
3515,02-04-26,19:27,J0200,Desierto Neon,Ranked,Magnus;Tesla,43,8.0,5,3,Derrota,850.0
4504,2026-04-20,17:53,J0011,Estacion Orbital,Ranked,Magnus,29,5.0,5,5,Victoria,1150.0
8417,2026-06-22,19:28,J0016,Bosque Umbral,Ranked,Vex;Lienzo;Nadia,39,9.0,3,6,Victoria,1640.0
5458,2026-05-06,21:00,J0078,Bosque Umbral,Casual,Lienzo;Tesla,25,3.0,2,3,Derrota,410.0
3734,2026-04-06,20:29,J0072,Ciudadela,Casual,Lienzo;Tesla,20,3.0,6,6,Derrota,480.0
9536,2026-07-09,02:39,J0016,Canales de Hielo,Casual,  Brisa ,32,7.0,6,2,,680.0
7206,03-06-26,09:23,J0023,Puerto Escarlata,Casual,Vex,23,4.0,4,6,Victoria,1120.0
1655,2026-02-23,19:29,J0020,Puerto Escarlata,Ranked,Brisa,33,5.0,6,7,  Derrota ,730.0
5122,2026-05-01,15:27,J0200,Bosque Umbral,Ranked,,24,2.0,7,8,Derrota,460.0
224,2026-01-22,05:28,J0042,Desierto Neon,Ranked,Nadia;Vex,25,6.0,6,7,  Victoria ,1330.0
8694,2026-06-26,03:29,J0050,Canales de Hielo,Ranked,Nadia,33,5.0,10,2,Victoria,900.0
8120,17-06-26,21:14,J0010,Puerto Escarlata,Ranked,Brisa;Koro;Vex,22,5.0,5,2,Victoria,1000.0
4240,2026-04-16,15:39,J0048,Ciudadela,Ranked,Umbra;Nadia,30,7.0,2,0,Victoria,1160.0
1591,22-02-26,14:51,J0153,Bosque Umbral,Ranked,Brisa;Umbra,31,11.0,7,7,Victoria,"1810,0 pts"
6088,2026-05-17,22:03,J0047,Estacion Orbital,Ranked,Lienzo,29,14.0,5,3,Derrota,1450.0
3257,2026-03-28,12:11,J0057,Puerto Escarlata,Ranked,Brisa,28,6.0,6,5,Victoria,1230.0
4706,24-04-26,22:04,J0079,Bosque Umbral,Casual,,11,14.0,4,7,Derrota,1670.0
9806,2026-07-12,15:40,J0037,Ciudadela,Casual,Vex,13,6.0,4,7,Victoria,1370.0
2182,07/03/2026,20:40,J0156,Bosque Umbral,Casual,Magnus,28,4.0,5,4,Victoria,1000.0
6924,2026-05-29,21:47,J0096,Puerto Escarlata,Ranked,Tesla,23,6.0,5,1,Victoria,1050.0
8198,2026-06-18,20:56,J0053,Desierto Neon,Ranked,  Vex ,23,8.0,6,2,Victoria,1280.0
9642,2026-07-10,17:46,J0031,Desierto Neon,Ranked,Tesla;Magnus,27,3.0,4,4,Derrota,420.0
5072,2026-04-30,03:02,J0010,Bosque Umbral,Ranked,Koro;Brisa,28,11.0,10,2,Victoria,1500.0
1210,14/02/2026,16:21,J0066,Desierto Neon,Casual,Umbra;Vex,28,,7,5,Victoria,1110.0
422,2026-01-26,00:35,J0118,Ciudadela,Ranked,Vex;Lienzo,35,9.0,8,3,,1390.0
9608,10-07-26,15:34,J0148,Estacion Orbital,Torneo,Vex,20,3.0,5,1,Victoria,"750,0 pts"
1707,2026-02-24,17:11,J0149,Estacion Orbital,Ranked,Vex,25,8.0,2,3,victoria,1410.0
1159,2026-02-13,17:06,J0072,Puerto Escarlata,Ranked,Koro,25,2.0,3,1,Victoria,690.0
2307,2026-03-09,17:51,J0005,Ciudadela,Torneo,Koro,8,8.0,5,5,Derrota,950.0
274,23-01-26,11:27,J0200,Estacion Orbital,Ranked,koro,29,8.0,3,1,Victoria,1290.0
172,2026-01-20,16:15,J0012,Bosque Umbral,Ranked,Umbra,44,3.0,4,2,Victoria,
3957,10/04/2026,  20:34 ,J0034,Canales de Hielo,Ranked,Tesla,28,6.0,5,4,Derrota,700.0
6573,2026-05-23,12:09,J0032,Ciudadela,Ranked,koro,28,8.0,4,2,Victoria,1320.0
3189,2026-03-26,21:36,J0130,Canales de Hielo,Torneo,Tesla,10,2.0,7,5,Victoria,810.0
1726,25-02-26,15:11,J0018,Bosque Umbral,Casual,nadia;lienzo,15,3.0,4,0,Derrota,"220,0 pts"
8907,2026-06-29,21:58,J0046,Desierto Neon,Ranked,Umbra,24,5.0,5,2,Derrota,500.0
5866,2026-05-13,19:51,J0029,Canales de Hielo,Ranked,Umbra;Nadia,28,3.0,6,8,Derrota,580.0
1565,2026-02-22,12:30,J0003,Canales de Hielo,Casual,Lienzo,14,4.0,2,0,Victoria,860.0
1783,2026-02-27,19:09,J0059,Estacion Orbital,Torneo,Koro,27,2.0,19,6,Victoria,620.0
844,2026-02-06,18:37,J0043,Bosque Umbral,Casual,Tesla;Vex;Magnus,11,8.0,6,3,Derrota,830.0
9416,2026-07-07,22:40,J0061,Canales de Hielo,Ranked,Nadia;Koro,27,4.0,6,7,Victoria,1130.0
9398,07/07/2026,  18:16 ,J0090,Canales de Hielo,Casual,Lienzo,19,2.0,3,8,Derrota,540.0
905,2026-02-07,18:18,J0087,Bosque Umbral,Torneo,Vex,29,12.0,7,8,Victoria,1960.0
6014,16/05/2026,10:23,J0095,Desierto Neon,Casual,Nadia,19,9.0,4,7,Derrota,1170.0
9744,2026-07-11,11:42,J0012,Puerto Escarlata,Casual,Koro,21,5.0,6,5,Derrota,630.0
5207,2026-05-02,21:22,J0024,Bosque Umbral,Casual,Umbra,22,6.0,4,4,Derrota,720.0
1548,21/02/2026,22:12,J0025,Canales de Hielo,Ranked,Umbra,41,9.0,6,3,Victoria,1430.0
2081,2026-03-05,12:34,J0057,Canales de Hielo,Ranked,,39,4.0,1,7,Victoria,1230.0
4573,22-04-26,22:24,J0051,Estacion Orbital,Casual,Koro,29,2.0,8,3,Victoria,690.0
3986,2026-04-11,19:54,J0009,Puerto Escarlata,Casual,Umbra;Nadia,18,3.0,4,2,Derrota,"320,0 pts"
6503,2026-05-23,16:46,J0019,Canales de Hielo,Ranked,Vex,38,6.0,7,4,Victoria,1160.0
5472,2026-05-07,19:39,J0020,Puerto Escarlata,Casual,Lienzo,27,,2,4,Victoria,1360.0
6302,2026-05-20,16:11,J0044,Ciudadela,Torneo,Lienzo,17,6.0,4,5,Victoria,1270.0
9873,13-07-26,11:16,J0008,Canales de Hielo,Casual,Lienzo,10,6.0,4,4,Derrota,720.0
8272,2026-06-20,10:57,J0041,Estacion Orbital,Casual,Umbra,9,6.0,7,5,Derrota,710.0
3821,2026-04-08,16:01,J0044,Ciudadela,Casual,Tesla,23,9.0,2,3,Victoria,1510.0
2647,2026-03-16,20:47,J0005,Puerto Escarlata,Ranked,Brisa;Nadia;Koro,37,6.0,3,5,Victoria,1290.0
4538,2026-04-21,11:45,J0200,Desierto Neon,Casual,Vex,29,6.0,6,3,,
7285,2026-06-04,19:03,J0016,Bosque Umbral,Ranked,,37,15.0,4,0,Victoria,1920.0
5245,2026-05-03,17:39,J0047,Estacion Orbital,Casual,Koro,8,7.0,5,4,Victoria,"1300,0 pts"
8479,2026-06-23,20:15,J0048,Bosque Umbral,Ranked,Tesla,40,4.0,3,3,Victoria,990.0
7553,2026-06-08,20:57,J0177,Canales de Hielo,Casual,Magnus;Nadia,29,8.0,11,2,,680.0
6181,18-05-26,19:29,J0093,Ciudadela,Casual,Magnus,17,0.0,2,2,Victoria,560.0
2156,2026-03-06,11:08,J0130,Bosque Umbral,Ranked,Tesla;Magnus,25,4.0,2,3,Victoria,1010.0
6830,2026-05-28,19:29,J0071,Canales de Hielo,Casual,Magnus;Nadia,27,4.0,5,2,Victoria,900.0
3716,2026-04-06,19:14,J0066,Bosque Umbral,Casual,Lienzo,10,10.0,3,2,Victoria,1540.0
4058,2026-04-12,21:27,J0049,Canales de Hielo,Casual,Koro;Nadia,17,1.0,5,3,Victoria,650.0
6056,2026-05-16,16:15,J0056,Ciudadela,Casual,Tesla,25,6.0,4,5,Derrota,770.0
3103,2026-03-25,19:02,J0024,Ciudadela,Casual,Brisa;Vex;Nadia,12,5.0,3,2,Derrota,"540,0 pts"
559,30/01/2026,20:33,J0043,Puerto Escarlata,Ranked,Umbra;Vex,26,15.0,1,2,Derrota,1580.0
4696,24-04-26,17:44,J0056,Bosque Umbral,Ranked,Vex,36,3.0,6,4,Victoria,880.0
4462,19/04/2026,21:20,J0121,Desierto Neon,Ranked,Brisa;Lienzo,23,7.0,2,4,,1360.0
1437,2026-02-19,10:16,J0090,Ciudadela,Ranked,Umbra,28,9.0,2,5,Derrota,1110.0
508,2026-01-28,23:35,J0125,Canales de Hielo,Ranked,Tesla,41,7.0,1,0,Derrota,680.0
1870,2026-02-28,21:18,J0007,Puerto Escarlata,Ranked,Tesla,31,14.0,3,5,VICTORIA,2090.0
756,2026-02-04,10:59,J0059,Bosque Umbral,Casual,Brisa,32,3.0,3,4,Derrota,440.0
5516,2026-05-08,19:52,J0002,Estacion Orbital,Casual,,8,11.0,6,2,Victoria,1580.0
4051,12-04-26,00:58,J0042,Estacion Orbital,Ranked,Magnus,43,1.0,6,5,Victoria,730.0
8673,2026-06-26,20:19,J0089,Ciudadela,Casual,Brisa,22,10.0,10,3,Derrota,950.0
3837,2026-04-08,17:53,J0021,Puerto Escarlata,Ranked,,37,5.0,1,4,Victoria,1180.0
2119,06-03-26,17:44,J0147,Ciudadela,Ranked,Magnus;Vex,27,3.0,4,1,Victoria,
8458,2026-06-22,21:05,J0026,Estacion Orbital,Casual,Magnus,32,5.0,6,3,Victoria,1030.0
8342,2026-06-21,22:29,J0171,Desierto Neon,Casual,Koro,20,6.0,6,8,Victoria,1380.0
502,2026-01-28,22:51,J0015,Canales de Hielo,Casual,Tesla,19,9.0,3,2,Derrota,940.0
6450,22/05/2026,21:05,J0200,Canales de Hielo,Casual,Tesla;Brisa;Vex,20,9.0,8,4,Derrota,940.0
5063,2026-04-30,17:39,J0053,Puerto Escarlata,Ranked,Brisa,44,9.0,7,5,Victoria,1510.0
1540,2026-02-21,22:10,J0001,Puerto Escarlata,Casual,Lienzo,26,5.0,7,5,Derrota,610.0
7826,2026-06-13,15:34,J0128,Puerto Escarlata,Casual,Tesla;Lienzo;Koro,26,6.0,4,6,Derrota,820.0
1212,14-02-26,16:06,J0018,Puerto Escarlata,Ranked,Umbra,38,5.0,8,6,VICTORIA,1140.0
9193,2026-07-04,20:11,J0021,Puerto Escarlata,Ranked,Brisa;Koro,32,8.0,5,6,Victoria,1500.0
673,2026-02-01,15:28,J0017,Canales de Hielo,Torneo,Brisa;Tesla;Nadia,22,7.0,5,3,Victoria,1250.0
3378,2026-03-30,18:37,J0040,Ciudadela,Casual,Brisa;Tesla;Umbra,24,9.0,1,3,Victoria,1530.0
8853,2026-06-28,18:51,J0093,Canales de Hielo,Ranked,Umbra,28,6.0,6,6,Derrota,780.0
1465,20/02/2026,16:09,J0029,Puerto Escarlata,Ranked,Tesla;Lienzo,24,4.0,5,3,Derrota,450.0
1193,14-02-26,20:22,J0106,Canales de Hielo,Casual,Umbra;Vex,21,10.0,4,5,Victoria,1670.0
7108,01-06-26,20:36,J0139,Puerto Escarlata,Ranked,Umbra;Lienzo,43,4.0,7,8,Victoria,1160.0
1873,28/02/2026,14:48,J0001,Puerto Escarlata,Casual,Koro;Vex,10,7.0,4,2,Victoria,
3591,04-04-26,19:25,J0002,Bosque Umbral,Ranked,Magnus,24,6.0,3,4,Derrota,740.0
7251,2026-06-03,07:25,J0013,Canales de Hielo,Torneo,Umbra,9,,3,6,Derrota,440.0
506,2026-01-28,15:05,J0004,Estacion Orbital,Ranked,Magnus;Lienzo,41,8.0,2,5,Victoria,1510.0
244,2026-01-22,17:54,J0052,Desierto Neon,Ranked,Nadia;Vex,22,6.0,3,6,Victoria,1340.0
507,2026-01-28,23:57,J0080,Desierto Neon,Torneo,Nadia;Koro,29,6.0,8,3,Derrota,590.0
8271,2026-06-20,23:36,J0013,Desierto Neon,Casual,Vex,29,10.0,5,3,Derrota,1050.0
6819,2026-05-27,19:44,J0200,Bosque Umbral,Casual,Umbra,26,6.0,3,2,Victoria,1140.0
6501,2026-05-22,17:16,J0010,Ciudadela,Casual,Brisa;Nadia,26,6.0,4,2,Victoria,1120.0
5324,2026-05-04,20:18,J0068,Ciudadela,Casual,Umbra,13,8.0,4,2,Derrota,820.0
1774,26/02/2026,18:03,J0092,Desierto Neon,Casual,Magnus;Vex,18,9.0,6,1,Victoria,1330.0
5759,11-05-26,20:54,J0018,Estacion Orbital,Ranked,Nadia,28,8.0,1,5,Derrota,1030.0
4996,2026-04-29,15:08,J0039,Ciudadela,Casual,Nadia,10,5.0,5,1,Victoria,950.0
798,2026-02-05,20:47,J0068,Puerto Escarlata,Torneo,Tesla,16,7.0,4,0,Victoria,1120.0
7250,2026-06-03,07:53,J0103,Ciudadela,Ranked,Koro,26,12.0,5,6,Derrota,1400.0
7195,2026-06-02,18:27,J0039,Puerto Escarlata,Casual,Koro;Vex,8,13.0,3,4,Victoria,1940.0
2830,2026-03-20,23:09,J0115,Puerto Escarlata,Ranked,Magnus,28,2.0,8,3,Derrota,190.0
9390,2026-07-07,21:05,J0027,Puerto Escarlata,Casual,Vex,14,11.0,4,5,Victoria,1770.0
8806,2026-06-28,21:39,J0162,Estacion Orbital,Casual,Brisa;Nadia,9,6.0,5,4,Victoria,1200.0
313,24-01-26,11:38,J0123,Bosque Umbral,Ranked,Umbra,41,2.0,3,1,Derrota,190.0
747,03-02-26,00:19,J0012,Bosque Umbral,Ranked,Koro;Lienzo,24,9.0,3,6,Victoria,1640.0
3570,2026-04-03,13:34,J0051,Estacion Orbital,Casual,Tesla;Brisa;Magnus,19,2.0,4,6,Victoria,920.0
791,2026-02-04,17:42,J0012,Ciudadela,Ranked,Lienzo,25,4.0,3,3,Derrota,490.0
2477,2026-03-13,20:36,J0112,Canales de Hielo,Casual,Nadia,10,3.0,5,3,,350.0
9396,2026-07-07,14:06,J0094,Desierto Neon,Ranked,Vex,22,10.0,3,6,Victoria,1740.0
2571,2026-03-15,15:08,J0038,Estacion Orbital,Ranked,Koro,37,7.0,6,4,Victoria,1280.0
5382,2026-05-05,19:33,J0049,Puerto Escarlata,Torneo,BRISA;LIENZO;TESLA,24,4.0,4,4,Derrota,520.0
5309,04-05-26,19:48,J0135,Canales de Hielo,Ranked,Magnus;Koro;Nadia,43,8.0,4,1,Victoria,1270.0
4356,2026-04-18,19:43,J0118,Canales de Hielo,Ranked,Koro;Umbra,23,9.0,5,2,Derrota,900.0
2164,06/03/2026,23:56,J0005,Ciudadela,Casual,Brisa;Umbra,14,6.0,4,3,Victoria,1170.0
6694,25-05-26,19:42,J0060,Desierto Neon,Casual,Lienzo;Tesla,27,7.0,6,5,Victoria,1330.0
8651,2026-06-26,19:38,J0090,Ciudadela,Casual,Brisa,32,4.0,2,6,Victoria,1160.0
381,2026-01-25,17:05,J0044,Canales de Hielo,Ranked,Umbra,43,13.0,4,3,Derrota,1370.0
6200,2026-05-18,12:05,J0119,Canales de Hielo,Ranked,Koro,26,8.0,7,7,Victoria,1510.0
1293,16-02-26,09:27,J0015,Canales de Hielo,Ranked,Lienzo,28,6.0,3,4,Victoria,1240.0
1913,2026-03-01,18:17,J0078,Estacion Orbital,Casual,Lienzo,24,10.0,3,5,  Victoria ,1690.0
600,2026-01-31,14:04,J0045,Estacion Orbital,Casual,Brisa,22,8.0,4,2,Derrota,820.0
3893,09-04-26,14:00,J0015,Puerto Escarlata,Casual,Koro,20,9.0,5,4,Victoria,1500.0
4142,13-04-26,17:15,J0067,Bosque Umbral,Ranked,Lienzo,34,6.0,1,3,Derrota,
1653,2026-02-23,21:06,J0086,Bosque Umbral,Casual,  Magnus;Lienzo ,19,9.0,5,5,Derrota,1050.0
6401,2026-05-21,07:10,J0028,Ciudadela,Torneo,Nadia,32,3.0,9,4,Derrota,320.0
1894,2026-03-01,03:44,J0007,Desierto Neon,Casual,magnus,23,3.0,6,4,Victoria,880.0
1945,02-03-26,20:19,J0049,Estacion Orbital,Casual,Tesla,17,3.0,2,5,Victoria,1010.0
3396,30/03/2026,17:22,J0016,Puerto Escarlata,Ranked,Brisa,42,6.0,7,3,Derrota,610.0
5577,2026-05-09,23:12,J0073,Estacion Orbital,Torneo,Vex,24,2.0,10,1,Victoria,550.0
4363,2026-04-18,16:58,J0058,Desierto Neon,Ranked,Vex;Nadia,37,9.0,7,7,Victoria,1610.0
9843,12-07-26,19:57,J0083,Ciudadela,Casual,Umbra;Magnus,21,3.0,7,7,Derrota,510.0
376,2026-01-25,18:18,J0121,Estacion Orbital,Ranked,Tesla;Umbra;Nadia,39,4.0,6,8,Derrota,680.0
1967,2026-03-02,00:46,J0056,Canales de Hielo,Casual,Tesla;Vex,23,12.0,4,3,Derrota,1270.0
3958,2026-04-10,23:10,J0020,Puerto Escarlata,Casual,Brisa,24,10.0,5,6,Derrota,1200.0
7261,2026-06-03,18:40,J0001,Canales de Hielo,Torneo,Koro,25,3.0,5,3,,850.0
7607,2026-06-09,00:11,J0004,Ciudadela,Casual,Lienzo,27,3.0,4,2,Victoria,820.0
5230,2026-05-03,17:55,J0036,Puerto Escarlata,Casual,Brisa,16,4.0,4,1,Victoria,870.0
5255,03/05/2026,19:16,J0007,Desierto Neon,Ranked,Lienzo,45,6.0,5,7,victoria,1350.0
5385,2026-05-05,10:37,J0004,Ciudadela,Ranked,Umbra;Vex,37,7.0,6,5,Victoria,1330.0
1472,2026-02-20,14:35,J0120,Canales de Hielo,Casual,Umbra,26,4.0,6,2,Victoria,880.0
3347,2026-03-29,22:44,J0171,Puerto Escarlata,Ranked,Vex,43,10.0,6,8,Derrota,1280.0
6365,21-05-26,18:12,J0033,Estacion Orbital,Ranked,Brisa,39,7.0,3,4,Derrota,
2854,20-03-26,23:02,J0038,Bosque Umbral,Casual,Koro,21,3.0,3,5,Derrota,"490,0 pts"
9059,01/07/2026,00:35,J0011,Estacion Orbital,Ranked,Koro;Umbra;Vex,23,6.0,6,1,,1030.0
9849,2026-07-13,20:51,J0029,Estacion Orbital,Ranked,Nadia,31,4.0,5,3,,950.0
8635,2026-06-25,09:22,J0022,Canales de Hielo,Casual,Tesla,11,8.0,6,10,,1680.0
4063,2026-04-12,10:35,J0023,Canales de Hielo,Casual,Koro,26,8.0,4,3,Victoria,1370.0
4884,26-04-26,15:23,J0026,Puerto Escarlata,Ranked,Vex;Lienzo,35,8.0,6,1,Victoria,1230.0
4307,2026-04-17,17:08,J0002,Puerto Escarlata,Ranked,Magnus;Brisa,35,6.0,8,1,Victoria,990.0
4966,2026-04-28,09:06,J0035,Puerto Escarlata,Casual,Brisa,13,7.0,7,4,Victoria,1260.0
7375,05/06/2026,12:02,J0073,Puerto Escarlata,Ranked,Umbra;Magnus;Brisa,27,6.0,5,7,Derrota,850.0
5369,2026-05-05,10:20,J0004,Puerto Escarlata,Ranked,Vex,23,9.0,6,5,Victoria,1530.0
3991,2026-04-11,05:43,J0004,Estacion Orbital,Casual,Magnus;Vex,18,10.0,6,3,Derrota,1030.0
1050,11/02/2026,11:18,J0032,Estacion Orbital,Casual,Nadia,21,7.0,5,2,Victoria,1200.0
9899,13/07/2026,21:26,J0111,Estacion Orbital,Casual,Umbra,14,5.0,4,3,Victoria,1070.0
5426,06/05/2026,18:43,J0044,Estacion Orbital,Casual,Brisa;Lienzo,19,10.0,5,2,Victoria,1500.0
7998,2026-06-15,16:32,J0031,Bosque Umbral,Torneo,brisa;magnus;koro,11,4.0,6,0,Derrota,280.0
2036,2026-03-04,12:51,J0103,Estacion Orbital,Ranked,Nadia;Koro;Lienzo,40,5.0,10,5,Victoria,"1050,0 pts"
4040,2026-04-12,22:44,J0035,Puerto Escarlata,Ranked,Vex,38,11.0,8,4,Victoria,1640.0
5327,2026-05-04,07:03,J0015,Canales de Hielo,Casual,Magnus,21,6.0,7,4,Derrota,660.0
9425,07/07/2026,05:29,J0069,Ciudadela,Ranked,NADIA,35,2.0,6,3,Victoria,730.0
1973,02-03-26,17:33,J0053,Estacion Orbital,Casual,Umbra;Nadia;Brisa,20,3.0,8,2,Victoria,740.0
8955,2026-06-30,19:14,J0032,Canales de Hielo,Casual,Nadia,23,7.0,4,6,Derrota,920.0
2100,2026-03-05,03:31,J0038,Puerto Escarlata,Casual,Brisa,24,6.0,6,5,Derrota,730.0
1500,21-02-26,21:28,J0057,Ciudadela,Casual,Brisa;Koro,16,6.0,5,3,Victoria,1150.0
7583,09-06-26,20:51,J0125,Puerto Escarlata,Ranked,Brisa;Umbra,24,3.0,7,5,Derrota,410.0
653,2026-02-01,22:59,J0066,Bosque Umbral,Casual,Vex;Tesla;Lienzo,22,16.0,4,5,Victoria,
171,2026-01-20,16:48,J0028,Estacion Orbital,Ranked,Vex,24,9.0,4,4,Victoria,1520.0
4086,12/04/2026,03:50,J0019,Ciudadela,Casual,,23,4.0,12,3,,810.0
243,2026-01-22,19:50,J0140,Bosque Umbral,Casual,Lienzo;Koro,19,6.0,7,4,Derrota,660.0
8574,2026-06-25,14:22,J0077,Canales de Hielo,Ranked,Vex;Tesla,35,6.0,7,1,Victoria,1010.0
4372,2026-04-18,21:33,J0001,Estacion Orbital,Ranked,Nadia,22,7.0,8,5,Derrota,790.0
7096,2026-06-01,03:13,J0060,Canales de Hielo,Torneo,Brisa,20,5.0,3,3,Derrota,"590,0 pts"
2757,2026-03-19,22:51,J0071,Desierto Neon,Casual,Koro,31,3.0,2,2,Victoria,860.0
8532,2026-06-24,  18:12 ,J0054,Canales de Hielo,Casual,Umbra;Nadia,14,7.0,4,2,  Derrota ,720.0
8085,2026-06-17,17:10,J0015,Canales de Hielo,Casual,Lienzo,28,11.0,3,5,Derrota,1290.0
2077,05-03-26,20:32,J0087,Estacion Orbital,Ranked,Lienzo;Nadia,27,11.0,6,4,Derrota,1180.0
4104,12/04/2026,18:58,J0131,Puerto Escarlata,Ranked,Lienzo;Umbra,33,13.0,5,6,Victoria,2000.0
9632,10-07-26,23:22,J0025,Ciudadela,Casual,Tesla;Koro;Lienzo,26,2.0,7,7,Derrota,410.0
6368,2026-05-21,00:19,J0034,Puerto Escarlata,Ranked,Koro;Tesla,24,5.0,2,2,Derrota,560.0
4935,27-04-26,13:28,J0063,Ciudadela,Casual,Nadia,17,6.0,4,4,Victoria,1220.0
4984,2026-04-28,20:15,J0008,Canales de Hielo,Torneo,Magnus,32,1.0,4,2,Victoria,620.0
5191,2026-05-02,18:14,J0200,Desierto Neon,Casual,Magnus,19,7.0,7,1,Victoria,1110.0
5957,2026-05-14,18:10,J0058,Desierto Neon,Torneo,Nadia,27,5.0,5,7,Victoria,1250.0
4902,27/04/2026,  12:01 ,J0012,Desierto Neon,Torneo,Brisa,30,6.0,3,8,Victoria,1440.0
9444,2026-07-08,04:43,J0200,Bosque Umbral,Casual,Tesla,22,7.0,5,3,Victoria,1250.0
4823,26/04/2026,19:05,J0048,Bosque Umbral,Ranked,Umbra,35,2.0,10,5,Victoria,750.0
6708,2026-05-25,18:44,J0010,Estacion Orbital,Casual,Magnus;Lienzo,18,3.0,8,7,Victoria,990.0
4565,2026-04-21,22:48,J0089,Estacion Orbital,Casual,Lienzo,31,5.0,3,2,Victoria,1040.0
8392,21/06/2026,20:05,J0041,Puerto Escarlata,Casual,Nadia;Magnus;Umbra,26,,5,5,Derrota,55000.0
4079,2026-04-12,20:52,J0003,Puerto Escarlata,Casual,Koro,26,4.0,7,7,Victoria,1110.0
641,2026-02-01,15:07,J0072,Estacion Orbital,Ranked,Tesla;Brisa,38,3.0,5,3,Victoria,850.0
1271,15/02/2026,00:18,J0022,Ciudadela,Casual,Lienzo,24,4.0,4,4,Victoria,1020.0
2779,2026-03-19,19:36,J0024,Puerto Escarlata,Ranked,Magnus,45,3.0,4,4,Victoria,920.0
1986,03/03/2026,19:32,J0113,Canales de Hielo,Casual,Tesla,19,1.0,7,2,Derrota,60.0
3862,2026-04-08,19:34,J0057,Estacion Orbital,Ranked,Nadia,33,9.0,1,1,Derrota,930.0
3481,2026-04-01,17:59,J0029,Bosque Umbral,Casual,Tesla;Vex;Magnus,25,4.0,7,3,Victoria,910.0
1535,21-02-26,22:59,J0078,Canales de Hielo,Casual,Lienzo;Magnus,14,2.0,5,7,Derrota,450.0
326,2026-01-24,22:32,J0006,Estacion Orbital,Casual,Koro,11,3.0,8,6,Victoria,940.0
2339,2026-03-10,12:25,J0025,Estacion Orbital,Ranked,Tesla;Brisa,23,3.0,3,4,Victoria,940.0
3981,11/04/2026,19:02,J0003,Canales de Hielo,Ranked,Koro;Nadia,40,0.0,3,4,Derrota,140.0
6999,2026-05-30,11:36,J0060,Puerto Escarlata,Casual,Brisa;Tesla;Lienzo,20,7.0,10,2,,600.0
4055,2026-04-12,21:49,J0003,Bosque Umbral,Casual,Koro;Tesla,30,6.0,5,8,Victoria,1400.0
2238,2026-03-08,20:14,J0078,Bosque Umbral,Ranked,Brisa;Nadia;Vex,29,4.0,9,4,Victoria,920.0
7232,2026-06-03,18:34,J0200,Bosque Umbral,Ranked,Koro,39,3.0,1,3,Victoria,930.0
9742,11/07/2026,22:44,J0011,Ciudadela,Ranked,,40,8.0,4,2,Derrota,
4831,26-04-26,10:44,J0049,Desierto Neon,Ranked,Umbra;Koro,32,,6,3,Victoria,930.0
865,06-02-26,18:59,J0013,Canales de Hielo,Casual,Lienzo,24,,6,2,,980.0
5786,2026-05-11,18:19,J0001,Ciudadela,Ranked,Tesla,30,8.0,6,4,DERROTA,880.0
5607,2026-05-09,20:14,J0091,Desierto Neon,Casual,Lienzo;Nadia,17,8.0,7,2,Victoria,1260.0
5295,2026-05-03,19:14,J0037,Estacion Orbital,Casual,Umbra,31,3.0,8,1,Derrota,190.0
372,2026-01-25,17:02,J0036,Estacion Orbital,Casual,Nadia;Tesla,25,4.0,10,4,Victoria,900.0
6408,21-05-26,20:54,J0200,Ciudadela,Casual,Magnus,28,8.0,6,3,Victoria,1330.0
5650,2026-05-09,11:38,J0189,Ciudadela,Ranked,Koro;Magnus;Lienzo,25,13.0,4,5,Derrota,1470.0
7049,31/05/2026,20:40,J0064,Puerto Escarlata,Casual,Magnus,9,5.0,4,2,Derrota,520.0
6002,15-05-26,20:44,J0018,Ciudadela,Ranked,Koro,35,2.0,1,6,Derrota,480.0
9358,06/07/2026,22:01,J0003,Bosque Umbral,Casual,Brisa,27,5.0,4,9,Victoria,1370.0
5867,2026-05-13,  07:01 ,J0059,Ciudadela,Casual,Brisa,19,7.0,2,6,Derrota,960.0
2365,2026-03-10,12:20,J0076,Canales de Hielo,Casual,Nadia,25,6.0,8,3,Victoria,1090.0
3214,27-03-26,20:51,J0083,Ciudadela,Casual,Magnus;Nadia,9,4.0,5,4,Victoria,1000.0
912,07/02/2026,15:41,J0011,Ciudadela,Torneo,Tesla,31,3.0,9,2,Derrota,220.0
9118,2026-07-03,20:08,J0054,Bosque Umbral,Ranked,Vex,24,5.0,4,5,DERROTA,670.0
7224,2026-06-03,14:00,J0029,Puerto Escarlata,Casual,Koro;Brisa,22,5.0,7,6,Derrota,660.0
6647,2026-05-24,07:10,J0016,Bosque Umbral,Casual,Vex;Brisa;Tesla,8,11.0,3,4,Derrota,1240.0
8499,2026-06-23,08:23,J0075,Canales de Hielo,Ranked,Nadia;Lienzo,31,7.0,4,7,Victoria,1470.0
6793,2026-05-27,23:17,J0019,Bosque Umbral,Torneo,Vex,29,8.0,7,7,,1510.0
7305,04/06/2026,17:35,J0018,Puerto Escarlata,Ranked,Tesla;Nadia,33,2.0,6,3,Derrota,230.0
1424,19/02/2026,  09:08 ,J0001,Canales de Hielo,Ranked,Koro,38,12.0,5,2,,1200.0
9881,2026-07-13,08:46,J0017,Ciudadela,Ranked,,27,9.0,5,3,Derrota,950.0
480,2026-01-27,19:46,J0006,Estacion Orbital,Ranked,  Nadia;Tesla ,45,7.0,6,6,Victoria,1380.0
663,2026-02-01,23:14,J0200,Desierto Neon,Casual,Magnus,32,9.0,4,3,Victoria,1470.0
4561,2026-04-21,19:29,J0018,Canales de Hielo,Ranked,Lienzo,24,5.0,7,4,Derrota,
9053,2026-07-01,19:56,J0101,Desierto Neon,Casual,Vex,28,9.0,5,7,Victoria,1650.0
8783,2026-06-27,17:37,J0093,Puerto Escarlata,Ranked,Brisa,36,4.0,3,2,Victoria,940.0
2989,2026-03-22,21:28,J0002,Puerto Escarlata,Ranked,Tesla;Koro,29,7.0,5,5,Victoria,1350.0
1120,2026-02-12,22:08,J0051,Puerto Escarlata,Torneo,Umbra,15,3.0,3,6,Derrota,540.0
2777,2026-03-19,20:34,J0061,Puerto Escarlata,Casual,Koro,24,6.0,5,3,Derrota,650.0
5654,10/05/2026,07:03,J0074,Puerto Escarlata,Ranked,Umbra;Nadia;Vex,40,9.0,6,7,Victoria,1630.0
5093,2026-04-30,15:05,J0073,Canales de Hielo,Casual,Brisa;Vex,9,1.0,2,7,Derrota,410.0
9043,01-07-26,22:01,J0191,Puerto Escarlata,Ranked,Vex,26,11.0,1,7,Victoria,1930.0
5200,2026-05-02,19:06,J0047,Puerto Escarlata,Ranked,Brisa,36,5.0,6,4,Derrota,580.0
4428,19/04/2026,10:08,J0037,Ciudadela,Ranked,Lienzo,36,3.0,3,4,Victoria,940.0
7560,2026-06-08,  23:42 ,J0142,Estacion Orbital,Casual,Umbra,17,4.0,7,2,Victoria,860.0
3982,11/04/2026,18:58,J0047,Bosque Umbral,Torneo,Umbra;Nadia,15,14.0,5,4,Victoria,2000.0
6465,2026-05-22,11:37,J0002,Ciudadela,Ranked,Lienzo,25,,4,5,Victoria,1470.0
2894,2026-03-21,10:26,J0108,Estacion Orbital,Ranked,Vex;Lienzo,27,4.0,8,5,Derrota,490.0
2670,16/03/2026,11:30,J0057,Ciudadela,Casual,  Koro;Magnus ,24,3.0,4,3,Derrota,370.0
3978,2026-04-11,16:39,J0030,Canales de Hielo,Casual,Koro,14,2.0,6,7,Victoria,930.0
5355,2026-05-05,20:47,J0120,Canales de Hielo,Casual,Koro;Magnus;Lienzo,31,6.0,2,2,Victoria,1160.0
280,23-01-26,19:24,J0024,Puerto Escarlata,Casual,Vex,32,8.0,6,2,  Victoria ,1280.0
6850,2026-05-28,12:50,J0103,Estacion Orbital,Ranked,Magnus;Nadia,38,13.0,6,4,Victoria,1880.0
6214,2026-05-18,13:03,J0005,Puerto Escarlata,Ranked,Magnus,38,7.0,4,7,Derrota,970.0
7144,2026-06-02,06:09,J0200,Puerto Escarlata,Ranked,Lienzo;Tesla,43,5.0,2,4,Derrota,660.0
1695,24/02/2026,09:33,J0016,Desierto Neon,Ranked,Umbra;Lienzo;Nadia,33,10.0,3,4,DERROTA,1140.0
8982,30-06-26,19:58,J0026,Estacion Orbital,Ranked,Umbra,41,5.0,4,2,Derrota,520.0
3480,01/04/2026,15:20,J0200,Puerto Escarlata,Casual,Magnus;Vex,19,10.0,3,3,Victoria,1590.0
4417,2026-04-19,21:01,J0109,Canales de Hielo,Ranked,Lienzo,36,9.0,2,6,Victoria,1660.0
9952,2026-07-14,20:09,J0038,Puerto Escarlata,Casual,Nadia,10,3.0,5,7,Derrota,
6310,2026-05-20,16:14,J0200,Puerto Escarlata,Casual,Brisa;Lienzo,25,7.0,6,5,Victoria,1330.0
8602,2026-06-25,17:41,J0010,Canales de Hielo,Ranked,Koro,38,,6,3,Derrota,730.0
8688,26-06-26,02:46,J0025,Bosque Umbral,Casual,Koro,12,2.0,5,3,Victoria,750.0
7914,14-06-26,05:53,J0012,Desierto Neon,Torneo,Lienzo;Magnus;Umbra,11,2.0,5,8,Derrota,500.0
4297,2026-04-17,20:19,J0127,Ciudadela,Ranked,Tesla,27,4.0,4,5,Victoria,1070.0
5468,2026-05-07,18:56,J0034,Puerto Escarlata,Casual,Vex,12,,2,5,Derrota,1210.0
4933,27/04/2026,15:39,J0092,Desierto Neon,Casual,Lienzo;Koro;Nadia,9,,3,5,Derrota,790.0
2210,2026-03-07,17:29,J0002,Estacion Orbital,Ranked,Brisa,31,4.0,7,10,Victoria,
5548,2026-05-08,16:28,J0143,Canales de Hielo,Casual,Nadia,32,2.0,6,3,Derrota,"230,0 pts"
9239,04-07-26,16:48,J0011,Estacion Orbital,Casual,Tesla;Koro,12,3.0,3,3,Victoria,890.0
185,21-01-26,18:02,J0020,Canales de Hielo,Ranked,Nadia;Umbra;Brisa,26,7.0,2,6,Victoria,1460.0
9997,14-07-26,04:16,J0003,Canales de Hielo,Casual,Umbra,17,5.0,6,9,Derrota,830.0
5403,05/05/2026,07:34,J0001,Ciudadela,Ranked,Umbra,32,5.0,7,5,Derrota,610.0
4517,2026-04-20,12:30,J0099,Estacion Orbital,Ranked,Nadia;Umbra,22,6.0,4,1,Derrota,
2351,2026-03-10,  23:35 ,J0167,Desierto Neon,Casual,Lienzo,28,9.0,9,6,Victoria,1520.0
554,29-01-26,15:52,J0042,Bosque Umbral,Ranked,Umbra,25,2.0,7,3,Derrota,210.0
1398,19/02/2026,  23:00 ,J0084,Estacion Orbital,Ranked,Lienzo,24,9.0,8,5,Victoria,1490.0
1385,2026-02-18,18:12,J0177,Canales de Hielo,Ranked,brisa,41,8.0,5,5,Derrota,950.0
4830,2026-04-26,22:54,J0032,Bosque Umbral,Ranked,Lienzo,45,3.0,7,5,Victoria,910.0
5153,2026-05-01,22:57,J0101,Bosque Umbral,Casual,Tesla,26,10.0,6,5,Derrota,1130.0
298,2026-01-24,19:05,J0040,Canales de Hielo,Ranked,Nadia;Magnus,39,5.0,6,8,Derrota,780.0
444,27/01/2026,15:48,J0013,Bosque Umbral,Casual,Tesla,22,8.0,1,1,Derrota,830.0
7466,07-06-26,13:19,J0027,Desierto Neon,Casual,Nadia,12,8.0,6,6,Victoria,1480.0
2078,05/03/2026,23:36,J0002,Puerto Escarlata,Ranked,Koro;Brisa,35,10.0,9,3,Victoria,1470.0
7949,2026-06-14,21:27,J0027,Puerto Escarlata,Ranked,Brisa,32,2.0,6,3,Derrota,230.0
2230,2026-03-08,22:08,J0197,Puerto Escarlata,Casual,Vex,20,5.0,8,3,Derrota,490.0
2843,2026-03-20,22:36,J0034,Bosque Umbral,Ranked,Lienzo,26,6.0,2,5,Victoria,1310.0
2538,2026-03-14,21:33,J0026,Desierto Neon,Ranked,Nadia,40,4.0,7,4,Victoria,960.0
8588,2026-06-25,16:21,J0051,Puerto Escarlata,Casual,Vex,25,3.0,7,3,Victoria,810.0
8372,2026-06-21,19:24,J0033,Puerto Escarlata,Casual,Brisa,10,7.0,4,3,Victoria,1270.0
6558,2026-05-23,20:34,J0200,Desierto Neon,Ranked,Magnus,31,8.0,4,3,  Derrota ,"870,0 pts"
3368,30/03/2026,12:00,J0103,Desierto Neon,Casual,Brisa,19,6.0,5,1,Derrota,550.0
7657,2026-06-10,21:05,J0080,Ciudadela,Ranked,Koro;Brisa,33,3.0,6,3,Victoria,830.0
2579,2026-03-15,18:19,J0016,Canales de Hielo,Casual,Nadia,8,8.0,6,4,Victoria,1380.0
1132,2026-02-12,01:24,J0094,Canales de Hielo,Casual,Umbra,27,5.0,4,6,,720.0
4907,2026-04-27,17:18,J0017,Estacion Orbital,Casual,Nadia;Koro,32,3.0,3,2,Derrota,340.0
321,2026-01-24,  13:48 ,J0072,Desierto Neon,Torneo,Koro,32,3.0,7,9,Victoria,1110.0
1372,2026-02-18,08:12,J0024,Estacion Orbital,Torneo,Brisa,28,5.0,4,4,Victoria,
4043,2026-04-12,08:11,J0039,Bosque Umbral,Ranked,Brisa,35,6.0,3,4,Derrota,740.0
7533,2026-06-08,16:23,J0200,Puerto Escarlata,Casual,Umbra,28,5.0,3,4,Victoria,1140.0
7709,11-06-26,18:51,J0105,Ciudadela,Casual,Vex;Brisa,18,9.0,7,5,Victoria,1510.0
908,07/02/2026,20:30,J0099,Estacion Orbital,Ranked,Nadia;Magnus;Koro,33,2.0,6,1,derrota,130.0
6067,2026-05-16,02:14,J0098,Ciudadela,Ranked,Koro;Vex;Nadia,45,15.0,5,6,Derrota,1700.0
3951,10-04-26,20:35,J0047,Canales de Hielo,Casual,Magnus,19,8.0,8,4,Victoria,1340.0
6735,26-05-26,21:07,J0016,Bosque Umbral,Casual,Vex,26,12.0,5,3,Victoria,1750.0
8956,2026-06-30,21:44,J0024,Canales de Hielo,Ranked,Nadia;Vex;Umbra,28,6.0,7,3,,610.0
8431,22-06-26,18:29,J0092,Ciudadela,Ranked,Magnus,43,7.0,6,3,Derrota,730.0
7690,2026-06-10,22:16,J0045,Desierto Neon,Casual,Nadia;Magnus,24,3.0,7,3,Derrota,310.0
6202,18/05/2026,17:13,J0007,Ciudadela,Ranked,Lienzo,22,3.0,5,7,Derrota,550.0
8474,23/06/2026,20:09,J0047,Puerto Escarlata,Ranked,Koro;Nadia;Lienzo,30,9.0,4,6,Victoria,1620.0
927,2026-02-08,19:41,J0019,Puerto Escarlata,Casual,Tesla,28,4.0,2,4,Victoria,1060.0
6254,2026-05-19,22:48,J0081,Ciudadela,Casual,Tesla,20,6.0,8,2,Victoria,1040.0
16,2026-01-16,07:32,J0200,Ciudadela,Ranked,Umbra;Magnus,31,9.0,5,4,Victoria,1500.0
144,2026-01-19,11:20,J0035,Desierto Neon,Torneo,Koro;Magnus,31,10.0,7,7,Victoria,1710.0
2364,10/03/2026,19:13,J0006,Ciudadela,Ranked,Umbra,44,3.0,2,6,Victoria,1060.0
130,19-01-26,01:53,J0016,Desierto Neon,Ranked,Lienzo,22,7.0,3,5,Victoria,1390.0
1162,2026-02-13,15:45,J0138,Estacion Orbital,Casual,Vex,16,7.0,6,2,Derrota,680.0
8244,19-06-26,18:01,J0081,Ciudadela,Casual,Vex;Tesla,19,8.0,4,3,Derrota,870.0
6240,2026-05-19,14:43,J0102,Puerto Escarlata,Ranked,Koro;Nadia,40,4.0,2,2,Victoria,960.0
7704,11-06-26,21:37,J0031,Bosque Umbral,Torneo,Umbra,22,5.0,2,4,Derrota,660.0
5131,2026-05-01,15:31,J0042,Estacion Orbital,Ranked,Nadia;Magnus,44,8.0,6,5,Victoria,1430.0
9612,10/07/2026,18:08,J0018,Estacion Orbital,Ranked,Magnus,24,6.0,1,4,Derrota,780.0
1877,2026-02-28,22:14,J0125,Desierto Neon,Torneo,Lienzo;Magnus,24,8.0,9,4,Derrota,820.0
2489,13-03-26,22:20,J0018,Bosque Umbral,Ranked,Lienzo,44,3.0,2,2,Derrota,360.0
9799,12/07/2026,07:50,J0069,Puerto Escarlata,Casual,Vex;Koro,26,16.0,5,3,Derrota,1650.0
9182,2026-07-04,19:44,J0107,Canales de Hielo,Casual,Brisa;Lienzo;Koro,27,4.0,5,11,Derrota,850.0
1183,14/02/2026,12:49,J0088,Canales de Hielo,Casual,Koro;Brisa;Nadia,10,6.0,3,8,Derrota,940.0
6246,2026-05-19,13:18,J0200,Estacion Orbital,Casual,Tesla;Nadia,26,6.0,0,1,VICTORIA,1150.0
6272,19-05-26,07:09,J0188,Ciudadela,Casual,,16,4.0,7,2,Victoria,860.0
1171,2026-02-14,19:49,J0012,Estacion Orbital,Casual,Nadia,23,4.0,7,2,Derrota,360.0
2183,07/03/2026,20:36,J0011,Puerto Escarlata,Casual,Vex,13,7.0,6,5,Derrota,830.0
3372,30-03-26,13:37,J0044,Bosque Umbral,Casual,Brisa;Tesla,8,5.0,5,3,Derrota,550.0
9415,07/07/2026,15:32,J0033,Estacion Orbital,Ranked,Brisa,33,6.0,2,4,Derrota,760.0
1860,2026-02-28,23:02,J0117,Bosque Umbral,Ranked,Lienzo,44,6.0,11,2,Derrota,480.0
2679,2026-03-16,20:06,J0200,Desierto Neon,Ranked,Umbra;Magnus,24,3.0,5,6,Victoria,1000.0
4865,2026-04-26,00:00,J0009,Puerto Escarlata,Casual,Brisa,24,4.0,8,2,Derrota,340.0
5396,05/05/2026,11:57,J0053,Puerto Escarlata,Ranked,Nadia;Koro,28,5.0,4,1,Derrota,470.0
9230,04-07-26,12:20,J0051,Estacion Orbital,Casual,Koro;Vex;Lienzo,22,11.0,3,2,DERROTA,1140.0
4953,2026-04-28,  13:13 ,J0017,Puerto Escarlata,Casual,Vex,14,5.0,7,2,Victoria,960.0
7513,2026-06-07,18:35,J0086,Bosque Umbral,Ranked,Lienzo,24,2.0,17,4,Victoria,560.0
6976,2026-05-30,06:38,J0040,Canales de Hielo,Ranked,Magnus,41,7.0,6,6,Victoria,1380.0
3122,2026-03-25,20:51,J0041,Desierto Neon,Casual,Umbra,29,2.0,6,6,Derrota,380.0
388,25/01/2026,13:09,J0067,Bosque Umbral,Casual,Lienzo;Umbra,17,4.0,0,3,Derrota,550.0
7919,14/06/2026,15:39,J0161,Canales de Hielo,Casual,Tesla;Koro,14,6.0,10,5,Victoria,1150.0
1033,2026-02-10,11:46,J0072,Puerto Escarlata,Casual,Brisa,31,4.0,5,3,Victoria,950.0
7986,2026-06-15,14:42,J0006,Puerto Escarlata,Ranked,Vex,23,5.0,10,3,Victoria,"950,0 pts"
7350,2026-06-05,17:03,J0168,Canales de Hielo,Ranked,Tesla;Umbra,36,4.0,2,4,Victoria,1060.0
932,08/02/2026,22:25,J0120,Ciudadela,Ranked,Brisa,31,4.0,3,3,Derrota,"490,0 pts"
4020,2026-04-11,17:29,J0034,Estacion Orbital,Ranked,Tesla;Nadia,39,6.0,5,3,Victoria,1150.0
692,2026-02-02,15:46,J0067,Estacion Orbital,Casual,Brisa,13,9.0,9,7,Victoria,1570.0
8315,2026-06-20,19:26,J0054,Estacion Orbital,Casual,,20,11.0,8,4,Derrota,1140.0
6776,27/05/2026,16:15,J0071,Puerto Escarlata,Torneo,Magnus,22,4.0,6,9,Derrota,730.0
830,2026-02-06,19:07,J0013,Estacion Orbital,Torneo,Umbra,17,7.0,9,5,Victoria,1270.0
3499,2026-04-01,23:12,J0027,Bosque Umbral,Casual,Brisa;Koro;Umbra,21,7.0,5,7,Victoria,1450.0
2082,2026-03-05,21:47,J0133,Bosque Umbral,Casual,Lienzo,21,2.0,5,1,Victoria,650.0
8981,2026-06-30,10:35,J0009,Estacion Orbital,Ranked,Brisa;Tesla,39,5.0,4,6,Derrota,720.0
9513,2026-07-09,15:56,J0050,Canales de Hielo,Ranked,  Brisa ,23,0.0,5,3,Derrota,50.0
45,2026-01-17,17:31,J0078,Puerto Escarlata,Casual,Nadia,28,7.0,3,5,Derrota,890.0
3940,2026-04-10,20:57,J0007,Puerto Escarlata,Ranked,Koro;Brisa;Tesla,37,13.0,5,2,Victoria,"1800,0 pts"
8695,26-06-26,18:21,J0025,Puerto Escarlata,Ranked,Koro,38,5.0,5,8,Derrota,"800,0 pts"
4685,2026-04-24,20:21,J0079,Bosque Umbral,Ranked,Lienzo,33,4.0,8,7,Victoria,1090.0
4320,2026-04-17,21:22,J0013,Desierto Neon,Casual,Tesla,18,8.0,6,9,Victoria,1630.0
2966,2026-03-22,20:14,J0167,Ciudadela,Ranked,Magnus;Lienzo,34,12.0,4,5,,1870.0
3970,2026-04-10,07:12,J0056,Ciudadela,Casual,Umbra,9,7.0,3,4,Victoria,1340.0
1188,14/02/2026,13:08,J0029,Bosque Umbral,Casual,Lienzo;Koro,25,2.0,4,6,Victoria,920.0
285,2026-01-23,20:49,J0046,Puerto Escarlata,Casual,,13,5.0,1,6,Victoria,1280.0
8943,2026-06-30,15:32,J0062,Canales de Hielo,Ranked,Brisa,43,3.0,6,6,Victoria,980.0
4160,2026-04-14,19:29,J0146,Bosque Umbral,Casual,Koro;Tesla,17,7.0,2,2,Derrota,760.0
3093,2026-03-24,20:35,J0134,Estacion Orbital,Ranked,Umbra;Lienzo,33,8.0,5,8,Derrota,1100.0
4557,21-04-26,12:58,J0155,Puerto Escarlata,Casual,Koro,26,8.0,5,6,Derrota,1000.0
6951,2026-05-30,17:36,J0084,Desierto Neon,Casual,Nadia,9,8.0,7,4,Victoria,1360.0
4324,17/04/2026,23:35,J0106,Ciudadela,Torneo,Tesla,29,6.0,3,8,Derrota,940.0
9680,2026-07-11,17:45,J0037,Bosque Umbral,Casual,LIENZO,21,5.0,3,5,Victoria,1190.0
5419,2026-05-06,14:03,J0127,Canales de Hielo,Ranked,Koro;Brisa,29,2.0,9,7,Derrota,370.0
3365,29-03-26,23:29,J0147,Bosque Umbral,Torneo,Tesla,14,3.0,1,5,Derrota,530.0
7764,2026-06-12,19:43,J0037,Ciudadela,Casual,Lienzo;Umbra,19,4.0,2,2,Victoria,960.0
3196,2026-03-27,19:04,J0109,Desierto Neon,Ranked,Magnus,39,5.0,5,4,  Victoria ,1100.0
5228,2026-05-02,14:10,J0027,Desierto Neon,Casual,Tesla;Umbra,16,5.0,2,7,Derrota,810.0
970,2026-02-08,19:59,J0093,Desierto Neon,Casual,NADIA,11,5.0,4,4,Victoria,1120.0
3735,06-04-26,20:25,J0012,Ciudadela,Ranked,Lienzo,25,4.0,5,2,VICTORIA,
926,08/02/2026,19:46,J0021,Puerto Escarlata,Casual,Nadia,18,13.0,4,2,Derrota,1320.0
9569,09-07-26,19:25,J0045,Canales de Hielo,Ranked,Koro,40,6.0,5,3,Derrota,650.0
9173,04-07-26,13:29,J0075,Puerto Escarlata,Casual,Lienzo;Nadia,20,8.0,5,5,Derrota,950.0
9375,2026-07-06,22:33,J0057,Bosque Umbral,Ranked,koro;magnus;nadia,34,6.0,7,8,Derrota,860.0
2852,20/03/2026,19:46,J0119,Ciudadela,Casual,  Lienzo ,12,10.0,10,4,Derrota,1000.0
5274,2026-05-03,19:29,J0029,Bosque Umbral,Casual,Lienzo;Brisa,19,3.0,3,5,Victoria,990.0
6250,2026-05-19,19:12,J0037,Bosque Umbral,Casual,Koro,12,7.0,10,5,Derrota,750.0
8935,30/06/2026,10:43,J0060,Puerto Escarlata,Ranked,brisa;tesla,36,2.0,5,7,Derrota,450.0
9265,2026-07-05,22:21,J0106,Canales de Hielo,Ranked,Umbra;Lienzo,27,13.0,10,1,Derrota,1150.0
4472,2026-04-20,12:27,J0003,Bosque Umbral,Casual,Koro;Brisa,29,4.0,5,5,derrota,550.0
5240,2026-05-03,20:42,J0021,Bosque Umbral,Ranked,Magnus,45,9.0,5,3,Derrota,950.0
4349,2026-04-18,16:41,J0048,Canales de Hielo,Casual,brisa,8,5.0,3,2,Derrota,540.0
8037,2026-06-16,16:17,J0010,Desierto Neon,Ranked,Tesla,29,4.0,4,4,Derrota,
3627,2026-04-04,20:37,J0004,Bosque Umbral,Ranked,Nadia;Koro,35,5.0,4,1,Derrota,470.0
1790,2026-02-27,11:14,J0014,Bosque Umbral,Ranked,Lienzo;Tesla,41,2.0,8,3,Victoria,690.0
8359,21-06-26,21:47,J0092,Canales de Hielo,Casual,Lienzo;Magnus,23,5.0,7,7,Derrota,710.0
2060,2026-03-04,22:30,J0034,Estacion Orbital,Ranked,Umbra,26,5.0,5,3,Derrota,550.0
4014,2026-04-11,17:11,J0029,Desierto Neon,Casual,Koro,30,4.0,1,6,Derrota,680.0
1903,2026-03-01,01:36,J0026,Canales de Hielo,Ranked,koro;umbra,29,4.0,3,5,Derrota,590.0
8130,17/06/2026,10:27,J0057,Canales de Hielo,Ranked,Umbra,30,3.0,8,5,Derrota,390.0
7045,2026-05-31,21:41,J0022,Bosque Umbral,Torneo,Umbra,23,5.0,9,1,Victoria,870.0
76,17/01/2026,18:51,J0025,Desierto Neon,Casual,Koro,23,6.0,6,3,derrota,630.0
2346,2026-03-10,07:58,J0121,Canales de Hielo,Casual,Koro,21,2.0,6,2,Victoria,680.0
8150,18/06/2026,16:05,J0053,Bosque Umbral,Casual,Lienzo,30,4.0,3,5,Victoria,1090.0
431,26/01/2026,20:42,J0031,Bosque Umbral,Casual,Tesla;Lienzo,30,4.0,10,4,Derrota,400.0
4587,2026-04-22,19:30,J0077,Desierto Neon,Ranked,magnus,25,3.0,4,8,Victoria,1120.0
6486,2026-05-22,20:04,J0148,Canales de Hielo,Ranked,Brisa;Tesla,40,1.0,3,1,Derrota,90.0
8926,2026-06-29,21:25,J0151,Ciudadela,Ranked,Umbra;Koro,38,4.0,6,3,Victoria,930.0
8238,2026-06-19,23:08,J0044,Bosque Umbral,Casual,Lienzo;Magnus,24,9.0,5,3,Victoria,1450.0
7303,2026-06-04,11:36,J0010,Bosque Umbral,Casual,Magnus;Brisa,18,5.0,7,3,Derrota,"510,0 pts"
1554,2026-02-21,19:39,J0133,Desierto Neon,Casual,Magnus;Umbra,28,4.0,3,2,Victoria,"940,0 pts"
241,2026-01-22,21:22,J0044,Estacion Orbital,Ranked,Tesla,37,6.0,4,7,Derrota,870.0
784,2026-02-04,22:27,J0075,Estacion Orbital,Casual,Koro;Umbra,20,7.0,6,3,Victoria,1230.0
3067,2026-03-24,12:11,J0008,Canales de Hielo,Casual,Magnus;Brisa,26,4.0,4,4,Derrota,520.0
978,2026-02-08,20:02,J0056,Desierto Neon,Ranked,Nadia;Vex,37,8.0,5,5,Victoria,1450.0
2942,22/03/2026,17:02,J0032,Desierto Neon,Casual,Tesla,13,7.0,2,3,Victoria,"1310,0 pts"
7755,2026-06-12,03:27,J0131,Desierto Neon,Ranked,Brisa;Koro,26,7.0,3,0,  Victoria ,1140.0
8188,2026-06-18,22:47,J0052,Puerto Escarlata,Casual,Koro;Magnus,21,7.0,7,2,Victoria,1160.0
1621,23/02/2026,05:43,J0023,Desierto Neon,Casual,Brisa,9,11.0,4,3,Derrota,1170.0
2147,2026-03-06,21:24,J0007,Bosque Umbral,Torneo,Vex,18,9.0,7,2,Victoria,1360.0
1802,27/02/2026,10:44,J0074,Puerto Escarlata,Casual,Lienzo,14,6.0,7,6,Derrota,760.0
2096,2026-03-05,20:16,J0026,Puerto Escarlata,Torneo,MAGNUS;VEX,29,11.0,7,7,Victoria,1810.0
8729,2026-06-27,16:55,J0005,Estacion Orbital,Casual,Umbra,18,5.0,7,4,Derrota,"560,0 pts"
5341,2026-05-04,20:26,J0181,Canales de Hielo,Ranked,Vex,31,10.0,5,4,Victoria,1600.0
1358,2026-02-18,13:09,J0144,Estacion Orbital,Ranked,Vex,23,10.0,5,2,Victoria,1500.0
8197,2026-06-18,19:56,J0133,Estacion Orbital,Casual,Umbra,21,4.0,4,3,Derrota,470.0
6160,2026-05-17,20:35,J0095,Ciudadela,Ranked,Brisa,22,9.0,2,4,Derrota,1060.0
4626,2026-04-23,00:29,J0021,Estacion Orbital,Casual,Vex,14,13.0,5,4,Derrota,1400.0
6127,17/05/2026,16:11,J0183,Canales de Hielo,Casual,Koro,27,4.0,3,4,Victoria,1040.0
6341,20/05/2026,23:19,J0031,Ciudadela,Ranked,Tesla;Lienzo,39,4.0,5,5,Derrota,550.0
9237,04/07/2026,17:47,J0040,Puerto Escarlata,Ranked,Vex;Tesla,31,6.0,10,4,Derrota,600.0
8350,2026-06-21,22:45,J0141,Canales de Hielo,Torneo,Lienzo;Koro,16,5.0,4,5,Victoria,1170.0
1610,22-02-26,20:12,J0121,Bosque Umbral,Ranked,Brisa,42,4.0,8,5,Victoria,990.0
3097,2026-03-25,19:30,J0010,Puerto Escarlata,Ranked,Magnus,22,5.0,5,3,Derrota,550.0
5633,09-05-26,13:47,J0014,Ciudadela,Ranked,Brisa;Vex,43,3.0,7,3,Victoria,810.0
2416,2026-03-12,17:51,J0087,Estacion Orbital,Ranked,Lienzo,35,10.0,6,2,Victoria,"1480,0 pts"
2018,2026-03-03,21:11,J0015,Puerto Escarlata,Casual,VEX,19,10.0,7,3,Victoria,1510.0
6128,17-05-26,19:45,J0006,Estacion Orbital,Casual,Brisa,19,5.0,4,6,Victoria,1220.0
4126,2026-04-13,01:40,J0097,Canales de Hielo,Casual,Koro,12,4.0,6,5,Derrota,530.0
9876,2026-07-13,19:15,J0072,Desierto Neon,Ranked,Magnus;Umbra,26,2.0,2,5,derrota,410.0
3247,2026-03-28,20:44,J0141,Bosque Umbral,Ranked,Nadia,42,8.0,4,4,Derrota,920.0
125,19-01-26,08:24,J0102,Bosque Umbral,Torneo,Koro;Magnus,10,3.0,5,4,Derrota,400.0
6761,26/05/2026,12:47,J0078,Desierto Neon,Torneo,Vex;Magnus;Nadia,19,7.0,5,3,Victoria,1250.0
5639,2026-05-09,16:52,J0047,Puerto Escarlata,Casual,Vex;Nadia;Magnus,19,16.0,1,1,Victoria,2130.0
7592,2026-06-09,04:08,J0063,Puerto Escarlata,Casual,Umbra;Lienzo,19,12.0,4,3,Victoria,1770.0
9228,2026-07-04,16:38,J0046,Canales de Hielo,Casual,Lienzo;Vex,9,6.0,7,9,Victoria,1410.0
3342,2026-03-29,23:42,J0003,Desierto Neon,Ranked,Magnus,24,6.0,5,6,Derrota,800.0
599,2026-01-31,13:23,J0020,Desierto Neon,Ranked,Lienzo,42,4.0,4,2,Victoria,920.0
2124,2026-03-06,18:03,J0078,Desierto Neon,Torneo,Umbra,22,4.0,3,4,Victoria,1040.0
7223,2026-06-03,22:13,J0115,Estacion Orbital,Ranked,Tesla;Brisa;Nadia,27,7.0,0,4,Derrota,900.0
6384,2026-05-21,12:15,J0027,Puerto Escarlata,Ranked,Brisa;Lienzo;Magnus,38,8.0,6,4,Derrota,880.0
7174,02-06-26,10:27,J0080,Ciudadela,Casual,,21,8.0,1,1,,830.0
9735,2026-07-11,10:07,J0200,Bosque Umbral,Casual,Nadia;Vex,16,12.0,5,6,Derrota,1400.0
2198,2026-03-07,20:59,J0025,Estacion Orbital,Casual,Nadia;Vex,26,5.0,1,4,Victoria,1180.0
4052,2026-04-12,19:24,J0075,Ciudadela,Casual,Magnus,18,9.0,7,6,Victoria,1560.0
6164,17/05/2026,05:37,J0056,Puerto Escarlata,Casual,Koro;Lienzo,13,,6,6,Derrota,280.0
3363,2026-03-29,18:05,J0015,Puerto Escarlata,Ranked,umbra;magnus;nadia,40,7.0,4,4,Derrota,820.0
7424,2026-06-06,21:11,J0023,Puerto Escarlata,Casual,Brisa,16,4.0,8,2,Derrota,340.0
726,2026-02-03,14:24,J0041,Estacion Orbital,Ranked,Lienzo,41,2.0,5,6,derrota,400.0
5024,2026-04-29,14:41,J0134,Canales de Hielo,Ranked,Vex,31,11.0,3,1,Victoria,1590.0
979,2026-02-08,19:03,J0007,Bosque Umbral,Casual,Vex;Tesla,29,17.0,3,5,Derrota,1890.0
809,05-02-26,17:51,J0095,Estacion Orbital,Casual,Koro,31,6.0,5,1,Victoria,1050.0
5158,02/05/2026,18:17,J0009,Canales de Hielo,Ranked,Brisa;Nadia;Umbra,27,3.0,9,3,Victoria,770.0
1476,20/02/2026,20:08,J0034,Bosque Umbral,Casual,Brisa;Umbra,32,6.0,8,4,Derrota,640.0
9214,04/07/2026,20:54,J0031,Ciudadela,Ranked,Lienzo,38,4.0,6,1,,830.0
9107,2026-07-02,13:26,J0059,Bosque Umbral,Torneo,Umbra,31,5.0,5,8,Victoria,1300.0
7632,2026-06-09,22:47,J0047,Puerto Escarlata,Casual,Vex,24,15.0,3,5,Victoria,2190.0
3963,10-04-26,18:47,J0003,Desierto Neon,Casual,Koro;Umbra;Nadia,29,7.0,10,1,Victoria,1050.0
6536,2026-05-23,13:59,J0014,Canales de Hielo,Ranked,Tesla,35,,7,2,Victoria,660.0
5533,2026-05-08,19:11,J0004,Estacion Orbital,Casual,Umbra,26,4.0,3,6,Derrota,640.0
1236,2026-02-15,01:30,J0021,Puerto Escarlata,Casual,  Nadia;Koro ,21,4.0,4,4,Derrota,"520,0 pts"
1226,2026-02-15,18:53,J0018,Puerto Escarlata,Casual,Brisa;Nadia,32,4.0,3,5,Derrota,590.0
8103,17/06/2026,19:39,J0040,Canales de Hielo,Ranked,Lienzo,38,5.0,5,4,Victoria,1100.0
6381,2026-05-21,12:01,J0200,Desierto Neon,Ranked,Magnus;Koro;Vex,42,14.0,3,9,Victoria,2290.0
5392,2026-05-05,13:10,J0029,Puerto Escarlata,Torneo,Vex,16,14.0,3,2,Derrota,1440.0
5181,02-05-26,18:08,J0015,Desierto Neon,Casual,Nadia,11,8.0,6,5,Victoria,
4783,2026-04-25,18:52,J0015,Canales de Hielo,Ranked,Tesla;Umbra,31,14.0,2,0,Derrota,1360.0
3218,27/03/2026,14:50,J0025,Canales de Hielo,Casual,Koro,28,1.0,4,5,Victoria,770.0
288,2026-01-23,18:34,J0129,Bosque Umbral,Torneo,,29,4.0,2,2,Victoria,960.0
5134,2026-05-01,20:31,J0038,Canales de Hielo,Torneo,Vex,14,6.0,4,4,Victoria,1220.0
2967,22-03-26,14:21,J0015,Puerto Escarlata,Ranked,Umbra,24,7.0,5,3,Derrota,750.0
3165,2026-03-26,20:16,J0040,Puerto Escarlata,Casual,magnus,23,7.0,2,2,Victoria,1260.0
6110,17-05-26,13:59,J0042,Bosque Umbral,Ranked,Magnus;Lienzo;Vex,23,4.0,8,3,Derrota,390.0
8957,2026-06-30,19:42,J0084,Estacion Orbital,Casual,Brisa,26,6.0,2,5,Derrota,810.0
1658,2026-02-23,21:30,J0177,Estacion Orbital,Casual,Brisa;Lienzo;Umbra,22,12.0,3,2,Victoria,1740.0
1976,02-03-26,17:05,J0108,Bosque Umbral,Casual,  Vex;Tesla ,25,9.0,3,5,Victoria,1590.0
2398,2026-03-11,09:38,J0049,Desierto Neon,Casual,Koro;Umbra,16,3.0,7,6,Victoria,960.0
453,2026-01-27,20:13,J0137,Bosque Umbral,Ranked,Magnus,45,10.0,4,2,Derrota,1020.0
8166,2026-06-18,17:26,J0023,Canales de Hielo,Ranked,Nadia,44,7.0,3,6,Derrota,"940,0 pts"
6322,2026-05-20,19:32,J0066,Desierto Neon,Ranked,Brisa,45,10.0,7,7,Victoria,1710.0
3682,2026-04-05,08:00,J0036,Puerto Escarlata,Ranked,Magnus;Nadia,29,6.0,3,2,Victoria,1140.0
423,2026-01-26,11:36,J0067,Puerto Escarlata,Casual,,27,5.0,3,2,Derrota,540.0
6309,20-05-26,21:34,J0004,Ciudadela,Ranked,Magnus;Nadia,37,2.0,4,5,Derrota,370.0
658,01-02-26,03:10,J0029,Bosque Umbral,Ranked,Magnus,41,3.0,7,4,,360.0
3302,2026-03-28,14:18,J0078,Puerto Escarlata,Casual,Lienzo,29,6.0,8,5,Derrota,690.0
5945,2026-05-14,14:15,J0025,Ciudadela,Ranked,Vex,37,6.0,5,5,Derrota,750.0
2846,2026-03-20,19:46,J0085,Estacion Orbital,Ranked,Koro,29,9.0,11,3,Victoria,1330.0
6122,2026-05-17,20:41,J0166,Canales de Hielo,Casual,Tesla,22,5.0,3,3,Derrota,590.0
7627,09-06-26,20:42,J0103,Bosque Umbral,Ranked,lienzo;koro,45,8.0,6,3,Victoria,1330.0
1002,2026-02-09,11:13,J0049,Ciudadela,Casual,Magnus;Brisa,10,1.0,4,1,DERROTA,70.0
4199,2026-04-15,19:44,J0006,Puerto Escarlata,Casual,Nadia,32,10.0,5,4,,1100.0
2419,12/03/2026,20:04,J0039,Canales de Hielo,Casual,Magnus,17,13.0,6,4,Derrota,1380.0
7611,2026-06-09,11:45,J0009,Ciudadela,Casual,Nadia,17,1.0,2,5,Victoria,810.0
7969,15-06-26,15:55,J0024,Desierto Neon,Ranked,Vex;Brisa,30,10.0,1,3,Victoria,1630.0
3848,2026-04-08,14:16,J0004,Puerto Escarlata,Ranked,Vex;Koro,38,7.0,2,4,victoria,1360.0
962,2026-02-08,14:46,J0054,Desierto Neon,Ranked,Brisa;Nadia,36,10.0,2,3,Derrota,1110.0
1581,22-02-26,21:46,J0020,Canales de Hielo,Casual,Tesla,8,9.0,7,2,Derrota,860.0
5301,2026-05-04,22:50,J0009,Estacion Orbital,Casual,Tesla,32,0.0,6,4,Victoria,580.0
2207,2026-03-07,18:28,J0022,Ciudadela,Ranked,Nadia;Tesla,29,6.0,8,5,Victoria,
6424,2026-05-21,21:01,J0006,Desierto Neon,Torneo,,24,4.0,5,2,Derrota,400.0
5981,2026-05-15,20:11,J0039,Desierto Neon,Ranked,Koro,39,10.0,5,7,Victoria,1750.0
4232,2026-04-15,21:49,J0111,Desierto Neon,Casual,,8,9.0,5,5,Victoria,1550.0
758,04/02/2026,06:07,J0003,Desierto Neon,Casual,Brisa;Magnus;Koro,26,4.0,6,4,Derrota,"480,0 pts"
2285,09/03/2026,11:37,J0155,Ciudadela,Ranked,Brisa,42,4.0,10,6,DERROTA,500.0
8294,20-06-26,14:15,J0002,Canales de Hielo,Ranked,Tesla,39,9.0,1,7,Victoria,1730.0
5670,2026-05-10,22:30,J0059,Ciudadela,Casual,Magnus;Vex,23,7.0,6,3,Derrota,
9171,2026-07-04,20:33,J0013,Canales de Hielo,Casual,Lienzo,18,6.0,10,2,Victoria,1000.0
808,05/02/2026,20:00,J0096,Ciudadela,Casual,Koro,14,4.0,4,5,Victoria,1070.0
6033,2026-05-16,21:31,J0066,Puerto Escarlata,Ranked,Koro;Brisa,38,5.0,2,5,Victoria,1210.0
7851,13/06/2026,17:55,J0045,Bosque Umbral,Casual,Umbra;Brisa,29,5.0,10,3,Derrota,450.0
1957,2026-03-02,19:13,J0143,Desierto Neon,Casual,Vex;Koro,17,3.0,1,7,Victoria,1130.0
2446,12-03-26,15:07,J0013,Estacion Orbital,Ranked,Umbra;Brisa;Koro,39,8.0,4,4,Derrota,920.0
9507,08/07/2026,11:48,J0047,Desierto Neon,Casual,tesla,25,12.0,7,7,Derrota,1410.0
8243,2026-06-19,18:56,J0200,Bosque Umbral,Casual,Nadia,8,7.0,6,5,Derrota,830.0
6249,19-05-26,22:25,J0092,Canales de Hielo,Casual,Magnus,29,6.0,9,4,Derrota,620.0
2403,2026-03-11,22:25,J0058,Desierto Neon,Ranked,Koro;Lienzo,34,5.0,5,4,Derrota,600.0
1074,2026-02-11,22:43,J0006,Desierto Neon,Ranked,Brisa,43,3.0,4,4,Derrota,420.0
6674,2026-05-25,11:39,J0006,Bosque Umbral,Casual,Brisa;Umbra;Koro,13,8.0,1,6,Victoria,1580.0
4241,16/04/2026,17:00,J0180,Puerto Escarlata,Ranked,Koro,41,8.0,4,5,Victoria,1470.0
8577,25/06/2026,14:33,J0044,Estacion Orbital,Casual,Koro;Brisa,11,3.0,7,2,Victoria,760.0
2092,05/03/2026,19:30,J0036,Puerto Escarlata,Ranked,Tesla;Vex;Brisa,36,,5,4,Derrota,700.0
4528,2026-04-21,06:29,J0011,Bosque Umbral,Casual,Koro;Lienzo,9,5.0,2,6,Victoria,1260.0
8302,2026-06-20,17:40,J0098,Puerto Escarlata,Casual,Brisa,29,8.0,9,3,Derrota,770.0
6915,2026-05-29,18:53,J0080,Puerto Escarlata,Casual,Tesla,11,1.0,5,4,Victoria,700.0
7363,2026-06-05,09:34,J0144,Ciudadela,Ranked,Umbra,37,4.0,6,8,,1180.0
7551,2026-06-08,19:46,J0016,Desierto Neon,Casual,,17,12.0,4,8,Derrota,
9408,2026-07-07,23:05,J0027,Canales de Hielo,Ranked,Magnus;Nadia,43,8.0,5,6,Derrota,1000.0
6957,2026-05-30,20:50,J0044,Desierto Neon,Casual,Koro;Tesla,30,9.0,6,2,Victoria,1380.0
1004,2026-02-09,22:35,J0125,Canales de Hielo,Casual,,12,6.0,3,2,Derrota,640.0
9170,2026-07-04,16:35,J0169,Bosque Umbral,Ranked,Vex;Lienzo,31,5.0,5,4,Derrota,600.0
6679,2026-05-25,18:20,J0097,Bosque Umbral,Casual,Brisa,27,5.0,8,4,Derrota,540.0
5404,2026-05-05,18:11,J0027,Puerto Escarlata,Casual,Magnus,16,2.0,3,4,Victoria,840.0
4652,23/04/2026,19:08,J0028,Desierto Neon,Casual,Umbra,16,4.0,4,6,Victoria,1120.0
9651,2026-07-11,13:16,J0022,Estacion Orbital,Casual,Magnus;Koro,12,3.0,3,5,Victoria,990.0
1486,2026-02-20,17:33,J0018,Desierto Neon,Casual,Vex,22,6.0,5,4,Victoria,1200.0
7737,2026-06-11,19:12,J0054,Puerto Escarlata,Ranked,Tesla,34,3.0,2,2,  Derrota ,360.0
1412,2026-02-19,00:14,J0155,Canales de Hielo,Torneo,Brisa,20,5.0,5,1,Victoria,950.0
7645,2026-06-10,14:36,J0028,Puerto Escarlata,Torneo,Tesla,12,3.0,9,1,Victoria,670.0
710,2026-02-02,15:41,J0042,Puerto Escarlata,Torneo,,15,3.0,4,3,Victoria,870.0
5016,2026-04-29,09:35,J0008,Estacion Orbital,Casual,Vex,18,10.0,6,8,Derrota,1280.0
8178,2026-06-18,22:17,J0167,Desierto Neon,Casual,Lienzo,19,7.0,2,3,Victoria,1310.0
7337,2026-06-05,19:13,J0013,Ciudadela,Ranked,Tesla,44,5.0,3,3,Derrota,590.0
3077,2026-03-24,18:18,J0057,Ciudadela,Casual,Vex;Lienzo,11,8.0,2,4,Derrota,
6124,17/05/2026,13:23,J0116,Bosque Umbral,Casual,Umbra;Lienzo;Nadia,26,14.0,4,7,Derrota,1670.0
4102,12-04-26,21:09,J0200,Estacion Orbital,Casual,Brisa;Vex,12,7.0,5,3,Victoria,1250.0
5206,2026-05-02,20:49,J0022,Desierto Neon,Ranked,Umbra,38,1.0,3,6,derrota,340.0
2723,2026-03-17,21:35,J0105,Ciudadela,Casual,Vex,11,9.0,8,4,Victoria,1440.0
9430,2026-07-07,10:32,J0034,Estacion Orbital,Casual,Magnus,9,7.0,4,8,Victoria,1520.0
1269,2026-02-15,19:27,J0025,Bosque Umbral,Casual,Tesla;Magnus,26,6.0,9,4,Derrota,
2463,13-03-26,21:30,J0018,Bosque Umbral,Ranked,Brisa;Nadia,22,1.0,3,5,Victoria,790.0
5562,08-05-26,07:27,J0024,Bosque Umbral,Casual,VEX,18,8.0,3,4,Victoria,"1440,0 pts"
269,23-01-26,18:00,J0046,Bosque Umbral,Torneo,Tesla,20,3.0,6,4,Derrota,380.0
3581,03-04-26,21:47,J0187,Desierto Neon,Casual,Brisa;Umbra,18,2.0,4,3,Victoria,770.0
4751,2026-04-24,22:43,J0013,Bosque Umbral,Casual,UMBRA,25,6.0,3,6,Derrota,840.0
6095,2026-05-17,21:26,J0010,Bosque Umbral,Ranked,Brisa,44,5.0,6,8,Victoria,1280.0
5033,29-04-26,16:44,J0002,Puerto Escarlata,Casual,Magnus,29,3.0,6,5,Derrota,430.0
8267,2026-06-20,17:15,J0117,Estacion Orbital,Ranked,Umbra,24,5.0,3,3,Victoria,1090.0
6718,2026-05-25,01:16,J0020,Desierto Neon,Casual,  Magnus;Umbra ,31,5.0,4,5,Derrota,670.0
2822,2026-03-20,10:40,J0085,Canales de Hielo,Torneo,Lienzo;Tesla;Umbra,12,10.0,4,5,Derrota,1170.0
7797,2026-06-12,23:41,J0009,Estacion Orbital,Ranked,Nadia;Tesla;Vex,29,8.0,5,6,Victoria,1500.0
590,30-01-26,11:28,J0020,Ciudadela,Casual,Umbra;Koro,15,15.0,2,3,Derrota,1610.0
8381,2026-06-21,20:25,J0070,Bosque Umbral,Ranked,Magnus;Nadia,42,,2,4,Derrota,
5350,05-05-26,19:23,J0025,Estacion Orbital,Casual,Koro,9,2.0,7,1,Derrota,110.0
6779,2026-05-27,00:04,J0046,Bosque Umbral,Ranked,Magnus;Lienzo;Umbra,35,6.0,9,5,Derrota,670.0
7786,2026-06-12,21:40,J0107,Canales de Hielo,Casual,Tesla,29,5.0,3,5,  Victoria ,1190.0
7966,2026-06-15,10:37,J0151,Desierto Neon,Casual,Tesla;Vex,14,15.0,5,2,Victoria,"2000,0 pts"
5560,2026-05-08,10:51,J0038,Estacion Orbital,Ranked,Nadia;Lienzo;Tesla,27,3.0,4,3,Derrota,370.0
9186,2026-07-04,22:26,J0050,Canales de Hielo,Casual,,16,2.0,7,5,Derrota,310.0
2029,2026-03-04,15:08,J0025,Puerto Escarlata,Torneo,Vex,26,13.0,1,3,Derrota,1430.0
9423,2026-07-07,16:11,J0057,Estacion Orbital,Casual,Nadia;Tesla,10,7.0,4,2,Derrota,720.0
678,02-02-26,00:53,J0024,Estacion Orbital,Casual,Tesla,12,2.0,3,4,Victoria,840.0
5864,2026-05-13,11:47,J0025,Bosque Umbral,Ranked,Koro;Vex,22,7.0,7,1,derrota,610.0
1233,15/02/2026,16:29,J0143,Desierto Neon,Ranked,Umbra,38,5.0,5,1,Victoria,950.0
8836,28-06-26,02:59,J0037,Puerto Escarlata,Casual,Magnus;Brisa,32,5.0,3,8,Victoria,1340.0
7229,2026-06-03,00:49,J0034,Ciudadela,Ranked,Magnus;Tesla,41,4.0,3,2,Derrota,440.0
5124,01-05-26,19:29,J0006,Desierto Neon,Ranked,Koro,25,6.0,4,4,Derrota,720.0
4857,26/04/2026,21:28,J0058,Puerto Escarlata,Casual,Umbra;Magnus;Vex,20,13.0,5,1,Derrota,1250.0
8217,2026-06-19,17:23,J0142,Desierto Neon,Casual,Lienzo;Nadia,24,4.0,5,2,Derrota,400.0
2433,2026-03-12,20:36,J0024,Bosque Umbral,Casual,magnus;vex,11,9.0,14,1,Victoria,1170.0
8164,2026-06-18,15:57,J0055,Puerto Escarlata,Casual,Brisa;Koro,14,3.0,5,3,Victoria,850.0
8377,21-06-26,19:24,J0048,Desierto Neon,Ranked,Umbra;Nadia,37,5.0,5,4,Victoria,
9645,10/07/2026,12:43,J0040,Estacion Orbital,Ranked,Tesla,27,7.0,4,6,Victoria,1420.0
9135,2026-07-03,06:09,J0039,Puerto Escarlata,Ranked,Magnus,40,4.0,5,4,Derrota,500.0
897,2026-02-07,23:22,J0011,Ciudadela,Ranked,Magnus,26,4.0,5,5,Derrota,550.0
1612,2026-02-22,22:49,J0069,Ciudadela,Torneo,,21,3.0,3,2,Derrota,
6591,2026-05-24,09:16,J0005,Bosque Umbral,Casual,Tesla;Nadia,10,9.0,6,6,Victoria,1580.0
5611,2026-05-09,20:52,J0200,Puerto Escarlata,Ranked,Umbra;Koro,28,9.0,12,5,Derrota,910.0
7589,09-06-26,16:34,J0200,Desierto Neon,Casual,Magnus,15,10.0,10,5,Derrota,1050.0
3807,08-04-26,13:07,J0047,Bosque Umbral,Casual,Magnus,16,10.0,9,5,Derrota,1070.0
6130,2026-05-17,00:13,J0172,Ciudadela,Ranked,Magnus;Umbra,32,3.0,4,4,Derrota,420.0
5640,2026-05-09,03:17,J0018,Desierto Neon,Torneo,Lienzo,19,1.0,3,4,derrota,240.0
4702,24-04-26,19:45,J0111,Canales de Hielo,Ranked,Nadia;Koro;Magnus,40,0.0,3,8,,340.0
3962,2026-04-10,22:52,J0047,Bosque Umbral,Casual,Lienzo;Magnus,29,12.0,3,4,Victoria,1840.0
6686,25/05/2026,18:51,J0024,Canales de Hielo,Casual,Brisa,15,11.0,8,5,Victoria,1690.0
891,2026-02-07,13:14,J0098,Desierto Neon,Casual,Umbra;Tesla;Vex,17,10.0,4,3,Derrota,1070.0
9767,12-07-26,17:20,J0026,Puerto Escarlata,Casual,Lienzo,23,7.0,7,5,Victoria,1310.0
7636,10/06/2026,21:11,J0181,Puerto Escarlata,Casual,Umbra;Magnus,19,10.0,6,4,Victoria,1580.0
6991,2026-05-30,14:19,J0066,Estacion Orbital,Ranked,Koro;Brisa,43,8.0,3,1,Derrota,790.0
5187,2026-05-02,15:52,J0002,Bosque Umbral,Ranked,,22,6.0,6,5,Derrota,730.0
7055,2026-05-31,15:06,J0108,Canales de Hielo,Torneo,Brisa,13,5.0,7,1,Derrota,410.0
6920,29/05/2026,16:14,J0123,Canales de Hielo,Ranked,Vex;Lienzo,40,11.0,5,3,Victoria,1650.0
2800,2026-03-19,00:36,J0012,Canales de Hielo,Ranked,Tesla;Nadia,39,2.0,3,2,Derrota,240.0
585,30-01-26,23:56,J0200,Estacion Orbital,Ranked,Brisa,41,6.0,9,8,Derrota,820.0
3269,28/03/2026,22:24,J0037,Canales de Hielo,Casual,Lienzo;Vex,11,11.0,8,4,Derrota,1140.0
3933,2026-04-10,19:56,J0068,Ciudadela,Casual,Magnus,8,4.0,5,1,Derrota,350.0
1261,2026-02-15,20:50,J0005,Estacion Orbital,Casual,Vex,24,12.0,4,7,DERROTA,1470.0
9385,2026-07-07,16:52,J0084,Estacion Orbital,Ranked,Nadia,33,1.0,4,3,Derrota,170.0
311,2026-01-24,16:53,J0091,Estacion Orbital,Casual,Tesla,23,10.0,4,6,,1720.0
7923,14-06-26,16:28,J0064,Puerto Escarlata,Ranked,Lienzo,22,4.0,2,5,  Derrota ,610.0
5035,29-04-26,13:57,J0128,Estacion Orbital,Casual,Umbra,25,6.0,5,1,Derrota,550.0
7146,02-06-26,20:35,J0029,Bosque Umbral,Torneo,Vex,11,6.0,7,7,Derrota,810.0
9172,2026-07-04,16:34,J0024,Bosque Umbral,Ranked,Umbra,25,6.0,7,6,Victoria,1260.0
4669,2026-04-23,19:15,J0200,Estacion Orbital,Casual,Brisa,17,8.0,5,2,  Derrota ,800.0
4299,2026-04-17,02:50,J0198,Ciudadela,Casual,Koro,31,3.0,7,2,Victoria,760.0
3784,2026-04-07,01:54,J0046,Ciudadela,Casual,Nadia,12,8.0,5,1,,1250.0
1009,2026-02-09,18:07,J0064,Desierto Neon,Ranked,Vex;Magnus,30,7.0,6,5,Derrota,830.0
8420,22-06-26,21:54,J0021,Desierto Neon,Casual,Vex,18,12.0,9,6,Victoria,1820.0
2186,2026-03-07,23:07,J0025,Desierto Neon,Ranked,Tesla,38,2.0,5,5,Victoria,850.0
3624,2026-04-04,20:46,J0003,Desierto Neon,Ranked,Vex,34,2.0,6,8,Victoria,980.0
7164,2026-06-02,22:17,J0002,Puerto Escarlata,Torneo,Magnus,28,6.0,3,3,Victoria,1190.0
5012,2026-04-29,21:41,J0021,Ciudadela,Ranked,Vex;Lienzo,35,12.0,6,4,Victoria,1780.0
9747,2026-07-11,20:03,J0056,Puerto Escarlata,Casual,Tesla,19,1.0,5,6,Derrota,300.0
5641,2026-05-09,15:29,J0077,Ciudadela,Ranked,Nadia;Tesla,32,3.0,4,4,Derrota,420.0
4835,2026-04-26,21:59,J0067,Canales de Hielo,Ranked,Magnus,27,5.0,4,4,Victoria,1120.0
7274,04/06/2026,01:43,J0002,Estacion Orbital,Ranked,,40,10.0,8,4,Derrota,1040.0
4757,2026-04-25,13:54,J0042,Estacion Orbital,Ranked,Brisa,23,6.0,6,4,Victoria,1180.0
5166,02/05/2026,  19:21 ,J0006,Canales de Hielo,Casual,Brisa,27,7.0,8,1,Victoria,1090.0
91,2026-01-18,11:26,J0067,Canales de Hielo,Ranked,Lienzo,25,5.0,6,6,DERROTA,680.0
6080,16/05/2026,19:33,J0004,Puerto Escarlata,Casual,Vex;Magnus,32,6.0,2,7,Victoria,1410.0
6532,2026-05-23,18:06,J0100,Bosque Umbral,Ranked,Tesla;Magnus,29,7.0,2,2,Derrota,760.0
7691,2026-06-10,23:08,J0003,Bosque Umbral,Casual,UMBRA,13,3.0,8,4,Victoria,840.0
8040,16-06-26,13:51,J0078,Canales de Hielo,Torneo,Koro,8,6.0,6,7,Victoria,1330.0
2118,2026-03-05,22:43,J0060,Estacion Orbital,Ranked,Magnus;Tesla,35,0.0,2,5,Derrota,210.0
2938,22/03/2026,13:34,J0019,Puerto Escarlata,Ranked,Brisa;Nadia,35,3.0,1,3,Victoria,930.0
6553,2026-05-23,14:30,J0077,Ciudadela,Ranked,Lienzo,32,3.0,6,2,Victoria,780.0
984,09-02-26,17:10,J0127,Ciudadela,Casual,Nadia;Tesla;Vex,11,5.0,4,9,,1370.0
7794,12-06-26,16:01,J0097,Ciudadela,Ranked,Magnus,28,6.0,4,1,Derrota,570.0
5408,2026-05-06,19:38,J0128,Estacion Orbital,Ranked,Vex,32,8.0,3,3,Victoria,1390.0
2926,2026-03-22,01:08,J0042,Bosque Umbral,Casual,Brisa,8,1.0,10,6,Victoria,700.0
5482,07-05-26,12:15,J0106,Estacion Orbital,Casual,Tesla,23,10.0,3,4,Victoria,1640.0
3215,2026-03-27,23:21,J0006,Puerto Escarlata,Casual,Vex;Koro;Lienzo,16,8.0,4,4,Victoria,1420.0
6562,2026-05-23,19:15,J0002,Ciudadela,Ranked,Brisa,22,2.0,7,4,Derrota,260.0
5596,09/05/2026,10:37,J0022,Bosque Umbral,Casual,Magnus;Tesla,30,3.0,3,3,Victoria,890.0
7162,02-06-26,18:48,J0100,Canales de Hielo,Casual,Magnus,17,11.0,6,4,Victoria,1680.0
5946,2026-05-14,17:20,J0069,Ciudadela,Torneo,Magnus,32,3.0,6,6,Victoria,980.0
628,31-01-26,00:47,J0029,Canales de Hielo,Casual,,22,9.0,6,9,Derrota,1230.0
8144,2026-06-18,09:21,J0118,Bosque Umbral,Casual,Umbra,17,9.0,2,4,Victoria,1560.0
5217,02-05-26,09:47,J0013,Ciudadela,Ranked,Lienzo;Tesla;Vex,44,7.0,5,6,Victoria,1400.0
4766,2026-04-25,17:44,J0052,Puerto Escarlata,Ranked,Brisa,42,7.0,6,4,Derrota,"780,0 pts"
1602,22-02-26,06:40,J0014,Ciudadela,Ranked,Tesla;Koro;Vex,23,9.0,2,3,VICTORIA,1510.0
9668,11/07/2026,11:10,J0196,Ciudadela,Casual,Magnus,13,3.0,4,5,Victoria,970.0
1270,2026-02-15,19:37,J0131,Ciudadela,Ranked,Nadia,29,14.0,10,2,Victoria,1800.0
129,19/01/2026,17:46,J0017,Ciudadela,Ranked,Tesla,27,4.0,5,7,Derrota,650.0
6770,2026-05-26,18:19,J0001,Canales de Hielo,Casual,Magnus,24,9.0,5,9,Derrota,1250.0
1712,25-02-26,18:13,J0200,Puerto Escarlata,Casual,Tesla;Nadia,23,6.0,6,5,,730.0
7996,15/06/2026,15:46,J0008,Desierto Neon,Casual,Brisa;Umbra,11,2.0,7,6,VICTORIA,860.0
4236,2026-04-16,16:17,J0016,Puerto Escarlata,Casual,Vex,14,15.0,4,3,Victoria,2070.0
6724,26/05/2026,01:55,J0017,Ciudadela,Ranked,Koro,29,7.0,3,6,,940.0
2399,2026-03-11,21:33,J0013,Estacion Orbital,Casual,Tesla,23,7.0,5,4,Derrota,"800,0 pts"
6062,2026-05-16,18:34,J0101,Canales de Hielo,Ranked,Umbra,30,4.0,4,4,Victoria,1020.0
9122,2026-07-03,15:42,J0006,Estacion Orbital,Casual,Koro,19,10.0,5,4,Derrota,1100.0
8493,2026-06-23,20:33,J0039,Ciudadela,Casual,Tesla,29,15.0,2,6,Derrota,1760.0
1187,2026-02-14,22:54,J0066,Estacion Orbital,Ranked,Umbra;Vex,27,15.0,2,5,Victoria,
8905,29/06/2026,19:19,J0018,Canales de Hielo,Ranked,Nadia;Vex,43,5.0,2,4,Victoria,1160.0
9867,2026-07-13,13:00,J0025,Canales de Hielo,Ranked,Brisa,33,1.0,5,6,Victoria,800.0
6118,17/05/2026,12:19,J0044,Bosque Umbral,Ranked,Magnus,40,10.0,9,3,Derrota,970.0
1978,02-03-26,19:31,J0069,Bosque Umbral,Casual,Nadia,19,4.0,2,8,Derrota,760.0
9962,2026-07-14,11:19,J0180,Canales de Hielo,Torneo,Vex;Magnus,15,10.0,7,5,Derrota,"1110,0 pts"
4248,2026-04-16,14:06,J0072,Estacion Orbital,Ranked,Nadia,22,3.0,6,3,Victoria,830.0
7802,2026-06-12,18:28,J0059,Ciudadela,Casual,Brisa;Umbra,19,6.0,4,6,Victoria,1320.0
916,2026-02-07,20:16,J0041,Ciudadela,Casual,Koro;Nadia,14,3.0,3,3,Derrota,390.0
1306,16-02-26,06:04,J0131,Desierto Neon,Torneo,Lienzo,9,5.0,7,4,Derrota,560.0
5552,2026-05-08,17:21,J0020,Puerto Escarlata,Ranked,Magnus,27,2.0,3,5,Derrota,390.0
3050,2026-03-24,21:21,J0200,Canales de Hielo,Ranked,Tesla,39,9.0,5,3,Derrota,950.0
9594,2026-07-10,17:23,J0022,Puerto Escarlata,Casual,Vex,15,6.0,7,5,Victoria,1210.0
1274,2026-02-15,17:14,J0076,Puerto Escarlata,Casual,,28,6.0,3,3,VICTORIA,1190.0
8805,2026-06-28,12:33,J0200,Canales de Hielo,Ranked,Tesla,38,10.0,2,8,Derrota,1360.0
2797,19/03/2026,01:31,J0088,Canales de Hielo,Ranked,umbra,31,7.0,6,3,Derrota,730.0
1399,2026-02-19,11:48,J0058,Puerto Escarlata,Casual,Vex,11,13.0,5,8,Derrota,1600.0
3359,2026-03-29,14:05,J0049,Puerto Escarlata,Casual,Umbra;Brisa,14,7.0,10,2,Victoria,1100.0
184,21/01/2026,07:52,J0148,Bosque Umbral,Ranked,Brisa;Magnus,27,2.0,4,5,Victoria,870.0
5146,2026-05-01,15:02,J0023,Bosque Umbral,Casual,Vex;Nadia,32,14.0,3,3,Victoria,1990.0
5796,2026-05-12,22:58,J0033,Desierto Neon,Casual,Umbra;Brisa,27,6.0,4,5,Victoria,1270.0
7201,2026-06-02,19:25,J0078,Estacion Orbital,Casual,Koro;Brisa,10,6.0,2,4,Victoria,1260.0
5412,06-05-26,23:44,J0200,Ciudadela,Ranked,Brisa,45,7.0,5,1,Victoria,1150.0
7672,2026-06-10,01:45,J0019,Puerto Escarlata,Casual,Umbra;Tesla,10,4.0,9,3,Victoria,870.0
7111,01-06-26,19:26,J0012,Puerto Escarlata,Casual,nadia;koro,15,4.0,5,2,Derrota,400.0
4568,2026-04-21,16:25,J0034,Ciudadela,Ranked,Umbra,33,7.0,5,3,Victoria,1250.0
8792,2026-06-27,21:28,J0103,Bosque Umbral,Casual,Magnus,19,5.0,3,5,Derrota,690.0
2657,2026-03-16,19:55,J0044,Desierto Neon,Ranked,Brisa,40,8.0,4,7,Victoria,1570.0
8375,2026-06-21,16:03,J0045,Puerto Escarlata,Casual,Vex,19,6.0,4,6,,820.0
6979,2026-05-30,17:39,J0021,Estacion Orbital,Casual,Tesla,18,9.0,10,3,Derrota,
1962,2026-03-02,18:29,J0022,Ciudadela,Ranked,Brisa,34,6.0,2,3,Derrota,710.0
4892,2026-04-26,18:51,J0094,Bosque Umbral,Torneo,Tesla;Nadia,10,8.0,6,3,Derrota,830.0
6497,22-05-26,23:29,J0062,Desierto Neon,Casual,Vex,30,6.0,7,2,Derrota,560.0
7047,2026-05-31,21:13,J0048,Canales de Hielo,Ranked,Koro;Lienzo,22,3.0,3,9,Victoria,1190.0
1761,2026-02-26,00:02,J0033,Ciudadela,Ranked,Nadia,39,5.0,7,4,Derrota,560.0
1252,15/02/2026,11:32,J0007,Bosque Umbral,Ranked,Lienzo,26,13.0,3,3,Derrota,1390.0
3177,26/03/2026,09:49,J0124,Desierto Neon,Casual,Magnus,25,1.0,6,7,Victoria,830.0
7894,2026-06-14,10:36,J0015,Estacion Orbital,Ranked,Magnus,31,11.0,4,5,Derrota,1270.0
6333,20-05-26,00:25,J0012,Estacion Orbital,Ranked,Umbra,38,6.0,4,6,Derrota,"820,0 pts"
7467,2026-06-07,12:53,J0030,Ciudadela,Casual,Nadia;Lienzo,17,7.0,5,1,Derrota,650.0
9724,2026-07-11,06:08,J0136,Puerto Escarlata,Ranked,Brisa,28,10.0,6,4,Derrota,1080.0
3290,2026-03-28,12:44,J0004,Estacion Orbital,Casual,Koro,15,6.0,8,4,Victoria,1140.0
6563,2026-05-23,13:00,J0090,Ciudadela,Casual,Vex,17,12.0,4,4,Victoria,1820.0
8795,2026-06-27,17:45,J0100,Bosque Umbral,Torneo,Umbra,30,7.0,4,4,Victoria,1320.0
7741,11/06/2026,19:47,J0033,Puerto Escarlata,Casual,Vex;Nadia;Lienzo,15,9.0,3,4,Victoria,1540.0
5747,2026-05-11,20:59,J0024,Canales de Hielo,Casual,Nadia;Vex,29,7.0,7,6,DERROTA,
7074,2026-05-31,07:45,J0022,Desierto Neon,Torneo,Nadia,31,6.0,3,5,Victoria,1290.0
1052,2026-02-11,21:23,J0074,Estacion Orbital,Ranked,Nadia,40,4.0,2,5,Derrota,610.0
4070,2026-04-12,00:11,J0009,Ciudadela,Ranked,Tesla,22,3.0,6,2,Victoria,780.0
6132,2026-05-17,01:11,J0197,Canales de Hielo,Ranked,Vex;Brisa;Magnus,26,6.0,5,3,victoria,1150.0
5651,2026-05-09,21:21,J0041,Bosque Umbral,Casual,Tesla,9,3.0,3,4,Victoria,940.0
273,2026-01-23,09:49,J0200,Desierto Neon,Casual,Nadia;Magnus,12,9.0,7,6,Derrota,
2043,2026-03-04,00:17,J0032,Desierto Neon,Ranked,Lienzo;Umbra;Vex,43,11.0,4,3,Derrota,1170.0
4764,2026-04-25,18:46,J0095,Desierto Neon,Torneo,Magnus,18,4.0,6,3,Victoria,930.0
5061,2026-04-30,18:59,J0053,Bosque Umbral,Ranked,,39,5.0,6,1,Derrota,430.0
8250,2026-06-20,21:59,J0082,Canales de Hielo,Casual,Vex,32,9.0,3,7,Victoria,1690.0
5379,2026-05-05,19:10,J0014,Puerto Escarlata,Casual,Lienzo;Brisa;Vex,20,5.0,3,0,Victoria,940.0
1087,2026-02-11,20:23,J0200,Puerto Escarlata,Ranked,Vex;Brisa;Koro,30,11.0,6,4,Victoria,1680.0
5904,13-05-26,17:35,J0105,Bosque Umbral,Casual,Umbra,15,8.0,1,2,  Derrota ,880.0
6459,22/05/2026,20:29,J0049,Estacion Orbital,Casual,Magnus;Brisa;Koro,22,2.0,3,3,,290.0
6594,24-05-26,13:36,J0054,Desierto Neon,Casual,Koro;Vex,12,10.0,4,8,Victoria,1820.0
6796,2026-05-27,20:19,J0038,Canales de Hielo,Ranked,Brisa;Umbra;Koro,39,1.0,3,2,Victoria,640.0
4323,17-04-26,23:17,J0012,Puerto Escarlata,Casual,Tesla;Koro,14,2.0,6,4,Derrota,280.0
7069,2026-05-31,19:50,J0143,Puerto Escarlata,Ranked,Koro,30,1.0,6,5,Victoria,730.0
7880,2026-06-13,09:37,J0072,Bosque Umbral,Ranked,Nadia;Brisa,36,7.0,4,4,DERROTA,820.0
5697,2026-05-10,20:04,J0027,Desierto Neon,Casual,Vex;Lienzo,21,4.0,6,5,Derrota,530.0
5617,2026-05-09,18:38,J0013,Ciudadela,Torneo,Nadia,12,6.0,9,4,Derrota,620.0
8407,2026-06-22,17:42,J0016,Bosque Umbral,Ranked,Nadia,32,11.0,7,4,Victoria,1660.0
6709,2026-05-25,20:10,J0027,Ciudadela,Ranked,Magnus,45,5.0,7,3,Derrota,510.0
4710,24/04/2026,11:30,J0010,Puerto Escarlata,Torneo,Lienzo;Umbra,30,9.0,3,6,Victoria,1640.0
8669,2026-06-26,21:20,J0013,Bosque Umbral,Torneo,Umbra,28,9.0,3,3,victoria,1490.0
5730,2026-05-10,16:24,J0100,Bosque Umbral,Casual,Koro,32,8.0,8,4,Victoria,1340.0
6904,2026-05-29,17:31,J0093,Ciudadela,Ranked,Nadia;Koro;Brisa,41,2.0,7,2,Victoria,660.0
3479,2026-04-01,18:18,J0106,Desierto Neon,Casual,Nadia,22,9.0,3,8,VICTORIA,1740.0
9318,2026-07-06,09:39,J0091,Bosque Umbral,Ranked,Vex;Koro,23,11.0,3,4,Victoria,1740.0
3925,2026-04-10,19:38,J0003,Estacion Orbital,Ranked,Magnus;Lienzo,37,7.0,3,3,Derrota,790.0
1749,2026-02-26,14:39,J0050,Canales de Hielo,Torneo,Brisa,12,3.0,5,5,Victoria,950.0
733,2026-02-03,23:54,J0017,Ciudadela,Casual,Nadia;Tesla;Magnus,21,,5,5,Victoria,1150.0
2554,2026-03-14,17:10,J0015,Estacion Orbital,Casual,Brisa,29,8.0,6,8,Victoria,1580.0
8707,2026-06-27,18:18,J0012,Estacion Orbital,Casual,Magnus;Lienzo,28,6.0,3,3,Derrota,690.0
5036,2026-04-29,08:44,J0067,Desierto Neon,Casual,Umbra,29,8.0,5,2,Derrota,800.0
2663,16-03-26,00:15,J0050,Puerto Escarlata,Ranked,Lienzo,41,4.0,4,4,Derrota,520.0
6787,2026-05-27,20:05,J0016,Bosque Umbral,Ranked,Tesla;Magnus,30,9.0,3,5,Victoria,1590.0
5938,2026-05-14,12:32,J0037,Canales de Hielo,Casual,Koro,24,4.0,3,3,Victoria,990.0
3114,2026-03-25,09:46,J0135,Bosque Umbral,Ranked,Nadia;Magnus;Vex,31,7.0,5,5,Derrota,850.0
3304,28/03/2026,19:51,J0025,Desierto Neon,Casual,Magnus,26,9.0,5,3,Derrota,950.0
1345,2026-02-17,05:32,J0187,Canales de Hielo,Casual,Tesla,22,6.0,7,5,Victoria,1210.0
1691,24-02-26,20:26,J0025,Puerto Escarlata,Casual,Magnus,12,8.0,7,6,Victoria,1460.0
6753,2026-05-26,22:22,J0133,Desierto Neon,Torneo,Vex;Nadia,24,3.0,4,5,Victoria,970.0
6616,24-05-26,18:53,J0199,Ciudadela,Ranked,Brisa,30,3.0,4,4,Victoria,920.0
3309,29-03-26,08:03,J0200,Estacion Orbital,Ranked,Umbra;Magnus,35,2.0,6,3,Derrota,"230,0 pts"
1505,21/02/2026,20:53,J0200,Canales de Hielo,Ranked,Lienzo,42,9.0,7,2,Derrota,860.0
1807,2026-02-27,15:44,J0082,Puerto Escarlata,Ranked,Tesla,24,11.0,2,2,Victoria,1660.0
6348,2026-05-21,18:15,J0010,Puerto Escarlata,Torneo,Vex,28,13.0,2,6,Victoria,2060.0
5466,2026-05-07,20:37,J0026,Estacion Orbital,Ranked,Umbra;Vex,26,4.0,6,3,Victoria,930.0
3792,07-04-26,22:45,J0191,Ciudadela,Ranked,Magnus,35,3.0,7,3,Derrota,"310,0 pts"
9593,2026-07-10,09:47,J0008,Desierto Neon,Casual,Brisa,14,1.0,8,1,Derrota,0.0
7457,2026-06-07,20:35,J0025,Desierto Neon,Torneo,Tesla;Koro,14,6.0,4,4,Victoria,1220.0
7402,06-06-26,08:01,J0119,Estacion Orbital,Casual,Brisa;Vex,13,8.0,6,7,victoria,1530.0
5724,2026-05-10,20:43,J0074,Ciudadela,Casual,Nadia,32,3.0,6,4,Derrota,380.0
9643,2026-07-10,21:29,J0050,Estacion Orbital,Casual,Brisa,19,4.0,3,2,Victoria,940.0
1849,28-02-26,15:07,J0016,Estacion Orbital,Casual,Umbra,31,11.0,4,7,Derrota,1370.0
4513,20/04/2026,10:01,J0176,Desierto Neon,Casual,Tesla,32,6.0,4,5,Derrota,770.0
2432,2026-03-12,20:41,J0089,Estacion Orbital,Torneo,Magnus,25,6.0,7,4,Victoria,1160.0
4661,2026-04-23,07:19,J0011,Desierto Neon,Casual,Lienzo;Tesla;Koro,12,,1,4,Derrota,580.0
6930,2026-05-30,21:19,J0011,Bosque Umbral,Torneo,Vex,14,4.0,9,5,Victoria,970.0
5683,2026-05-10,15:45,J0129,Ciudadela,Ranked,Umbra,29,5.0,5,3,derrota,550.0
143,2026-01-19,07:49,J0110,Canales de Hielo,Ranked,Umbra,30,5.0,5,1,Victoria,950.0
8829,2026-06-28,14:00,J0015,Estacion Orbital,Casual,Brisa,28,12.0,8,4,derrota,1240.0
8521,2026-06-23,19:30,J0200,Bosque Umbral,Ranked,Nadia,35,11.0,7,0,Derrota,960.0
5360,2026-05-05,17:16,J0038,Canales de Hielo,Ranked,Umbra,27,6.0,9,3,Victoria,1070.0
3410,30/03/2026,18:22,J0022,Estacion Orbital,Casual,Vex,10,4.0,4,2,Victoria,920.0
1118,12-02-26,00:00,J0041,Bosque Umbral,Ranked,Vex,41,,3,7,Derrota,
1757,2026-02-26,21:03,J0064,Bosque Umbral,Ranked,Umbra;Tesla,32,4.0,3,6,Derrota,640.0
498,28-01-26,19:12,J0055,Desierto Neon,Torneo,Umbra;Vex,26,5.0,4,5,Victoria,1170.0
5272,2026-05-03,00:30,J0200,Bosque Umbral,Casual,Magnus;Koro;Umbra,12,7.0,5,6,Victoria,1400.0
871,2026-02-07,16:34,J0006,Ciudadela,Ranked,,41,6.0,5,2,Derrota,600.0
3358,29-03-26,21:54,J0122,Ciudadela,Ranked,Magnus,42,3.0,5,4,Derrota,
913,07/02/2026,21:52,J0018,Canales de Hielo,Ranked,Vex;Brisa,24,8.0,5,1,Derrota,750.0
722,2026-02-03,14:09,J0093,Puerto Escarlata,Ranked,Brisa,39,4.0,5,3,Victoria,950.0
2806,2026-03-19,02:54,J0029,Estacion Orbital,Casual,Vex,22,4.0,10,7,Victoria,1050.0
9931,2026-07-14,13:20,J0169,Bosque Umbral,Casual,Tesla,31,4.0,9,3,Derrota,
887,2026-02-07,20:37,J0041,Bosque Umbral,Torneo,Magnus,21,2.0,5,6,Victoria,900.0
9666,2026-07-11,07:34,J0086,Ciudadela,Ranked,Brisa,38,1.0,5,3,Derrota,150.0
6919,29-05-26,22:08,J0082,Puerto Escarlata,Ranked,Koro;Vex,35,11.0,1,9,victoria,2030.0
7300,2026-06-04,20:31,J0008,Ciudadela,Ranked,Magnus,22,3.0,9,6,  Victoria ,920.0
1521,21/02/2026,15:38,J0024,Puerto Escarlata,Torneo,Lienzo,12,5.0,6,5,Victoria,1130.0
8758,27-06-26,19:33,J0033,Estacion Orbital,Ranked,Magnus;Umbra,38,7.0,6,3,Derrota,730.0
2747,2026-03-18,12:13,J0008,Puerto Escarlata,Ranked,Vex,36,,6,5,Victoria,1030.0
7200,2026-06-02,15:51,J0012,Estacion Orbital,Casual,LIENZO,16,4.0,5,6,Derrota,600.0
5877,13-05-26,17:45,J0091,Canales de Hielo,Ranked,Koro;Tesla,30,6.0,5,4,Derrota,700.0
315,2026-01-24,07:42,J0199,Estacion Orbital,Casual,Koro;Tesla,25,6.0,9,2,Victoria,1020.0
1800,2026-02-27,16:21,J0050,Desierto Neon,Ranked,Koro;Vex;Nadia,26,5.0,7,1,Derrota,410.0
328,2026-01-24,08:41,J0060,Ciudadela,Casual,Umbra,9,6.0,1,6,Derrota,880.0
5742,11/05/2026,14:11,J0020,Bosque Umbral,Casual,Nadia;Lienzo,25,9.0,9,5,Victoria,1470.0
4205,15-04-26,18:20,J0065,Estacion Orbital,Casual,Lienzo,23,6.0,0,4,Derrota,800.0
3130,25-03-26,20:51,J0171,Puerto Escarlata,Casual,Nadia,21,9.0,6,3,Victoria,1430.0
8952,30/06/2026,20:07,J0060,Bosque Umbral,Casual,Koro;Umbra,8,2.0,8,10,Victoria,1040.0
6856,2026-05-28,19:39,J0028,Canales de Hielo,Ranked,Nadia,24,7.0,5,1,Victoria,
3969,10-04-26,19:50,J0062,Bosque Umbral,Casual,Brisa;Tesla,30,10.0,5,3,Derrota,1050.0
5844,2026-05-12,14:44,J0003,Canales de Hielo,Ranked,Tesla,29,8.0,5,2,Derrota,800.0
8867,28-06-26,00:03,J0050,Estacion Orbital,Torneo,Tesla,24,1.0,6,4,Derrota,180.0
1974,02-03-26,20:23,J0062,Estacion Orbital,Casual,Nadia,16,2.0,3,4,Victoria,840.0
337,2026-01-24,18:34,J0097,Estacion Orbital,Torneo,Lienzo;Tesla,9,1.0,10,5,Victoria,650.0
2765,19-03-26,11:54,J0009,Desierto Neon,Casual,Koro;Magnus,20,2.0,2,3,Victoria,810.0
7790,12-06-26,07:46,J0070,Canales de Hielo,Ranked,Umbra,30,3.0,7,3,Victoria,810.0
276,2026-01-23,20:41,J0120,Ciudadela,Casual,Koro,19,5.0,3,5,Derrota,690.0
2986,2026-03-22,18:33,J0200,Puerto Escarlata,Torneo,Nadia;Vex,9,4.0,5,8,Victoria,1200.0
7413,2026-06-06,18:12,J0030,Canales de Hielo,Ranked,Lienzo,23,14.0,3,4,,"2040,0 pts"
6274,2026-05-19,21:27,J0081,Bosque Umbral,Casual,Umbra;Vex,13,7.0,4,3,Derrota,770.0
3478,01-04-26,17:16,J0104,Estacion Orbital,Casual,Lienzo,26,4.0,4,2,Derrota,420.0
5332,2026-05-04,18:43,J0020,Desierto Neon,Casual,Vex,26,8.0,6,6,Victoria,1480.0
3559,03/04/2026,06:15,J0043,Bosque Umbral,Casual,Magnus,9,3.0,3,4,Victoria,940.0
2810,2026-03-20,20:43,J0063,Bosque Umbral,Ranked,Tesla,38,10.0,4,7,Victoria,1770.0
9697,2026-07-11,16:26,J0150,Bosque Umbral,Ranked,Tesla,23,17.0,3,8,Victoria,2540.0
4862,2026-04-26,23:42,J0078,Puerto Escarlata,Ranked,Koro,29,8.0,3,5,Victoria,1490.0
7145,2026-06-02,21:05,J0027,Canales de Hielo,Casual,Koro,19,5.0,8,4,Victoria,1040.0
3417,2026-03-30,14:46,J0025,Estacion Orbital,Casual,Umbra,18,,6,3,Derrota,130.0
308,2026-01-24,20:12,J0200,Bosque Umbral,Casual,Nadia,27,6.0,3,6,Derrota,840.0
3909,2026-04-09,21:02,J0020,Bosque Umbral,Ranked,Umbra;Nadia,25,2.0,3,4,Derrota,340.0
349,2026-01-25,04:35,J0183,Desierto Neon,Casual,Brisa,18,7.0,5,2,Derrota,
827,2026-02-05,06:57,J0084,Bosque Umbral,Ranked,Brisa;Lienzo,23,4.0,2,3,Derrota,510.0
9574,2026-07-09,10:56,J0194,Desierto Neon,Casual,Umbra,21,7.0,9,5,Derrota,770.0
4483,20/04/2026,16:04,J0177,Ciudadela,Casual,Koro,9,8.0,3,1,Victoria,1290.0
6693,2026-05-25,08:31,J0049,Estacion Orbital,Casual,Vex;Tesla,29,4.0,10,4,Victoria,900.0
3683,05/04/2026,18:58,J0200,Canales de Hielo,Ranked,Brisa,35,4.0,7,4,Victoria,960.0
7928,2026-06-14,12:55,J0064,Estacion Orbital,Ranked,Tesla;Nadia,24,3.0,7,2,Victoria,760.0
8453,2026-06-22,21:09,J0122,Bosque Umbral,Ranked,magnus;tesla,43,6.0,5,5,Victoria,1250.0
2054,2026-03-04,19:50,J0025,Canales de Hielo,Casual,Brisa,26,2.0,7,4,Derrota,
72,17-01-26,22:24,J0119,Canales de Hielo,Torneo,,18,10.0,4,6,Derrota,1220.0
5606,2026-05-09,17:02,J0108,Ciudadela,Casual,Nadia,25,7.0,8,1,Derrota,590.0
8193,2026-06-18,12:28,J0030,Desierto Neon,Ranked,Umbra,44,9.0,5,3,Victoria,1450.0
6386,2026-05-21,17:40,J0200,Estacion Orbital,Ranked,Vex,42,9.0,4,6,Victoria,1620.0
8237,2026-06-19,20:25,J0179,Bosque Umbral,Casual,Koro,26,9.0,5,6,Derrota,1100.0
1667,2026-02-24,21:28,J0071,Puerto Escarlata,Torneo,Magnus,31,1.0,4,3,Victoria,670.0
6298,2026-05-20,05:03,J0014,Puerto Escarlata,Ranked,  Nadia ,24,6.0,4,7,Derrota,870.0
6585,2026-05-24,11:03,J0026,Bosque Umbral,Ranked,Vex,44,9.0,2,8,DERROTA,1260.0
7641,2026-06-10,10:06,J0200,Bosque Umbral,Torneo,Lienzo,29,9.0,4,4,Victoria,1520.0
1446,20-02-26,12:36,J0022,Canales de Hielo,Ranked,Vex;Brisa,23,5.0,3,1,Victoria,990.0
5322,2026-05-04,19:30,J0008,Canales de Hielo,Casual,Tesla,12,0.0,5,5,Victoria,650.0
5719,2026-05-10,08:35,J0018,Desierto Neon,Casual,Umbra;Vex,31,8.0,6,5,Victoria,1430.0
1696,2026-02-24,09:18,J0200,Ciudadela,Ranked,Lienzo;Brisa;Nadia,34,4.0,2,2,Derrota,460.0
2893,2026-03-21,19:40,J0144,Ciudadela,Casual,Koro,13,6.0,1,5,Derrota,
1575,2026-02-22,11:00,J0040,Puerto Escarlata,Ranked,Tesla,28,4.0,7,5,Victoria,1010.0
3204,2026-03-27,17:25,J0080,Estacion Orbital,Ranked,Lienzo,40,9.0,9,4,VICTORIA,1420.0
4406,19-04-26,14:24,J0014,Desierto Neon,Ranked,Nadia;Brisa;Koro,37,2.0,7,4,Victoria,760.0
1631,2026-02-23,18:31,J0085,Desierto Neon,Ranked,Lienzo;Nadia,24,3.0,4,3,Derrota,"370,0 pts"
7602,2026-06-09,17:02,J0090,Desierto Neon,Torneo,Umbra,15,6.0,5,2,Victoria,1100.0
1882,2026-03-01,14:45,J0100,Canales de Hielo,Casual,Tesla;Umbra,31,9.0,6,3,Derrota,930.0
5113,2026-05-01,14:15,J0002,Desierto Neon,Casual,Nadia,8,8.0,5,6,Derrota,1000.0
5075,30/04/2026,13:08,J0055,Ciudadela,Ranked,Magnus,45,3.0,6,2,Victoria,780.0
8891,2026-06-29,16:56,J0064,Estacion Orbital,Casual,Koro,22,6.0,5,6,Derrota,800.0
8055,2026-06-16,21:37,J0085,Puerto Escarlata,Ranked,Vex,40,13.0,9,5,Derrota,1370.0
849,2026-02-06,01:39,J0200,Ciudadela,Casual,Magnus,22,5.0,4,2,Derrota,520.0
6104,2026-05-17,13:06,J0010,Puerto Escarlata,Ranked,Nadia,27,,7,8,Victoria,1360.0
7334,2026-06-05,04:02,J0039,Bosque Umbral,Ranked,Tesla,22,8.0,2,5,Victoria,1510.0
7088,2026-06-01,12:44,J0001,Bosque Umbral,Casual,Nadia,31,3.0,2,5,Derrota,510.0
2878,2026-03-21,19:51,J0071,Bosque Umbral,Casual,Magnus;Vex;Tesla,13,10.0,5,5,Derrota,1150.0
187,2026-01-21,23:11,J0010,Estacion Orbital,Ranked,Vex,38,8.0,6,4,Derrota,880.0
3780,07-04-26,19:24,J0006,Bosque Umbral,Casual,Brisa,29,9.0,7,1,Derrota,810.0
1831,2026-02-28,19:24,J0059,Bosque Umbral,Ranked,Brisa,41,2.0,5,6,Victoria,900.0
2960,2026-03-22,20:30,J0093,Canales de Hielo,Casual,Lienzo,31,4.0,4,2,Victoria,920.0
9312,2026-07-05,21:05,J0027,Ciudadela,Casual,TESLA;VEX;KORO,19,4.0,8,3,Victoria,890.0
6492,22-05-26,17:34,J0023,Puerto Escarlata,Casual,Magnus,10,10.0,4,3,Derrota,1070.0
1235,2026-02-15,22:37,J0045,Puerto Escarlata,Ranked,Lienzo,40,10.0,1,4,Derrota,"1180,0 pts"
6077,16/05/2026,09:38,J0110,Ciudadela,Torneo,Vex;Tesla,21,3.0,10,3,Derrota,
3916,2026-04-09,17:26,J0002,Estacion Orbital,Casual,UMBRA;KORO,9,4.0,6,4,Derrota,480.0
447,2026-01-27,21:16,J0002,Bosque Umbral,Casual,Koro;Umbra,17,9.0,3,6,Victoria,1640.0
845,2026-02-06,18:09,J0007,Ciudadela,Ranked,Nadia,29,5.0,3,1,Victoria,990.0
5874,2026-05-13,17:42,J0196,Canales de Hielo,Casual,brisa,14,3.0,4,4,Derrota,420.0
6821,2026-05-27,17:09,J0092,Canales de Hielo,Torneo,Tesla;Nadia,14,7.0,4,5,Derrota,870.0
2441,12/03/2026,18:49,J0080,Desierto Neon,Torneo,Nadia,16,4.0,2,6,,660.0
3104,25-03-26,13:34,J0063,Ciudadela,Ranked,Lienzo,44,5.0,5,7,Derrota,750.0
8654,26-06-26,18:44,J0029,Estacion Orbital,Casual,Lienzo,17,2.0,5,3,  Victoria ,750.0
7934,2026-06-14,23:29,J0113,Bosque Umbral,Casual,Umbra,27,6.0,6,7,Victoria,1330.0
5750,2026-05-11,19:23,J0048,Bosque Umbral,Ranked,Lienzo,35,5.0,8,6,Derrota,640.0
1295,16/02/2026,16:17,J0011,Puerto Escarlata,Ranked,Umbra,26,4.0,5,2,Derrota,
5171,2026-05-02,18:57,J0200,Bosque Umbral,Casual,,28,4.0,11,2,Derrota,280.0
9498,2026-07-08,23:29,J0008,Puerto Escarlata,Ranked,Koro;Magnus;Nadia,30,3.0,3,2,Victoria,"840,0 pts"
5068,30/04/2026,22:04,J0174,Ciudadela,Ranked,Umbra;Koro,28,2.0,9,6,Victoria,820.0
3443,2026-03-31,22:17,J0030,Estacion Orbital,Ranked,Magnus;Vex,24,8.0,3,1,Derrota,790.0
8517,2026-06-23,15:54,J0029,Puerto Escarlata,Casual,umbra,31,3.0,8,6,Derrota,440.0
9571,2026-07-09,19:37,J0166,Estacion Orbital,Ranked,Brisa,23,4.0,4,4,Victoria,"1020,0 pts"
6215,2026-05-18,15:14,J0033,Ciudadela,Casual,Tesla,26,2.0,7,2,Derrota,160.0
777,2026-02-04,18:50,J0072,Canales de Hielo,Ranked,Koro,25,3.0,7,4,Derrota,360.0
9930,2026-07-13,16:00,J0068,Estacion Orbital,Ranked,Vex;Magnus,42,11.0,2,4,Derrota,1260.0
2154,2026-03-06,20:19,J0129,Canales de Hielo,Ranked,Umbra,41,1.0,7,4,Derrota,160.0
4921,27-04-26,  18:00 ,J0138,Desierto Neon,Casual,Vex;Lienzo,21,8.0,9,3,Derrota,770.0
5457,06-05-26,11:46,J0028,Puerto Escarlata,Casual,Vex,11,0.0,6,4,Victoria,580.0
9565,09/07/2026,20:24,J0038,Desierto Neon,Casual,Umbra;Magnus,12,1.0,8,5,Derrota,190.0
5629,2026-05-09,19:05,J0161,Bosque Umbral,Casual,Nadia,9,1.0,4,4,Derrota,220.0
7153,2026-06-02,11:39,J0068,Desierto Neon,Ranked,Koro;Lienzo,32,3.0,4,3,Victoria,870.0
8498,23-06-26,17:42,J0008,Estacion Orbital,Ranked,Tesla,41,4.0,4,3,Derrota,470.0
3184,26-03-26,15:59,J0007,Ciudadela,Ranked,Koro,25,7.0,1,1,Derrota,730.0
6912,2026-05-29,23:17,J0020,Ciudadela,Casual,Brisa;Nadia,9,6.0,7,5,Derrota,710.0
3200,2026-03-27,23:58,J0200,Estacion Orbital,Torneo,Nadia,8,7.0,6,8,Derrota,980.0
7150,2026-06-02,23:22,J0002,Desierto Neon,Casual,Vex,14,7.0,4,6,Victoria,1420.0
1290,16/02/2026,16:27,J0042,Desierto Neon,Ranked,Tesla,22,3.0,11,6,Derrota,380.0
4582,22-04-26,19:17,J0055,Canales de Hielo,Casual,brisa;vex,18,7.0,9,7,Victoria,1370.0
7922,14-06-26,02:00,J0023,Canales de Hielo,Ranked,Koro,34,6.0,6,4,VICTORIA,1180.0
9006,2026-07-01,19:52,J0048,Puerto Escarlata,Casual,Lienzo;Vex,15,13.0,6,5,Victoria,1930.0
8775,2026-06-27,16:39,J0023,Canales de Hielo,Casual,Magnus,29,6.0,2,4,Derrota,760.0
9640,2026-07-10,10:30,J0036,Canales de Hielo,Torneo,Lienzo,21,2.0,2,4,Victoria,860.0
4107,2026-04-13,18:27,J0117,Puerto Escarlata,Casual,Tesla;Lienzo,10,2.0,4,3,Victoria,770.0
4127,13-04-26,17:43,J0023,Estacion Orbital,Ranked,Tesla;Vex;Brisa,39,15.0,2,1,Derrota,"1510,0 pts"
8278,20-06-26,17:30,J0113,Ciudadela,Ranked,Umbra;Lienzo,41,6.0,6,4,Derrota,680.0
3967,2026-04-10,22:48,J0053,Estacion Orbital,Casual,Koro;Umbra;Brisa,27,9.0,5,4,,1000.0
1880,2026-03-01,22:22,J0030,Desierto Neon,Ranked,Tesla;Magnus,40,7.0,6,5,VICTORIA,1330.0
8563,2026-06-24,19:26,J0096,Ciudadela,Casual,Tesla;Magnus;Koro,11,6.0,6,6,Victoria,1280.0
9370,06-07-26,19:18,J0053,Ciudadela,Casual,Lienzo;Umbra,31,3.0,6,2,Victoria,
8427,2026-06-22,10:44,J0117,Desierto Neon,Casual,  Magnus ,28,7.0,3,5,Derrota,890.0
3588,2026-04-03,18:05,J0134,Estacion Orbital,Ranked,Brisa,27,4.0,3,5,Victoria,1090.0
7500,2026-06-07,19:00,J0153,Estacion Orbital,Casual,Tesla,26,8.0,4,7,Derrota,1070.0
3866,2026-04-08,14:56,J0104,Desierto Neon,Casual,Brisa,32,6.0,5,2,Victoria,1100.0
8001,15-06-26,21:16,J0018,Canales de Hielo,Ranked,,26,3.0,2,2,Derrota,360.0
4132,2026-04-13,19:17,J0037,Estacion Orbital,Casual,brisa,26,6.0,2,2,Derrota,660.0
1037,10/02/2026,07:40,J0020,Estacion Orbital,Ranked,MAGNUS;LIENZO,35,12.0,9,5,Derrota,1270.0
637,31-01-26,15:36,J0007,Puerto Escarlata,Casual,Magnus,20,8.0,6,0,Derrota,680.0
7927,2026-06-14,19:07,J0006,Estacion Orbital,Casual,Magnus;Brisa,18,2.0,5,1,Victoria,
4135,2026-04-13,09:18,J0040,Puerto Escarlata,Ranked,Magnus;Umbra,26,9.0,2,6,Victoria,1660.0
5435,06/05/2026,17:08,J0001,Bosque Umbral,Casual,Nadia,21,9.0,5,3,Victoria,1450.0
1084,2026-02-11,04:46,J0044,Ciudadela,Ranked,Tesla,32,10.0,0,2,Derrota,1100.0
862,06-02-26,08:46,J0011,Desierto Neon,Casual,Koro;Nadia;Tesla,26,6.0,6,4,Derrota,680.0
904,2026-02-07,10:44,J0057,Bosque Umbral,Casual,Vex,20,5.0,3,2,Victoria,1040.0
192,21/01/2026,03:56,J0045,Estacion Orbital,Torneo,Magnus,8,9.0,2,6,Victoria,1660.0
110,18-01-26,16:51,J0008,Canales de Hielo,Casual,Brisa,9,7.0,6,3,Derrota,730.0
4456,19/04/2026,16:37,J0003,Bosque Umbral,Torneo,Koro,11,7.0,3,2,Derrota,740.0
1943,02-03-26,20:10,J0026,Bosque Umbral,Torneo,Magnus,11,7.0,1,3,Victoria,1330.0
5383,2026-05-05,17:39,J0200,Canales de Hielo,Ranked,Umbra,29,8.0,9,9,Derrota,1070.0
4332,2026-04-17,21:36,J0124,Bosque Umbral,Ranked,lienzo,33,5.0,4,6,Victoria,"1220,0 pts"
9072,2026-07-02,21:42,J0042,Canales de Hielo,Casual,Magnus,9,5.0,5,6,Derrota,700.0
2041,04-03-26,21:47,J0009,Canales de Hielo,Casual,Vex;Tesla,23,8.0,5,6,Victoria,1500.0
7459,2026-06-07,19:39,J0102,Puerto Escarlata,Ranked,Tesla,33,3.0,10,3,Derrota,250.0
6973,30-05-26,19:59,J0060,Puerto Escarlata,Ranked,Brisa,28,3.0,6,5,Derrota,430.0
7913,2026-06-14,18:27,J0018,Bosque Umbral,Ranked,Umbra,33,0.0,5,2,Derrota,0.0
4660,2026-04-23,08:58,J0118,Ciudadela,Casual,Brisa,29,7.0,7,2,Victoria,1160.0
6525,2026-05-23,14:56,J0094,Bosque Umbral,Torneo,Vex;Magnus;Koro,25,10.0,3,5,  Victoria ,1690.0
2776,2026-03-19,13:59,J0047,Estacion Orbital,Casual,Umbra,23,13.0,4,6,Derrota,1520.0
4146,2026-04-14,08:16,J0015,Ciudadela,Torneo,Tesla;Umbra,15,9.0,8,3,Derrota,890.0
2324,09/03/2026,  11:01 ,J0075,Canales de Hielo,Ranked,Lienzo;Koro,43,8.0,3,2,Victoria,1340.0
763,04/02/2026,22:20,J0007,Bosque Umbral,Casual,Vex,9,,4,5,Derrota,1270.0
2618,2026-03-15,11:07,J0085,Estacion Orbital,Casual,Lienzo,20,9.0,5,3,Victoria,1450.0
2412,2026-03-12,20:45,J0076,Desierto Neon,Casual,Magnus,20,7.0,5,4,VICTORIA,1300.0
1095,11-02-26,21:07,J0040,Bosque Umbral,Casual,Umbra,18,7.0,7,1,Derrota,610.0
9226,2026-07-04,07:29,J0023,Canales de Hielo,Ranked,Koro,33,7.0,5,2,Victoria,1200.0
7173,02-06-26,12:42,J0087,Puerto Escarlata,Ranked,Nadia,28,5.0,7,8,Derrota,"760,0 pts"
6315,2026-05-20,14:48,J0034,Canales de Hielo,Casual,Brisa,17,5.0,5,5,Derrota,650.0
3136,25/03/2026,16:50,J0039,Bosque Umbral,Casual,Nadia,18,8.0,1,5,Victoria,1530.0
5787,2026-05-11,01:16,J0002,Desierto Neon,Ranked,TESLA,30,7.0,5,2,Derrota,700.0
5041,29/04/2026,21:38,J0051,Ciudadela,Ranked,Vex,42,5.0,5,2,Derrota,500.0
3806,2026-04-08,20:42,J0147,Bosque Umbral,Casual,Tesla,24,0.0,3,5,VICTORIA,690.0
885,07/02/2026,19:39,J0151,Puerto Escarlata,Ranked,Koro,22,7.0,4,6,Derrota,920.0
2655,2026-03-16,12:23,J0031,Desierto Neon,Ranked,Nadia;Umbra,27,3.0,5,4,Victoria,900.0
5407,2026-05-06,17:06,J0200,Desierto Neon,Casual,Brisa,20,11.0,6,5,Derrota,1230.0
8108,17/06/2026,20:30,J0007,Desierto Neon,Ranked,Tesla;Umbra,24,6.0,3,1,Victoria,1090.0
8070,2026-06-16,19:21,J0149,Bosque Umbral,Ranked,Lienzo,44,5.0,3,7,Derrota,790.0
6862,2026-05-28,06:47,J0010,Estacion Orbital,Casual,Umbra,14,8.0,6,3,Victoria,1330.0
7756,2026-06-12,21:41,J0003,Canales de Hielo,Casual,Koro,25,4.0,6,6,Victoria,1080.0
5781,11-05-26,18:18,J0009,Estacion Orbital,Casual,Umbra,28,3.0,7,4,Derrota,360.0
7131,2026-06-01,19:58,J0026,Estacion Orbital,Casual,Umbra;Tesla,15,,5,1,Derrota,350.0
5193,02-05-26,12:16,J0059,Bosque Umbral,Ranked,Vex,45,10.0,7,1,Victoria,1410.0
9760,2026-07-12,10:32,J0034,Canales de Hielo,Casual,TESLA,29,6.0,4,5,Victoria,1270.0
2203,2026-03-07,21:01,J0191,Estacion Orbital,Ranked,Lienzo,22,10.0,11,6,Derrota,1080.0
6217,2026-05-18,21:49,J0028,Desierto Neon,Casual,Koro,25,,7,4,Derrota,760.0
6475,2026-05-22,21:20,J0200,Ciudadela,Casual,Umbra,20,6.0,1,7,Derrota,930.0
1263,2026-02-15,15:03,J0049,Ciudadela,Casual,Koro,23,4.0,3,4,VICTORIA,1040.0
5439,06/05/2026,21:44,J0061,Bosque Umbral,Ranked,Nadia,24,5.0,7,3,Victoria,"1010,0 pts"
976,2026-02-08,18:56,J0049,Desierto Neon,Ranked,Brisa;Magnus,30,5.0,8,5,Victoria,1090.0
5934,14/05/2026,20:20,J0038,Desierto Neon,Ranked,Nadia;Umbra,24,2.0,5,3,Victoria,750.0
4926,2026-04-27,18:32,J0010,Puerto Escarlata,Ranked,Lienzo,41,4.0,6,8,Derrota,680.0
942,2026-02-08,22:59,J0043,Bosque Umbral,Ranked,Umbra,25,1.0,3,4,Victoria,740.0
4724,2026-04-24,11:29,J0200,Puerto Escarlata,Casual,Vex;Umbra,26,8.0,7,7,Victoria,1510.0
2388,11-03-26,22:41,J0002,Ciudadela,Ranked,Brisa,28,5.0,6,5,Derrota,630.0
9802,12/07/2026,21:26,J0053,Desierto Neon,Ranked,Vex,38,9.0,2,3,Victoria,1510.0
5022,2026-04-29,00:13,J0024,Canales de Hielo,Torneo,Vex,14,7.0,9,4,Derrota,720.0
4392,2026-04-18,15:09,J0124,Bosque Umbral,Ranked,Lienzo,42,4.0,5,5,Victoria,1050.0
5149,2026-05-01,21:31,J0012,Canales de Hielo,Torneo,Umbra,19,1.0,5,0,Derrota,0.0
3222,2026-03-27,05:40,J0140,Estacion Orbital,Casual,Vex;Nadia;Tesla,21,14.0,3,3,Victoria,1990.0
3883,2026-04-09,20:10,J0116,Puerto Escarlata,Ranked,Brisa,38,11.0,5,4,Victoria,1700.0
9511,2026-07-08,22:55,J0086,Estacion Orbital,Ranked,Tesla;Vex,30,3.0,4,5,Derrota,470.0
7788,2026-06-12,18:21,J0011,Canales de Hielo,Ranked,Lienzo;Magnus,33,8.0,4,0,Derrota,72000.0
7511,2026-06-07,22:17,J0008,Puerto Escarlata,Casual,Lienzo,23,3.0,5,3,Derrota,350.0
2790,19-03-26,18:08,J0034,Desierto Neon,Casual,Brisa;Vex,11,6.0,7,6,Derrota,760.0
945,08/02/2026,14:36,J0121,Canales de Hielo,Casual,Vex,8,5.0,3,5,Derrota,690.0
8978,30-06-26,12:07,J0067,Canales de Hielo,Casual,Brisa,9,9.0,3,3,Victoria,1490.0
1858,28-02-26,06:06,J0004,Desierto Neon,Casual,Magnus,27,4.0,4,3,Derrota,470.0
8738,27-06-26,14:16,J0175,Bosque Umbral,Ranked,  Brisa ,44,1.0,9,4,Victoria,620.0
4109,2026-04-13,16:01,J0006,Canales de Hielo,Ranked,Magnus;Lienzo,35,8.0,6,4,Derrota,880.0
5214,02/05/2026,10:09,J0113,Puerto Escarlata,Ranked,Brisa,27,2.0,4,2,Victoria,720.0
9388,2026-07-07,15:33,J0034,Bosque Umbral,Ranked,Koro;Umbra,29,5.0,5,2,,500.0
3256,2026-03-28,16:47,J0050,Canales de Hielo,Casual,Nadia,18,7.0,2,1,Victoria,1210.0
2691,17-03-26,22:40,J0020,Bosque Umbral,Casual,Koro,13,7.0,8,1,Derrota,590.0
7485,2026-06-07,19:48,J0071,Canales de Hielo,Ranked,Magnus,40,3.0,3,2,Derrota,
6916,29/05/2026,15:02,J0044,Ciudadela,Casual,Tesla;Lienzo,27,9.0,10,4,Derrota,900.0
1320,17/02/2026,13:32,J0006,Ciudadela,Ranked,KORO,36,3.0,5,4,Victoria,
7105,2026-06-01,21:49,J0090,Puerto Escarlata,Casual,Lienzo;Koro,25,3.0,2,4,Derrota,460.0
9955,2026-07-14,18:20,J0023,Canales de Hielo,Ranked,,34,11.0,6,5,Derrota,1230.0
5163,2026-05-02,22:57,J0004,Puerto Escarlata,Casual,Umbra,24,7.0,9,1,Victoria,1070.0
5932,14/05/2026,19:50,J0074,Puerto Escarlata,Casual,Nadia,16,3.0,5,6,Derrota,500.0
6913,2026-05-29,21:19,J0108,Puerto Escarlata,Ranked,KORO,25,4.0,8,5,Derrota,490.0
6063,16/05/2026,12:39,J0047,Estacion Orbital,Casual,Nadia;Magnus;Lienzo,28,14.0,3,5,Victoria,
6350,2026-05-21,21:28,J0048,Estacion Orbital,Ranked,Lienzo,34,3.0,8,0,Victoria,640.0
3476,2026-04-01,12:37,J0153,Desierto Neon,Torneo,Koro,31,11.0,4,6,Derrota,1320.0
3506,2026-04-01,22:47,J0026,Canales de Hielo,Ranked,Brisa,44,5.0,6,2,Derrota,480.0
4750,2026-04-24,14:54,J0019,Ciudadela,Ranked,Magnus,37,3.0,4,5,Victoria,970.0
2478,2026-03-13,17:48,J0038,Puerto Escarlata,Ranked,brisa,30,6.0,6,3,Derrota,630.0
5585,09/05/2026,08:23,J0087,Puerto Escarlata,Casual,Vex,15,8.0,9,6,Victoria,1420.0
8595,2026-06-25,13:34,J0039,Desierto Neon,Casual,Magnus,13,9.0,6,2,Derrota,880.0
7473,2026-06-07,19:46,J0174,Desierto Neon,Ranked,Umbra;Vex,27,4.0,1,6,Victoria,1180.0
8909,2026-06-29,22:54,J0022,Bosque Umbral,Casual,Lienzo,18,6.0,7,2,Victoria,1060.0
5441,2026-05-06,13:23,J0200,Estacion Orbital,Ranked,KORO;MAGNUS,41,6.0,3,1,Derrota,590.0
9938,14-07-26,08:12,J0014,Bosque Umbral,Ranked,Koro,30,2.0,8,5,Derrota,290.0
6877,2026-05-29,00:26,J0009,Estacion Orbital,Casual,Lienzo;Magnus,31,2.0,5,4,Derrota,300.0
1875,2026-02-28,17:33,J0146,Ciudadela,Ranked,Nadia,41,5.0,9,6,Derrota,"620,0 pts"
8584,2026-06-25,21:10,J0070,Desierto Neon,Casual,,32,2.0,0,10,Derrota,700.0
5366,2026-05-05,01:18,J0029,Ciudadela,Ranked,Brisa,26,4.0,4,6,Victoria,1120.0
5097,2026-04-30,14:38,J0066,Desierto Neon,Casual,Lienzo,31,7.0,2,2,Victoria,1260.0
2905,2026-03-21,03:21,J0079,Desierto Neon,Casual,Vex,22,,7,3,Victoria,1310.0
571,2026-01-30,19:49,J0134,Estacion Orbital,Casual,Koro;Brisa,26,4.0,5,4,Derrota,500.0
1449,20-02-26,18:19,J0052,Estacion Orbital,Torneo,Umbra;Vex,32,5.0,3,4,Victoria,1140.0
6729,2026-05-26,20:28,J0158,Estacion Orbital,Ranked,Brisa,45,8.0,7,4,Derrota,860.0
8680,2026-06-26,15:10,J0009,Canales de Hielo,Casual,Magnus,27,4.0,3,8,Derrota,740.0
6460,2026-05-22,20:45,J0036,Estacion Orbital,Ranked,Lienzo;Umbra;Magnus,37,4.0,6,4,Victoria,980.0
9175,2026-07-04,18:46,J0134,Ciudadela,Casual,Brisa;Tesla,30,9.0,6,0,Victoria,1280.0
8614,25-06-26,22:19,J0200,Estacion Orbital,Casual,Umbra,10,4.0,4,1,Victoria,870.0
3227,2026-03-27,20:23,J0037,Canales de Hielo,Casual,Brisa,8,7.0,10,3,Victoria,1150.0
9818,2026-07-12,19:39,J0135,Puerto Escarlata,Ranked,Lienzo,45,11.0,10,4,Victoria,1600.0
3979,11-04-26,20:40,J0022,Desierto Neon,Casual,Lienzo;Tesla,22,5.0,5,2,Derrota,500.0
4384,18/04/2026,08:25,J0046,Canales de Hielo,Casual,Magnus;Brisa,28,3.0,5,3,Victoria,850.0
7780,2026-06-12,20:34,J0099,Estacion Orbital,Casual,Koro,9,4.0,3,4,Victoria,1040.0
3540,2026-04-02,16:20,J0005,Bosque Umbral,Ranked,Koro;Tesla,43,7.0,5,4,Victoria,1300.0
8234,2026-06-19,18:49,J0039,Ciudadela,Casual,,31,6.0,4,4,Victoria,1220.0
9380,06-07-26,17:30,J0188,Puerto Escarlata,Ranked,Nadia,36,3.0,2,7,Victoria,1110.0
2828,20/03/2026,12:29,J0183,Estacion Orbital,Ranked,Vex,37,8.0,3,2,Victoria,1340.0
6861,2026-05-28,21:27,J0057,Ciudadela,Casual,Umbra,21,8.0,4,4,Derrota,920.0
4997,29/04/2026,11:42,J0041,Ciudadela,Ranked,Magnus,24,4.0,5,5,Derrota,550.0
1339,2026-02-17,21:51,J0052,Bosque Umbral,Casual,Vex,16,13.0,4,1,Derrota,1270.0
3263,2026-03-28,18:02,J0013,Canales de Hielo,Casual,Lienzo,29,6.0,1,2,,1180.0
6500,2026-05-22,19:28,J0004,Canales de Hielo,Ranked,Lienzo,32,2.0,8,5,Victoria,790.0
6115,17-05-26,15:40,J0087,Estacion Orbital,Ranked,Umbra;Magnus,41,9.0,4,2,Derrota,920.0
651,2026-02-01,15:21,J0028,Bosque Umbral,Torneo,Brisa,28,7.0,4,4,Victoria,1320.0
2903,21-03-26,04:31,J0174,Puerto Escarlata,Casual,Lienzo;Brisa,32,6.0,4,3,Victoria,1170.0
2259,08-03-26,16:37,J0020,Estacion Orbital,Ranked,Umbra,27,11.0,6,4,Derrota,1180.0
7531,08/06/2026,21:53,J0100,Desierto Neon,Ranked,Lienzo;Koro,24,13.0,3,5,Derrota,1490.0
3522,2026-04-02,12:02,J0019,Ciudadela,Casual,Brisa,25,2.0,14,4,Victoria,620.0
2731,2026-03-18,11:11,J0025,Canales de Hielo,Ranked,Tesla;Umbra,27,5.0,3,8,Victoria,1340.0
5595,09-05-26,19:20,J0057,Estacion Orbital,Ranked,Umbra;Lienzo;Brisa,24,4.0,7,3,Victoria,910.0
4479,20/04/2026,  20:07 ,J0155,Desierto Neon,Ranked,Vex;Brisa,34,6.0,6,1,Victoria,1030.0
1597,2026-02-22,22:01,J0023,Estacion Orbital,Ranked,Koro;Tesla,22,6.0,8,6,Derrota,740.0
9411,2026-07-07,14:09,J0061,Puerto Escarlata,Casual,Brisa,27,8.0,5,2,Derrota,800.0
2585,2026-03-15,13:01,J0008,Estacion Orbital,Casual,Koro,13,,6,1,Victoria,730.0
5538,2026-05-08,12:19,J0092,Puerto Escarlata,Ranked,Vex,43,4.0,4,4,Victoria,1020.0
3197,27-03-26,  18:33 ,J0101,Desierto Neon,Casual,Magnus;Lienzo,17,8.0,7,3,victoria,1310.0
6157,17/05/2026,19:13,J0055,Bosque Umbral,Casual,Umbra,15,,3,2,Victoria,640.0
5328,2026-05-04,19:49,J0104,Canales de Hielo,Ranked,Vex;Magnus,26,8.0,9,9,VICTORIA,1570.0
7812,13/06/2026,21:21,J0080,Canales de Hielo,Casual,Koro;Nadia;Magnus,29,8.0,3,3,Derrota,890.0
8284,2026-06-20,19:09,J0024,Bosque Umbral,Casual,Tesla,8,4.0,3,4,Victoria,1040.0
1259,2026-02-15,16:05,J0030,Desierto Neon,Casual,Lienzo,20,6.0,4,3,Victoria,1170.0
9283,05-07-26,12:28,J0125,Estacion Orbital,Casual,Tesla,9,6.0,8,4,Victoria,1140.0
992,2026-02-09,04:15,J0004,Ciudadela,Ranked,VEX,31,10.0,6,4,Victoria,1580.0
3505,2026-04-01,20:18,J0072,Desierto Neon,Ranked,Tesla,45,5.0,5,4,Victoria,1100.0
114,2026-01-19,21:23,J0001,Bosque Umbral,Ranked,Brisa,38,7.0,6,2,Victoria,1180.0
920,2026-02-07,02:58,J0036,Canales de Hielo,Ranked,Lienzo;Brisa,41,1.0,6,5,Victoria,730.0
2510,2026-03-14,20:12,J0048,Estacion Orbital,Ranked,Koro;Umbra,22,1.0,5,3,Derrota,150.0
9918,2026-07-13,11:28,J0097,Estacion Orbital,Ranked,Koro,36,3.0,6,2,Derrota,280.0
166,2026-01-20,15:34,J0041,Estacion Orbital,Ranked,Magnus;Tesla,45,2.0,6,7,Derrota,430.0
5359,2026-05-05,08:54,J0024,Bosque Umbral,Ranked,,40,4.0,6,5,Victoria,1030.0
4604,22-04-26,19:10,J0037,Ciudadela,Casual,Tesla,21,5.0,2,4,Victoria,1160.0
950,08-02-26,08:44,J0080,Puerto Escarlata,Ranked,Umbra,24,6.0,4,4,Derrota,720.0
4595,22-04-26,22:40,J0012,Puerto Escarlata,Casual,Tesla;Lienzo,10,5.0,4,6,Victoria,1220.0
6844,28/05/2026,18:44,J0004,Estacion Orbital,Ranked,Nadia,31,2.0,2,6,Victoria,960.0
3771,2026-04-07,18:39,J0098,Canales de Hielo,Ranked,Umbra;Koro,33,7.0,2,2,Derrota,760.0
2507,2026-03-14,21:41,J0037,Ciudadela,Casual,Vex;Lienzo,18,9.0,8,2,Derrota,840.0
5108,01/05/2026,17:20,J0045,Desierto Neon,Casual,,27,9.0,5,1,Derrota,850.0
2851,20-03-26,11:06,J0109,Canales de Hielo,Ranked,Magnus;Tesla,23,5.0,3,6,  Victoria ,1240.0
6602,2026-05-24,23:03,J0010,Estacion Orbital,Casual,Magnus,13,5.0,13,2,Derrota,340.0
5459,06/05/2026,20:56,J0200,Estacion Orbital,Ranked,Vex,36,9.0,8,3,Victoria,1390.0
9330,2026-07-06,20:50,J0016,Bosque Umbral,Casual,Brisa,15,13.0,2,0,Derrota,1260.0
4447,19/04/2026,08:53,J0071,Desierto Neon,Ranked,Tesla;Koro,43,8.0,6,3,Derrota,830.0
4461,19/04/2026,17:22,J0057,Ciudadela,Casual,Brisa,26,2.0,7,3,Victoria,710.0
6927,30-05-26,18:35,J0035,Bosque Umbral,Casual,Vex;Koro,21,14.0,5,3,Derrota,1450.0
2506,2026-03-14,00:51,J0153,Desierto Neon,Casual,Nadia,29,6.0,2,1,derrota,610.0
1115,2026-02-12,19:34,J0027,Desierto Neon,Ranked,Lienzo,36,10.0,5,4,Derrota,1100.0
8463,2026-06-22,18:09,J0200,Canales de Hielo,Torneo,Umbra;Magnus,14,1.0,1,3,Victoria,730.0
299,2026-01-24,19:06,J0008,Desierto Neon,Casual,Vex,18,2.0,7,0,Victoria,560.0
1676,2026-02-24,11:25,J0131,Puerto Escarlata,Ranked,Brisa,45,5.0,6,9,Victoria,1330.0
3348,29-03-26,19:44,J0012,Desierto Neon,Ranked,NADIA;TESLA;UMBRA,34,4.0,8,4,Victoria,940.0
2736,2026-03-18,20:04,J0200,Puerto Escarlata,Torneo,Umbra,19,6.0,6,3,Victoria,1130.0
7953,14-06-26,22:39,J0033,Bosque Umbral,Ranked,Lienzo,25,9.0,3,1,VICTORIA,"1390,0 pts"
4989,28-04-26,07:12,J0008,Canales de Hielo,Casual,Vex,9,6.0,8,4,Victoria,1140.0
9067,02-07-26,21:26,J0006,Ciudadela,Casual,Nadia;Tesla,17,8.0,6,6,Victoria,1480.0
9717,11/07/2026,21:50,J0048,Ciudadela,Ranked,Koro,33,6.0,5,6,Derrota,800.0
4326,17/04/2026,13:53,J0123,Canales de Hielo,Casual,koro,12,10.0,7,1,Victoria,1410.0
6838,28/05/2026,20:22,J0091,Estacion Orbital,Casual,Magnus,22,6.0,4,1,Derrota,570.0
9805,2026-07-12,20:16,J0002,Canales de Hielo,Casual,Lienzo;Koro;Brisa,27,5.0,5,6,Victoria,1200.0
4551,21-04-26,22:10,J0043,Puerto Escarlata,Ranked,Tesla;Magnus;Lienzo,22,6.0,7,2,Victoria,1060.0
9563,09/07/2026,11:38,J0195,Canales de Hielo,Casual,Nadia,17,3.0,6,4,Derrota,380.0
8831,28/06/2026,10:39,J0002,Estacion Orbital,Torneo,Tesla,27,7.0,6,6,Victoria,1380.0
2104,2026-03-05,17:18,J0026,Desierto Neon,Ranked,Koro;Brisa;Lienzo,35,5.0,10,4,Derrota,500.0
5337,04-05-26,11:12,J0107,Canales de Hielo,Casual,Brisa,26,2.0,8,2,derrota,140.0
9931,2026-07-14,13:20,J0169,Bosque Umbral,Casual,Tesla,31,4.0,9,3,Derrota,
6881,2026-05-29,15:51,J0145,Ciudadela,Casual,Nadia;Umbra,20,1.0,8,4,Derrota,
7582,09-06-26,18:28,J0001,Ciudadela,Torneo,Brisa;Koro,16,5.0,7,3,Victoria,1010.0
1838,2026-02-28,22:41,J0067,Desierto Neon,Ranked,Brisa,45,2.0,1,5,Derrota,430.0
8036,16-06-26,20:00,J0126,Desierto Neon,Ranked,Lienzo;Umbra;Brisa,45,5.0,5,7,Derrota,750.0
8384,2026-06-21,07:22,J0149,Desierto Neon,Casual,Brisa,18,6.0,9,6,  Derrota ,720.0
9526,2026-07-09,18:37,J0023,Puerto Escarlata,Ranked,Tesla;Brisa,35,10.0,2,3,Victoria,1610.0
608,2026-01-31,08:48,J0073,Canales de Hielo,Casual,  Nadia ,29,4.0,8,1,Victoria,790.0
6144,2026-05-17,15:12,J0014,Bosque Umbral,Casual,Nadia;Koro,21,3.0,2,5,Victoria,
1094,11/02/2026,03:17,J0006,Desierto Neon,Casual,Koro;Magnus;Nadia,24,3.0,2,4,Derrota,460.0
5520,2026-05-08,23:35,J0043,Bosque Umbral,Torneo,Tesla,21,4.0,8,5,Derrota,490.0
6439,22/05/2026,19:36,J0015,Ciudadela,Ranked,Lienzo;Koro,29,,6,2,Victoria,780.0
9035,01-07-26,23:06,J0019,Estacion Orbital,Casual,Tesla,30,0.0,5,0,Derrota,0.0
4488,2026-04-20,02:47,J0015,Estacion Orbital,Casual,Vex,25,8.0,3,1,Victoria,1290.0
161,2026-01-20,  21:36 ,J0012,Canales de Hielo,Casual,Umbra;Koro;Tesla,10,3.0,6,7,Derrota,530.0
204,21/01/2026,17:53,J0001,Canales de Hielo,Casual,Brisa;Vex;Koro,26,,6,3,Victoria,1130.0
9598,2026-07-10,00:12,J0057,Canales de Hielo,Torneo,Nadia;Umbra,27,8.0,1,5,Victoria,1530.0
8668,2026-06-26,20:47,J0194,Bosque Umbral,Casual,Magnus;Vex,31,7.0,4,5,Derrota,870.0
4934,27-04-26,21:18,J0139,Bosque Umbral,Ranked,Brisa,22,9.0,7,6,Victoria,1560.0
2935,2026-03-22,20:23,J0031,Estacion Orbital,Ranked,Tesla;Brisa;Magnus,35,2.0,4,3,Victoria,770.0
9427,2026-07-07,17:07,J0012,Puerto Escarlata,Casual,Brisa,26,4.0,6,2,Victoria,880.0
2436,2026-03-12,02:03,J0087,Desierto Neon,Casual,Tesla;Umbra,23,10.0,4,5,Derrota,1170.0
1231,15/02/2026,18:02,J0042,Canales de Hielo,Ranked,Koro,32,2.0,5,8,Victoria,1000.0
8744,2026-06-27,23:44,J0048,Puerto Escarlata,Ranked,Brisa;Lienzo,33,4.0,4,3,Derrota,470.0
3047,2026-03-23,19:41,J0008,Ciudadela,Ranked,brisa;lienzo;nadia,24,1.0,3,4,Derrota,240.0
9728,11/07/2026,21:32,J0037,Puerto Escarlata,Casual,Magnus,13,3.0,5,5,Derrota,450.0
5825,2026-05-12,18:08,J0048,Estacion Orbital,Casual,Brisa;Magnus,14,6.0,3,3,  Victoria ,1190.0
8115,2026-06-17,19:03,J0200,Bosque Umbral,Casual,Tesla,30,3.0,4,1,Victoria,770.0
6521,2026-05-23,18:01,J0041,Puerto Escarlata,Casual,,28,1.0,1,2,DERROTA,180.0
4252,2026-04-16,16:10,J0014,Puerto Escarlata,Ranked,Brisa,44,4.0,4,7,Derrota,"670,0 pts"
7593,09/06/2026,17:01,J0028,Ciudadela,Ranked,Umbra;Magnus,31,4.0,7,5,Victoria,1010.0
3294,2026-03-28,21:41,J0071,Bosque Umbral,Casual,Nadia,19,6.0,3,1,Victoria,1090.0
4035,11-04-26,22:30,J0086,Bosque Umbral,Ranked,Vex;Tesla,32,5.0,0,5,Victoria,1250.0
2726,2026-03-17,16:19,J0001,Bosque Umbral,Ranked,Koro,36,3.0,3,4,Victoria,940.0
4291,2026-04-17,17:53,J0188,Puerto Escarlata,Torneo,Koro,16,10.0,6,8,Victoria,1780.0
4335,2026-04-18,05:29,J0029,Bosque Umbral,Ranked,Umbra,25,6.0,5,3,Derrota,650.0
7725,2026-06-11,15:37,J0109,Bosque Umbral,Ranked,Brisa;Tesla,25,6.0,2,6,Derrota,860.0
3878,2026-04-09,21:39,J0055,Bosque Umbral,Ranked,Umbra;Tesla;Vex,42,3.0,5,9,Victoria,1150.0
5525,08-05-26,08:14,J0032,Puerto Escarlata,Casual,Nadia,11,5.0,4,3,Victoria,1070.0
4754,25/04/2026,19:21,J0054,Bosque Umbral,Casual,Koro;Nadia,20,9.0,7,4,Victoria,1460.0
4887,2026-04-26,01:30,J0015,Canales de Hielo,Casual,Nadia;Brisa,23,12.0,2,2,Derrota,1260.0
858,2026-02-06,08:34,J0002,Puerto Escarlata,Casual,Tesla,12,8.0,4,2,Victoria,1320.0
7943,2026-06-14,08:48,J0162,Bosque Umbral,Torneo,Umbra;Magnus,11,8.0,3,5,Victoria,1490.0
8441,2026-06-22,20:44,J0029,Ciudadela,Ranked,Magnus;Lienzo,39,5.0,6,3,Victoria,1030.0
2562,2026-03-15,19:32,J0037,Puerto Escarlata,Ranked,Magnus;Vex;Lienzo,24,5.0,6,2,Victoria,980.0
3802,2026-04-07,13:25,J0024,Ciudadela,Ranked,Tesla,44,8.0,5,6,Victoria,1500.0
2641,2026-03-16,18:15,J0032,Puerto Escarlata,Casual,Nadia;Magnus,32,3.0,6,5,Victoria,930.0
5769,11/05/2026,22:44,J0043,Puerto Escarlata,Ranked,Vex,26,7.0,5,4,Victoria,1300.0
4491,20/04/2026,20:28,J0200,Desierto Neon,Casual,NADIA,32,9.0,6,3,VICTORIA,1430.0
2348,10/03/2026,19:34,J0061,Ciudadela,Casual,Umbra,29,4.0,3,1,Derrota,390.0
650,01-02-26,23:48,J0093,Puerto Escarlata,Casual,Lienzo;Vex,18,5.0,7,3,,1010.0
2782,19/03/2026,20:57,J0032,Ciudadela,Torneo,Tesla,15,8.0,5,5,Victoria,1450.0
8949,30-06-26,19:42,J0026,Canales de Hielo,Torneo,  Umbra ,28,7.0,1,4,Victoria,1380.0
8612,2026-06-25,17:02,J0016,Puerto Escarlata,Torneo,Magnus,30,10.0,6,3,Derrota,1030.0
8746,2026-06-27,18:38,J0074,Bosque Umbral,Ranked,Brisa,25,3.0,7,5,Derrota,410.0
5839,2026-05-12,12:41,J0074,Puerto Escarlata,Casual,Koro;Nadia,19,8.0,3,3,,1390.0
616,2026-01-31,15:04,J0021,Puerto Escarlata,Casual,Nadia;Koro,16,6.0,5,4,Victoria,1200.0
8514,23/06/2026,19:32,J0200,Canales de Hielo,Ranked,Nadia;Magnus,27,8.0,2,5,Derrota,1010.0
2576,2026-03-15,14:09,J0075,Canales de Hielo,Ranked,Umbra,30,4.0,4,4,Victoria,1020.0
54,2026-01-17,15:30,J0103,Bosque Umbral,Ranked,Tesla;Koro,45,16.0,4,4,Derrota,1720.0
3341,2026-03-29,01:56,J0053,Puerto Escarlata,Ranked,Brisa;Koro,38,8.0,5,4,Victoria,1400.0
7538,2026-06-08,17:27,J0067,Desierto Neon,Casual,Koro;Tesla,14,7.0,6,4,Derrota,780.0
1706,2026-02-24,03:48,J0094,Bosque Umbral,Torneo,Umbra,25,2.0,4,3,Victoria,770.0
9131,03-07-26,21:52,J0021,Puerto Escarlata,Casual,Magnus;Vex,19,10.0,6,8,Victoria,1780.0
6569,2026-05-23,18:21,J0031,Bosque Umbral,Ranked,Koro;Vex,22,7.0,7,4,Victoria,1260.0
1494,2026-02-21,15:54,J0049,Ciudadela,Ranked,Tesla;Koro,28,2.0,5,4,Derrota,300.0
252,22/01/2026,11:43,J0037,Canales de Hielo,Casual,Umbra;Vex,17,8.0,4,5,Derrota,970.0
5732,2026-05-10,16:17,J0066,Desierto Neon,Ranked,Tesla;Magnus,34,5.0,2,1,Derrota,510.0
804,05/02/2026,19:45,J0187,Desierto Neon,Casual,Umbra;Lienzo;Tesla,17,7.0,4,3,Derrota,770.0
4954,28/04/2026,09:18,J0006,Puerto Escarlata,Casual,Koro;Vex,13,6.0,5,9,Derrota,950.0
7056,31/05/2026,08:35,J0042,Puerto Escarlata,Casual,Brisa,16,7.0,7,5,Derrota,810.0
7230,2026-06-03,19:43,J0134,Estacion Orbital,Ranked,Lienzo,38,4.0,8,5,Victoria,990.0
991,2026-02-09,16:59,J0078,Desierto Neon,Casual,Lienzo,9,1.0,3,4,Victoria,740.0
2775,2026-03-19,21:44,J0053,Canales de Hielo,Casual,Magnus;Lienzo,10,5.0,10,4,Victoria,1000.0
7599,2026-06-09,08:54,J0007,Desierto Neon,Casual,Tesla;Nadia,12,7.0,7,5,Victoria,1310.0
6533,23/05/2026,18:13,J0098,Puerto Escarlata,Casual,Lienzo,30,3.0,8,4,Victoria,840.0
3514,02-04-26,17:15,J0200,Estacion Orbital,Ranked,Koro,32,3.0,6,4,Victoria,880.0
7798,12-06-26,15:04,J0044,Puerto Escarlata,Ranked,Tesla,44,5.0,5,3,Derrota,550.0
8606,2026-06-25,21:59,J0011,Puerto Escarlata,Ranked,MAGNUS,27,6.0,3,5,Victoria,1290.0
220,2026-01-22,20:54,J0014,Estacion Orbital,Ranked,Lienzo;Vex,22,5.0,6,1,,930.0
5642,2026-05-09,15:43,J0004,Canales de Hielo,Casual,Umbra,12,4.0,5,6,Victoria,1100.0
1289,16-02-26,20:07,J0004,Ciudadela,Casual,Umbra;Lienzo,27,2.0,4,3,Victoria,770.0
3164,26/03/2026,22:09,J0089,Ciudadela,Ranked,Umbra,41,,4,3,Victoria,1170.0
4679,2026-04-23,16:03,J0025,Estacion Orbital,Casual,Brisa;Nadia,24,6.0,6,3,Victoria,1130.0
2619,2026-03-15,17:55,J0017,Bosque Umbral,Torneo,Koro,11,4.0,5,4,Victoria,1000.0
3613,2026-04-04,10:11,J0063,Puerto Escarlata,Casual,Vex;Tesla,8,14.0,5,1,Derrota,1350.0
44,2026-01-17,15:43,J0174,Desierto Neon,Torneo,Koro,11,3.0,9,2,Victoria,720.0
7976,2026-06-15,22:09,J0014,Puerto Escarlata,Ranked,Lienzo;Koro,42,6.0,2,4,Derrota,760.0
7732,11/06/2026,16:12,J0034,Desierto Neon,Ranked,Magnus;Umbra,33,3.0,8,7,Derrota,490.0
3793,2026-04-07,  00:08 ,J0022,Ciudadela,Casual,Vex;Nadia,31,5.0,8,2,Victoria,940.0
3572,03/04/2026,18:43,J0038,Canales de Hielo,Ranked,Brisa,26,0.0,8,7,Derrota,190.0
7939,2026-06-14,17:35,J0003,Bosque Umbral,Casual,Vex;Brisa,24,5.0,8,1,Victoria,890.0
1504,2026-02-21,20:43,J0033,Ciudadela,Ranked,Nadia,32,6.0,1,3,Victoria,"1230,0 pts"
5655,10-05-26,16:22,J0123,Estacion Orbital,Ranked,Vex,28,6.0,9,2,Victoria,1020.0
9904,13/07/2026,22:39,J0061,Ciudadela,Casual,,23,11.0,6,5,Victoria,1730.0
3440,31-03-26,16:50,J0110,Ciudadela,Torneo,Nadia;Brisa,29,3.0,6,7,Derrota,530.0
1893,2026-03-01,14:01,J0016,Ciudadela,Ranked,Nadia;Tesla,25,,3,2,Derrota,1240.0
9394,2026-07-07,21:06,J0200,Desierto Neon,Ranked,Vex,38,11.0,5,8,Derrota,1400.0
5256,2026-05-03,19:48,J0003,Desierto Neon,Ranked,Umbra;Nadia,24,9.0,5,4,Victoria,1500.0
1956,2026-03-02,11:43,J0011,Ciudadela,Torneo,Vex;Nadia,12,5.0,10,3,Victoria,950.0
5168,02/05/2026,20:03,J0013,Ciudadela,Casual,Magnus,11,5.0,5,6,Victoria,1200.0
4815,2026-04-25,18:03,J0063,Ciudadela,Ranked,Umbra,36,7.0,9,6,Victoria,1320.0
7137,2026-06-02,18:14,J0039,Estacion Orbital,Ranked,Tesla,44,7.0,3,1,Derrota,690.0
1506,2026-02-21,00:53,J0032,Canales de Hielo,Ranked,Umbra;Tesla,37,4.0,7,4,Derrota,460.0
671,2026-02-01,17:54,J0110,Canales de Hielo,Casual,Koro,21,9.0,4,6,Victoria,1620.0
8977,2026-06-30,23:38,J0027,Desierto Neon,Casual,Tesla,29,5.0,8,5,Victoria,1090.0
8186,2026-06-18,18:28,J0064,Estacion Orbital,Casual,Lienzo,10,4.0,2,2,Victoria,960.0
898,2026-02-07,18:57,J0051,Puerto Escarlata,Casual,Umbra,12,6.0,7,6,Victoria,1260.0
6290,2026-05-20,19:23,J0031,Ciudadela,Ranked,Nadia,29,6.0,2,9,  Derrota ,1010.0
2667,2026-03-16,00:16,J0154,Estacion Orbital,Ranked,Brisa;Vex,36,4.0,7,4,Derrota,460.0
3194,27-03-26,15:23,J0007,Ciudadela,Ranked,Magnus,40,8.0,2,1,Derrota,810.0
2891,2026-03-21,19:58,J0107,Puerto Escarlata,Casual,Vex,30,5.0,6,6,Derrota,680.0
6544,23/05/2026,17:06,J0021,Ciudadela,Casual,Lienzo,18,5.0,5,3,Derrota,550.0
2622,2026-03-15,01:11,J0007,Bosque Umbral,Casual,Koro;Nadia,9,12.0,7,8,Victoria,1960.0
8684,26/06/2026,20:28,J0077,Canales de Hielo,Casual,Vex;Lienzo;Brisa,29,8.0,5,3,Victoria,1350.0
6061,2026-05-16,16:25,J0034,Bosque Umbral,Ranked,,34,6.0,7,3,Derrota,610.0
3,2026-01-16,17:19,J0067,Desierto Neon,Ranked,nadia,45,10.0,5,3,Victoria,1550.0
2371,2026-03-10,20:56,J0003,Desierto Neon,Ranked,Tesla,45,5.0,4,1,derrota,470.0
8048,2026-06-16,19:51,J0102,Puerto Escarlata,Ranked,Magnus;Tesla,26,5.0,5,3,Victoria,1050.0
1770,26/02/2026,16:56,J0006,Estacion Orbital,Casual,Nadia;Brisa,19,6.0,6,5,Victoria,1230.0
8573,24-06-26,11:12,J0042,Puerto Escarlata,Casual,Umbra,8,4.0,4,3,Victoria,970.0
6135,17-05-26,19:28,J0021,Ciudadela,Casual,Lienzo,15,11.0,4,4,,"1220,0 pts"
532,2026-01-29,16:28,J0066,Bosque Umbral,Ranked,Umbra,39,7.0,4,3,Victoria,1270.0
9522,09-07-26,21:04,J0017,Estacion Orbital,Casual,Koro;Magnus,9,9.0,4,1,Victoria,1370.0
9304,05/07/2026,10:12,J0027,Puerto Escarlata,Ranked,Vex,38,5.0,3,4,Victoria,1140.0
6727,26/05/2026,19:59,J0071,Canales de Hielo,Casual,Lienzo,16,7.0,5,7,Derrota,950.0
6992,30/05/2026,16:23,J0056,Puerto Escarlata,Ranked,Lienzo;Nadia,34,6.0,1,5,Derrota,830.0
3121,2026-03-25,17:38,J0017,Desierto Neon,Casual,Umbra;Koro;Tesla,24,6.0,8,7,Derrota,
9093,02/07/2026,18:59,J0013,Puerto Escarlata,Torneo,Lienzo,20,7.0,5,8,Derrota,1000.0
732,2026-02-03,23:00,J0070,Bosque Umbral,Casual,Magnus;Tesla;Vex,15,8.0,8,4,Derrota,840.0
3407,2026-03-30,21:43,J0072,Desierto Neon,Torneo,Brisa;Vex,11,2.0,5,6,Derrota,400.0
2340,2026-03-10,12:40,J0082,Bosque Umbral,Ranked,Lienzo;Magnus,30,5.0,7,5,  Derrota ,610.0
6073,2026-05-16,22:45,J0096,Bosque Umbral,Ranked,Nadia;Umbra,34,7.0,11,4,Victoria,1180.0
7621,09/06/2026,17:06,J0007,Ciudadela,Ranked,Koro;Umbra,43,3.0,8,2,Victoria,740.0
2566,2026-03-15,22:37,J0011,Estacion Orbital,Ranked,Nadia,26,4.0,5,6,Victoria,1100.0
8118,2026-06-17,18:06,J0017,Bosque Umbral,Ranked,Vex;Brisa,28,4.0,8,8,Victoria,1140.0
7954,2026-06-14,13:45,J0125,Bosque Umbral,Casual,Nadia;Vex,24,6.0,1,5,Victoria,1330.0
6831,28-05-26,23:11,J0062,Estacion Orbital,Ranked,Tesla;Umbra,23,1.0,3,3,Derrota,190.0
7119,2026-06-01,18:35,J0200,Desierto Neon,Ranked,Lienzo,44,9.0,1,5,Derrota,1130.0
5581,2026-05-09,14:26,J0008,Canales de Hielo,Torneo,Vex,18,9.0,7,5,Victoria,1510.0
6084,2026-05-16,20:40,J0033,Puerto Escarlata,Ranked,Vex,29,13.0,5,4,Victoria,1900.0
9046,2026-07-01,16:01,J0155,Canales de Hielo,Torneo,Magnus,12,3.0,6,2,Victoria,780.0
1256,2026-02-15,18:17,J0018,Ciudadela,Ranked,Umbra,25,3.0,6,2,Victoria,780.0
2105,2026-03-05,13:51,J0110,Ciudadela,Ranked,Brisa;Koro,24,4.0,5,5,Derrota,550.0
6854,2026-05-28,17:01,J0002,Estacion Orbital,Casual,Tesla,26,5.0,8,3,Victoria,990.0
6812,2026-05-27,21:29,J0047,Ciudadela,Casual,Tesla,9,7.0,3,4,Victoria,1340.0
8038,2026-06-16,19:45,J0188,Desierto Neon,Ranked,Vex,40,2.0,3,4,,840.0
9221,04/07/2026,16:08,J0045,Canales de Hielo,Ranked,Umbra;Lienzo;Magnus,32,1.0,6,4,Victoria,680.0
4995,2026-04-29,23:08,J0131,Desierto Neon,Torneo,Lienzo;Brisa;Vex,20,9.0,7,6,  Victoria ,
9040,01-07-26,19:46,J0030,Bosque Umbral,Ranked,Umbra,31,12.0,2,5,Derrota,1410.0
6960,2026-05-30,20:50,J0033,Canales de Hielo,Casual,Umbra,29,3.0,8,3,Victoria,790.0
5058,30-04-26,18:52,J0094,Estacion Orbital,Ranked,Umbra,38,6.0,12,3,Derrota,510.0
7211,2026-06-03,18:31,J0140,Canales de Hielo,Casual,Koro;Lienzo;Brisa,10,6.0,6,5,Victoria,1230.0
4435,2026-04-19,21:32,J0034,Puerto Escarlata,Ranked,Vex;Magnus,34,8.0,3,2,Derrota,840.0
3485,01/04/2026,14:47,J0019,Estacion Orbital,Ranked,Vex,24,3.0,2,4,Victoria,960.0
9566,09-07-26,16:48,J0191,Desierto Neon,Ranked,Nadia,34,8.0,5,3,Victoria,1350.0
5319,2026-05-04,19:15,J0063,Ciudadela,Ranked,Tesla,26,8.0,5,1,Victoria,1250.0
3817,2026-04-08,07:48,J0016,Ciudadela,Ranked,Vex;Nadia,32,11.0,3,4,Victoria,1740.0
5830,2026-05-12,18:02,J0092,Ciudadela,Ranked,  Lienzo;Vex;Magnus ,33,3.0,8,7,Derrota,490.0
8973,2026-06-30,08:04,J0053,Canales de Hielo,Casual,Nadia,12,4.0,3,8,Derrota,740.0
9076,2026-07-02,07:51,J0031,Ciudadela,Casual,Umbra,20,3.0,7,4,Derrota,360.0
5647,09-05-26,23:37,J0028,Ciudadela,Casual,Tesla,15,,2,4,Victoria,1260.0
1622,23-02-26,08:10,J0056,Ciudadela,Casual,Nadia,21,7.0,6,4,Victoria,1280.0
9495,08-07-26,20:19,J0082,Canales de Hielo,Ranked,Nadia,26,6.0,8,6,Victoria,1240.0
6419,2026-05-21,19:16,J0060,Desierto Neon,Ranked,Nadia;Tesla,36,6.0,3,3,Derrota,690.0
6561,2026-05-23,05:03,J0019,Desierto Neon,Casual,Brisa,26,3.0,7,3,Derrota,310.0
8972,2026-06-30,13:16,J0040,Puerto Escarlata,Casual,Umbra;Koro;Lienzo,30,8.0,2,7,Derrota,1110.0
1097,2026-02-11,20:06,J0033,Estacion Orbital,Casual,Lienzo,9,4.0,3,4,Derrota,540.0
6476,2026-05-22,20:37,J0069,Canales de Hielo,Ranked,Brisa,36,4.0,2,5,Derrota,610.0
9554,2026-07-09,20:10,J0200,Canales de Hielo,Ranked,Magnus,23,6.0,7,3,Victoria,1110.0
6914,2026-05-29,19:53,J0074,Ciudadela,Torneo,Vex,13,5.0,4,2,Victoria,
2464,2026-03-13,21:12,J0001,Desierto Neon,Casual,Tesla;Brisa,8,5.0,4,3,Victoria,1070.0
7383,2026-06-06,21:55,J0073,Canales de Hielo,Casual,Vex;Brisa;Umbra,29,7.0,5,6,Victoria,1400.0
1789,2026-02-27,22:09,J0081,Puerto Escarlata,Ranked,Vex;Magnus,31,9.0,5,2,Derrota,900.0
251,22/01/2026,17:22,J0020,Canales de Hielo,Ranked,Umbra;Koro,43,5.0,2,3,Derrota,610.0
7530,08-06-26,18:22,J0009,Puerto Escarlata,Casual,Tesla,17,5.0,6,5,Derrota,630.0
9619,2026-07-10,22:20,J0008,Canales de Hielo,Casual,Vex,28,7.0,5,5,Victoria,1350.0
6524,2026-05-23,17:46,J0022,Canales de Hielo,Casual,,31,8.0,10,6,Victoria,1400.0
193,2026-01-21,11:06,J0006,Bosque Umbral,Torneo,Lienzo,16,8.0,1,6,Victoria,1580.0
821,2026-02-05,16:28,J0068,Estacion Orbital,Casual,Lienzo,20,8.0,5,3,Derrota,850.0
9701,2026-07-11,10:47,J0016,Puerto Escarlata,Casual,Nadia,19,7.0,5,3,Victoria,1250.0
5815,2026-05-12,14:11,J0019,Desierto Neon,Casual,Vex,27,3.0,9,6,Derrota,420.0
7321,2026-06-05,18:08,J0013,Estacion Orbital,Torneo,Magnus;Tesla,21,5.0,5,2,Victoria,1000.0
5816,12/05/2026,22:23,J0026,Bosque Umbral,Ranked,koro,28,3.0,3,5,Victoria,990.0
4401,2026-04-18,19:43,J0038,Bosque Umbral,Ranked,Magnus,33,6.0,7,3,Derrota,"610,0 pts"
9667,11-07-26,12:18,J0022,Ciudadela,Torneo,Umbra,9,7.0,4,4,Victoria,1320.0
5389,05-05-26,14:05,J0082,Canales de Hielo,Ranked,Umbra,37,6.0,10,3,Victoria,1050.0
4167,14-04-26,17:39,J0155,Bosque Umbral,Ranked,lienzo;magnus;tesla,44,3.0,4,6,Derrota,520.0
4952,28/04/2026,19:53,J0030,Puerto Escarlata,Casual,  Tesla;Umbra ,14,4.0,4,4,Derrota,520.0
2688,17/03/2026,22:58,J0068,Ciudadela,Ranked,Umbra,36,4.0,5,3,Derrota,450.0
4391,2026-04-18,06:29,J0097,Canales de Hielo,Ranked,Vex;Umbra,39,12.0,1,3,Victoria,1830.0
8337,2026-06-21,10:48,J0057,Ciudadela,Casual,Vex,17,8.0,2,3,Victoria,1410.0
6087,2026-05-17,18:37,J0119,Ciudadela,Ranked,Nadia,26,9.0,6,4,Derrota,980.0
4928,2026-04-27,19:35,J0181,Estacion Orbital,Ranked,Tesla,24,9.0,3,7,Derrota,1190.0
6855,28-05-26,23:33,J0038,Ciudadela,Casual,Lienzo,17,3.0,5,6,Derrota,500.0
5553,08-05-26,15:12,J0034,Desierto Neon,Casual,Lienzo,29,4.0,1,3,  Derrota ,"530,0 pts"
2608,2026-03-15,13:48,J0002,Estacion Orbital,Ranked,Koro,35,8.0,9,2,Victoria,1220.0
7595,2026-06-09,12:36,J0020,Ciudadela,Ranked,Tesla;Lienzo;Nadia,36,7.0,5,1,Victoria,1150.0
239,2026-01-22,20:42,J0123,Estacion Orbital,Casual,Magnus;Tesla,21,5.0,6,5,Victoria,1130.0
4016,2026-04-11,20:38,J0200,Canales de Hielo,Casual,Lienzo,23,6.0,4,4,Victoria,1220.0
9333,2026-07-06,19:38,J0200,Bosque Umbral,Ranked,Koro;Vex,27,6.0,5,3,Victoria,1150.0
2978,2026-03-22,22:03,J0119,Estacion Orbital,Ranked,Tesla;Koro,43,7.0,2,4,Victoria,1360.0
5813,2026-05-12,00:04,J0185,Ciudadela,Casual,Umbra;Magnus;Brisa,16,9.0,2,5,Victoria,1610.0
8109,2026-06-17,18:22,J0035,Ciudadela,Casual,Nadia,24,2.0,3,6,Derrota,440.0
5474,2026-05-07,20:43,J0046,Puerto Escarlata,Ranked,,44,11.0,6,6,Derrota,1280.0
946,08-02-26,23:57,J0017,Ciudadela,Ranked,Brisa,40,2.0,6,5,Victoria,
9515,2026-07-09,12:08,J0027,Ciudadela,Torneo,Koro,20,11.0,10,2,Derrota,1000.0
7811,2026-06-13,06:31,J0015,Puerto Escarlata,Ranked,Koro,39,12.0,8,2,Derrota,1140.0
5098,2026-04-30,12:44,J0167,Estacion Orbital,Casual,Lienzo;Magnus,28,7.0,4,4,Victoria,1320.0
6926,2026-05-30,21:36,J0009,Ciudadela,Casual,Magnus,26,3.0,4,7,victoria,1070.0
5906,2026-05-13,22:06,J0200,Canales de Hielo,Casual,Brisa;Koro;Umbra,8,17.0,3,3,Victoria,"2290,0 pts"
3553,2026-04-03,01:03,J0164,Ciudadela,Ranked,Lienzo,44,4.0,3,2,  Victoria ,940.0
1514,2026-02-21,18:12,J0105,Bosque Umbral,Casual,Tesla,23,8.0,4,4,VICTORIA,1420.0
3361,2026-03-29,20:24,J0128,Puerto Escarlata,Casual,Vex,9,11.0,3,5,VICTORIA,1790.0
5652,2026-05-09,00:41,J0062,Ciudadela,Casual,Vex,10,7.0,6,2,Victoria,1180.0
2411,2026-03-12,19:21,J0020,Bosque Umbral,Ranked,Brisa,26,4.0,5,5,Victoria,1050.0
4508,2026-04-20,11:51,J0003,Desierto Neon,Casual,Brisa;Tesla,8,3.0,2,6,Victoria,1060.0
9636,2026-07-10,23:31,J0009,Canales de Hielo,Casual,Magnus,10,4.0,4,5,Victoria,1070.0
3983,2026-04-11,15:34,J0057,Bosque Umbral,Ranked,Umbra;Lienzo,45,9.0,5,2,Derrota,900.0
147,20/01/2026,01:17,J0088,Desierto Neon,Casual,Vex,28,7.0,6,7,Victoria,1430.0
6766,2026-05-26,17:32,J0151,Canales de Hielo,Casual,Lienzo,18,7.0,2,2,Derrota,760.0
2295,2026-03-09,20:11,J0016,Desierto Neon,Ranked,Magnus,37,,3,3,Victoria,1290.0
2254,2026-03-08,21:14,J0200,Canales de Hielo,Ranked,Magnus;Vex,32,8.0,2,8,Victoria,1660.0
3612,04/04/2026,16:37,J0015,Estacion Orbital,Casual,Koro,20,,7,6,Derrota,1060.0
5354,2026-05-05,19:59,J0078,Estacion Orbital,Ranked,Koro;Tesla,32,6.0,7,5,Derrota,"710,0 pts"
1737,2026-02-25,16:06,J0042,Desierto Neon,Ranked,Koro,31,0.0,8,4,Victoria,540.0
9238,2026-07-04,20:29,J0156,Puerto Escarlata,Casual,Nadia,23,12.0,3,2,Derrota,1240.0
8942,30/06/2026,19:08,J0012,Estacion Orbital,Casual,Vex;Tesla;Nadia,8,13.0,4,2,Victoria,1820.0
115,2026-01-19,07:18,J0024,Desierto Neon,Ranked,Brisa,41,5.0,4,2,Victoria,1020.0
8930,2026-06-29,22:10,J0200,Puerto Escarlata,Ranked,Lienzo,43,6.0,4,5,DERROTA,770.0
5749,11/05/2026,23:29,J0059,Estacion Orbital,Casual,Koro,16,2.0,7,2,Derrota,160.0
9547,09/07/2026,13:02,J0024,Puerto Escarlata,Casual,Nadia,24,7.0,4,7,Victoria,1470.0
499,2026-01-28,22:21,J0067,Estacion Orbital,Casual,Nadia,18,4.0,3,2,Derrota,440.0
7634,2026-06-10,09:54,J0006,Puerto Escarlata,Casual,Magnus,10,6.0,5,5,Derrota,750.0
721,2026-02-03,15:57,J0077,Ciudadela,Casual,Umbra;Nadia;Tesla,19,1.0,3,4,Derrota,240.0
7309,2026-06-04,20:15,J0098,Ciudadela,Ranked,Koro;Umbra,28,9.0,4,3,Victoria,1470.0
8913,29-06-26,20:37,J0041,Puerto Escarlata,Ranked,Brisa,23,3.0,6,6,  Derrota ,480.0
5831,12-05-26,12:21,J0050,Ciudadela,Casual,Lienzo,26,3.0,8,5,Derrota,390.0
3090,24/03/2026,16:48,J0021,Ciudadela,Ranked,Nadia,39,8.0,5,2,Victoria,1300.0
8444,2026-06-22,00:27,J0024,Bosque Umbral,Ranked,Lienzo,33,6.0,7,6,derrota,760.0
7434,2026-06-06,23:35,J0019,Bosque Umbral,Casual,Lienzo,28,5.0,7,2,,960.0
6625,2026-05-24,19:26,J0033,Ciudadela,Ranked,Umbra,26,4.0,4,5,Derrota,570.0
597,2026-01-31,16:50,J0054,Puerto Escarlata,Casual,Brisa,13,9.0,6,2,Derrota,880.0
9163,03/07/2026,00:17,J0098,Desierto Neon,Ranked,Magnus,30,7.0,9,3,Derrota,670.0
6205,2026-05-18,01:25,J0106,Puerto Escarlata,Ranked,Umbra,41,6.0,4,1,Derrota,570.0
6163,2026-05-17,19:23,J0027,Canales de Hielo,Ranked,Koro,41,8.0,10,8,Victoria,1500.0
5165,2026-05-02,16:35,J0076,Puerto Escarlata,Ranked,Koro,44,8.0,9,4,Victoria,1320.0
1648,2026-02-23,15:23,J0028,Ciudadela,Casual,Lienzo;Brisa,30,4.0,3,3,Victoria,990.0
6243,2026-05-19,02:30,J0003,Puerto Escarlata,Casual,Nadia,32,,6,3,Victoria,1330.0
7043,2026-05-31,08:39,J0058,Canales de Hielo,Ranked,Magnus,37,8.0,5,2,Derrota,"800,0 pts"
2701,2026-03-17,20:47,J0061,Canales de Hielo,Casual,Magnus,15,4.0,4,5,Victoria,
9900,2026-07-13,15:47,J0001,Canales de Hielo,Casual,,31,8.0,4,3,Derrota,870.0
1701,2026-02-24,23:57,J0015,Estacion Orbital,Casual,Magnus,25,,3,7,Derrota,790.0
9014,2026-07-01,00:24,J0013,Estacion Orbital,Ranked,Lienzo,27,9.0,7,5,Victoria,1510.0
5405,2026-05-06,17:34,J0070,Estacion Orbital,Torneo,Tesla;Nadia;Koro,18,4.0,2,8,Derrota,760.0
7345,2026-06-05,17:23,J0068,Ciudadela,Casual,Brisa,20,7.0,7,5,Derrota,810.0
8985,2026-06-30,17:49,J0044,Bosque Umbral,Casual,Nadia;Tesla,28,9.0,4,5,Derrota,1070.0
2943,2026-03-22,11:00,J0006,Bosque Umbral,Torneo,Magnus,13,10.0,9,3,Victoria,1470.0
6413,2026-05-21,22:49,J0025,Canales de Hielo,Casual,Brisa,30,6.0,5,5,Derrota,750.0
87,2026-01-18,17:36,J0041,Bosque Umbral,Casual,Magnus;Umbra,31,4.0,8,2,Victoria,840.0
2309,2026-03-09,14:01,J0112,Canales de Hielo,Casual,Umbra;Brisa,28,4.0,2,4,Victoria,1060.0
2678,16-03-26,08:00,J0080,Estacion Orbital,Torneo,Brisa,21,4.0,8,5,Victoria,990.0
8282,20-06-26,23:24,J0029,Puerto Escarlata,Ranked,Nadia,37,3.0,2,2,Derrota,360.0
8076,2026-06-17,16:12,J0007,Bosque Umbral,Casual,Brisa,28,7.0,5,2,Victoria,1200.0
2595,15-03-26,11:14,J0016,Puerto Escarlata,Casual,Tesla;Vex,11,15.0,4,1,Victoria,1970.0
8975,30-06-26,23:31,J0028,Estacion Orbital,Casual,Nadia;Lienzo;Vex,11,10.0,4,1,Derrota,970.0
1030,2026-02-10,21:19,J0020,Canales de Hielo,Casual,Lienzo;Tesla,24,9.0,4,4,Derrota,1020.0
137,2026-01-19,16:32,J0152,Ciudadela,Torneo,Magnus,14,1.0,7,4,Victoria,660.0
6952,2026-05-30,16:24,J0051,Puerto Escarlata,Ranked,,28,1.0,3,7,Derrota,390.0
6253,19/05/2026,08:23,J0028,Ciudadela,Casual,,20,5.0,6,4,Derrota,580.0
2855,2026-03-20,23:20,J0001,Ciudadela,Ranked,Lienzo,36,4.0,3,6,Derrota,640.0
4410,2026-04-19,12:28,J0153,Bosque Umbral,Torneo,Umbra,32,8.0,3,7,Derrota,1090.0
1201,14/02/2026,11:39,J0038,Desierto Neon,Torneo,Lienzo,21,9.0,7,8,Victoria,1660.0
4718,2026-04-24,20:03,J0043,Canales de Hielo,Ranked,Vex;Brisa,32,6.0,7,5,Derrota,710.0
9590,10/07/2026,16:45,J0016,Puerto Escarlata,Casual,Koro,14,6.0,3,2,Victoria,1140.0
7432,2026-06-06,  13:21 ,J0011,Canales de Hielo,Ranked,Umbra;Tesla,39,6.0,9,2,Derrota,520.0
567,2026-01-30,10:47,J0061,Ciudadela,Ranked,Umbra,41,7.0,8,2,Victoria,1140.0
7392,2026-06-06,18:17,J0029,Desierto Neon,Ranked,Lienzo,22,1.0,7,4,Derrota,160.0
5431,2026-05-06,01:42,J0051,Desierto Neon,Casual,Magnus,27,1.0,9,5,Derrota,170.0
3928,2026-04-10,19:39,J0034,Bosque Umbral,Casual,Tesla,25,4.0,7,5,Derrota,510.0
7559,2026-06-08,08:33,J0200,Bosque Umbral,Ranked,Umbra;Lienzo,42,8.0,4,7,Derrota,"1070,0 pts"
7719,11-06-26,07:26,J0130,Puerto Escarlata,Casual,Nadia,8,2.0,0,5,Derrota,450.0
8897,2026-06-29,01:45,J0026,Desierto Neon,Ranked,Umbra;Koro,27,6.0,9,3,,1070.0
6689,2026-05-25,17:11,J0110,Canales de Hielo,Ranked,Koro,33,3.0,5,5,Derrota,450.0
6652,2026-05-24,15:10,J0074,Puerto Escarlata,Ranked,Koro,27,4.0,6,4,Derrota,"480,0 pts"
8983,2026-06-30,22:18,J0012,Ciudadela,Ranked,Lienzo;Magnus,25,5.0,3,6,Victoria,1240.0
8923,2026-06-29,13:05,J0042,Puerto Escarlata,Torneo,Tesla;Brisa,14,4.0,6,6,Derrota,580.0
2331,2026-03-10,01:44,J0065,Bosque Umbral,Casual,Vex;Lienzo;Brisa,19,2.0,5,2,Derrota,200.0
3516,2026-04-02,19:18,J0049,Puerto Escarlata,Casual,UMBRA,22,5.0,6,6,Derrota,680.0
2188,07-03-26,13:25,J0017,Canales de Hielo,Ranked,Vex,37,10.0,5,3,Victoria,
196,2026-01-21,19:07,J0077,Bosque Umbral,Ranked,Brisa,39,0.0,11,0,Victoria,280.0
7385,06-06-26,21:52,J0087,Canales de Hielo,Casual,Tesla;Umbra;Magnus,28,6.0,4,3,Derrota,670.0
9159,2026-07-03,01:30,J0127,Puerto Escarlata,Torneo,Lienzo,32,2.0,2,5,Victoria,910.0
5060,30/04/2026,23:21,J0027,Canales de Hielo,Ranked,,37,4.0,4,3,Victoria,970.0
803,2026-02-05,21:13,J0013,Ciudadela,Casual,Magnus,25,,6,3,Derrota,630.0
7537,2026-06-08,20:05,J0006,Canales de Hielo,Ranked,Koro,42,6.0,2,6,Victoria,1360.0
8026,16/06/2026,23:51,J0041,Desierto Neon,Ranked,Magnus,36,4.0,3,3,Victoria,990.0
2069,04/03/2026,21:47,J0072,Ciudadela,Ranked,Lienzo,42,3.0,2,7,Derrota,610.0
7663,10/06/2026,05:12,J0005,Estacion Orbital,Torneo,Lienzo;Umbra,8,6.0,7,6,Victoria,1260.0
8813,2026-06-28,20:14,J0035,Puerto Escarlata,Casual,Koro;Nadia,17,7.0,5,5,Derrota,850.0
645,01-02-26,15:24,J0027,Bosque Umbral,Torneo,Vex,11,8.0,2,4,Victoria,"1460,0 pts"
9445,2026-07-08,11:06,J0030,Bosque Umbral,Ranked,Magnus;Tesla,42,,5,3,Victoria,1250.0
5104,2026-04-30,17:17,J0149,Canales de Hielo,Casual,Vex;Magnus,13,4.0,4,6,victoria,1120.0
5461,2026-05-06,17:33,J0046,Ciudadela,Casual,Nadia;Magnus,32,6.0,4,8,Victoria,1420.0
1638,23-02-26,19:41,J0117,Ciudadela,Casual,lienzo,15,6.0,3,2,Victoria,1140.0
121,2026-01-19,19:04,J0002,Ciudadela,Ranked,Lienzo,38,5.0,5,6,Derrota,700.0
2982,22-03-26,11:14,J0099,Ciudadela,Ranked,koro,29,5.0,3,2,Victoria,1040.0
5070,2026-04-30,22:52,J0016,Ciudadela,Torneo,Brisa;Lienzo,18,8.0,8,2,VICTORIA,1240.0
3075,24/03/2026,01:21,J0039,Desierto Neon,Ranked,Magnus,41,8.0,5,1,Derrota,750.0
8998,2026-06-30,10:41,J0097,Desierto Neon,Casual,Brisa,15,5.0,4,2,Victoria,1020.0
3279,2026-03-28,22:23,J0018,Desierto Neon,Ranked,Magnus;Lienzo,44,2.0,3,1,Derrota,190.0
2136,06-03-26,16:46,J0001,Ciudadela,Casual,Brisa;Magnus,19,6.0,8,5,Victoria,1190.0
9082,2026-07-02,19:41,J0111,Ciudadela,Ranked,Vex;Koro,35,11.0,5,5,Victoria,1750.0
4971,2026-04-28,20:30,J0102,Bosque Umbral,Casual,Vex,30,5.0,5,4,Victoria,1100.0
6307,2026-05-20,21:40,J0042,Canales de Hielo,Torneo,Nadia,30,3.0,2,2,Derrota,
135,2026-01-19,16:31,J0049,Puerto Escarlata,Casual,Brisa,10,1.0,12,5,Derrota,110.0
7863,2026-06-13,21:01,J0064,Estacion Orbital,Casual,Koro,14,4.0,6,2,Victoria,880.0
5325,04-05-26,17:37,J0072,Bosque Umbral,Torneo,Brisa;Tesla,11,9.0,7,3,Victoria,1410.0
9714,11-07-26,10:43,J0061,Puerto Escarlata,Ranked,Koro,41,4.0,7,3,Derrota,410.0
6271,2026-05-19,22:49,J0052,Bosque Umbral,Casual,Tesla;Brisa;Koro,22,4.0,6,5,Derrota,530.0
2560,2026-03-14,13:57,J0015,Canales de Hielo,Casual,Nadia,23,8.0,0,2,Derrota,900.0
63,2026-01-17,19:46,J0008,Desierto Neon,Ranked,Brisa,37,1.0,9,2,Derrota,20.0
1359,18-02-26,19:47,J0001,Ciudadela,Casual,Lienzo,25,2.0,5,2,Derrota,200.0
6664,2026-05-25,07:41,J0021,Estacion Orbital,Casual,lienzo;nadia;tesla,15,4.0,7,6,Victoria,1060.0
6692,25/05/2026,15:09,J0015,Puerto Escarlata,Torneo,Koro,24,5.0,3,5,Derrota,690.0
2468,2026-03-13,18:20,J0016,Desierto Neon,Torneo,Tesla,26,9.0,3,2,Victoria,1440.0
680,2026-02-02,23:39,J0074,Estacion Orbital,Casual,Umbra;Magnus,26,,8,5,Derrota,390.0
6917,2026-05-29,23:22,J0016,Bosque Umbral,Casual,Tesla,28,16.0,3,4,Victoria,2240.0
742,2026-02-03,17:40,J0005,Canales de Hielo,Torneo,Vex,20,5.0,6,5,Derrota,630.0
5308,04-05-26,19:07,J0085,Canales de Hielo,Casual,Lienzo;Magnus,8,11.0,5,2,Derrota,1100.0
4685,2026-04-24,20:21,J0079,Bosque Umbral,Ranked,Lienzo,33,4.0,8,7,Victoria,1090.0
3642,2026-04-04,20:30,J0153,Desierto Neon,Casual,Lienzo;Vex,31,11.0,4,3,Victoria,1670.0
445,2026-01-27,19:59,J0089,Estacion Orbital,Ranked,Magnus,26,6.0,1,2,Derrota,680.0
8230,2026-06-19,07:53,J0158,Puerto Escarlata,Ranked,Umbra;Lienzo,42,16.0,4,4,Derrota,1720.0
3259,28-03-26,12:08,J0007,Bosque Umbral,Ranked,Koro,36,8.0,5,2,Victoria,1300.0
4664,2026-04-23,20:09,J0127,Canales de Hielo,Casual,Tesla;Magnus;Lienzo,30,1.0,7,5,Derrota,210.0
1874,28/02/2026,10:15,J0157,Canales de Hielo,Casual,Umbra,19,5.0,6,6,Victoria,1180.0
6480,2026-05-22,18:19,J0022,Estacion Orbital,Casual,Magnus;Nadia,12,7.0,6,3,Victoria,1230.0
2597,2026-03-15,20:53,J0016,Desierto Neon,Casual,Vex,14,10.0,2,6,Victoria,1760.0
1718,2026-02-25,10:01,J0163,Desierto Neon,Torneo,Tesla;Umbra,22,4.0,5,2,Victoria,900.0
2913,2026-03-21,20:39,J0043,Bosque Umbral,Ranked,Vex;Tesla;Koro,24,10.0,6,7,Victoria,1730.0
2844,2026-03-20,22:59,J0132,Bosque Umbral,Casual,Tesla;Lienzo,10,4.0,7,4,Victoria,960.0
4028,2026-04-11,13:15,J0020,Canales de Hielo,Torneo,Nadia;Umbra,15,5.0,9,3,Victoria,970.0
5489,07-05-26,20:11,J0074,Puerto Escarlata,Casual,Tesla;Nadia,29,7.0,4,1,Derrota,670.0
9418,2026-07-07,  18:37 ,J0178,Bosque Umbral,Ranked,Umbra,36,3.0,8,1,Derrota,190.0
9290,2026-07-05,07:33,J0200,Bosque Umbral,Casual,Magnus,17,13.0,5,4,Derrota,1400.0
2557,2026-03-14,19:24,J0025,Desierto Neon,Casual,Magnus,11,5.0,4,5,Derrota,670.0
490,28/01/2026,09:30,J0014,Estacion Orbital,Ranked,Nadia,43,4.0,4,4,Derrota,520.0
494,2026-01-28,21:31,J0056,Puerto Escarlata,Ranked,Tesla,30,3.0,7,2,  Derrota ,260.0
691,2026-02-02,19:23,J0200,Estacion Orbital,Casual,Brisa;Vex;Koro,22,10.0,6,7,Victoria,1730.0
3822,2026-04-08,17:12,J0130,Bosque Umbral,Ranked,Koro,26,2.0,7,3,Derrota,210.0
603,2026-01-31,15:54,J0028,Canales de Hielo,Ranked,Vex;Nadia,40,5.0,9,5,Victoria,1070.0
1912,2026-03-01,20:20,J0109,Estacion Orbital,Casual,  Umbra ,29,6.0,4,6,Victoria,1320.0
1015,10/02/2026,20:26,J0005,Puerto Escarlata,Ranked,Magnus;Lienzo;Brisa,33,4.0,6,1,Derrota,"330,0 pts"
6267,19/05/2026,20:33,J0036,Bosque Umbral,Ranked,Nadia;Tesla;Lienzo,36,7.0,3,5,Victoria,1390.0
1994,2026-03-03,16:37,J0035,Puerto Escarlata,Casual,Nadia,28,11.0,3,6,Victoria,1840.0
5870,2026-05-13,09:29,J0050,Ciudadela,Casual,Lienzo,13,3.0,8,3,Derrota,290.0
3758,2026-04-06,22:21,J0036,Estacion Orbital,Torneo,Umbra;Brisa,15,5.0,4,1,Victoria,970.0
2367,2026-03-10,20:26,J0200,Canales de Hielo,Torneo,Lienzo;Nadia;Koro,27,4.0,5,1,Victoria,850.0
5284,2026-05-03,15:48,J0058,Ciudadela,Ranked,Lienzo;Umbra;Tesla,33,5.0,7,2,  Victoria ,960.0
4371,2026-04-18,20:19,J0015,Puerto Escarlata,Casual,Lienzo;Tesla,8,8.0,6,5,Derrota,930.0
9662,11/07/2026,20:41,J0037,Bosque Umbral,Ranked,Magnus;Vex,25,9.0,5,5,victoria,1550.0
7135,02/06/2026,20:18,J0089,Bosque Umbral,Ranked,Vex,31,5.0,6,2,Victoria,980.0
1362,18-02-26,22:02,J0200,Estacion Orbital,Casual,Umbra,30,6.0,2,4,Victoria,1260.0
6409,2026-05-21,20:33,J0022,Estacion Orbital,Ranked,Vex,23,4.0,6,6,Victoria,1080.0
1527,21/02/2026,17:55,J0022,Bosque Umbral,Casual,  Nadia;Umbra ,21,6.0,11,5,Derrota,630.0
1328,2026-02-17,03:27,J0031,Puerto Escarlata,Casual,Tesla,8,4.0,6,4,Victoria,980.0
6192,18-05-26,23:09,J0039,Desierto Neon,Torneo,Koro,14,1.0,3,6,Victoria,840.0
7757,2026-06-12,19:05,J0029,Desierto Neon,Casual,Vex;Tesla;Koro,19,5.0,9,3,Victoria,970.0
1552,2026-02-21,16:01,J0068,Ciudadela,Casual,Tesla;Brisa,27,9.0,8,6,Victoria,1540.0
6379,21-05-26,19:53,J0096,Bosque Umbral,Ranked,Koro,27,6.0,7,5,,710.0
9761,2026-07-12,15:40,J0009,Canales de Hielo,Casual,Lienzo;Umbra,11,6.0,4,4,Derrota,720.0
1338,2026-02-17,20:56,J0011,Puerto Escarlata,Ranked,Vex;Lienzo,34,7.0,10,3,Victoria,1150.0
3902,2026-04-09,  19:59 ,J0013,Estacion Orbital,Casual,Magnus,26,9.0,8,5,Victoria,1490.0
3011,2026-03-23,00:46,J0040,Ciudadela,Casual,Lienzo,25,4.0,4,1,Victoria,870.0
5042,2026-04-30,22:08,J0006,Canales de Hielo,Casual,Magnus,29,7.0,9,2,Derrota,620.0
8895,2026-06-29,22:29,J0102,Ciudadela,Ranked,Koro,36,2.0,6,5,Victoria,830.0
2251,08-03-26,14:43,J0029,Canales de Hielo,Ranked,Tesla,41,3.0,4,6,Derrota,520.0
6650,24/05/2026,23:26,J0200,Estacion Orbital,Casual,,14,7.0,7,3,victoria,
5040,2026-04-29,20:22,J0078,Puerto Escarlata,Casual,Umbra,25,,4,7,Victoria,1270.0
2347,2026-03-10,21:30,J0107,Ciudadela,Casual,Nadia,28,9.0,4,2,Victoria,
9353,2026-07-06,18:06,J0097,Ciudadela,Casual,tesla,18,5.0,1,1,Victoria,1030.0
5486,2026-05-07,22:55,J0025,Ciudadela,Ranked,Lienzo,38,7.0,5,1,Victoria,1150.0
2785,2026-03-19,05:59,J0049,Canales de Hielo,Ranked,Nadia,23,3.0,6,4,Victoria,880.0
5695,2026-05-10,11:48,J0029,Ciudadela,Ranked,Koro,41,4.0,7,4,Derrota,460.0
5120,2026-05-01,20:31,J0060,Estacion Orbital,Ranked,Koro,45,4.0,2,5,Victoria,1110.0
8920,2026-06-29,20:49,J0035,Canales de Hielo,Ranked,Lienzo;Magnus,38,8.0,4,5,Victoria,1470.0
5556,2026-05-08,20:41,J0021,Ciudadela,Torneo,Brisa;Nadia,31,10.0,7,7,derrota,1210.0
5600,2026-05-09,21:03,J0140,Bosque Umbral,Ranked,Vex,39,9.0,2,1,Derrota,910.0
7085,2026-06-01,17:17,J0021,Canales de Hielo,Ranked,Magnus;Vex,40,9.0,4,2,Derrota,"920,0 pts"
151,2026-01-20,06:46,J0039,Canales de Hielo,Casual,Vex,23,4.0,5,4,Victoria,1000.0
2805,2026-03-19,14:52,J0135,Puerto Escarlata,Ranked,Lienzo;Nadia,22,10.0,2,2,Victoria,1560.0
7549,2026-06-08,20:29,J0115,Puerto Escarlata,Ranked,Magnus;Koro,33,8.0,7,5,Victoria,1410.0
2087,2026-03-05,18:53,J0002,Bosque Umbral,Ranked,Umbra,40,7.0,7,3,Victoria,1210.0
3752,2026-04-06,10:56,J0077,Ciudadela,Casual,Koro,14,0.0,6,3,Victoria,530.0
5613,2026-05-09,23:17,J0008,Ciudadela,Casual,Umbra;Vex,9,,2,9,Victoria,1210.0
2260,08/03/2026,21:34,J0003,Puerto Escarlata,Casual,Lienzo;Magnus,25,6.0,7,6,Victoria,1260.0
4018,2026-04-11,04:08,J0077,Canales de Hielo,Ranked,Brisa,41,2.0,3,3,Victoria,790.0
9823,12-07-26,17:50,J0035,Canales de Hielo,Casual,Brisa,27,9.0,4,3,Victoria,1470.0
6168,18/05/2026,10:31,J0081,Puerto Escarlata,Torneo,Tesla;Brisa,23,7.0,5,7,Victoria,1450.0
2425,2026-03-12,21:31,J0026,Bosque Umbral,Casual,Umbra,29,2.0,3,5,,390.0
8170,2026-06-18,20:14,J0029,Estacion Orbital,Torneo,Tesla;Lienzo;Umbra,21,6.0,4,3,Derrota,670.0
3857,2026-04-08,10:21,J0178,Ciudadela,Torneo,Magnus;Brisa,32,5.0,7,4,Victoria,1060.0
860,2026-02-06,10:03,J0044,Ciudadela,Ranked,Umbra,37,8.0,6,5,Derrota,930.0
5368,05-05-26,19:42,J0070,Estacion Orbital,Casual,Vex;Umbra;Nadia,13,6.0,2,4,Derrota,760.0
7721,2026-06-11,20:51,J0161,Canales de Hielo,Ranked,Koro,25,9.0,2,3,Victoria,1510.0
8285,2026-06-20,19:04,J0200,Puerto Escarlata,Casual,Nadia,15,6.0,5,8,Derrota,"900,0 pts"
7448,2026-06-06,17:00,J0004,Desierto Neon,Ranked,Vex,24,5.0,1,4,Derrota,680.0
8632,2026-06-25,20:43,J0066,Canales de Hielo,Casual,Magnus;Tesla,27,12.0,8,2,Derrota,1140.0
4740,24/04/2026,16:27,J0014,Ciudadela,Casual,Lienzo;Tesla,31,2.0,7,5,Derrota,310.0
9470,08-07-26,23:22,J0015,Bosque Umbral,Casual,Tesla,29,5.0,5,2,Victoria,1000.0
4463,2026-04-19,18:22,J0046,Puerto Escarlata,Casual,,23,6.0,2,6,Derrota,860.0
5529,2026-05-08,14:05,J0053,Estacion Orbital,Casual,Vex;Umbra;Lienzo,20,8.0,11,3,Victoria,1230.0
1365,2026-02-18,13:05,J0011,Desierto Neon,Ranked,Vex;Nadia,40,6.0,11,3,Victoria,1030.0
1780,2026-02-26,21:56,J0127,Estacion Orbital,Ranked,Lienzo,35,1.0,4,4,Victoria,720.0
5973,2026-05-15,06:47,J0172,Estacion Orbital,Ranked,Tesla,33,8.0,4,1,Victoria,1270.0
4786,2026-04-25,02:58,J0070,Desierto Neon,Ranked,Tesla,23,2.0,2,7,Derrota,510.0
7884,2026-06-14,16:00,J0103,Estacion Orbital,Ranked,Umbra,32,6.0,3,3,Victoria,
1819,2026-02-27,10:09,J0039,Desierto Neon,Ranked,Nadia;Brisa;Magnus,39,10.0,8,4,Victoria,1540.0
7933,14-06-26,15:39,J0192,Canales de Hielo,Ranked,Nadia;Umbra;Lienzo,40,6.0,2,2,Derrota,660.0
4938,2026-04-27,13:14,J0061,Puerto Escarlata,Casual,Nadia,25,1.0,6,4,Derrota,180.0
2705,2026-03-17,16:56,J0009,Puerto Escarlata,Torneo,koro;lienzo,14,2.0,7,3,Derrota,210.0
5286,2026-05-03,07:56,J0062,Estacion Orbital,Ranked,TESLA;UMBRA,39,2.0,2,3,Victoria,810.0
176,2026-01-20,16:21,J0083,Ciudadela,Ranked,Tesla;Koro;Lienzo,44,5.0,2,2,Derrota,560.0
7610,09-06-26,09:35,J0034,Bosque Umbral,Ranked,Lienzo;Koro;Umbra,36,7.0,1,5,Derrota,930.0
2094,05-03-26,20:35,J0032,Desierto Neon,Casual,Vex;Tesla,26,9.0,2,9,Victoria,1810.0
8569,2026-06-24,15:20,J0055,Estacion Orbital,Casual,Koro,16,2.0,6,4,Derrota,280.0
3492,01/04/2026,00:43,J0200,Bosque Umbral,Casual,Nadia,27,7.0,5,4,Derrota,800.0
1921,2026-03-01,19:16,J0157,Ciudadela,Ranked,Tesla,22,11.0,7,5,Victoria,1710.0
83,18-01-26,20:11,J0131,Estacion Orbital,Ranked,Nadia,26,4.0,8,5,derrota,490.0
817,2026-02-05,08:15,J0012,Puerto Escarlata,Ranked,Brisa,25,4.0,2,7,Derrota,710.0
9151,2026-07-03,01:04,J0015,Canales de Hielo,Casual,Umbra,25,12.0,0,3,Derrota,1350.0
7482,2026-06-07,10:11,J0008,Ciudadela,Casual,Lienzo;Umbra,11,8.0,7,4,VICTORIA,1360.0
4397,2026-04-18,20:40,J0007,Bosque Umbral,Casual,Magnus,21,8.0,10,4,Derrota,800.0
7633,2026-06-09,17:44,J0011,Desierto Neon,Casual,Magnus,9,2.0,6,6,Derrota,380.0
5569,09-05-26,13:56,J0085,Puerto Escarlata,Casual,Koro,25,8.0,5,4,Victoria,1400.0
284,2026-01-23,08:44,J0004,Ciudadela,Ranked,Tesla;Umbra,36,5.0,2,4,Derrota,660.0
4121,2026-04-13,07:44,J0020,Canales de Hielo,Ranked,Tesla;Nadia;Umbra,40,7.0,7,3,Victoria,1210.0
7609,09/06/2026,03:24,J0096,Bosque Umbral,Casual,Lienzo;Magnus;Umbra,30,5.0,9,2,Victoria,920.0
610,31-01-26,21:59,J0015,Ciudadela,Casual,Umbra,23,7.0,5,4,Derrota,800.0
2916,21-03-26,21:33,J0003,Canales de Hielo,Ranked,Tesla,45,7.0,3,2,Derrota,740.0
1814,2026-02-27,20:43,J0080,Bosque Umbral,Torneo,Koro,23,7.0,4,3,Victoria,1270.0
1272,15-02-26,21:17,J0015,Canales de Hielo,Casual,Koro,17,9.0,7,7,Victoria,1610.0
6028,2026-05-16,18:42,J0058,Ciudadela,Ranked,Brisa;Tesla,22,3.0,6,5,Victoria,930.0
9669,2026-07-11,19:46,J0117,Ciudadela,Ranked,Koro,39,4.0,6,5,Victoria,1030.0
2995,2026-03-22,20:52,J0002,Desierto Neon,Ranked,Koro;Lienzo;Brisa,30,2.0,8,4,Derrota,240.0
7235,03-06-26,10:59,J0049,Desierto Neon,Casual,Koro;Lienzo,26,3.0,4,2,  Derrota ,320.0
6822,2026-05-27,11:21,J0064,Bosque Umbral,Casual,Nadia,22,10.0,4,5,Victoria,1670.0
9457,08-07-26,12:29,J0143,Desierto Neon,Casual,Brisa,10,5.0,7,3,Victoria,"1010,0 pts"
2643,16/03/2026,17:21,J0049,Canales de Hielo,Ranked,Tesla;Brisa,45,4.0,6,1,Victoria,830.0
6670,25/05/2026,16:42,J0125,Bosque Umbral,Ranked,Brisa,28,4.0,3,5,Derrota,590.0
4509,2026-04-20,16:21,J0097,Bosque Umbral,Ranked,Magnus;Nadia;Umbra,29,4.0,2,2,Derrota,460.0
2306,2026-03-09,20:53,J0026,Estacion Orbital,Casual,Umbra,21,8.0,3,3,Victoria,1390.0
6619,2026-05-24,20:09,J0085,Ciudadela,Ranked,Umbra,36,9.0,5,3,VICTORIA,1450.0
9137,2026-07-03,00:54,J0058,Puerto Escarlata,Casual,Nadia,8,7.0,4,6,Victoria,1420.0
4196,2026-04-15,21:31,J0034,Estacion Orbital,Ranked,Magnus;Umbra,37,6.0,2,5,Victoria,1310.0
5563,2026-05-08,17:13,J0105,Desierto Neon,Ranked,Vex,33,12.0,7,4,Victoria,1760.0
4841,26-04-26,10:07,J0001,Ciudadela,Casual,Lienzo,31,3.0,5,4,Victoria,900.0
4656,2026-04-23,15:57,J0152,Desierto Neon,Casual,Tesla,8,3.0,7,2,,"260,0 pts"
8369,2026-06-21,21:30,J0018,Canales de Hielo,Casual,Lienzo;Vex,24,3.0,5,5,,450.0
4169,2026-04-14,14:48,J0019,Bosque Umbral,Casual,lienzo,12,2.0,5,2,Victoria,700.0
3850,2026-04-08,08:44,J0032,Estacion Orbital,Ranked,Tesla,37,9.0,4,3,,970.0
9921,2026-07-13,17:21,J0058,Bosque Umbral,Casual,Koro;Tesla,11,6.0,5,5,Victoria,1250.0
8467,2026-06-23,06:28,J0024,Estacion Orbital,Ranked,Brisa;Vex;Magnus,28,8.0,5,6,Victoria,1500.0
5254,2026-05-03,21:56,J0106,Bosque Umbral,Ranked,Brisa,29,8.0,8,2,VICTORIA,1240.0
9374,2026-07-06,23:07,J0009,Bosque Umbral,Ranked,Tesla;Umbra;Magnus,44,2.0,5,5,Victoria,850.0
5534,2026-05-08,09:02,J0099,Desierto Neon,Ranked,Vex,23,6.0,3,5,Victoria,1290.0
2415,2026-03-12,  20:20 ,J0024,Desierto Neon,Ranked,Koro;Lienzo;Magnus,32,4.0,5,3,Derrota,450.0
3555,03-04-26,16:25,J0030,Bosque Umbral,Ranked,Tesla,26,8.0,7,4,Victoria,1360.0
4692,2026-04-24,11:26,J0076,Desierto Neon,Ranked,Umbra;Vex,23,6.0,7,2,Derrota,560.0
4499,2026-04-20,05:26,J0010,Bosque Umbral,Torneo,Tesla;Nadia,29,1.0,4,2,Derrota,120.0
2196,07-03-26,01:15,J0043,Bosque Umbral,Casual,VEX,10,10.0,10,7,Derrota,1150.0
5046,2026-04-30,20:49,J0054,Desierto Neon,Casual,Magnus,20,10.0,4,6,Victoria,1720.0
2601,2026-03-15,20:05,J0131,Desierto Neon,Casual,Tesla;Umbra;Koro,10,5.0,2,8,Derrota,860.0
1519,2026-02-21,01:35,J0084,Puerto Escarlata,Ranked,Lienzo;Vex,44,5.0,11,5,VICTORIA,1030.0
4765,2026-04-25,20:12,J0012,Ciudadela,Torneo,Tesla;Brisa,27,,5,6,Victoria,1000.0
4315,2026-04-17,22:11,J0135,Estacion Orbital,Torneo,Magnus;Lienzo,13,6.0,2,4,,1260.0
3367,30/03/2026,18:49,J0005,Canales de Hielo,Ranked,Lienzo,37,9.0,3,4,Derrota,1040.0
6597,24/05/2026,16:42,J0028,Bosque Umbral,Casual,Brisa,17,5.0,9,3,Derrota,470.0
6699,2026-05-25,01:41,J0125,Ciudadela,Ranked,Koro;Umbra,45,6.0,13,3,  Derrota ,490.0
2634,2026-03-16,15:30,J0064,Canales de Hielo,Ranked,Tesla;Magnus,45,3.0,2,3,Derrota,410.0
9015,2026-07-01,23:57,J0083,Estacion Orbital,Ranked,Vex;Umbra;Brisa,44,7.0,4,4,Derrota,"820,0 pts"
5634,09/05/2026,13:33,J0010,Canales de Hielo,Casual,Brisa,18,6.0,4,6,Victoria,1320.0
8260,20-06-26,21:47,J0059,Estacion Orbital,Casual,Koro,29,5.0,2,6,Victoria,1260.0
8859,2026-06-28,12:25,J0065,Ciudadela,Casual,Magnus,19,4.0,3,5,Victoria,1090.0
2435,12-03-26,22:30,J0019,Bosque Umbral,Casual,Vex;Umbra,25,10.0,5,6,victoria,1700.0
8343,21-06-26,00:37,J0046,Puerto Escarlata,Casual,Lienzo;Vex,21,18.0,6,6,Victoria,2480.0
6878,29/05/2026,15:34,J0015,Desierto Neon,Casual,Umbra,8,6.0,4,4,Derrota,720.0
7748,2026-06-12,19:32,J0200,Estacion Orbital,Ranked,Magnus,30,1.0,8,4,Derrota,140.0
6728,2026-05-26,  20:53 ,J0091,Ciudadela,Torneo,Lienzo;Umbra,18,,6,3,Derrota,530.0
4521,20-04-26,15:01,J0022,Desierto Neon,Torneo,Umbra;Magnus;Brisa,27,3.0,4,4,Derrota,420.0
5588,09-05-26,19:23,J0042,Puerto Escarlata,Torneo,Magnus,25,5.0,9,5,Victoria,1070.0
3546,02-04-26,13:07,J0081,Puerto Escarlata,Casual,Lienzo;Umbra,8,3.0,4,3,Victoria,870.0
6071,2026-05-16,13:23,J0173,Desierto Neon,Torneo,Tesla,29,,4,4,Victoria,1520.0
6099,2026-05-17,20:41,J0169,Ciudadela,Ranked,Nadia;Vex;Magnus,44,11.0,6,9,Victoria,1930.0
8875,2026-06-29,15:47,J0017,Canales de Hielo,Casual,Tesla;Nadia,8,10.0,6,7,Derrota,1230.0
5532,2026-05-08,05:41,J0034,Bosque Umbral,Ranked,Brisa,39,7.0,6,2,Victoria,1180.0
5445,2026-05-06,21:43,J0082,Canales de Hielo,Torneo,Magnus,19,3.0,4,2,Derrota,320.0
518,2026-01-29,16:12,J0073,Desierto Neon,Casual,Nadia,15,5.0,3,4,Victoria,1140.0
7123,01/06/2026,13:27,J0022,Desierto Neon,Casual,Tesla,20,11.0,4,4,Victoria,1720.0
7507,07-06-26,10:43,J0069,Desierto Neon,Casual,,29,8.0,5,5,Derrota,950.0
9153,2026-07-03,18:02,J0120,Canales de Hielo,Ranked,Lienzo,25,3.0,4,4,Victoria,920.0
8096,17-06-26,18:44,J0005,Puerto Escarlata,Torneo,Vex,26,5.0,7,3,Victoria,1010.0
1416,2026-02-19,14:48,J0200,Desierto Neon,Casual,Magnus,12,4.0,6,8,Victoria,1180.0
4665,2026-04-23,15:28,J0075,Ciudadela,Ranked,Koro,45,7.0,2,4,Derrota,860.0
4457,2026-04-19,23:20,J0006,Desierto Neon,Torneo,Lienzo;Nadia,27,5.0,3,7,Victoria,1290.0
2762,2026-03-19,13:15,J0038,Puerto Escarlata,Casual,Magnus,26,5.0,3,2,Derrota,540.0
4856,2026-04-26,18:08,J0119,Canales de Hielo,Ranked,Tesla,30,8.0,8,9,Victoria,1590.0
128,2026-01-19,23:52,J0097,Bosque Umbral,Ranked,Tesla,40,5.0,7,3,Victoria,1010.0
3475,2026-04-01,22:58,J0200,Desierto Neon,Ranked,  Vex;Nadia ,34,8.0,6,5,Victoria,1430.0
8105,17/06/2026,11:11,J0033,Desierto Neon,Ranked,Nadia,33,6.0,8,6,Victoria,1240.0
4311,2026-04-17,18:21,J0003,Desierto Neon,Ranked,Umbra;Koro,45,5.0,8,2,Victoria,940.0
2439,12/03/2026,21:02,J0097,Canales de Hielo,Casual,Vex,15,8.0,6,3,Derrota,830.0
3766,07-04-26,17:28,J0008,Puerto Escarlata,Ranked,Koro;Nadia,33,3.0,4,4,Derrota,420.0
6998,2026-05-30,04:42,J0003,Ciudadela,Torneo,Koro;Nadia,11,,3,6,Victoria,1240.0
5999,2026-05-15,15:14,J0035,Desierto Neon,Casual,Magnus,17,7.0,8,1,Derrota,
5943,2026-05-14,17:28,J0008,Canales de Hielo,Casual,Lienzo,27,3.0,1,3,Victoria,930.0
6324,20-05-26,20:37,J0013,Puerto Escarlata,Ranked,Magnus,25,8.0,4,4,Victoria,1420.0
9844,2026-07-12,10:49,J0200,Bosque Umbral,Ranked,Brisa;Vex;Nadia,44,9.0,4,5,VICTORIA,1570.0
1474,2026-02-20,18:09,J0037,Ciudadela,Casual,Vex;Magnus,16,10.0,5,3,Derrota,1050.0
4822,26/04/2026,17:29,J0067,Canales de Hielo,Casual,Magnus,19,3.0,3,2,Victoria,840.0
7038,2026-05-31,17:28,J0021,Bosque Umbral,Casual,Magnus;Koro,23,,7,1,Derrota,210.0
3561,2026-04-03,21:42,J0015,Canales de Hielo,Torneo,,30,11.0,1,5,Victoria,1830.0
3952,10-04-26,13:14,J0048,Puerto Escarlata,Casual,  Tesla ,16,3.0,5,5,Derrota,450.0
50,2026-01-17,20:07,J0054,Ciudadela,Ranked,Umbra,41,1.0,2,8,Victoria,"960,0 pts"
5438,2026-05-06,18:50,J0032,Ciudadela,Ranked,VEX;KORO,24,15.0,4,2,Victoria,2020.0
9972,2026-07-14,20:52,J0200,Ciudadela,Ranked,Tesla,42,6.0,6,4,Victoria,1180.0
888,2026-02-07,19:05,J0081,Canales de Hielo,Casual,Tesla,27,1.0,4,7,Victoria,870.0
2617,15/03/2026,23:11,J0200,Bosque Umbral,Casual,Brisa,10,3.0,3,5,Victoria,990.0
517,2026-01-29,22:08,J0018,Ciudadela,Casual,Magnus;Lienzo,20,1.0,3,9,Victoria,990.0
3169,26-03-26,16:37,J0062,Canales de Hielo,Ranked,Tesla,36,4.0,4,1,Victoria,870.0
2950,2026-03-22,19:28,J0022,Desierto Neon,Ranked,Lienzo,30,4.0,5,2,Victoria,900.0
1425,2026-02-19,20:49,J0085,Bosque Umbral,Ranked,MAGNUS,22,7.0,2,5,Victoria,1410.0
140,2026-01-19,15:52,J0019,Desierto Neon,Torneo,Tesla,8,3.0,7,2,Derrota,260.0
1925,2026-03-01,23:46,J0003,Canales de Hielo,Casual,koro,19,6.0,2,3,Derrota,710.0
2379,11-03-26,17:21,J0001,Puerto Escarlata,Ranked,Tesla;Vex,37,9.0,9,8,Victoria,1620.0
3198,2026-03-27,03:26,J0145,Desierto Neon,Casual,Koro,14,7.0,6,1,Derrota,630.0
5132,2026-05-01,14:17,J0200,Ciudadela,Ranked,KORO,43,6.0,7,7,Derrota,810.0
113,19/01/2026,05:21,J0095,Canales de Hielo,Casual,Koro,14,7.0,2,2,Victoria,1260.0
4560,2026-04-21,19:10,J0038,Puerto Escarlata,Ranked,Koro;Magnus,26,6.0,4,2,Derrota,620.0
4596,22/04/2026,08:26,J0028,Desierto Neon,Ranked,Magnus,40,3.0,4,4,Derrota,420.0
7426,06/06/2026,09:14,J0200,Canales de Hielo,Casual,brisa;koro;umbra,21,5.0,5,4,Derrota,600.0
3251,28-03-26,21:22,J0091,Canales de Hielo,Casual,Lienzo,25,8.0,4,2,VICTORIA,1320.0
4691,2026-04-24,19:15,J0072,Bosque Umbral,Ranked,Nadia,41,5.0,7,5,Victoria,1110.0
7825,13-06-26,17:12,J0053,Puerto Escarlata,Ranked,Magnus,42,5.0,3,5,Victoria,1190.0
7901,2026-06-14,16:29,J0054,Ciudadela,Casual,,28,7.0,3,6,victoria,1440.0
4547,21/04/2026,15:56,J0015,Desierto Neon,Ranked,Umbra,31,7.0,2,4,Derrota,860.0
8361,21/06/2026,20:32,J0038,Ciudadela,Ranked,Koro,41,3.0,2,4,Derrota,460.0
3278,2026-03-28,15:42,J0046,Desierto Neon,Ranked,Brisa;Lienzo,36,7.0,3,4,Derrota,"840,0 pts"
6392,2026-05-21,10:34,J0008,Ciudadela,Casual,Tesla,9,4.0,6,3,Victoria,930.0
9755,12-07-26,20:09,J0036,Desierto Neon,Ranked,Magnus,23,6.0,5,3,Derrota,
4069,2026-04-12,20:21,J0155,Canales de Hielo,Ranked,Tesla,28,4.0,2,2,derrota,460.0
4409,2026-04-19,08:45,J0002,Estacion Orbital,Casual,Nadia,11,6.0,4,5,,1270.0
6261,19-05-26,20:54,J0029,Estacion Orbital,Casual,Koro,9,9.0,5,3,Derrota,950.0
8657,26/06/2026,02:33,J0002,Ciudadela,Ranked,Umbra,33,5.0,6,7,Victoria,1230.0
9578,2026-07-09,20:50,J0023,Bosque Umbral,Ranked,Brisa;Tesla,45,10.0,2,2,  Victoria ,1560.0
3223,27-03-26,20:29,J0025,Desierto Neon,Torneo,Lienzo,31,8.0,5,4,Derrota,900.0
8276,20/06/2026,00:10,J0161,Ciudadela,Ranked,Koro,23,7.0,4,4,Derrota,820.0
452,2026-01-27,15:32,J0095,Bosque Umbral,Ranked,Lienzo;Koro;Nadia,42,5.0,3,3,,590.0
3732,06/04/2026,10:38,J0041,Canales de Hielo,Ranked,Lienzo,36,2.0,8,3,Derrota,190.0
9024,2026-07-01,15:54,J0031,Bosque Umbral,Casual,Nadia;Magnus,25,,2,5,Derrota,310.0
4987,2026-04-28,19:57,J0011,Canales de Hielo,Ranked,Magnus,40,1.0,6,2,Derrota,80.0
3664,2026-04-05,18:59,J0015,Ciudadela,Casual,Brisa,17,10.0,6,3,Victoria,"1530,0 pts"
2764,19-03-26,22:09,J0057,Canales de Hielo,Casual,Brisa;Vex,28,11.0,8,5,DERROTA,1190.0
659,2026-02-01,22:51,J0052,Canales de Hielo,Casual,Tesla;Koro,25,5.0,3,7,Victoria,1290.0
7808,13/06/2026,16:28,J0046,Estacion Orbital,Ranked,BRISA,44,8.0,3,7,Victoria,1590.0
7873,2026-06-13,19:29,J0157,Puerto Escarlata,Casual,Umbra;Tesla,28,4.0,4,4,Derrota,"520,0 pts"
4621,2026-04-23,20:25,J0088,Estacion Orbital,Casual,Magnus;Vex;Umbra,17,8.0,4,5,Victoria,
1000,09-02-26,19:10,J0159,Desierto Neon,Ranked,Magnus;Tesla,32,5.0,10,3,Derrota,450.0
390,25-01-26,01:09,J0028,Estacion Orbital,Torneo,Brisa,19,5.0,5,1,Derrota,450.0
3408,2026-03-30,22:24,J0078,Ciudadela,Casual,Brisa,12,3.0,6,3,Victoria,"830,0 pts"
1477,2026-02-20,18:45,J0010,Ciudadela,Casual,Nadia;Tesla;Magnus,21,6.0,7,5,Derrota,710.0
2241,2026-03-08,22:50,J0197,Ciudadela,Casual,Brisa,30,8.0,4,5,Derrota,970.0
2387,2026-03-11,08:35,J0076,Bosque Umbral,Casual,Brisa;Tesla;Umbra,15,6.0,4,5,Victoria,1270.0
9210,2026-07-04,13:17,J0034,Bosque Umbral,Ranked,Koro,45,6.0,5,5,,750.0
993,09/02/2026,22:43,J0092,Ciudadela,Ranked,Koro,28,2.0,4,3,Derrota,270.0
4998,29-04-26,22:54,J0056,Ciudadela,Ranked,Brisa;Koro,43,2.0,10,4,Victoria,700.0
3923,09-04-26,18:44,J0009,Puerto Escarlata,Casual,Koro,25,1.0,1,3,Derrota,230.0
2973,2026-03-22,21:01,J0100,Bosque Umbral,Ranked,Magnus;Brisa,40,6.0,7,2,Derrota,560.0
3387,30-03-26,16:14,J0030,Bosque Umbral,Ranked,Umbra,25,,6,2,Derrota,980.0
8019,16/06/2026,19:21,J0017,Desierto Neon,Ranked,Nadia,37,9.0,8,4,Derrota,940.0
8004,2026-06-15,16:29,J0077,Bosque Umbral,Casual,Koro;Nadia,29,6.0,8,6,Derrota,740.0
4770,25/04/2026,11:47,J0104,Estacion Orbital,Ranked,Vex,37,12.0,7,2,Victoria,1660.0
1294,2026-02-16,18:46,J0099,Estacion Orbital,Casual,Vex,8,2.0,6,6,,880.0
1825,2026-02-28,15:52,J0033,Ciudadela,Ranked,Brisa,22,5.0,10,9,Derrota,750.0
2874,2026-03-21,06:54,J0078,Canales de Hielo,Casual,Nadia;Magnus,12,8.0,8,4,Derrota,840.0
4174,2026-04-14,21:36,J0200,Bosque Umbral,Casual,Vex,29,9.0,4,3,Victoria,1470.0
2536,14-03-26,19:17,J0108,Puerto Escarlata,Casual,Magnus,19,6.0,3,5,,1290.0
9203,04-07-26,01:23,J0044,Canales de Hielo,Ranked,Lienzo,29,7.0,4,4,Derrota,820.0
1908,01/03/2026,18:32,J0004,Ciudadela,Casual,Umbra;Magnus,22,10.0,7,4,Derrota,1060.0
43,2026-01-17,21:06,J0106,Bosque Umbral,Casual,Tesla,28,9.0,2,6,Derrota,1160.0
9564,2026-07-09,20:55,J0052,Puerto Escarlata,Casual,Umbra;Koro,28,2.0,9,5,Victoria,770.0
369,2026-01-25,17:56,J0060,Estacion Orbital,Casual,Brisa;Magnus,17,2.0,7,4,Derrota,"260,0 pts"
1152,13/02/2026,21:43,J0061,Canales de Hielo,Casual,Brisa,15,5.0,5,4,Derrota,600.0
7886,2026-06-14,19:59,J0035,Ciudadela,Ranked,Nadia;Umbra,32,5.0,4,2,Derrota,"520,0 pts"
8376,2026-06-21,15:52,J0142,Ciudadela,Torneo,Magnus;Nadia;Koro,17,5.0,3,3,Derrota,590.0
6015,16-05-26,19:41,J0105,Canales de Hielo,Casual,Tesla;Lienzo,14,2.0,4,3,DERROTA,270.0
6624,24/05/2026,11:56,J0016,Puerto Escarlata,Casual,Brisa;Magnus;Vex,12,10.0,7,4,Derrota,1060.0
7655,10-06-26,17:24,J0021,Ciudadela,Casual,KORO,25,7.0,3,5,Derrota,890.0
4161,2026-04-14,18:52,J0043,Canales de Hielo,Casual,Tesla;Vex,13,8.0,3,2,Victoria,1340.0
4288,17-04-26,21:23,J0097,Canales de Hielo,Casual,Koro;Lienzo,17,10.0,10,3,Derrota,950.0
7909,2026-06-14,18:02,J0045,Puerto Escarlata,Torneo,Vex;Umbra,29,13.0,6,3,Victoria,1830.0
6832,2026-05-28,21:18,J0012,Desierto Neon,Casual,Umbra;Brisa,24,4.0,4,4,Victoria,1020.0
175,2026-01-20,23:32,J0011,Ciudadela,Casual,Vex,15,10.0,2,3,,1610.0
1904,01/03/2026,17:03,J0059,Desierto Neon,Torneo,Koro;Nadia,11,3.0,8,4,derrota,340.0
1100,2026-02-12,18:06,J0143,Puerto Escarlata,Casual,Lienzo,8,,8,2,Victoria,"740,0 pts"
8218,2026-06-19,14:44,J0102,Desierto Neon,Ranked,Vex,24,4.0,4,3,Victoria,970.0
3409,30-03-26,20:59,J0188,Canales de Hielo,Ranked,Lienzo,44,7.0,8,4,Derrota,740.0
1539,2026-02-21,12:59,J0077,Bosque Umbral,Casual,VEX,11,11.0,4,8,,1920.0
2293,09-03-26,20:21,J0200,Ciudadela,Ranked,Tesla;Nadia,35,4.0,4,5,Derrota,570.0
9371,2026-07-06,19:05,J0052,Desierto Neon,Casual,Umbra;Magnus;Brisa,14,7.0,7,4,Derrota,760.0
1364,18-02-26,16:07,J0018,Estacion Orbital,Casual,Lienzo,23,3.0,3,8,Derrota,640.0
7104,01/06/2026,10:12,J0032,Estacion Orbital,Casual,Magnus,14,4.0,7,2,Victoria,860.0
7449,2026-06-06,18:00,J0142,Estacion Orbital,Casual,Umbra;Koro,20,,5,3,Derrota,750.0
5261,03/05/2026,20:27,J0091,Ciudadela,Casual,Magnus,23,6.0,8,2,Victoria,1040.0
6936,30-05-26,20:16,J0043,Ciudadela,Casual,Nadia,23,3.0,3,5,Derrota,49000.0
7181,2026-06-02,21:38,J0067,Desierto Neon,Casual,Brisa,28,8.0,1,6,Derrota,1080.0
681,2026-02-02,21:37,J0105,Canales de Hielo,Ranked,Magnus,31,8.0,11,7,Derrota,930.0
9386,2026-07-07,21:30,J0050,Estacion Orbital,Casual,Vex,22,8.0,3,5,Victoria,1490.0
9875,2026-07-13,21:09,J0073,Estacion Orbital,Torneo,Lienzo;Umbra,29,5.0,4,1,Victoria,970.0
3665,05/04/2026,18:02,J0011,Estacion Orbital,Ranked,Tesla;Koro,38,4.0,6,7,Derrota,630.0
1662,2026-02-24,04:45,J0176,Estacion Orbital,Casual,Magnus,19,4.0,6,2,Victoria,880.0
509,2026-01-28,12:38,J0026,Bosque Umbral,Casual,Tesla;Koro,26,7.0,3,3,Victoria,1290.0
167,2026-01-20,07:11,J0025,Bosque Umbral,Casual,,9,9.0,11,5,Victoria,1430.0
5498,2026-05-07,15:44,J0056,Puerto Escarlata,Torneo,Brisa,32,8.0,3,1,Victoria,1290.0
8365,21/06/2026,18:29,J0027,Estacion Orbital,Ranked,Lienzo;Umbra,29,,5,5,Derrota,850.0
1007,2026-02-09,20:34,J0061,Estacion Orbital,Casual,Lienzo,15,5.0,1,4,Derrota,680.0
8418,22-06-26,19:50,J0032,Puerto Escarlata,Casual,Tesla;Vex;Koro,19,12.0,9,8,Derrota,1420.0
1915,2026-03-01,22:35,J0021,Bosque Umbral,Ranked,Brisa;Nadia,39,6.0,3,7,VICTORIA,1390.0
3495,01-04-26,  19:58 ,J0100,Ciudadela,Torneo,Lienzo,15,9.0,5,2,Derrota,900.0
9707,11/07/2026,16:50,J0022,Ciudadela,Casual,  Vex;Magnus ,16,7.0,5,3,,1250.0
9824,2026-07-12,20:20,J0055,Desierto Neon,Casual,Tesla,16,2.0,3,2,Victoria,740.0
6559,23/05/2026,15:05,J0086,Desierto Neon,Ranked,Vex,41,4.0,6,7,Derrota,630.0
4991,2026-04-28,20:43,J0184,Desierto Neon,Casual,Brisa;Lienzo;Nadia,18,7.0,6,3,Victoria,1230.0
2537,2026-03-14,17:01,J0100,Puerto Escarlata,Torneo,Lienzo;Koro;Vex,21,12.0,2,4,Victoria,1860.0
1105,2026-02-12,21:21,J0035,Puerto Escarlata,Casual,Nadia;Lienzo,20,6.0,1,3,Derrota,730.0
3876,2026-04-09,17:49,J0018,Desierto Neon,Casual,Koro;Umbra,23,2.0,3,6,Victoria,940.0
7653,2026-06-10,20:18,J0119,Puerto Escarlata,Casual,Umbra,21,7.0,4,5,Derrota,870.0
1753,2026-02-26,00:31,J0014,Canales de Hielo,Ranked,nadia;lienzo,23,3.0,6,4,Derrota,380.0
5311,04/05/2026,20:01,J0200,Canales de Hielo,Casual,Tesla;Nadia,13,10.0,3,4,Derrota,1140.0
5953,14/05/2026,08:24,J0005,Ciudadela,Casual,Vex,21,7.0,2,3,Victoria,1310.0
7095,2026-06-01,23:38,J0034,Canales de Hielo,Ranked,Umbra,43,2.0,5,6,Victoria,900.0
2917,2026-03-21,17:38,J0003,Desierto Neon,Casual,Magnus,11,0.0,2,2,Victoria,560.0
8194,18-06-26,20:32,J0200,Desierto Neon,Casual,Tesla;Nadia,30,9.0,6,4,Derrota,"980,0 pts"
5755,11/05/2026,18:03,J0018,Desierto Neon,Ranked,Brisa,36,3.0,1,3,Derrota,430.0
153,2026-01-20,20:15,J0184,Desierto Neon,Ranked,Brisa,22,7.0,4,4,Derrota,820.0
7821,2026-06-13,17:55,J0194,Canales de Hielo,Casual,Umbra;Brisa;Vex,23,9.0,5,5,Victoria,1550.0
5680,10/05/2026,13:16,J0200,Estacion Orbital,Casual,  Tesla;Brisa ,10,2.0,6,4,Derrota,280.0
3908,2026-04-09,20:07,J0020,Canales de Hielo,Ranked,Vex,29,10.0,2,6,Derrota,1260.0
9206,2026-07-04,21:59,J0200,Desierto Neon,Casual,magnus,21,9.0,7,6,Derrota,1060.0
2553,2026-03-14,13:30,J0001,Ciudadela,Casual,Tesla;Vex,9,7.0,2,2,Victoria,1260.0
2774,19-03-26,20:18,J0018,Estacion Orbital,Casual,Vex,28,6.0,4,6,Victoria,1320.0
6773,26-05-26,09:47,J0032,Estacion Orbital,Ranked,Koro,38,9.0,6,4,Victoria,1480.0
3552,2026-04-03,17:52,J0124,Estacion Orbital,Ranked,Nadia;Tesla,45,8.0,3,5,Victoria,1490.0
3723,06-04-26,19:27,J0056,Bosque Umbral,Ranked,Vex,32,7.0,9,7,Derrota,870.0
7237,2026-06-03,20:56,J0055,Bosque Umbral,Casual,Tesla,22,2.0,4,3,victoria,770.0
521,2026-01-29,04:17,J0088,Estacion Orbital,Casual,Tesla,25,7.0,3,6,Victoria,1440.0
8169,2026-06-18,20:37,J0033,Puerto Escarlata,Ranked,  Umbra ,28,6.0,7,6,Victoria,1260.0
4539,2026-04-21,22:19,J0029,Estacion Orbital,Ranked,Brisa;Magnus,36,3.0,2,3,Victoria,910.0
6898,2026-05-29,12:49,J0011,Desierto Neon,Ranked,Nadia,43,3.0,6,9,Derrota,630.0
1823,2026-02-27,21:44,J0109,Bosque Umbral,Ranked,,43,12.0,7,3,Derrota,1210.0
4087,2026-04-12,10:05,J0001,Estacion Orbital,Ranked,Magnus,31,9.0,0,2,Derrota,1000.0
6259,19-05-26,16:34,J0001,Canales de Hielo,Casual,Koro,13,3.0,5,3,Derrota,350.0
8811,28/06/2026,21:22,J0098,Puerto Escarlata,Ranked,Magnus;Koro,43,11.0,3,2,Derrota,1140.0
7458,07/06/2026,19:55,J0012,Bosque Umbral,Ranked,Lienzo;Nadia,37,3.0,5,1,Derrota,250.0
7874,2026-06-13,20:09,J0011,Bosque Umbral,Ranked,Lienzo,23,6.0,4,6,Victoria,1320.0
310,24/01/2026,01:05,J0006,Estacion Orbital,Casual,Vex,9,4.0,3,4,Victoria,1040.0
7852,2026-06-13,10:31,J0011,Bosque Umbral,Ranked,Magnus,39,3.0,4,4,Victoria,920.0
6583,2026-05-24,18:23,J0077,Desierto Neon,Casual,Brisa;Lienzo,17,3.0,6,1,Victoria,730.0
7442,2026-06-06,16:20,J0011,Ciudadela,Ranked,Tesla;Magnus,32,3.0,1,4,Victoria,980.0
3600,04/04/2026,18:32,J0039,Canales de Hielo,Ranked,Magnus;Nadia;Vex,41,15.0,4,3,Derrota,1570.0
3623,2026-04-04,15:17,J0045,Desierto Neon,Casual,Tesla,25,3.0,4,6,,520.0
3812,2026-04-08,22:23,J0011,Canales de Hielo,Casual,Koro;Tesla,19,8.0,8,5,Victoria,1390.0
6006,2026-05-16,19:10,J0017,Canales de Hielo,Torneo,Koro,21,7.0,10,4,Victoria,1200.0
3451,2026-03-31,17:24,J0037,Canales de Hielo,Torneo,Umbra,31,6.0,4,3,Derrota,670.0
4592,2026-04-22,17:54,J0122,Ciudadela,Casual,Umbra,13,6.0,3,3,Derrota,690.0
206,2026-01-21,21:44,J0015,Bosque Umbral,Ranked,Tesla,42,9.0,6,6,Victoria,1580.0
9914,2026-07-13,19:53,J0171,Desierto Neon,Ranked,Umbra,40,5.0,2,5,Victoria,1210.0
1136,2026-02-13,20:45,J0092,Canales de Hielo,Casual,Koro,16,1.0,1,4,Derrota,"280,0 pts"
9455,2026-07-08,17:41,J0164,Ciudadela,Ranked,Brisa,33,7.0,5,4,Victoria,1300.0
2750,2026-03-18,22:02,J0042,Estacion Orbital,Casual,Umbra,24,,3,3,Victoria,890.0
3614,2026-04-04,20:16,J0200,Bosque Umbral,Casual,Nadia,27,7.0,5,4,Victoria,1300.0
306,2026-01-24,19:42,J0007,Bosque Umbral,Ranked,Brisa;Umbra,26,10.0,2,7,Derrota,1310.0
1850,2026-02-28,23:08,J0099,Estacion Orbital,Ranked,Brisa;Umbra,32,5.0,8,8,Victoria,1240.0
6560,2026-05-23,19:07,J0008,Puerto Escarlata,Torneo,Umbra,32,2.0,3,5,Derrota,390.0
9139,03-07-26,11:52,J0055,Canales de Hielo,Ranked,Umbra;Vex,39,4.0,9,3,Victoria,870.0
1989,2026-03-03,19:17,J0044,Bosque Umbral,Torneo,Nadia,20,8.0,5,6,Victoria,1500.0
3241,2026-03-28,12:48,J0015,Ciudadela,Ranked,Nadia;Umbra,29,6.0,4,4,derrota,720.0
2799,19-03-26,04:37,J0054,Bosque Umbral,Casual,Koro;Tesla,29,8.0,5,4,Derrota,900.0
4516,20/04/2026,19:07,J0040,Canales de Hielo,Casual,Lienzo;Nadia;Tesla,31,2.0,9,5,Victoria,770.0
5631,2026-05-09,18:58,J0044,Desierto Neon,Casual,Umbra;Vex,28,16.0,6,1,Victoria,2030.0
7845,13-06-26,17:35,J0121,Desierto Neon,Casual,Nadia;Lienzo,13,3.0,4,4,Derrota,420.0
3110,25/03/2026,17:39,J0200,Bosque Umbral,Casual,Brisa,30,2.0,10,3,,150.0
4940,2026-04-27,14:09,J0140,Puerto Escarlata,Ranked,Koro;Tesla,42,5.0,2,7,Victoria,1310.0
4060,2026-04-12,19:49,J0051,Desierto Neon,Ranked,Vex,43,8.0,6,4,Derrota,880.0
1988,2026-03-03,20:12,J0001,Bosque Umbral,Casual,Koro,15,6.0,4,2,Victoria,1120.0
7283,2026-06-04,18:11,J0093,Puerto Escarlata,Ranked,Magnus,44,5.0,9,2,Victoria,"920,0 pts"
8944,2026-06-30,09:58,J0156,Estacion Orbital,Ranked,Tesla;Umbra,30,4.0,5,4,Derrota,500.0
6730,2026-05-26,18:36,J0020,Ciudadela,Ranked,Lienzo;Nadia,42,8.0,6,4,Victoria,1380.0
384,2026-01-25,14:31,J0035,Desierto Neon,Ranked,Nadia;Vex,23,12.0,3,4,Victoria,1840.0
5635,2026-05-09,16:37,J0039,Puerto Escarlata,Casual,Lienzo,14,9.0,5,9,Victoria,1750.0
4308,17-04-26,17:29,J0024,Bosque Umbral,Casual,Vex,27,10.0,5,5,Victoria,1650.0
3389,2026-03-30,12:01,J0160,Desierto Neon,Ranked,Vex,28,5.0,8,8,Victoria,1240.0
3157,2026-03-26,  18:42 ,J0163,Estacion Orbital,Casual,Nadia;Umbra;Brisa,22,15.0,6,3,Derrota,"1530,0 pts"
6054,2026-05-16,17:25,J0134,Estacion Orbital,Casual,Vex,20,11.0,2,5,Derrota,1310.0
5324,2026-05-04,20:18,J0068,Ciudadela,Casual,Umbra,13,8.0,4,2,Derrota,820.0
2728,18/03/2026,18:53,J0127,Puerto Escarlata,Ranked,Umbra;Vex;Brisa,32,3.0,7,3,Victoria,810.0
6445,22/05/2026,12:03,J0013,Desierto Neon,Casual,Nadia;Brisa,17,4.0,4,3,Derrota,470.0
6390,21/05/2026,14:15,J0015,Canales de Hielo,Casual,Vex,9,11.0,7,5,Victoria,1710.0
8753,2026-06-27,06:36,J0004,Puerto Escarlata,Casual,Nadia,19,4.0,12,4,Derrota,360.0
8368,21-06-26,18:41,J0104,Ciudadela,Casual,Umbra,16,5.0,7,3,Victoria,1010.0
6297,2026-05-20,16:02,J0003,Puerto Escarlata,Ranked,Tesla,26,8.0,4,2,Derrota,820.0
3833,2026-04-08,10:48,J0160,Desierto Neon,Casual,Brisa,29,0.0,6,4,Derrota,80.0
8774,27-06-26,17:37,J0001,Canales de Hielo,Ranked,Nadia;Lienzo;Tesla,25,,7,3,Victoria,710.0
4777,2026-04-25,17:37,J0107,Canales de Hielo,Casual,Nadia;Vex;Magnus,20,8.0,4,2,Victoria,1320.0
4277,2026-04-16,16:56,J0004,Puerto Escarlata,Casual,  Koro ,24,1.0,4,5,VICTORIA,770.0
254,2026-01-22,19:45,J0033,Puerto Escarlata,Casual,Magnus,20,3.0,4,4,Victoria,920.0
6283,19-05-26,14:17,J0059,Bosque Umbral,Ranked,,43,11.0,4,5,Derrota,1270.0
9664,11/07/2026,18:07,J0024,Desierto Neon,Casual,Koro,20,4.0,11,2,Victoria,780.0
7416,2026-06-06,06:01,J0017,Puerto Escarlata,Casual,Lienzo,31,12.0,9,5,Derrota,1270.0
279,2026-01-23,21:22,J0016,Puerto Escarlata,Casual,Umbra;Nadia,21,6.0,3,3,Victoria,1190.0
3253,2026-03-28,20:40,J0165,Desierto Neon,Ranked,Tesla,30,,8,6,Derrota,240.0
2481,2026-03-13,20:14,J0180,Desierto Neon,Ranked,Vex;Umbra,45,10.0,3,5,Victoria,1690.0
290,2026-01-23,16:16,J0019,Bosque Umbral,Torneo,Nadia;Vex,24,7.0,3,3,Derrota,790.0
6196,2026-05-18,17:56,J0075,Bosque Umbral,Ranked,Vex,25,11.0,5,1,Victoria,1550.0
3076,24-03-26,18:31,J0038,Desierto Neon,Ranked,Koro;Tesla,23,4.0,4,0,Derrota,320.0
4074,2026-04-12,18:23,J0040,Bosque Umbral,Casual,Tesla,16,7.0,6,7,Derrota,930.0
7728,11/06/2026,23:04,J0200,Ciudadela,Casual,Umbra,13,4.0,3,2,Victoria,940.0
6517,2026-05-23,12:12,J0015,Bosque Umbral,Ranked,Nadia,40,11.0,7,7,Victoria,1810.0
6109,17-05-26,20:38,J0096,Bosque Umbral,Casual,Tesla,16,6.0,3,2,Victoria,1140.0
5090,2026-04-30,14:10,J0052,Desierto Neon,Casual,Vex,30,14.0,8,3,Derrota,1390.0
6801,27-05-26,17:28,J0063,Estacion Orbital,Casual,Vex;Brisa,30,12.0,9,4,Derrota,1220.0
7411,2026-06-06,08:22,J0006,Desierto Neon,Ranked,Koro,30,7.0,6,6,Victoria,1380.0
9791,2026-07-12,20:51,J0027,Desierto Neon,Casual,Magnus;Koro,31,4.0,3,5,Derrota,590.0
8468,2026-06-23,16:05,J0104,Estacion Orbital,Ranked,Brisa;Lienzo;Nadia,39,5.0,8,1,Victoria,890.0
9028,2026-07-01,16:37,J0037,Canales de Hielo,Casual,Tesla;Nadia,32,9.0,4,7,Derrota,1170.0
6232,2026-05-19,19:47,J0021,Desierto Neon,Casual,Nadia,15,2.0,6,3,Victoria,730.0
7888,2026-06-14,23:28,J0160,Estacion Orbital,Ranked,Tesla,45,6.0,1,1,Derrota,630.0
271,23/01/2026,14:16,J0093,Desierto Neon,Ranked,Nadia,31,0.0,3,5,Victoria,690.0
6010,2026-05-16,12:09,J0001,Puerto Escarlata,Ranked,Koro,22,2.0,3,5,Victoria,890.0
4571,2026-04-21,20:57,J0026,Desierto Neon,Ranked,Vex,40,12.0,3,4,Derrota,1340.0
9785,2026-07-12,03:20,J0006,Desierto Neon,Ranked,Umbra,24,7.0,2,5,Derrota,910.0
8140,17-06-26,20:12,J0034,Bosque Umbral,Ranked,Koro;Brisa;Umbra,38,4.0,6,3,Derrota,430.0
2972,2026-03-22,16:31,J0041,Estacion Orbital,Torneo,Koro,23,2.0,3,6,Victoria,940.0
7543,2026-06-08,19:56,J0200,Puerto Escarlata,Ranked,  Nadia ,22,6.0,3,3,Victoria,1190.0
8837,28/06/2026,19:08,J0032,Estacion Orbital,Casual,Brisa,32,,3,0,Derrota,640.0
4208,2026-04-15,18:55,J0010,Canales de Hielo,Casual,KORO,19,9.0,3,1,Victoria,1390.0
3219,2026-03-27,21:40,J0014,Estacion Orbital,Casual,Vex;Magnus,14,5.0,10,5,Derrota,550.0
1392,2026-02-18,18:58,J0024,Estacion Orbital,Casual,Koro;Nadia,19,6.0,3,5,Victoria,1290.0
3976,2026-04-11,01:42,J0114,Ciudadela,Ranked,Tesla;Umbra;Koro,25,4.0,5,6,Victoria,1100.0
4317,2026-04-17,19:46,J0011,Canales de Hielo,Ranked,Magnus,22,6.0,1,3,Derrota,730.0
6815,2026-05-27,23:29,J0032,Estacion Orbital,Ranked,Tesla;Vex,37,10.0,7,7,Victoria,1710.0
7472,2026-06-07,12:11,J0006,Puerto Escarlata,Ranked,Brisa,35,12.0,7,6,  Derrota ,1360.0
9492,2026-07-08,20:59,J0041,Estacion Orbital,Casual,Tesla;Brisa;Vex,30,9.0,3,3,Victoria,1490.0
84,2026-01-18,17:07,J0101,Puerto Escarlata,Casual,Lienzo,13,8.0,4,4,Derrota,920.0
874,07-02-26,20:33,J0016,Canales de Hielo,Casual,Magnus,14,9.0,5,2,derrota,900.0
9679,2026-07-11,21:08,J0040,Puerto Escarlata,Casual,Koro;Brisa,19,7.0,4,3,Victoria,
7765,2026-06-12,20:39,J0035,Bosque Umbral,Torneo,Magnus;Vex,13,7.0,2,2,Victoria,1260.0
4558,2026-04-21,18:55,J0188,Bosque Umbral,Torneo,Koro,27,4.0,4,5,Victoria,1070.0
4501,2026-04-20,08:20,J0079,Canales de Hielo,Casual,Koro,8,6.0,4,3,Victoria,1170.0
4648,2026-04-23,10:56,J0027,Desierto Neon,Torneo,Nadia;Koro;Umbra,20,7.0,7,7,Derrota,910.0
2039,2026-03-04,05:09,J0158,Canales de Hielo,Ranked,Koro;Umbra;Brisa,26,5.0,7,7,Derrota,
9768,12/07/2026,13:17,J0016,Desierto Neon,Ranked,Vex,22,10.0,6,3,Derrota,1030.0
7258,2026-06-03,12:52,J0047,Estacion Orbital,Torneo,Tesla,20,9.0,6,5,Victoria,1530.0
2451,2026-03-12,16:37,J0012,Ciudadela,Ranked,Lienzo,28,6.0,11,4,Victoria,1080.0
3955,10/04/2026,19:24,J0016,Ciudadela,Casual,Brisa,15,9.0,9,5,Derrota,970.0
2330,10-03-26,00:18,J0137,Canales de Hielo,Ranked,Tesla;Koro,33,8.0,4,7,derrota,1070.0
9195,2026-07-04,12:08,J0011,Puerto Escarlata,Ranked,Lienzo,27,5.0,4,3,victoria,1070.0
7169,2026-06-02,00:24,J0026,Bosque Umbral,Casual,Brisa,14,4.0,3,3,Victoria,990.0
5043,2026-04-30,03:50,J0113,Desierto Neon,Casual,Vex,23,6.0,2,4,Victoria,1260.0
9435,07-07-26,21:43,J0102,Puerto Escarlata,Casual,Umbra;Koro,21,3.0,4,5,Victoria,970.0
4747,2026-04-24,20:19,J0020,Desierto Neon,Casual,Brisa;Magnus,15,8.0,5,0,Derrota,700.0
9438,07-07-26,18:09,J0011,Ciudadela,Ranked,Nadia;Lienzo,23,6.0,2,5,DERROTA,810.0
8189,2026-06-18,19:07,J0079,Desierto Neon,Ranked,Magnus,29,3.0,5,4,Victoria,900.0
6608,24/05/2026,18:42,J0003,Puerto Escarlata,Ranked,Umbra,28,6.0,4,5,Victoria,1270.0
6755,2026-05-26,16:13,J0008,Ciudadela,Casual,Koro,21,1.0,3,5,Victoria,790.0
8797,2026-06-28,10:29,J0005,Estacion Orbital,Ranked,Magnus;Koro,36,2.0,11,3,Victoria,630.0
2402,2026-03-11,22:33,J0200,Estacion Orbital,Ranked,Tesla,37,4.0,3,5,,590.0
5521,2026-05-08,20:48,J0086,Canales de Hielo,Ranked,Koro,33,3.0,5,4,Derrota,400.0
1217,2026-02-14,15:58,J0042,Puerto Escarlata,Casual,Nadia;Brisa;Umbra,24,5.0,3,6,Victoria,1240.0
8764,2026-06-27,11:51,J0001,Canales de Hielo,Casual,Brisa;Tesla,11,7.0,6,5,Derrota,830.0
6021,16-05-26,14:00,J0038,Canales de Hielo,Casual,Koro,30,5.0,4,4,Victoria,1120.0
9251,2026-07-05,18:50,J0090,Canales de Hielo,Ranked,koro,33,5.0,2,2,Derrota,560.0
1065,2026-02-11,15:39,J0013,Bosque Umbral,Casual,  Nadia ,10,5.0,5,7,Derrota,750.0
3787,2026-04-07,13:46,J0096,Desierto Neon,Ranked,Koro;Tesla,29,8.0,6,5,Derrota,930.0
4411,2026-04-19,08:48,J0089,Ciudadela,Casual,Umbra,29,11.0,4,2,  Victoria ,1620.0
7314,04-06-26,08:54,J0045,Ciudadela,Ranked,Magnus,35,4.0,3,3,  Victoria ,990.0
6880,2026-05-29,16:32,J0064,Bosque Umbral,Casual,Umbra;Magnus,31,8.0,2,3,Victoria,1410.0
5524,2026-05-08,20:07,J0016,Desierto Neon,Ranked,Nadia,40,7.0,6,4,Victoria,1280.0
5997,2026-05-15,19:57,J0004,Estacion Orbital,Casual,Vex,24,4.0,8,5,Derrota,490.0
8903,29/06/2026,07:45,J0027,Bosque Umbral,Ranked,Nadia;Vex,41,6.0,6,3,Derrota,630.0
5889,2026-05-13,13:47,J0155,Bosque Umbral,Ranked,Umbra;Koro,26,2.0,4,4,Derrota,"320,0 pts"
2162,06/03/2026,22:35,J0051,Ciudadela,Ranked,Nadia;Koro,22,4.0,4,3,Victoria,970.0
3009,2026-03-23,18:19,J0032,Desierto Neon,Casual,Koro,11,6.0,8,7,Victoria,1290.0
1106,2026-02-12,19:53,J0089,Ciudadela,Casual,Nadia,26,3.0,1,5,Victoria,1030.0
6772,2026-05-26,18:04,J0061,Puerto Escarlata,Casual,Koro,16,8.0,7,5,Victoria,1410.0
693,2026-02-02,21:09,J0011,Puerto Escarlata,Ranked,Umbra,30,3.0,10,4,victoria,800.0
7643,10/06/2026,19:56,J0172,Estacion Orbital,Ranked,Brisa;Vex,37,12.0,1,5,  Victoria ,1930.0
4957,2026-04-28,20:14,J0003,Estacion Orbital,Casual,Tesla;Umbra,17,0.0,6,4,Victoria,580.0
6714,2026-05-25,18:25,J0200,Estacion Orbital,Casual,Lienzo,31,5.0,5,3,Victoria,1050.0
8547,2026-06-24,12:57,J0011,Canales de Hielo,Casual,Tesla,12,5.0,3,1,Victoria,990.0
4370,18-04-26,17:27,J0081,Desierto Neon,Ranked,Nadia;Tesla,30,4.0,6,4,DERROTA,480.0
2766,19-03-26,19:42,J0007,Ciudadela,Ranked,magnus,34,5.0,6,4,Derrota,58000.0
3930,10-04-26,21:43,J0086,Desierto Neon,Ranked,Nadia;Koro,31,6.0,8,8,Victoria,1340.0
7260,2026-06-03,18:01,J0013,Desierto Neon,Casual,Vex;Nadia,15,8.0,4,1,Victoria,1270.0
8804,2026-06-28,18:56,J0010,Puerto Escarlata,Ranked,Vex,35,5.0,3,7,Derrota,790.0
7660,2026-06-10,20:56,J0033,Bosque Umbral,Ranked,Nadia;Umbra;Lienzo,26,11.0,4,3,Victoria,1670.0
6511,2026-05-23,20:00,J0072,Canales de Hielo,Ranked,Koro;Nadia,37,4.0,4,5,Victoria,1070.0
629,2026-01-31,20:05,J0002,Bosque Umbral,Casual,  Umbra ,14,5.0,6,4,Derrota,580.0
2452,2026-03-12,15:11,J0008,Puerto Escarlata,Torneo,,17,7.0,7,4,derrota,760.0
6351,21/05/2026,19:47,J0066,Canales de Hielo,Ranked,Koro,35,7.0,5,3,Victoria,1250.0
9852,2026-07-13,22:39,J0075,Puerto Escarlata,Casual,Vex,27,9.0,5,4,Victoria,1500.0
3825,08-04-26,21:26,J0050,Puerto Escarlata,Ranked,,26,,2,8,  Derrota ,760.0
9048,2026-07-01,20:00,J0128,Estacion Orbital,Ranked,Koro,35,8.0,1,4,Victoria,1480.0
2653,2026-03-16,23:10,J0035,Bosque Umbral,Ranked,Brisa,37,7.0,6,7,Derrota,930.0
9178,2026-07-04,18:29,J0103,Canales de Hielo,Casual,Vex;Umbra,18,9.0,8,5,Victoria,1490.0
3744,2026-04-06,20:14,J0031,Desierto Neon,Casual,Lienzo;Magnus,17,4.0,6,5,Derrota,530.0
2177,2026-03-07,17:27,J0107,Ciudadela,Casual,Lienzo;Umbra,32,4.0,8,3,Derrota,"390,0 pts"
9981,14-07-26,20:37,J0008,Estacion Orbital,Ranked,Koro;Magnus,27,1.0,8,4,Derrota,140.0
9334,06/07/2026,00:53,J0133,Puerto Escarlata,Torneo,Tesla;Nadia;Vex,12,6.0,3,6,  Victoria ,1340.0
3319,29-03-26,22:24,J0067,Estacion Orbital,Ranked,Nadia,33,5.0,4,4,Victoria,1120.0
6456,2026-05-22,15:06,J0004,Desierto Neon,Ranked,Nadia,27,7.0,6,5,Derrota,830.0
2788,2026-03-19,19:44,J0070,Estacion Orbital,Ranked,Lienzo,36,7.0,3,2,Derrota,740.0
4106,2026-04-13,19:22,J0116,Desierto Neon,Torneo,Koro;Lienzo;Brisa,30,,6,2,DERROTA,1180.0
6554,2026-05-23,19:28,J0118,Desierto Neon,Casual,Nadia,27,7.0,7,7,Derrota,910.0
1677,2026-02-24,17:18,J0061,Desierto Neon,Casual,Tesla,30,6.0,5,1,Derrota,550.0
3948,10-04-26,22:02,J0045,Ciudadela,Ranked,Umbra;Tesla,40,7.0,6,3,Victoria,1230.0
4445,19-04-26,08:45,J0069,Puerto Escarlata,Casual,Brisa,12,1.0,5,2,Derrota,100.0
2937,22-03-26,20:45,J0016,Estacion Orbital,Casual,Umbra;Brisa,11,8.0,10,2,Derrota,700.0
9331,2026-07-06,21:54,J0054,Bosque Umbral,Casual,Lienzo,25,7.0,4,6,Derrota,920.0
7900,14-06-26,19:21,J0092,Puerto Escarlata,Ranked,Vex,26,6.0,6,4,Victoria,1180.0
5723,10/05/2026,12:43,J0025,Puerto Escarlata,Ranked,Magnus,27,6.0,4,2,Derrota,620.0
7910,2026-06-14,14:11,J0005,Estacion Orbital,Casual,,14,8.0,4,2,Victoria,"1320,0 pts"
2504,2026-03-14,23:45,J0021,Desierto Neon,Casual,Tesla;Magnus,23,11.0,8,2,DERROTA,1040.0
8549,24/06/2026,17:00,J0200,Bosque Umbral,Casual,Tesla,18,2.0,8,3,Derrota,190.0
2370,10/03/2026,19:15,J0149,Desierto Neon,Torneo,Tesla,17,2.0,3,3,Victoria,790.0
4968,2026-04-28,05:54,J0023,Bosque Umbral,Ranked,Tesla,39,9.0,4,6,Victoria,1620.0
5884,2026-05-13,17:35,J0006,Desierto Neon,Ranked,Lienzo,37,8.0,3,3,Victoria,1390.0
2218,07/03/2026,01:37,J0145,Ciudadela,Casual,Nadia,28,2.0,9,2,Derrota,120.0
5848,12-05-26,21:20,J0200,Puerto Escarlata,Ranked,Umbra,37,6.0,6,2,Derrota,580.0
2219,2026-03-07,12:37,J0040,Estacion Orbital,Ranked,Vex;Nadia;Magnus,45,5.0,3,4,,1140.0
3327,29-03-26,20:34,J0063,Estacion Orbital,Casual,Koro;Nadia;Brisa,23,7.0,6,2,Victoria,1180.0
7445,2026-06-06,19:24,J0051,Canales de Hielo,Casual,,32,3.0,4,7,Derrota,570.0
3584,2026-04-03,13:32,J0200,Bosque Umbral,Casual,Tesla;Nadia,24,5.0,6,3,Victoria,1030.0
9898,2026-07-13,02:19,J0039,Canales de Hielo,Casual,Tesla,23,5.0,4,6,Derrota,720.0
3620,04/04/2026,19:05,J0172,Ciudadela,Casual,Lienzo,15,10.0,4,6,Victoria,1720.0
6218,18-05-26,01:32,J0107,Estacion Orbital,Ranked,Magnus;Vex,34,3.0,7,3,Victoria,810.0
7838,2026-06-13,17:33,J0156,Canales de Hielo,Ranked,Tesla,38,7.0,6,3,Derrota,730.0
6546,2026-05-23,16:34,J0005,Canales de Hielo,Ranked,Vex;Koro,40,11.0,8,6,Derrota,1240.0
3116,25-03-26,00:42,J0062,Desierto Neon,Ranked,Magnus,24,6.0,4,6,Derrota,820.0
86,18-01-26,16:46,J0029,Puerto Escarlata,Casual,Tesla,15,6.0,5,5,DERROTA,750.0
5974,15/05/2026,15:20,J0067,Puerto Escarlata,Casual,Brisa,32,,3,5,Victoria,1190.0
2802,2026-03-19,21:07,J0097,Puerto Escarlata,Ranked,Tesla,26,6.0,4,5,Derrota,770.0
3672,2026-04-05,01:02,J0028,Canales de Hielo,Ranked,Koro;Lienzo,22,6.0,6,2,Victoria,1080.0
3668,05-04-26,13:08,J0149,Puerto Escarlata,Casual,Magnus,30,9.0,4,6,Derrota,1120.0
9868,2026-07-13,13:41,J0036,Bosque Umbral,Casual,Koro,10,0.0,8,2,Derrota,0.0
5159,2026-05-02,21:48,J0014,Ciudadela,Ranked,Tesla;Magnus,23,3.0,5,5,Derrota,450.0
5726,2026-05-10,22:28,J0086,Desierto Neon,Ranked,Lienzo;Magnus,43,5.0,7,5,DERROTA,"610,0 pts"
4591,22/04/2026,23:53,J0011,Ciudadela,Ranked,Koro,36,1.0,6,7,Victoria,830.0
2020,04-03-26,18:43,J0138,Puerto Escarlata,Casual,Nadia;Koro,24,4.0,6,4,VICTORIA,980.0
7965,15-06-26,23:08,J0020,Puerto Escarlata,Casual,,13,6.0,4,4,Victoria,1220.0
2526,14-03-26,16:48,J0044,Puerto Escarlata,Casual,Koro,11,8.0,5,1,Derrota,750.0
7439,2026-06-06,20:59,J0035,Bosque Umbral,Ranked,Nadia,37,10.0,4,1,Victoria,1470.0
6341,20/05/2026,23:19,J0031,Ciudadela,Ranked,Tesla;Lienzo,39,4.0,5,5,Derrota,550.0
3213,2026-03-27,18:29,J0125,Desierto Neon,Ranked,  Umbra ,42,4.0,10,5,Victoria,950.0
520,2026-01-29,17:25,J0108,Canales de Hielo,Casual,Vex,32,8.0,10,6,Derrota,900.0
5367,05/05/2026,20:58,J0010,Desierto Neon,Casual,Nadia;Lienzo,24,7.0,5,4,Victoria,1300.0
8747,27/06/2026,20:23,J0044,Bosque Umbral,Casual,Lienzo,10,8.0,5,3,Derrota,850.0
2896,2026-03-21,14:42,J0050,Canales de Hielo,Ranked,Umbra;Vex,45,4.0,5,5,Victoria,
245,2026-01-22,13:49,J0200,Estacion Orbital,Casual,Lienzo,17,1.0,3,7,Derrota,390.0
5931,2026-05-14,16:08,J0018,Desierto Neon,Ranked,Nadia,41,2.0,5,3,Derrota,250.0
4715,2026-04-24,15:53,J0020,Ciudadela,Ranked,Koro,42,4.0,3,3,Victoria,990.0
9278,2026-07-05,19:39,J0086,Estacion Orbital,Casual,Brisa,31,3.0,4,3,,370.0
3426,2026-03-31,17:51,J0016,Puerto Escarlata,Casual,Vex;Nadia,20,12.0,6,4,Victoria,1780.0
7054,2026-05-31,22:21,J0028,Puerto Escarlata,Casual,Nadia;Koro,18,4.0,7,7,Derrota,610.0
6839,2026-05-28,15:47,J0126,Canales de Hielo,Torneo,Magnus,29,4.0,4,1,Victoria,870.0
6751,2026-05-26,19:50,J0037,Desierto Neon,Casual,Koro,10,,9,2,Victoria,820.0
9273,2026-07-05,03:28,J0066,Ciudadela,Casual,Umbra,18,12.0,4,2,Derrota,1220.0
7376,2026-06-05,15:05,J0002,Estacion Orbital,Ranked,Koro;Magnus,39,7.0,3,3,Victoria,1290.0
5510,2026-05-07,21:56,J0028,Canales de Hielo,Torneo,Vex,31,7.0,6,3,Victoria,1230.0
2002,03-03-26,17:24,J0011,Estacion Orbital,Ranked,Nadia,33,3.0,3,1,Victoria,790.0
886,2026-02-07,21:22,J0126,Puerto Escarlata,Casual,Magnus,19,4.0,7,5,Victoria,
870,2026-02-07,20:14,J0008,Estacion Orbital,Ranked,Tesla,31,2.0,3,6,Derrota,440.0
9762,2026-07-12,19:36,J0003,Canales de Hielo,Ranked,NADIA;VEX;UMBRA,42,3.0,2,3,Derrota,410.0
5721,10-05-26,18:55,J0200,Canales de Hielo,Casual,Lienzo;Vex,15,,7,2,Derrota,460.0
357,2026-01-25,19:09,J0021,Puerto Escarlata,Casual,Koro,23,6.0,8,2,Victoria,1040.0
9982,2026-07-14,19:17,J0074,Puerto Escarlata,Casual,Brisa;Lienzo,19,3.0,5,5,Victoria,950.0
5452,2026-05-06,15:26,J0011,Desierto Neon,Casual,Brisa,8,4.0,4,6,Derrota,620.0
8258,2026-06-20,20:29,J0008,Puerto Escarlata,Ranked,MAGNUS,42,3.0,4,5,Victoria,
6909,2026-05-29,03:59,J0179,Ciudadela,Ranked,BRISA,38,7.0,2,4,Victoria,1360.0
7835,13/06/2026,23:43,J0031,Bosque Umbral,Torneo,,11,8.0,3,2,Derrota,840.0
1276,2026-02-15,21:19,J0026,Canales de Hielo,Ranked,Umbra,43,3.0,5,4,Victoria,900.0
1891,2026-03-01,18:29,J0084,Desierto Neon,Casual,Koro,14,8.0,4,2,Victoria,1320.0
9793,12/07/2026,17:11,J0054,Canales de Hielo,Casual,Vex,13,11.0,7,2,Victoria,1560.0
7853,2026-06-13,22:22,J0004,Desierto Neon,Ranked,Vex,37,9.0,2,0,Victoria,1360.0
9254,2026-07-05,14:30,J0036,Bosque Umbral,Ranked,Umbra,33,0.0,4,4,Derrota,120.0
3564,2026-04-03,17:27,J0059,Bosque Umbral,Casual,Koro;Vex;Tesla,27,9.0,5,3,Victoria,1450.0
5788,11-05-26,14:28,J0171,Puerto Escarlata,Casual,Koro,31,7.0,5,4,Derrota,800.0
4959,28-04-26,19:32,J0031,Estacion Orbital,Ranked,Tesla,44,9.0,6,4,Derrota,980.0
1547,21/02/2026,04:30,J0004,Puerto Escarlata,Casual,Tesla,20,4.0,3,4,Derrota,540.0
6194,2026-05-18,22:08,J0001,Ciudadela,Ranked,Tesla,30,5.0,8,6,Victoria,1140.0
2381,2026-03-11,18:51,J0043,Puerto Escarlata,Casual,Nadia,28,6.0,3,4,  Victoria ,1240.0
3824,2026-04-08,21:18,J0053,Estacion Orbital,Casual,Umbra,9,7.0,5,3,Derrota,750.0
3233,2026-03-27,04:56,J0004,Puerto Escarlata,Casual,Nadia,20,5.0,7,2,Victoria,960.0
8465,2026-06-22,10:15,J0011,Estacion Orbital,Ranked,Tesla,41,6.0,2,2,Victoria,1160.0
3307,2026-03-28,  18:53 ,J0019,Puerto Escarlata,Casual,Tesla;Koro;Magnus,29,3.0,7,2,Victoria,760.0
493,2026-01-28,20:41,J0005,Desierto Neon,Ranked,Nadia,38,12.0,4,3,,1770.0
3500,2026-04-01,22:25,J0102,Ciudadela,Ranked,koro;lienzo,40,3.0,11,4,Derrota,280.0
6835,2026-05-28,11:28,J0107,Bosque Umbral,Casual,Vex;Umbra,20,6.0,8,6,Victoria,1240.0
1117,2026-02-12,20:13,J0059,Estacion Orbital,Casual,,20,5.0,8,3,Victoria,990.0
5638,09-05-26,17:53,J0168,Bosque Umbral,Casual,Magnus,30,5.0,5,5,Derrota,650.0
8843,2026-06-28,06:47,J0007,Desierto Neon,Casual,Umbra,23,15.0,5,4,Derrota,1600.0
6147,2026-05-17,09:44,J0004,Estacion Orbital,Casual,Nadia,9,5.0,4,6,Derrota,720.0
9942,2026-07-14,14:31,J0019,Bosque Umbral,Casual,Vex,30,9.0,7,2,Victoria,
8844,2026-06-28,12:37,J0057,Estacion Orbital,Ranked,Nadia,24,5.0,4,2,  Derrota ,520.0
6825,2026-05-28,20:04,J0002,Desierto Neon,Ranked,BRISA,30,6.0,6,5,Derrota,730.0
8292,20-06-26,15:01,J0015,Canales de Hielo,Casual,Umbra,15,10.0,9,2,Victoria,"1420,0 pts"
8101,2026-06-17,23:09,J0004,Ciudadela,Ranked,Lienzo,34,3.0,7,8,Derrota,560.0
3646,2026-04-04,23:54,J0177,Ciudadela,Ranked,Magnus,37,6.0,3,4,Victoria,1240.0
2501,2026-03-13,15:19,J0005,Bosque Umbral,Ranked,Vex,38,11.0,4,4,Victoria,1720.0
5678,2026-05-10,23:51,J0056,Puerto Escarlata,Torneo,Umbra,15,2.0,3,2,Derrota,"240,0 pts"
5242,2026-05-03,18:39,J0024,Estacion Orbital,Casual,Magnus,16,8.0,2,2,Derrota,860.0
6635,24-05-26,23:44,J0017,Bosque Umbral,Casual,Brisa,15,10.0,4,10,Victoria,1920.0
2784,19/03/2026,19:05,J0022,Canales de Hielo,Casual,Koro,14,8.0,3,3,Derrota,890.0
6159,2026-05-17,12:07,J0004,Desierto Neon,Casual,Lienzo;Magnus;Brisa,20,4.0,3,4,Derrota,540.0
3810,2026-04-08,09:40,J0005,Ciudadela,Casual,Vex;Koro;Tesla,9,10.0,5,4,Derrota,1100.0
9980,14-07-26,20:30,J0078,Desierto Neon,Ranked,Koro,24,12.0,8,6,derrota,1340.0
8715,2026-06-27,19:53,J0052,Canales de Hielo,Casual,Magnus;Koro,10,3.0,3,9,Victoria,1190.0
7947,2026-06-14,08:15,J0129,Bosque Umbral,Torneo,Lienzo,20,6.0,8,1,victoria,990.0
1697,2026-02-24,18:47,J0063,Estacion Orbital,Torneo,Magnus;Lienzo,13,8.0,3,2,Derrota,840.0
5686,10-05-26,13:01,J0027,Puerto Escarlata,Casual,Brisa;Magnus,32,,5,2,Derrota,400.0
7301,04/06/2026,12:18,J0051,Bosque Umbral,Torneo,Brisa;Vex,17,3.0,6,2,Derrota,280.0
5940,2026-05-14,17:09,J0003,Estacion Orbital,Casual,Koro;Lienzo,12,4.0,6,3,Victoria,930.0
2053,2026-03-04,20:29,J0060,Estacion Orbital,Ranked,Vex;Lienzo,44,7.0,4,4,,1320.0
1777,2026-02-26,21:14,J0061,Puerto Escarlata,Casual,Tesla,10,2.0,6,3,Derrota,230.0
7136,2026-06-02,17:17,J0046,Ciudadela,Casual,Vex,10,10.0,5,2,Victoria,1500.0
3314,2026-03-29,20:18,J0085,Canales de Hielo,Casual,Brisa;Tesla,25,7.0,3,3,Victoria,1290.0
4782,2026-04-25,01:22,J0019,Estacion Orbital,Casual,Koro,8,3.0,4,5,Victoria,970.0
8531,2026-06-24,17:42,J0157,Puerto Escarlata,Ranked,Nadia;Tesla,35,7.0,3,5,Victoria,1390.0
9927,13-07-26,13:17,J0001,Ciudadela,Casual,Tesla,21,4.0,5,1,DERROTA,350.0
1593,2026-02-22,20:19,J0065,Desierto Neon,Ranked,Vex,41,6.0,5,5,,750.0
1724,2026-02-25,19:49,J0039,Canales de Hielo,Ranked,Vex,42,10.0,3,3,Derrota,1090.0
216,2026-01-21,05:26,J0085,Ciudadela,Casual,Lienzo,18,4.0,8,4,Victoria,940.0
6438,2026-05-22,17:08,J0076,Estacion Orbital,Casual,Umbra;Tesla,21,9.0,4,2,Derrota,920.0
8500,2026-06-23,21:19,J0003,Bosque Umbral,Casual,Nadia;Brisa,16,2.0,8,5,Victoria,790.0
491,28-01-26,22:15,J0033,Puerto Escarlata,Casual,Magnus;Umbra;Tesla,32,5.0,5,1,Victoria,950.0
9204,04-07-26,03:39,J0088,Desierto Neon,Ranked,Lienzo,26,7.0,4,3,Derrota,770.0
3484,2026-04-01,07:52,J0200,Bosque Umbral,Casual,Nadia,13,3.0,7,5,Derrota,410.0
5103,2026-04-30,19:46,J0035,Puerto Escarlata,Casual,Lienzo,22,10.0,2,4,Victoria,1660.0
5188,02/05/2026,14:12,J0017,Ciudadela,Ranked,Umbra,32,6.0,4,5,Victoria,"1270,0 pts"
3432,2026-03-31,07:20,J0027,Desierto Neon,Casual,Brisa,12,5.0,4,1,Victoria,970.0
8138,2026-06-17,19:20,J0017,Desierto Neon,Ranked,Tesla;Koro,27,7.0,5,5,Victoria,1350.0
7841,2026-06-13,19:17,J0028,Puerto Escarlata,Casual,Umbra,29,0.0,5,1,  Derrota ,0.0
5514,07/05/2026,20:33,J0041,Desierto Neon,Ranked,,40,2.0,8,5,Derrota,290.0
26,2026-01-16,18:50,J0013,Estacion Orbital,Ranked,Umbra,45,2.0,7,2,Derrota,160.0
3513,2026-04-02,09:55,J0124,Ciudadela,Casual,BRISA,21,2.0,3,5,Derrota,390.0
2410,2026-03-12,19:38,J0025,Ciudadela,Casual,Nadia,17,6.0,5,3,,650.0
3271,28/03/2026,12:24,J0001,Desierto Neon,Casual,Lienzo,32,2.0,4,6,Derrota,420.0
5210,02-05-26,14:43,J0067,Puerto Escarlata,Ranked,Umbra,45,5.0,4,5,DERROTA,670.0
8780,2026-06-27,18:56,J0077,Puerto Escarlata,Casual,Vex,15,6.0,6,3,Victoria,1130.0
1553,2026-02-21,20:52,J0029,Estacion Orbital,Casual,Koro,29,4.0,2,0,Derrota,360.0
9268,05-07-26,16:26,J0117,Canales de Hielo,Ranked,Tesla,45,2.0,3,8,Victoria,1040.0
8690,2026-06-26,21:14,J0023,Ciudadela,Casual,Tesla,27,2.0,3,5,Victoria,890.0
3872,2026-04-08,17:22,J0018,Puerto Escarlata,Ranked,Lienzo,34,6.0,13,1,Victoria,890.0
3403,2026-03-30,07:06,J0002,Canales de Hielo,Casual,brisa,16,6.0,4,3,Victoria,1170.0
4530,2026-04-21,01:46,J0200,Bosque Umbral,Ranked,Lienzo,27,10.0,6,7,Derrota,1230.0
980,2026-02-08,14:41,J0022,Bosque Umbral,Ranked,Koro,23,6.0,4,9,Victoria,1470.0
2656,16-03-26,21:45,J0043,Ciudadela,Ranked,Koro;Vex,40,11.0,10,5,Victoria,1650.0
1848,2026-02-28,22:36,J0004,Canales de Hielo,Casual,Tesla,31,3.0,5,4,Victoria,900.0
8100,2026-06-17,23:25,J0108,Canales de Hielo,Casual,Magnus,26,6.0,1,5,Victoria,"1330,0 pts"
8306,2026-06-20,17:07,J0092,Desierto Neon,Casual,Vex,15,7.0,3,4,Derrota,840.0
2928,2026-03-22,00:45,J0019,Canales de Hielo,Ranked,Magnus;Koro;Lienzo,37,6.0,4,5,Derrota,770.0
8268,2026-06-20,09:37,J0082,Bosque Umbral,Casual,Lienzo,24,4.0,3,1,Victoria,890.0
5722,2026-05-10,  20:09 ,J0072,Estacion Orbital,Casual,Tesla,28,5.0,6,4,Victoria,1080.0
516,2026-01-29,11:06,J0076,Puerto Escarlata,Ranked,Nadia;Lienzo;Koro,35,,6,0,Victoria,880.0
7332,2026-06-05,08:24,J0011,Puerto Escarlata,Torneo,Nadia,17,9.0,2,5,Derrota,1110.0
8363,2026-06-21,19:39,J0022,Desierto Neon,Ranked,Umbra,37,3.0,7,0,Derrota,160.0
1103,2026-02-12,13:36,J0057,Canales de Hielo,Casual,Magnus,20,6.0,4,4,Victoria,1220.0
3277,28-03-26,15:03,J0102,Puerto Escarlata,Ranked,Umbra,34,2.0,7,2,Victoria,660.0
7343,2026-06-05,21:49,J0031,Desierto Neon,Ranked,Koro,24,3.0,0,3,Victoria,950.0
7517,2026-06-07,18:29,J0025,Puerto Escarlata,Ranked,Brisa,22,6.0,5,6,Derrota,800.0
9148,2026-07-03,19:42,J0092,Desierto Neon,Casual,Magnus;Lienzo,16,3.0,12,5,Derrota,310.0
8403,22/06/2026,11:04,J0039,Desierto Neon,Casual,lienzo;tesla,20,,6,5,Derrota,1430.0
3997,2026-04-11,21:56,J0135,Bosque Umbral,Ranked,Vex,35,17.0,5,4,Victoria,2300.0
195,2026-01-21,17:20,J0024,Estacion Orbital,Casual,Tesla,23,4.0,1,2,Victoria,980.0
4712,2026-04-24,18:20,J0030,Bosque Umbral,Casual,Lienzo;Umbra;Magnus,16,5.0,7,8,Derrota,760.0
644,2026-02-01,09:18,J0103,Puerto Escarlata,Ranked,LIENZO,42,12.0,6,5,Victoria,1830.0
8455,2026-06-22,21:04,J0046,Canales de Hielo,Casual,Koro,17,4.0,3,2,victoria,940.0
3286,2026-03-28,20:05,J0020,Canales de Hielo,Torneo,Nadia,28,6.0,8,2,Derrota,540.0
3117,2026-03-25,16:06,J0029,Ciudadela,Casual,Tesla,28,3.0,1,3,Derrota,430.0
9623,2026-07-10,18:35,J0146,Canales de Hielo,Casual,Nadia,21,4.0,4,1,Victoria,870.0
3576,2026-04-03,19:57,J0070,Ciudadela,Casual,Umbra,27,6.0,5,3,  Victoria ,1150.0
9217,2026-07-04,20:31,J0008,Canales de Hielo,Casual,Koro,21,2.0,6,4,Derrota,"280,0 pts"
4321,2026-04-17,10:29,J0027,Ciudadela,Torneo,Tesla;Koro,8,12.0,4,6,Derrota,1420.0
9754,2026-07-12,16:43,J0148,Estacion Orbital,Ranked,Umbra,38,5.0,3,8,Derrota,"840,0 pts"
2208,2026-03-07,21:40,J0024,Puerto Escarlata,Ranked,Vex,41,7.0,5,5,Victoria,1350.0
4553,21-04-26,14:42,J0001,Puerto Escarlata,Ranked,Vex,37,4.0,4,5,Victoria,1070.0
7444,2026-06-06,15:37,J0113,Estacion Orbital,Torneo,Vex,28,7.0,3,5,Derrota,890.0
3719,2026-04-06,20:47,J0064,Canales de Hielo,Ranked,Magnus;Koro,29,4.0,6,3,Derrota,430.0
973,2026-02-08,20:49,J0133,Puerto Escarlata,Casual,Umbra,27,7.0,7,2,Derrota,660.0
4580,22-04-26,17:19,J0011,Ciudadela,Casual,Magnus;Tesla,16,10.0,6,7,Derrota,1230.0
720,03-02-26,09:28,J0199,Desierto Neon,Casual,Tesla,29,5.0,4,5,Victoria,1170.0
6631,24/05/2026,07:13,J0112,Estacion Orbital,Ranked,Tesla;Lienzo,42,3.0,4,6,Derrota,520.0
6156,17-05-26,17:57,J0200,Ciudadela,Ranked,UMBRA,38,3.0,3,5,Derrota,490.0
9502,08-07-26,21:13,J0027,Puerto Escarlata,Ranked,Lienzo,28,,5,3,Derrota,450.0
3897,09/04/2026,03:46,J0043,Ciudadela,Casual,Magnus,27,3.0,5,5,Derrota,450.0
2804,2026-03-19,22:35,J0047,Desierto Neon,Casual,Magnus,32,12.0,5,7,Derrota,1450.0
2567,15/03/2026,17:26,J0106,Desierto Neon,Ranked,Lienzo,40,5.0,2,4,Derrota,660.0
4026,2026-04-11,10:06,J0102,Bosque Umbral,Casual,Tesla,9,3.0,5,7,Victoria,1050.0
6199,2026-05-18,01:04,J0200,Puerto Escarlata,Ranked,Magnus;Tesla,40,13.0,5,4,Victoria,1900.0
33,17-01-26,19:13,J0142,Ciudadela,Ranked,Nadia,31,6.0,5,5,Victoria,1250.0
8373,21-06-26,19:02,J0012,Ciudadela,Ranked,Lienzo;Koro;Umbra,43,6.0,3,1,Derrota,590.0
8901,2026-06-29,23:01,J0006,Desierto Neon,Casual,,22,13.0,4,3,Derrota,1370.0
9892,13-07-26,13:46,J0138,Desierto Neon,Casual,Koro;Lienzo;Nadia,9,1.0,3,4,Victoria,740.0
4064,12/04/2026,20:09,J0025,Puerto Escarlata,Casual,Magnus;Tesla;Lienzo,17,,7,1,Derrota,610.0
9019,2026-07-01,17:05,J0200,Bosque Umbral,Casual,Lienzo,31,6.0,7,3,Derrota,610.0
5541,2026-05-08,19:05,J0002,Ciudadela,Ranked,Magnus;Koro,36,6.0,7,1,Derrota,510.0
1698,2026-02-24,21:58,J0030,Bosque Umbral,Ranked,Koro;Magnus,36,5.0,5,3,Victoria,1050.0
2793,19/03/2026,19:11,J0049,Bosque Umbral,Casual,Lienzo,10,1.0,5,2,Derrota,100.0
2223,2026-03-07,11:24,J0166,Bosque Umbral,Torneo,Magnus;Lienzo,8,4.0,8,2,Derrota,340.0
5819,2026-05-12,20:25,J0020,Canales de Hielo,Casual,Brisa,26,4.0,3,5,Derrota,590.0
9736,2026-07-11,22:48,J0031,Canales de Hielo,Casual,,18,5.0,6,4,Victoria,
3765,2026-04-07,17:35,J0061,Puerto Escarlata,Casual,Tesla;Koro,25,6.0,6,7,Victoria,1330.0
3867,08-04-26,17:56,J0029,Puerto Escarlata,Ranked,Brisa,31,3.0,4,4,Derrota,420.0
8784,27/06/2026,17:25,J0124,Puerto Escarlata,Ranked,Vex;Brisa;Umbra,43,4.0,7,4,Victoria,960.0
8731,2026-06-27,16:01,J0126,Bosque Umbral,Casual,Lienzo,16,8.0,6,4,Victoria,1380.0
9009,01/07/2026,13:22,J0185,Ciudadela,Ranked,Vex,35,12.0,9,6,Derrota,1320.0
7360,05-06-26,11:49,J0029,Desierto Neon,Ranked,Vex;Umbra,31,1.0,6,3,Victoria,630.0
7208,2026-06-03,21:52,J0043,Ciudadela,Ranked,Lienzo,45,5.0,11,3,Victoria,930.0
3759,07-04-26,00:05,J0200,Canales de Hielo,Ranked,Magnus;Vex,33,9.0,4,4,Victoria,1520.0
2832,2026-03-20,08:52,J0008,Bosque Umbral,Casual,Nadia;Vex,15,5.0,9,5,Victoria,1070.0
3228,2026-03-27,01:01,J0005,Bosque Umbral,Ranked,Lienzo,42,4.0,7,5,Victoria,1010.0
7936,2026-06-14,20:57,J0114,Ciudadela,Ranked,Koro;Tesla,41,3.0,2,6,Derrota,560.0
3924,09-04-26,17:44,J0117,Bosque Umbral,Ranked,Nadia,23,4.0,7,4,Victoria,960.0
3905,09-04-26,19:49,J0037,Bosque Umbral,Ranked,Lienzo,34,5.0,2,4,DERROTA,660.0
2278,2026-03-08,20:34,J0068,Canales de Hielo,Casual,Lienzo,26,5.0,3,4,Derrota,640.0
6931,30-05-26,12:26,J0133,Bosque Umbral,Casual,Vex,28,11.0,4,4,Victoria,1720.0
1402,19/02/2026,13:49,J0059,Ciudadela,Ranked,Umbra;Vex,41,7.0,7,7,Victoria,1410.0
740,2026-02-03,20:19,J0091,Puerto Escarlata,Ranked,KORO;VEX,34,7.0,2,3,Victoria,1310.0
4267,2026-04-16,21:42,J0057,Desierto Neon,Ranked,Koro,36,5.0,6,11,Victoria,1430.0
9936,2026-07-14,19:31,J0200,Puerto Escarlata,Casual,Brisa,31,3.0,2,0,Derrota,260.0
8911,2026-06-29,21:17,J0033,Bosque Umbral,Casual,Tesla;Umbra,17,5.0,5,3,Derrota,550.0
7598,2026-06-09,00:00,J0012,Bosque Umbral,Casual,Koro;Tesla,16,6.0,7,4,Victoria,1160.0
3852,2026-04-08,09:28,J0034,Ciudadela,Casual,Magnus;Lienzo;Koro,11,8.0,6,6,Derrota,980.0
8700,26-06-26,  01:35 ,J0019,Bosque Umbral,Ranked,Nadia,36,2.0,2,6,  Derrota ,460.0
2662,2026-03-16,18:58,J0025,Ciudadela,Torneo,nadia;tesla,30,4.0,7,4,Derrota,460.0
6621,24-05-26,20:28,J0200,Ciudadela,Casual,Lienzo,19,7.0,3,2,Victoria,1240.0
6966,2026-05-30,19:24,J0007,Desierto Neon,Torneo,Vex,20,13.0,5,5,Victoria,1950.0
675,01/02/2026,21:24,J0118,Puerto Escarlata,Casual,Vex,28,11.0,4,2,Victoria,1620.0
9079,02/07/2026,07:50,J0011,Ciudadela,Ranked,Umbra;Magnus,32,6.0,6,4,Derrota,680.0
6474,22/05/2026,17:48,J0150,Canales de Hielo,Casual,Tesla,23,9.0,5,6,Victoria,1600.0
3842,2026-04-08,16:09,J0058,Canales de Hielo,Casual,Magnus,20,6.0,6,4,Derrota,680.0
1816,2026-02-27,07:09,J0008,Puerto Escarlata,Casual,Nadia,30,3.0,3,4,Victoria,940.0
8401,2026-06-22,19:36,J0067,Bosque Umbral,Torneo,Koro,21,8.0,6,5,Derrota,930.0
9912,2026-07-13,21:26,J0037,Estacion Orbital,Ranked,Brisa,41,6.0,4,3,Derrota,670.0
9272,2026-07-05,15:46,J0035,Ciudadela,Casual,Brisa,12,10.0,5,3,Derrota,1050.0
4654,2026-04-23,02:01,J0121,Estacion Orbital,Ranked,Lienzo,38,3.0,4,1,Victoria,"770,0 pts"
7440,06-06-26,01:01,J0031,Puerto Escarlata,Ranked,Lienzo;Brisa,38,5.0,10,5,,1050.0
2101,2026-03-05,17:55,J0005,Puerto Escarlata,Ranked,Brisa;Koro,31,7.0,12,4,Victoria,
7842,2026-06-13,07:44,J0069,Bosque Umbral,Ranked,Tesla;Umbra,41,,7,3,Victoria,710.0
1674,2026-02-24,20:15,J0185,Desierto Neon,Casual,Vex;Magnus;Nadia,28,7.0,5,4,Victoria,1300.0
2102,05/03/2026,20:09,J0098,Desierto Neon,Casual,Lienzo;Umbra,19,16.0,5,2,Derrota,1600.0
4214,2026-04-15,13:10,J0117,Puerto Escarlata,Ranked,Vex;Nadia,33,6.0,2,3,Victoria,1210.0
7082,01/06/2026,17:34,J0089,Ciudadela,Casual,Brisa,25,6.0,7,7,Victoria,1310.0
1549,21-02-26,11:34,J0015,Estacion Orbital,Ranked,Lienzo;Tesla,32,7.0,9,6,Victoria,1320.0
7279,2026-06-04,19:37,J0039,Canales de Hielo,Casual,Koro,25,10.0,2,2,Victoria,1560.0
7477,2026-06-07,20:10,J0172,Canales de Hielo,Casual,Brisa;Magnus,24,10.0,5,5,Victoria,1650.0
3324,29-03-26,21:39,J0023,Desierto Neon,Torneo,Tesla,23,9.0,2,3,DERROTA,1010.0
7380,2026-06-06,20:25,J0058,Bosque Umbral,Ranked,Lienzo;Vex,36,6.0,3,2,Victoria,1140.0
356,2026-01-25,10:28,J0091,Estacion Orbital,Ranked,Vex,38,6.0,5,4,Victoria,1200.0
5185,02-05-26,17:01,J0005,Desierto Neon,Casual,Nadia,25,,5,8,Victoria,1800.0
1462,20/02/2026,19:42,J0042,Puerto Escarlata,Ranked,Koro,27,2.0,4,8,Victoria,
7754,2026-06-12,20:36,J0012,Desierto Neon,Casual,Nadia,11,,3,5,Victoria,1290.0
9456,2026-07-08,15:15,J0017,Puerto Escarlata,Casual,Magnus;Koro,28,6.0,7,4,Victoria,1160.0
3221,27-03-26,15:17,J0004,Canales de Hielo,Torneo,Vex,19,14.0,4,0,,1820.0
940,2026-02-08,12:37,J0046,Estacion Orbital,Casual,Brisa,30,8.0,3,8,Victoria,
5148,01-05-26,11:35,J0145,Canales de Hielo,Casual,Tesla,16,4.0,4,4,Derrota,520.0
6418,21-05-26,10:48,J0078,Puerto Escarlata,Ranked,Lienzo;Vex,24,8.0,5,2,Victoria,1300.0
5924,2026-05-14,20:42,J0084,Canales de Hielo,Ranked,Nadia,27,5.0,3,7,Victoria,1290.0
8017,2026-06-16,10:30,J0200,Canales de Hielo,Casual,Lienzo;Brisa,12,8.0,5,1,Derrota,750.0
1752,26/02/2026,16:28,J0037,Canales de Hielo,Casual,Vex;Tesla,21,14.0,5,3,Derrota,1450.0
8146,18/06/2026,18:19,J0091,Desierto Neon,Casual,Magnus;Vex,27,9.0,7,2,Victoria,1360.0
7727,2026-06-11,16:33,J0068,Puerto Escarlata,Casual,Vex;Magnus,10,9.0,11,4,Derrota,880.0
1773,2026-02-26,12:03,J0080,Puerto Escarlata,Casual,Nadia,25,6.0,5,3,Derrota,
1197,14/02/2026,19:05,J0067,Desierto Neon,Ranked,Tesla;Magnus;Lienzo,32,2.0,8,3,Victoria,690.0
1879,2026-03-01,16:32,J0059,Canales de Hielo,Ranked,  Koro;Brisa ,23,2.0,3,5,,390.0
2669,2026-03-16,21:57,J0032,Canales de Hielo,Casual,Umbra;Brisa,9,3.0,6,3,Victoria,830.0
3172,2026-03-26,20:53,J0011,Bosque Umbral,Ranked,Magnus;Nadia,44,0.0,9,9,Derrota,270.0
2017,2026-03-03,19:20,J0050,Ciudadela,Casual,Umbra,25,3.0,4,6,Derrota,520.0
2006,03-03-26,02:59,J0005,Canales de Hielo,Casual,Vex;Brisa;Lienzo,17,11.0,7,2,Victoria,1560.0
8338,2026-06-21,13:14,J0059,Puerto Escarlata,Ranked,Brisa,25,4.0,3,3,derrota,490.0
3894,2026-04-09,06:34,J0023,Canales de Hielo,Casual,Koro,13,8.0,6,2,Victoria,1280.0
2754,2026-03-19,03:02,J0039,Canales de Hielo,Casual,Tesla,15,5.0,2,2,Derrota,560.0
3238,2026-03-28,19:54,J0049,Bosque Umbral,Casual,Nadia,20,5.0,9,3,Victoria,970.0
4425,19/04/2026,01:34,J0046,Puerto Escarlata,Casual,Koro,14,8.0,9,3,Derrota,770.0
4745,2026-04-24,22:54,J0020,Canales de Hielo,Casual,Vex;Magnus;Koro,31,10.0,2,6,Victoria,1760.0
2079,05/03/2026,18:12,J0050,Ciudadela,Casual,Nadia,31,2.0,6,2,Victoria,680.0
5220,02/05/2026,10:15,J0085,Canales de Hielo,Casual,Lienzo,19,5.0,5,5,Derrota,650.0
397,2026-01-25,17:23,J0118,Puerto Escarlata,Ranked,Koro,44,5.0,5,3,Derrota,550.0
2789,2026-03-19,23:36,J0200,Desierto Neon,Ranked,UMBRA,24,4.0,2,3,  Victoria ,1010.0
8666,2026-06-26,09:58,J0019,Puerto Escarlata,Torneo,Tesla;Vex,10,7.0,3,6,Derrota,940.0
6623,2026-05-24,19:28,J0046,Puerto Escarlata,Ranked,NADIA;KORO,35,7.0,5,7,Victoria,1450.0
4073,2026-04-12,20:23,J0062,Estacion Orbital,Ranked,,39,3.0,4,7,Derrota,570.0
5575,2026-05-09,19:57,J0064,Desierto Neon,Casual,Koro;Vex,30,7.0,8,4,Victoria,1240.0
9248,2026-07-05,16:42,J0067,Canales de Hielo,Casual,NADIA,20,7.0,8,1,Victoria,1090.0
9580,09/07/2026,20:00,J0061,Desierto Neon,Casual,Lienzo,23,9.0,2,4,Derrota,1060.0
5356,2026-05-05,13:34,J0010,Desierto Neon,Casual,Brisa,25,7.0,9,4,Derrota,720.0
7359,2026-06-05,11:03,J0003,Bosque Umbral,Ranked,,30,4.0,0,4,Derrota,600.0
7781,2026-06-12,02:40,J0125,Bosque Umbral,Ranked,Vex,45,7.0,14,3,Derrota,570.0
6941,30/05/2026,17:10,J0151,Bosque Umbral,Casual,Vex;Nadia;Brisa,22,11.0,4,3,Victoria,1670.0
1520,2026-02-21,21:41,J0187,Canales de Hielo,Ranked,Vex,37,4.0,7,3,  Victoria ,910.0
8261,20-06-26,20:47,J0200,Estacion Orbital,Torneo,Umbra,18,8.0,3,2,,1340.0
1379,18/02/2026,16:28,J0083,Puerto Escarlata,Casual,Tesla;Brisa,28,6.0,5,3,Victoria,1150.0
5673,2026-05-10,16:30,J0070,Puerto Escarlata,Casual,Magnus,26,1.0,3,3,Derrota,190.0
1024,10-02-26,10:09,J0039,Estacion Orbital,Casual,Vex,31,13.0,5,9,Victoria,2150.0
2588,2026-03-15,21:53,J0073,Bosque Umbral,Ranked,Magnus;Nadia;Umbra,34,4.0,9,2,Victoria,820.0
7167,2026-06-02,13:35,J0119,Ciudadela,Ranked,KORO,24,5.0,3,7,Victoria,1290.0
5622,09/05/2026,  17:31 ,J0032,Canales de Hielo,Ranked,Umbra,44,7.0,1,5,derrota,930.0
7767,2026-06-12,22:24,J0200,Estacion Orbital,Ranked,Koro,33,14.0,7,3,Derrota,1410.0
5009,2026-04-29,14:00,J0134,Estacion Orbital,Casual,Nadia,18,7.0,6,1,Victoria,1130.0
2858,21-03-26,15:41,J0197,Puerto Escarlata,Ranked,Brisa,40,3.0,9,2,Victoria,720.0
9758,2026-07-12,17:39,J0015,Ciudadela,Ranked,Magnus,33,9.0,1,4,Victoria,1580.0
5772,2026-05-11,09:15,J0200,Desierto Neon,Ranked,Brisa;Vex;Koro,25,6.0,3,2,Victoria,1140.0
5843,12-05-26,22:43,J0030,Puerto Escarlata,Casual,Lienzo,28,4.0,7,2,Derrota,360.0
9709,2026-07-11,16:25,J0026,Estacion Orbital,Casual,Magnus,25,3.0,6,6,victoria,980.0
5833,2026-05-12,20:04,J0026,Ciudadela,Ranked,Magnus;Brisa;Umbra,24,5.0,5,5,Derrota,
1630,2026-02-23,01:32,J0002,Canales de Hielo,Ranked,Brisa;Vex,29,8.0,8,3,Victoria,1290.0
4889,26-04-26,16:17,J0014,Puerto Escarlata,Ranked,Umbra;Brisa;Magnus,40,5.0,4,2,Derrota,520.0
4527,2026-04-21,18:09,J0014,Desierto Neon,Ranked,Umbra;Magnus,34,2.0,6,3,Victoria,730.0
3524,2026-04-02,22:19,J0200,Canales de Hielo,Casual,Tesla;Nadia,10,5.0,8,2,Derrota,440.0
5905,2026-05-13,21:11,J0131,Bosque Umbral,Ranked,Umbra,30,5.0,9,12,Derrota,920.0
7915,2026-06-14,21:43,J0042,Ciudadela,Casual,Magnus,22,4.0,10,5,Derrota,450.0
3608,2026-04-04,09:49,J0071,Bosque Umbral,Ranked,Magnus;Tesla,44,9.0,1,5,Derrota,
9490,2026-07-08,18:14,J0020,Ciudadela,Casual,Lienzo;Tesla;Koro,15,10.0,5,3,Derrota,1050.0
5221,2026-05-02,19:50,J0004,Bosque Umbral,Casual,Nadia,17,8.0,6,5,Derrota,930.0
235,22-01-26,05:49,J0070,Bosque Umbral,Casual,Tesla;Umbra,14,4.0,4,3,Derrota,470.0
7889,2026-06-14,21:20,J0021,Desierto Neon,Casual,Koro,20,5.0,6,5,Derrota,630.0
3797,07-04-26,18:49,J0095,Ciudadela,Ranked,Vex,36,11.0,8,4,Victoria,"1640,0 pts"
4119,2026-04-13,18:23,J0200,Canales de Hielo,Ranked,,27,11.0,5,3,Victoria,1650.0
6319,20-05-26,12:40,J0001,Puerto Escarlata,Ranked,Vex;Lienzo,44,14.0,8,2,Derrota,1340.0
5002,2026-04-29,19:45,J0008,Ciudadela,Casual,Magnus;Brisa,19,2.0,4,1,Victoria,670.0
3801,2026-04-07,09:27,J0010,Ciudadela,Casual,Vex;Brisa,8,11.0,7,4,Victoria,1660.0
7679,2026-06-10,21:05,J0034,Estacion Orbital,Ranked,Umbra;Lienzo,35,6.0,3,2,Derrota,640.0
3900,2026-04-09,20:27,J0042,Ciudadela,Ranked,Nadia,44,7.0,2,4,Victoria,1360.0
5025,29-04-26,16:39,J0029,Ciudadela,Casual,Lienzo,18,4.0,8,1,Victoria,790.0
1949,02/03/2026,20:15,J0087,Desierto Neon,Casual,Brisa,24,9.0,3,2,Victoria,1440.0
6362,2026-05-21,19:27,J0033,Canales de Hielo,Ranked,Tesla,33,6.0,7,2,Victoria,1060.0
471,2026-01-27,19:46,J0169,Desierto Neon,Ranked,Tesla;Lienzo;Brisa,37,5.0,4,5,Derrota,670.0
7685,2026-06-10,09:33,J0034,Desierto Neon,Casual,Lienzo;Magnus,26,2.0,3,3,Victoria,790.0
3493,2026-04-01,16:16,J0200,Bosque Umbral,Ranked,Magnus;Koro,24,5.0,2,8,Derrota,860.0
6092,2026-05-17,07:31,J0053,Ciudadela,Casual,Vex;Umbra,23,5.0,4,7,Derrota,"770,0 pts"
2672,2026-03-16,17:52,J0059,Estacion Orbital,Casual,Koro,29,3.0,11,6,Victoria,880.0
9874,2026-07-13,19:59,J0031,Canales de Hielo,Ranked,Tesla;Magnus,27,5.0,5,6,Victoria,
2225,2026-03-07,02:11,J0023,Canales de Hielo,Casual,Nadia,9,8.0,4,3,Derrota,870.0
1107,2026-02-12,08:00,J0011,Canales de Hielo,Torneo,Tesla,32,4.0,6,3,Derrota,430.0
2189,2026-03-07,22:54,J0011,Canales de Hielo,Casual,Umbra;Koro,10,8.0,4,5,Victoria,1470.0
819,2026-02-05,20:24,J0085,Estacion Orbital,Ranked,Tesla,23,7.0,7,5,Derrota,810.0
5572,2026-05-09,16:49,J0038,Bosque Umbral,Ranked,Umbra,44,4.0,5,3,Victoria,950.0
4524,2026-04-21,19:06,J0167,Bosque Umbral,Torneo,Magnus,14,4.0,6,5,Derrota,530.0
5794,2026-05-12,17:31,J0028,Canales de Hielo,Ranked,Lienzo,26,12.0,2,4,Victoria,1860.0
9452,08/07/2026,20:37,J0141,Estacion Orbital,Ranked,Vex,38,7.0,7,3,Victoria,1210.0
8849,2026-06-28,15:50,J0006,Canales de Hielo,Casual,Nadia,28,11.0,1,6,Victoria,1880.0
9600,2026-07-10,18:25,J0048,Bosque Umbral,Ranked,Umbra,45,6.0,4,2,Victoria,
2625,2026-03-15,18:43,J0141,Canales de Hielo,Ranked,Nadia,31,9.0,6,3,Derrota,930.0
7220,2026-06-03,20:09,J0089,Canales de Hielo,Ranked,Koro,33,5.0,8,9,Derrota,790.0
9463,2026-07-08,16:29,J0067,Bosque Umbral,Ranked,Lienzo,34,6.0,12,6,  Derrota ,660.0
9991,2026-07-14,04:28,J0132,Bosque Umbral,Casual,Koro,9,5.0,2,2,Victoria,1060.0
9190,2026-07-04,01:30,J0025,Puerto Escarlata,Torneo,Umbra;Lienzo,29,5.0,9,7,Derrota,670.0
889,07/02/2026,09:32,J0060,Ciudadela,Ranked,Magnus,26,3.0,4,3,Derrota,370.0
6884,29-05-26,12:54,J0071,Desierto Neon,Ranked,Magnus;Nadia,31,8.0,8,2,Derrota,740.0
2438,2026-03-12,20:10,J0102,Bosque Umbral,Torneo,Tesla,32,9.0,4,3,DERROTA,970.0
6057,2026-05-16,03:22,J0193,Bosque Umbral,Casual,Vex,22,5.0,6,2,Derrota,480.0
7189,2026-06-02,07:37,J0039,Puerto Escarlata,Ranked,Umbra,22,8.0,7,3,Derrota,810.0
818,2026-02-05,13:25,J0058,Desierto Neon,Torneo,Brisa,13,11.0,5,3,Derrota,1150.0
9005,2026-07-01,16:51,J0049,Puerto Escarlata,Torneo,Brisa,21,3.0,7,6,Victoria,960.0
3415,2026-03-30,19:57,J0050,Canales de Hielo,Casual,Nadia;Lienzo,16,2.0,2,2,Victoria,760.0
6353,2026-05-21,22:41,J0037,Puerto Escarlata,Ranked,Lienzo;Vex,38,,1,2,Victoria,1280.0
2342,10-03-26,18:29,J0185,Canales de Hielo,Casual,Brisa;Vex,11,9.0,3,6,Derrota,1140.0
9100,02-07-26,18:19,J0011,Puerto Escarlata,Casual,Magnus;Nadia,20,7.0,5,12,Victoria,1700.0
3168,2026-03-26,20:12,J0199,Puerto Escarlata,Ranked,Brisa,33,6.0,4,3,Derrota,670.0
1810,2026-02-27,16:18,J0005,Bosque Umbral,Ranked,Nadia,39,5.0,4,8,Derrota,820.0
8171,18/06/2026,05:28,J0005,Desierto Neon,Ranked,Vex;Brisa;Lienzo,25,8.0,7,10,Derrota,1160.0
1265,2026-02-15,20:10,J0069,Ciudadela,Casual,Umbra;Nadia,23,,5,1,Victoria,650.0
5087,30/04/2026,19:44,J0009,Ciudadela,Casual,Umbra;Magnus,25,7.0,2,4,,
7584,2026-06-09,19:57,J0021,Bosque Umbral,Torneo,Vex,21,10.0,4,2,Derrota,1020.0
5836,12-05-26,20:13,J0016,Puerto Escarlata,Ranked,Vex;Umbra,26,7.0,3,2,Derrota,740.0
5195,2026-05-02,18:27,J0001,Canales de Hielo,Torneo,Umbra,19,7.0,2,10,victoria,1660.0
4450,19-04-26,08:48,J0044,Estacion Orbital,Casual,Tesla;Brisa;Magnus,16,,5,0,,1200.0
4946,28/04/2026,18:24,J0038,Ciudadela,Ranked,Koro;Magnus;Tesla,23,5.0,5,5,  Victoria ,1150.0
4046,12/04/2026,20:39,J0024,Estacion Orbital,Ranked,Nadia;Brisa;Vex,44,9.0,6,3,Victoria,
9500,2026-07-08,20:02,J0043,Canales de Hielo,Ranked,Koro;Lienzo;Tesla,25,3.0,7,7,Derrota,510.0
3703,2026-04-05,01:40,J0037,Ciudadela,Torneo,Tesla;Brisa,13,2.0,5,10,VICTORIA,1100.0
1036,10/02/2026,15:28,J0036,Bosque Umbral,Ranked,Vex;Nadia,28,7.0,3,2,Victoria,1240.0
9327,2026-07-06,01:03,J0028,Bosque Umbral,Casual,Brisa,20,3.0,4,5,derrota,470.0
5591,2026-05-09,17:35,J0041,Canales de Hielo,Ranked,Nadia,26,2.0,2,5,Victoria,910.0
1229,15/02/2026,12:19,J0016,Bosque Umbral,Torneo,Vex;Umbra,10,13.0,6,6,Derrota,1480.0
8273,2026-06-20,13:06,J0010,Puerto Escarlata,Ranked,Nadia,38,5.0,5,2,VICTORIA,1000.0
6932,2026-05-30,16:09,J0033,Ciudadela,Casual,Lienzo,24,8.0,3,0,Derrota,740.0
5142,2026-05-01,00:39,J0092,Ciudadela,Ranked,Magnus;Nadia,27,2.0,5,6,Derrota,
6552,2026-05-23,17:04,J0077,Canales de Hielo,Ranked,Magnus,44,3.0,5,2,Derrota,300.0
53,2026-01-17,21:03,J0043,Estacion Orbital,Ranked,Vex;Lienzo,39,7.0,7,5,Derrota,810.0
7454,2026-06-06,09:17,J0005,Ciudadela,Casual,Magnus,12,4.0,3,2,Victoria,940.0
6556,23-05-26,12:59,J0200,Ciudadela,Torneo,Vex,16,8.0,3,4,Victoria,1440.0
8461,2026-06-22,12:52,J0131,Puerto Escarlata,Ranked,Lienzo;Umbra,41,5.0,3,4,Derrota,640.0
160,20-01-26,13:31,J0005,Ciudadela,Casual,Magnus,11,3.0,5,4,Derrota,400.0
7682,2026-06-10,19:29,J0036,Ciudadela,Ranked,Tesla;Koro,45,3.0,1,6,Victoria,1080.0
1588,2026-02-22,  19:22 ,J0098,Canales de Hielo,Ranked,  Koro;Nadia ,23,7.0,1,7,Derrota,
1590,22-02-26,08:30,J0006,Ciudadela,Torneo,Brisa;Nadia,17,7.0,6,3,Derrota,730.0
9933,2026-07-14,20:10,J0149,Canales de Hielo,Ranked,Brisa,44,6.0,9,3,Victoria,1070.0
9399,2026-07-07,21:01,J0069,Ciudadela,Casual,Tesla,22,3.0,5,3,Victoria,850.0
8344,21-06-26,17:04,J0114,Bosque Umbral,Ranked,Nadia;Magnus,43,2.0,9,3,Victoria,670.0
6713,2026-05-25,00:50,J0064,Estacion Orbital,Ranked,Nadia;Magnus;Brisa,37,5.0,7,7,Victoria,1210.0
6175,18/05/2026,08:16,J0023,Ciudadela,Torneo,Tesla,12,6.0,3,7,Derrota,890.0
7824,13/06/2026,19:43,J0054,Bosque Umbral,Casual,Umbra,31,7.0,7,9,Victoria,1510.0
3859,08-04-26,06:36,J0124,Ciudadela,Ranked,Vex;Lienzo,30,9.0,3,3,Victoria,1490.0
9888,2026-07-13,23:37,J0027,Puerto Escarlata,Casual,Brisa,30,8.0,10,3,Derrota,750.0
6809,27-05-26,07:45,J0028,Desierto Neon,Ranked,Umbra;Magnus,28,,1,3,Victoria,830.0
2829,20/03/2026,18:40,J0121,Canales de Hielo,Torneo,Koro;Tesla;Lienzo,10,3.0,5,2,Derrota,300.0
437,2026-01-26,09:37,J0002,Canales de Hielo,Ranked,Koro,25,8.0,3,5,VICTORIA,1490.0
5790,2026-05-11,22:08,J0073,Canales de Hielo,Casual,Brisa,8,2.0,4,8,,1020.0
8768,27/06/2026,12:51,J0049,Puerto Escarlata,Casual,Magnus,28,2.0,5,3,Derrota,250.0
3879,09-04-26,18:44,J0106,Bosque Umbral,Ranked,Tesla,23,13.0,5,6,Derrota,1500.0
1589,22-02-26,21:04,J0006,Ciudadela,Ranked,Tesla,31,5.0,6,5,  Victoria ,1130.0
2781,2026-03-19,18:30,J0029,Canales de Hielo,Casual,Brisa,29,4.0,6,1,Derrota,330.0
9052,2026-07-01,14:06,J0093,Estacion Orbital,Casual,,10,4.0,9,9,Derrota,670.0
8630,25/06/2026,21:49,J0121,Puerto Escarlata,Ranked,Tesla;Nadia,39,5.0,6,2,Victoria,980.0
5687,10/05/2026,18:28,J0001,Puerto Escarlata,Casual,,32,7.0,4,5,Victoria,1370.0
3966,2026-04-10,05:45,J0001,Estacion Orbital,Ranked,Nadia;Lienzo,28,3.0,5,7,Derrota,550.0
4728,24/04/2026,08:15,J0064,Bosque Umbral,Torneo,Nadia;Magnus;Lienzo,23,5.0,3,2,Derrota,540.0
974,08/02/2026,21:54,J0093,Canales de Hielo,Ranked,Lienzo;Brisa,22,3.0,8,2,Derrota,240.0
1239,2026-02-15,19:09,J0006,Ciudadela,Torneo,Magnus;Nadia;Tesla,13,5.0,4,2,Derrota,520.0
2952,2026-03-22,22:02,J0057,Ciudadela,Ranked,Brisa,42,3.0,1,0,Victoria,780.0
2343,2026-03-10,19:57,J0100,Ciudadela,Ranked,Magnus,33,14.0,6,4,Derrota,1480.0
8078,2026-06-17,20:45,J0160,Estacion Orbital,Ranked,Lienzo;Umbra,30,7.0,4,2,Victoria,1220.0
8678,26/06/2026,20:41,J0024,Desierto Neon,Casual,,25,6.0,1,1,Victoria,1130.0
6047,16-05-26,08:47,J0078,Canales de Hielo,Ranked,Koro,31,5.0,5,2,Derrota,500.0
2159,2026-03-06,12:18,J0097,Estacion Orbital,Casual,Magnus;Tesla,24,4.0,2,6,Victoria,1160.0
9718,2026-07-11,11:27,J0031,Ciudadela,Casual,Brisa,29,7.0,11,4,Derrota,680.0
6706,2026-05-25,16:17,J0005,Estacion Orbital,Ranked,Nadia,38,3.0,5,7,Victoria,1050.0
1498,2026-02-21,16:03,J0010,Desierto Neon,Ranked,Nadia;Lienzo,43,8.0,5,1,Victoria,"1250,0 pts"
4546,2026-04-21,21:57,J0039,Puerto Escarlata,Ranked,Magnus;Brisa;Nadia,30,9.0,9,5,  Victoria ,1470.0
6466,22-05-26,05:15,J0021,Estacion Orbital,Casual,Umbra;Nadia,19,3.0,2,2,Derrota,360.0
4258,2026-04-16,18:25,J0007,Ciudadela,Casual,Magnus,11,8.0,6,7,Derrota,1030.0
2423,2026-03-12,18:19,J0024,Desierto Neon,Ranked,Vex;Umbra,27,8.0,6,4,Victoria,1380.0
8633,25/06/2026,  18:27 ,J0048,Estacion Orbital,Casual,Magnus,25,2.0,5,2,Derrota,200.0
5186,2026-05-02,13:14,J0023,Bosque Umbral,Casual,Tesla,18,7.0,9,4,Victoria,"1220,0 pts"
5648,2026-05-09,13:18,J0007,Puerto Escarlata,Casual,Brisa;Koro;Lienzo,29,7.0,8,5,Victoria,1290.0
358,2026-01-25,02:57,J0004,Bosque Umbral,Casual,Lienzo;Vex;Umbra,23,5.0,2,1,VICTORIA,1010.0
5243,03/05/2026,19:53,J0008,Puerto Escarlata,Casual,Vex,14,7.0,2,7,  Victoria ,
8147,2026-06-18,  21:30 ,J0039,Ciudadela,Casual,Koro,11,7.0,3,3,Victoria,1290.0
9311,05/07/2026,07:23,J0018,Ciudadela,Casual,Lienzo;Magnus,32,3.0,7,7,Derrota,510.0
2093,2026-03-05,20:10,J0112,Estacion Orbital,Ranked,Vex,45,2.0,5,6,Derrota,400.0
5410,2026-05-06,17:07,J0024,Puerto Escarlata,Casual,Umbra;Vex,21,6.0,5,1,Derrota,550.0
2016,2026-03-03,12:51,J0071,Puerto Escarlata,Casual,Magnus;Vex,31,7.0,5,4,Derrota,800.0
9130,03-07-26,20:37,J0089,Ciudadela,Casual,Vex,28,9.0,10,8,Victoria,1600.0
4045,12/04/2026,16:53,J0039,Puerto Escarlata,Ranked,Tesla,32,6.0,3,7,VICTORIA,1390.0
188,2026-01-21,14:34,J0134,Puerto Escarlata,Casual,koro;nadia;umbra,18,4.0,10,2,Victoria,800.0
9352,06-07-26,  19:09 ,J0100,Puerto Escarlata,Ranked,Nadia,40,9.0,6,5,Derrota,1030.0
3656,2026-04-05,07:58,J0111,Canales de Hielo,Casual,tesla,15,3.0,4,4,Victoria,920.0
3427,2026-03-31,13:33,J0055,Puerto Escarlata,Casual,Umbra,32,1.0,6,1,Victoria,530.0
7320,2026-06-05,19:13,J0003,Puerto Escarlata,Torneo,Magnus;Umbra,28,9.0,8,1,Derrota,790.0
1382,2026-02-18,19:49,J0008,Bosque Umbral,Casual,Koro;Lienzo,23,2.0,1,1,Derrota,230.0
7597,2026-06-09,14:47,J0023,Canales de Hielo,Casual,Koro;Magnus;Lienzo,29,4.0,5,5,,1050.0
414,2026-01-26,18:50,J0028,Estacion Orbital,Torneo,Nadia,23,4.0,2,1,Derrota,410.0
5038,29/04/2026,21:08,J0125,Bosque Umbral,Casual,Umbra;Koro;Brisa,29,10.0,5,4,Derrota,1100.0
4898,2026-04-27,21:14,J0052,Ciudadela,Casual,Brisa,11,7.0,4,4,Victoria,1320.0
3337,2026-03-29,19:45,J0017,Estacion Orbital,Ranked,Lienzo,34,8.0,7,2,,1260.0
3607,2026-04-04,21:30,J0086,Bosque Umbral,Ranked,Umbra,37,5.0,6,4,Victoria,1080.0
3176,2026-03-26,11:08,J0185,Puerto Escarlata,Casual,Umbra;Vex,27,8.0,5,0,Victoria,1200.0
2242,2026-03-08,15:31,J0041,Bosque Umbral,Ranked,Lienzo,31,5.0,2,3,Victoria,1110.0
9782,2026-07-12,19:51,J0006,Bosque Umbral,Ranked,Nadia,39,8.0,4,6,,1020.0
7930,2026-06-14,21:56,J0200,Puerto Escarlata,Casual,Umbra,31,9.0,8,3,Derrota,890.0
257,2026-01-22,20:11,J0200,Bosque Umbral,Ranked,Vex;Tesla,23,8.0,3,3,Derrota,890.0
9961,2026-07-14,20:22,J0079,Ciudadela,Ranked,Lienzo,32,1.0,7,3,Derrota,110.0
201,21/01/2026,22:38,J0001,Puerto Escarlata,Ranked,Vex;Nadia,26,6.0,3,4,Victoria,1240.0
2236,2026-03-08,17:30,J0036,Bosque Umbral,Casual,Nadia;Magnus;Lienzo,15,5.0,5,4,Derrota,600.0
4744,24/04/2026,10:33,J0105,Estacion Orbital,Ranked,Vex,41,15.0,2,1,Victoria,2010.0
1768,26-02-26,19:48,J0060,Desierto Neon,Casual,Magnus,11,6.0,7,6,Derrota,760.0
4237,16/04/2026,06:49,J0003,Puerto Escarlata,Ranked,Brisa;Vex,29,8.0,7,4,Victoria,1360.0
6849,2026-05-28,19:21,J0200,Desierto Neon,Ranked,Koro;Nadia,35,4.0,1,3,Derrota,530.0
8516,2026-06-23,15:56,J0124,Desierto Neon,Ranked,Vex;Brisa,24,10.0,4,6,Victoria,"1720,0 pts"
7293,04/06/2026,03:17,J0057,Ciudadela,Casual,Magnus,27,9.0,5,3,Derrota,950.0
1573,22-02-26,19:28,J0037,Desierto Neon,Ranked,Vex,39,9.0,5,2,Victoria,1400.0
25,2026-01-16,11:30,J0200,Desierto Neon,Ranked,vex,23,7.0,5,6,Victoria,1400.0
3364,2026-03-29,20:45,J0013,Canales de Hielo,Ranked,Vex,28,11.0,6,2,Victoria,1580.0
1089,11/02/2026,20:13,J0178,Canales de Hielo,Casual,Nadia,8,9.0,7,7,Victoria,1610.0
4675,2026-04-23,21:13,J0110,Desierto Neon,Casual,Magnus;Brisa,16,8.0,6,4,DERROTA,880.0
2695,2026-03-17,19:51,J0042,Estacion Orbital,Casual,NADIA;VEX;UMBRA,24,6.0,3,3,Victoria,1190.0
7712,2026-06-11,12:27,J0034,Estacion Orbital,Ranked,Umbra;Vex,22,13.0,4,3,Derrota,1370.0
3399,30/03/2026,20:47,J0051,Desierto Neon,Casual,Nadia,29,3.0,6,4,Victoria,880.0
3560,03/04/2026,18:50,J0035,Estacion Orbital,Ranked,Brisa,31,10.0,5,4,Victoria,1600.0
9227,2026-07-04,00:42,J0030,Estacion Orbital,Casual,Umbra,28,3.0,5,4,Derrota,400.0
2842,2026-03-20,15:35,J0059,Puerto Escarlata,Casual,Brisa;Vex,15,9.0,9,4,Victoria,1420.0
2312,09/03/2026,16:17,J0060,Canales de Hielo,Ranked,Koro,38,4.0,3,3,Derrota,490.0
8399,2026-06-21,10:01,J0200,Ciudadela,Casual,Vex;Tesla,16,13.0,5,2,Victoria,1800.0
3235,28-03-26,20:39,J0175,Puerto Escarlata,Ranked,Tesla,27,1.0,5,3,VICTORIA,650.0
4153,14/04/2026,23:29,J0022,Estacion Orbital,Ranked,Magnus,26,5.0,10,0,Victoria,800.0
1310,17/02/2026,14:54,J0010,Bosque Umbral,Ranked,Vex,33,11.0,6,5,Victoria,1730.0
696,2026-02-02,18:06,J0068,Ciudadela,Casual,  Magnus;Tesla ,26,6.0,5,5,Victoria,1250.0
6786,2026-05-27,20:07,J0035,Estacion Orbital,Torneo,Tesla,16,12.0,6,5,,1830.0
3753,2026-04-06,20:54,J0053,Canales de Hielo,Ranked,Tesla,29,7.0,7,5,Victoria,1310.0
6338,2026-05-20,11:52,J0112,Puerto Escarlata,Ranked,Tesla;Umbra,22,6.0,1,2,Victoria,1180.0
1228,2026-02-15,19:46,J0118,Estacion Orbital,Ranked,Lienzo,44,8.0,1,8,Derrota,1180.0
2000,2026-03-03,16:31,J0046,Canales de Hielo,Casual,Brisa,8,8.0,2,4,Victoria,1460.0
277,2026-01-23,11:59,J0161,Estacion Orbital,Torneo,Lienzo,24,7.0,6,6,Victoria,
6890,29-05-26,21:59,J0200,Ciudadela,Ranked,Koro,28,13.0,4,3,Derrota,1370.0
7205,2026-06-03,21:52,J0086,Ciudadela,Casual,Vex,9,5.0,5,1,derrota,450.0
5930,14-05-26,14:57,J0011,Puerto Escarlata,Ranked,Brisa,24,5.0,1,5,Victoria,1230.0
2954,2026-03-22,01:58,J0200,Puerto Escarlata,Ranked,Lienzo,39,4.0,4,5,Victoria,1070.0
3638,2026-04-04,09:29,J0015,Ciudadela,Ranked,Magnus,42,7.0,2,5,Victoria,1410.0
3907,2026-04-09,13:21,J0068,Desierto Neon,Ranked,NADIA,40,5.0,4,5,Derrota,670.0
4779,2026-04-25,21:58,J0104,Canales de Hielo,Ranked,Vex;Umbra,36,11.0,8,5,Derrota,1190.0
5846,12-05-26,20:28,J0038,Ciudadela,Ranked,Umbra,34,3.0,7,3,Victoria,
9772,2026-07-12,22:27,J0200,Ciudadela,Ranked,Koro;Lienzo,43,2.0,5,4,Derrota,300.0
4118,2026-04-13,10:21,J0021,Bosque Umbral,Ranked,LIENZO;NADIA,37,11.0,5,5,Derrota,1250.0
7154,02/06/2026,08:42,J0130,Ciudadela,Casual,Vex;Koro,16,5.0,3,9,Victoria,1390.0
1138,13/02/2026,18:39,J0043,Canales de Hielo,Casual,,16,6.0,7,6,Victoria,1260.0
2768,19/03/2026,06:40,J0019,Estacion Orbital,Ranked,Vex;Lienzo,35,7.0,4,1,Victoria,1170.0
2335,2026-03-10,09:37,J0043,Estacion Orbital,Casual,Nadia,23,7.0,5,7,Derrota,950.0
7837,13/06/2026,  00:40 ,J0104,Desierto Neon,Torneo,Lienzo,13,10.0,6,1,Victoria,1430.0
943,2026-02-08,18:36,J0047,Canales de Hielo,Ranked,Koro;Tesla,27,11.0,5,7,Derrota,1350.0
7792,2026-06-12,18:47,J0068,Desierto Neon,Casual,Magnus,32,5.0,7,2,Victoria,960.0
2491,2026-03-13,07:00,J0090,Desierto Neon,Torneo,Brisa,14,5.0,5,4,Victoria,"1100,0 pts"
9753,2026-07-12,11:24,J0023,Bosque Umbral,Casual,Vex,25,13.0,5,5,Derrota,1450.0
6291,2026-05-20,21:15,J0162,Ciudadela,Ranked,Magnus,25,4.0,4,5,Victoria,1070.0
4936,2026-04-27,05:26,J0200,Puerto Escarlata,Ranked,Lienzo,42,7.0,3,4,Derrota,840.0
3936,2026-04-10,12:46,J0098,Bosque Umbral,Torneo,Umbra,30,13.0,5,6,Victoria,2000.0
9992,14-07-26,19:25,J0008,Ciudadela,Casual,Lienzo;Magnus,8,5.0,5,5,Derrota,650.0
2385,2026-03-11,17:04,J0129,Canales de Hielo,Casual,  Nadia;Lienzo;Magnus ,29,4.0,3,3,Derrota,490.0
116,19-01-26,21:15,J0071,Puerto Escarlata,Ranked,Lienzo;Vex;Nadia,22,10.0,7,5,Derrota,
1864,2026-02-28,22:42,J0053,Puerto Escarlata,Casual,Vex,10,4.0,1,1,Victoria,930.0
8285,2026-06-20,19:04,J0200,Puerto Escarlata,Casual,Nadia,15,6.0,5,8,Derrota,"900,0 pts"
3120,2026-03-25,07:14,J0062,Estacion Orbital,Ranked,Magnus;Tesla;Brisa,32,3.0,3,5,Victoria,990.0
4259,2026-04-16,19:21,J0064,Puerto Escarlata,Ranked,  Nadia;Lienzo;Brisa ,35,5.0,6,7,Derrota,730.0
7451,2026-06-06,17:42,J0032,Canales de Hielo,Ranked,Brisa,31,4.0,10,6,Victoria,1000.0
903,2026-02-07,21:39,J0200,Canales de Hielo,Casual,Brisa;Nadia,19,1.0,5,4,,200.0
2820,2026-03-20,17:43,J0003,Desierto Neon,Ranked,Vex;Lienzo,41,9.0,3,2,Derrota,940.0
3823,08-04-26,22:20,J0200,Desierto Neon,Ranked,Magnus,40,6.0,6,5,Victoria,1230.0
8391,2026-06-21,14:28,J0089,Estacion Orbital,Casual,Nadia,18,11.0,9,3,Derrota,1070.0
7013,2026-05-31,20:14,J0089,Ciudadela,Ranked,Tesla,28,4.0,4,6,derrota,620.0
9161,2026-07-03,07:20,J0008,Bosque Umbral,Ranked,Tesla,44,4.0,4,2,Victoria,
4700,24-04-26,19:57,J0002,Estacion Orbital,Casual,Tesla,27,9.0,1,3,Victoria,1530.0
8988,30-06-26,10:09,J0047,Estacion Orbital,Ranked,Magnus,42,11.0,4,3,Victoria,1670.0
3803,07/04/2026,17:29,J0028,Bosque Umbral,Ranked,Lienzo,23,5.0,4,4,Victoria,1120.0
6069,16-05-26,21:55,J0006,Bosque Umbral,Casual,Koro,10,4.0,9,7,Derrota,570.0
5811,2026-05-12,20:22,J0073,Bosque Umbral,Ranked,Brisa,30,6.0,9,3,Victoria,1070.0
3537,2026-04-02,19:20,J0081,Puerto Escarlata,Torneo,,31,6.0,7,0,Victoria,960.0
3826,08/04/2026,14:19,J0092,Canales de Hielo,Torneo,Nadia;Magnus;Lienzo,18,4.0,4,3,Victoria,970.0
6643,24-05-26,16:16,J0002,Ciudadela,Casual,Brisa;Umbra;Tesla,23,10.0,4,5,Derrota,1170.0
8711,27-06-26,22:22,J0006,Canales de Hielo,Torneo,Brisa,31,5.0,10,3,Victoria,950.0
8677,26/06/2026,21:06,J0037,Ciudadela,Casual,Magnus,21,4.0,6,3,Derrota,430.0
4811,25-04-26,19:20,J0170,Puerto Escarlata,Casual,Vex,28,5.0,6,7,Victoria,1230.0
1947,02/03/2026,18:04,J0043,Puerto Escarlata,Casual,Koro,14,1.0,3,3,Victoria,690.0
7977,2026-06-15,10:43,J0026,Puerto Escarlata,Casual,Magnus,26,4.0,5,9,DERROTA,
7262,2026-06-03,18:43,J0055,Puerto Escarlata,Ranked,Vex,36,3.0,5,4,Victoria,900.0
5336,04/05/2026,12:27,J0134,Ciudadela,Casual,Umbra;Vex,8,10.0,8,5,Derrota,1090.0
3489,2026-04-01,21:37,J0035,Canales de Hielo,Casual,Brisa;Magnus;Vex,26,3.0,6,7,Victoria,1030.0
1611,22/02/2026,22:28,J0034,Puerto Escarlata,Casual,Tesla,12,5.0,3,2,Victoria,1040.0
7590,2026-06-09,07:20,J0128,Ciudadela,Ranked,Nadia,28,9.0,8,4,Derrota,940.0
7182,2026-06-02,19:38,J0109,Bosque Umbral,Casual,Vex,26,13.0,4,5,Victoria,1970.0
4678,23/04/2026,21:52,J0016,Estacion Orbital,Ranked,Umbra,36,6.0,5,5,Victoria,1250.0
4960,2026-04-28,20:37,J0037,Canales de Hielo,Casual,Koro,21,4.0,3,5,Derrota,590.0
5868,2026-05-13,08:22,J0101,Desierto Neon,Casual,Koro,24,6.0,7,3,Derrota,610.0
8832,2026-06-28,13:47,J0117,Puerto Escarlata,Casual,Tesla,19,3.0,5,5,Victoria,950.0
4762,2026-04-25,18:47,J0004,Desierto Neon,Ranked,Nadia;Lienzo,31,6.0,3,1,Victoria,1090.0
2195,2026-03-07,18:24,J0018,Desierto Neon,Casual,Tesla,9,3.0,6,4,  Victoria ,880.0
8139,17/06/2026,03:48,J0200,Puerto Escarlata,Ranked,Magnus;Vex,28,11.0,5,6,Victoria,1800.0
5702,2026-05-10,22:34,J0147,Bosque Umbral,Ranked,Koro,40,2.0,3,5,Victoria,890.0
5114,01/05/2026,17:05,J0062,Ciudadela,Ranked,Koro,23,6.0,4,4,Derrota,720.0
558,2026-01-30,22:38,J0032,Bosque Umbral,Ranked,Tesla,28,3.0,7,3,Victoria,810.0
8199,2026-06-18,23:18,J0013,Estacion Orbital,Ranked,Brisa;Magnus,24,5.0,5,5,Victoria,1150.0
5140,2026-05-01,15:46,J0006,Estacion Orbital,Ranked,Koro,38,6.0,4,2,Derrota,620.0
1208,2026-02-14,11:30,J0034,Ciudadela,Torneo,Magnus,14,6.0,6,4,Victoria,1180.0
7163,2026-06-02,21:01,J0039,Bosque Umbral,Ranked,Tesla;Vex,34,10.0,3,2,Derrota,1040.0
7437,2026-06-06,23:43,J0045,Puerto Escarlata,Ranked,Brisa,39,3.0,7,5,Derrota,410.0
1511,2026-02-21,20:36,J0002,Bosque Umbral,Casual,Koro,22,5.0,3,6,  Derrota ,740.0
6889,2026-05-29,23:29,J0110,Estacion Orbital,Casual,Tesla,27,6.0,8,6,Victoria,1240.0
3830,08-04-26,16:04,J0068,Puerto Escarlata,Casual,Magnus,30,5.0,4,3,Victoria,1070.0
3733,2026-04-06,20:34,J0019,Puerto Escarlata,Ranked,Umbra;Vex,40,10.0,4,6,Derrota,1220.0
8093,17-06-26,18:36,J0029,Estacion Orbital,Ranked,Vex;Tesla,24,9.0,7,3,Derrota,910.0
3212,27/03/2026,19:35,J0087,Estacion Orbital,Ranked,,23,5.0,4,4,Derrota,620.0
3631,2026-04-04,18:25,J0006,Bosque Umbral,Casual,Magnus;Tesla,17,4.0,7,6,Victoria,1060.0
1709,2026-02-24,09:22,J0024,Puerto Escarlata,Casual,Lienzo;Tesla,22,3.0,8,5,Victoria,
1846,2026-02-28,20:27,J0009,Puerto Escarlata,Ranked,Nadia,43,5.0,4,7,Victoria,1270.0
267,23/01/2026,18:31,J0200,Ciudadela,Casual,Koro,31,9.0,6,4,Derrota,980.0
5986,15/05/2026,19:23,J0046,Puerto Escarlata,Ranked,Magnus;Koro,42,8.0,5,4,Derrota,900.0
1141,13/02/2026,18:18,J0137,Puerto Escarlata,Ranked,,27,8.0,4,4,Victoria,1420.0
3163,26-03-26,20:30,J0012,Estacion Orbital,Ranked,Umbra;Nadia;Vex,37,9.0,6,8,Derrota,1180.0
6208,2026-05-18,01:19,J0200,Puerto Escarlata,Casual,Koro;Nadia,12,4.0,6,3,,430.0
2047,04-03-26,21:57,J0143,Estacion Orbital,Ranked,Lienzo;Nadia,35,7.0,3,7,Derrota,990.0
3731,2026-04-06,00:51,J0116,Puerto Escarlata,Casual,Magnus,17,12.0,8,3,Derrota,1190.0
1910,2026-03-01,12:45,J0073,Desierto Neon,Casual,Brisa,17,3.0,4,5,Derrota,470.0
7435,06-06-26,21:14,J0004,Estacion Orbital,Casual,Brisa,20,4.0,7,2,Derrota,"360,0 pts"
2661,16/03/2026,20:04,J0028,Puerto Escarlata,Torneo,Lienzo,19,8.0,4,5,Derrota,970.0
657,2026-02-01,21:20,J0022,Ciudadela,Casual,Magnus;Nadia,24,6.0,8,3,Derrota,590.0
6661,2026-05-25,  17:33 ,J0073,Estacion Orbital,Torneo,Magnus,21,3.0,1,4,Victoria,"980,0 pts"
1308,2026-02-16,20:08,J0053,Bosque Umbral,Casual,Koro,24,3.0,2,4,Victoria,960.0
7964,15-06-26,20:52,J0200,Ciudadela,Casual,Brisa,14,11.0,5,7,Derrota,1350.0
999,2026-02-09,00:22,J0088,Canales de Hielo,Casual,Koro,22,4.0,6,4,,980.0
9677,11/07/2026,19:36,J0011,Ciudadela,Ranked,Umbra,41,0.0,2,4,,660.0
2835,2026-03-20,12:24,J0017,Estacion Orbital,Torneo,Nadia;Vex;Koro,20,5.0,5,2,Victoria,1000.0
9249,2026-07-05,17:24,J0043,Puerto Escarlata,Casual,Lienzo;Magnus;Brisa,9,7.0,4,3,Victoria,1270.0
5881,13/05/2026,16:17,J0007,Estacion Orbital,Ranked,Lienzo;Koro,39,5.0,6,4,Derrota,580.0
1238,15-02-26,09:07,J0001,Desierto Neon,Ranked,Lienzo,25,9.0,3,1,Derrota,890.0
2152,2026-03-06,23:29,J0034,Canales de Hielo,Casual,Lienzo,30,7.0,6,2,Derrota,680.0
8053,2026-06-16,16:34,J0049,Canales de Hielo,Casual,Lienzo;Magnus,24,6.0,7,2,Derrota,560.0
9769,2026-07-12,22:31,J0074,Estacion Orbital,Ranked,Lienzo;Umbra;Nadia,22,5.0,9,4,Derrota,520.0
8725,2026-06-27,19:42,J0200,Bosque Umbral,Ranked,Lienzo,27,7.0,2,4,Derrota,860.0
8300,2026-06-20,11:31,J0062,Ciudadela,Ranked,Magnus;Koro,28,4.0,3,4,Victoria,1040.0
6579,2026-05-23,15:58,J0042,Ciudadela,Torneo,,24,4.0,8,6,Derrota,540.0
5092,30/04/2026,19:58,J0086,Desierto Neon,Ranked,Lienzo,22,7.0,5,2,Victoria,1200.0
2187,2026-03-07,18:29,J0110,Canales de Hielo,Ranked,Lienzo;Tesla;Umbra,30,,5,4,Derrota,400.0
1135,2026-02-13,21:28,J0079,Estacion Orbital,Casual,Koro;Vex;Brisa,20,6.0,4,3,Derrota,670.0
5005,2026-04-29,21:41,J0143,Puerto Escarlata,Ranked,Koro,30,4.0,9,4,Derrota,"420,0 pts"
8110,2026-06-17,18:15,J0127,Canales de Hielo,Casual,Koro,31,3.0,6,7,Derrota,530.0
1304,16-02-26,20:13,J0017,Canales de Hielo,Ranked,Koro,38,1.0,3,0,Derrota,40.0
9051,2026-07-01,21:05,J0029,Puerto Escarlata,Casual,Koro,22,1.0,5,6,Derrota,300.0
1628,23-02-26,06:37,J0013,Estacion Orbital,Torneo,Brisa,9,10.0,1,2,derrota,1080.0
8087,2026-06-17,17:40,J0002,Ciudadela,Casual,Tesla,19,8.0,4,5,Derrota,970.0
1523,21/02/2026,18:50,J0146,Canales de Hielo,Casual,Brisa,24,4.0,10,2,Derrota,300.0
9884,2026-07-13,19:02,J0022,Puerto Escarlata,Ranked,Umbra;Vex;Magnus,38,11.0,7,3,Victoria,1610.0
359,2026-01-25,19:18,J0119,Bosque Umbral,Casual,Umbra,9,13.0,6,5,Derrota,1430.0
139,19-01-26,18:01,J0001,Estacion Orbital,Ranked,Umbra;Vex,40,6.0,6,4,Derrota,680.0
300,24-01-26,18:54,J0150,Canales de Hielo,Casual,Lienzo,30,4.0,3,5,Derrota,590.0
1557,2026-02-21,15:00,J0057,Canales de Hielo,Ranked,,32,3.0,7,3,Derrota,310.0
5100,30-04-26,19:27,J0061,Puerto Escarlata,Casual,Koro,19,6.0,8,5,Victoria,1190.0
383,2026-01-25,10:10,J0005,Bosque Umbral,Ranked,Magnus;Brisa;Tesla,27,6.0,4,7,Derrota,870.0
8378,2026-06-21,23:02,J0074,Bosque Umbral,Casual,Brisa,22,2.0,2,7,Derrota,510.0
7071,31-05-26,19:53,J0012,Bosque Umbral,Ranked,Vex;Koro,40,8.0,3,2,Derrota,"840,0 pts"
4858,2026-04-26,18:36,J0112,Canales de Hielo,Ranked,Lienzo;Vex,27,6.0,3,5,Victoria,1290.0
3181,2026-03-26,20:58,J0022,Canales de Hielo,Casual,Vex,29,8.0,8,5,Derrota,890.0
1440,20/02/2026,18:15,J0116,Estacion Orbital,Casual,Brisa;Umbra,20,4.0,2,6,Derrota,660.0
7259,2026-06-03,13:08,J0004,Estacion Orbital,Casual,Umbra,14,10.0,3,2,Derrota,1040.0
5674,2026-05-10,12:30,J0200,Estacion Orbital,Ranked,Koro,44,8.0,10,1,Victoria,
947,08/02/2026,00:59,J0008,Puerto Escarlata,Casual,Brisa,9,0.0,7,4,Derrota,60.0
2391,2026-03-11,22:31,J0001,Estacion Orbital,Casual,Umbra;Tesla;Vex,16,12.0,3,4,Victoria,1840.0
5499,2026-05-07,21:10,J0044,Estacion Orbital,Casual,Lienzo;Vex,13,12.0,6,6,Victoria,1880.0
7198,2026-06-02,21:13,J0011,Canales de Hielo,Casual,Magnus,26,3.0,1,6,Derrota,580.0
9301,2026-07-05,06:58,J0096,Desierto Neon,Casual,Vex,24,7.0,6,5,Victoria,1330.0
2722,2026-03-17,07:30,J0192,Canales de Hielo,Casual,Koro,28,6.0,5,5,Derrota,750.0
1933,2026-03-01,23:20,J0103,Estacion Orbital,Casual,Koro,13,7.0,4,2,Derrota,720.0
7552,2026-06-08,08:57,J0186,Canales de Hielo,Torneo,Brisa;Lienzo;Magnus,28,0.0,10,5,,50.0
3237,2026-03-28,11:21,J0043,Bosque Umbral,Casual,Tesla;Brisa,8,7.0,9,5,Victoria,1270.0
3141,25/03/2026,08:28,J0065,Bosque Umbral,Casual,lienzo;umbra,8,7.0,5,3,Derrota,750.0
4164,2026-04-14,18:29,J0010,Estacion Orbital,Casual,Nadia,28,5.0,5,4,Derrota,600.0
8958,2026-06-30,23:29,J0079,Estacion Orbital,Torneo,Brisa,17,3.0,6,6,Derrota,480.0
3808,2026-04-08,20:30,J0052,Ciudadela,Ranked,Vex;Brisa,40,6.0,5,6,Victoria,1300.0
9552,2026-07-09,22:20,J0001,Bosque Umbral,Torneo,Tesla;Koro,11,5.0,6,9,  Derrota ,830.0
7107,2026-06-01,01:05,J0014,Bosque Umbral,Casual,Magnus;Nadia,32,3.0,8,6,,940.0
8974,2026-06-30,07:55,J0017,Canales de Hielo,Casual,Koro;Vex;Umbra,30,12.0,6,1,Derrota,1130.0
6782,2026-05-27,18:09,J0041,Bosque Umbral,Casual,Magnus;Nadia;Brisa,12,1.0,3,3,,190.0
7016,2026-05-31,18:57,J0088,Desierto Neon,Ranked,Vex,41,15.0,3,4,Victoria,2140.0
4155,2026-04-14,12:58,J0039,Canales de Hielo,Ranked,Brisa,38,6.0,7,3,  Victoria ,1110.0
4173,14-04-26,14:48,J0004,Bosque Umbral,Ranked,Tesla;Nadia,26,4.0,3,4,Derrota,540.0
797,05/02/2026,13:28,J0027,Puerto Escarlata,Ranked,Koro,41,1.0,4,1,Victoria,570.0
2417,2026-03-12,20:03,J0079,Estacion Orbital,Ranked,,43,,9,6,Victoria,1420.0
7823,2026-06-13,04:32,J0018,Ciudadela,Casual,Tesla;Magnus,9,5.0,9,6,Derrota,620.0
6140,17/05/2026,22:51,J0147,Desierto Neon,Ranked,KORO,37,4.0,5,4,Derrota,500.0
786,2026-02-04,15:46,J0073,Puerto Escarlata,Casual,Nadia,11,0.0,5,6,Derrota,200.0
7192,2026-06-02,21:42,J0091,Bosque Umbral,Ranked,,35,6.0,6,3,  Victoria ,1130.0
6790,2026-05-27,17:07,J0037,Canales de Hielo,Casual,Magnus,32,5.0,5,6,Victoria,1200.0
3159,2026-03-26,20:29,J0009,Canales de Hielo,Casual,Umbra;Koro,16,,8,5,DERROTA,890.0
124,19/01/2026,18:03,J0001,Ciudadela,Ranked,Nadia,44,4.0,4,6,Victoria,1120.0
9530,2026-07-09,17:04,J0058,Desierto Neon,Casual,Vex,20,7.0,8,4,Derrota,740.0
8689,26/06/2026,16:50,J0015,Ciudadela,Casual,Vex,23,8.0,7,3,Derrota,810.0
2173,07/03/2026,16:01,J0187,Puerto Escarlata,Torneo,Koro;Lienzo,27,4.0,5,3,Derrota,450.0
2170,07/03/2026,20:12,J0047,Estacion Orbital,Ranked,Brisa,27,7.0,5,4,VICTORIA,1300.0
7002,2026-05-30,22:24,J0046,Ciudadela,Casual,Koro,24,4.0,3,2,Victoria,940.0
4010,2026-04-11,07:37,J0036,Canales de Hielo,Ranked,Lienzo;Nadia;Tesla,32,5.0,7,2,Derrota,460.0
9367,2026-07-06,10:50,J0098,Estacion Orbital,Ranked,,39,7.0,3,2,Derrota,740.0
4341,2026-04-18,05:49,J0031,Puerto Escarlata,Casual,  Koro ,15,8.0,5,5,Victoria,1450.0
911,2026-02-07,11:14,J0019,Canales de Hielo,Ranked,Umbra,32,2.0,4,1,Derrota,170.0
6269,2026-05-19,06:34,J0052,Estacion Orbital,Casual,Lienzo;Umbra;Koro,28,,6,7,Victoria,930.0
8515,2026-06-23,00:54,J0101,Ciudadela,Casual,Nadia,27,6.0,4,5,Derrota,770.0
2310,2026-03-09,18:32,J0029,Bosque Umbral,Casual,Brisa,28,3.0,4,7,Victoria,1070.0
9732,2026-07-11,20:06,J0031,Desierto Neon,Casual,Brisa,26,8.0,4,3,Derrota,870.0
3635,04-04-26,15:56,J0008,Desierto Neon,Casual,Magnus;Lienzo;Tesla,8,0.0,8,5,Victoria,590.0
1258,2026-02-15,05:20,J0056,Ciudadela,Ranked,Umbra;Vex,45,7.0,4,3,Victoria,1270.0
6592,2026-05-24,  17:30 ,J0043,Puerto Escarlata,Ranked,Lienzo;Umbra,23,8.0,9,3,Derrota,770.0
4459,2026-04-19,21:56,J0200,Canales de Hielo,Casual,Nadia,23,8.0,4,2,Derrota,
6134,17-05-26,07:00,J0122,Desierto Neon,Ranked,Nadia,27,7.0,4,5,Derrota,870.0
1179,2026-02-14,18:48,J0038,Estacion Orbital,Casual,Koro,12,4.0,3,4,Victoria,1040.0
4653,2026-04-23,21:40,J0068,Puerto Escarlata,Casual,Vex,30,6.0,3,6,Derrota,840.0
6219,18/05/2026,17:34,J0010,Puerto Escarlata,Ranked,Tesla;Nadia,33,7.0,3,3,Victoria,1290.0
3651,05-04-26,23:31,J0200,Estacion Orbital,Casual,Vex,28,6.0,7,2,Victoria,1060.0
443,27/01/2026,18:56,J0115,Ciudadela,Casual,Tesla,21,3.0,5,4,Derrota,400.0
3416,30/03/2026,18:48,J0086,Puerto Escarlata,Casual,Magnus;Koro,10,0.0,5,3,Derrota,50.0
1400,2026-02-19,18:54,J0020,Canales de Hielo,Ranked,Magnus;Tesla;Brisa,36,9.0,7,2,Derrota,860.0
1458,2026-02-20,23:03,J0070,Desierto Neon,Ranked,Tesla,35,5.0,5,4,victoria,1100.0
7654,2026-06-10,15:45,J0039,Desierto Neon,Casual,Koro;Magnus;Lienzo,23,7.0,7,0,Derrota,560.0
5745,2026-05-11,21:30,J0062,Ciudadela,Ranked,Vex,29,7.0,3,3,Derrota,790.0
1055,2026-02-11,20:13,J0047,Estacion Orbital,Ranked,Magnus;Tesla,43,9.0,2,3,Derrota,1010.0
6903,29/05/2026,20:53,J0021,Bosque Umbral,Ranked,Umbra,39,11.0,8,2,Derrota,1040.0
3276,2026-03-28,18:50,J0128,Canales de Hielo,Ranked,Koro,31,6.0,5,4,Derrota,700.0
1464,20/02/2026,14:00,J0109,Puerto Escarlata,Casual,Nadia,16,5.0,3,4,Victoria,1140.0
3700,05/04/2026,22:16,J0027,Bosque Umbral,Casual,Vex;Koro,18,9.0,0,3,Victoria,"1550,0 pts"
3760,2026-04-07,12:31,J0021,Ciudadela,Casual,Magnus,9,4.0,3,5,Victoria,1090.0
930,08/02/2026,18:18,J0036,Bosque Umbral,Casual,  Magnus;Tesla ,29,5.0,7,3,Derrota,510.0
5512,07/05/2026,11:52,J0047,Desierto Neon,Ranked,Brisa,38,6.0,7,3,Derrota,610.0
6469,22-05-26,08:56,J0137,Puerto Escarlata,Casual,Vex;Umbra,32,13.0,4,4,Victoria,1920.0
9039,01/07/2026,08:38,J0029,Puerto Escarlata,Ranked,Nadia,34,1.0,7,7,Derrota,
1830,2026-02-28,20:21,J0036,Bosque Umbral,Casual,Koro,13,3.0,8,4,Derrota,340.0
2929,2026-03-22,21:40,J0021,Estacion Orbital,Torneo,Magnus,24,6.0,7,3,Derrota,610.0
7059,2026-05-31,07:32,J0076,Ciudadela,Ranked,Brisa;Nadia,26,8.0,3,1,Derrota,790.0
6539,23/05/2026,05:41,J0031,Desierto Neon,Ranked,Koro,22,5.0,5,3,Victoria,
4222,15/04/2026,18:58,J0026,Bosque Umbral,Ranked,Tesla;Magnus,27,8.0,6,4,DERROTA,880.0
3547,02-04-26,19:10,J0200,Desierto Neon,Casual,Brisa,27,5.0,3,4,Victoria,1140.0
5599,09/05/2026,01:22,J0007,Canales de Hielo,Casual,Vex,25,13.0,9,5,Victoria,1870.0
9784,2026-07-12,22:13,J0067,Puerto Escarlata,Casual,LIENZO;BRISA;KORO,31,5.0,5,3,Derrota,550.0
7446,2026-06-06,16:26,J0144,Ciudadela,Casual,,24,5.0,10,3,Derrota,450.0
8222,19/06/2026,18:31,J0055,Desierto Neon,Torneo,Lienzo,23,4.0,7,1,Derrota,310.0
2012,2026-03-03,15:09,J0038,Ciudadela,Ranked,Umbra,30,3.0,8,1,Victoria,690.0
914,07-02-26,14:05,J0075,Puerto Escarlata,Casual,Vex;Tesla;Lienzo,29,7.0,9,4,Victoria,1220.0
8314,2026-06-20,16:05,J0064,Desierto Neon,Casual,TESLA,22,0.0,2,5,Derrota,210.0
9891,2026-07-13,19:00,J0013,Puerto Escarlata,Ranked,Brisa,38,6.0,4,5,Victoria,1270.0
3220,2026-03-27,11:32,J0059,Canales de Hielo,Casual,Vex;Magnus;Nadia,30,6.0,7,4,Victoria,1160.0
2607,15-03-26,20:11,J0012,Desierto Neon,Ranked,Umbra;Koro;Brisa,41,6.0,6,3,Victoria,1130.0
3265,2026-03-28,16:38,J0005,Bosque Umbral,Ranked,Lienzo,44,7.0,11,3,Victoria,1130.0
4929,2026-04-27,06:53,J0005,Estacion Orbital,Torneo,Koro,17,5.0,1,1,Victoria,1030.0
8730,2026-06-27,13:39,J0095,Ciudadela,Casual,Magnus,16,4.0,10,4,Victoria,900.0
6565,2026-05-23,  17:52 ,J0023,Ciudadela,Casual,Tesla,11,10.0,1,1,Derrota,1030.0
8224,2026-06-19,16:19,J0012,Estacion Orbital,Casual,Nadia,24,6.0,2,5,Derrota,810.0
7,2026-01-16,07:09,J0050,Canales de Hielo,Torneo,Tesla,28,1.0,4,3,Derrota,170.0
2981,22-03-26,19:42,J0094,Canales de Hielo,Torneo,Tesla;Magnus,17,5.0,7,6,Victoria,1160.0
6584,24-05-26,18:08,J0078,Desierto Neon,Ranked,Vex,42,4.0,1,4,Victoria,1080.0
3362,2026-03-29,12:24,J0096,Ciudadela,Casual,Umbra,19,9.0,7,4,Victoria,1460.0
4775,2026-04-25,10:33,J0039,Bosque Umbral,Casual,Brisa,31,8.0,7,6,Derrota,960.0
1944,2026-03-02,13:28,J0056,Estacion Orbital,Ranked,Brisa,31,4.0,7,1,Victoria,810.0
7581,2026-06-09,19:10,J0031,Puerto Escarlata,Ranked,Tesla,43,4.0,6,3,Derrota,430.0
5500,07-05-26,19:21,J0039,Estacion Orbital,Ranked,Vex,28,20.0,5,5,,2650.0
1636,23-02-26,21:56,J0060,Estacion Orbital,Ranked,Nadia;Vex,31,5.0,2,2,Victoria,1060.0
1142,13-02-26,12:07,J0043,Bosque Umbral,Casual,Vex,8,8.0,4,1,Victoria,1270.0
2042,2026-03-04,17:45,J0043,Ciudadela,Casual,Vex;Lienzo,28,8.0,2,0,Victoria,1260.0
6816,2026-05-27,19:04,J0005,Ciudadela,Casual,Vex,17,11.0,2,3,Victoria,1710.0
6704,2026-05-25,14:18,J0001,Canales de Hielo,Ranked,Koro,34,1.0,3,7,,390.0
7952,2026-06-14,17:25,J0025,Ciudadela,Casual,magnus;tesla,17,5.0,7,2,Victoria,960.0
2071,04-03-26,17:43,J0062,Puerto Escarlata,Ranked,Vex,31,4.0,6,4,Derrota,480.0
3135,2026-03-25,05:37,J0111,Bosque Umbral,Casual,Koro,12,4.0,8,4,Derrota,440.0
5161,2026-05-02,13:38,J0072,Ciudadela,Ranked,Magnus,30,7.0,2,2,Derrota,
7895,2026-06-14,14:28,J0084,Canales de Hielo,Casual,Lienzo;Nadia,20,12.0,3,3,Derrota,1290.0
5276,2026-05-03,15:28,J0056,Puerto Escarlata,Casual,Vex,11,11.0,2,1,Victoria,1610.0
2243,2026-03-08,10:01,J0200,Canales de Hielo,Ranked,tesla,43,4.0,8,4,Victoria,940.0
1475,20/02/2026,18:19,J0003,Desierto Neon,Casual,Umbra;Lienzo,29,4.0,4,9,Derrota,770.0
8659,2026-06-26,19:53,J0058,Estacion Orbital,Ranked,Nadia,23,7.0,6,5,Victoria,1330.0
1890,2026-03-01,14:35,J0022,Estacion Orbital,Casual,Tesla,8,7.0,1,4,Victoria,1380.0
3436,31-03-26,14:48,J0023,Canales de Hielo,Torneo,Brisa,10,7.0,4,3,Victoria,1270.0
7723,2026-06-11,19:46,J0025,Desierto Neon,Ranked,Lienzo,35,6.0,3,7,,1390.0
8779,27-06-26,08:10,J0122,Puerto Escarlata,Casual,Nadia;Vex,26,15.0,5,1,Derrota,1450.0
3706,05-04-26,21:59,J0033,Desierto Neon,Ranked,Tesla,33,6.0,8,4,Derrota,640.0
2022,2026-03-04,11:25,J0014,Estacion Orbital,Torneo,Vex,16,6.0,10,3,Victoria,
4021,11/04/2026,19:55,J0105,Puerto Escarlata,Casual,Umbra,27,8.0,4,3,Derrota,870.0
8900,2026-06-29,15:37,J0157,Estacion Orbital,Casual,Tesla,10,4.0,7,1,Victoria,810.0
8575,2026-06-25,21:25,J0028,Puerto Escarlata,Ranked,Koro;Tesla,28,6.0,2,2,Derrota,660.0
3501,01/04/2026,00:39,J0011,Desierto Neon,Casual,Vex,13,13.0,3,4,Derrota,1440.0
2659,16/03/2026,21:44,J0017,Bosque Umbral,Casual,Nadia;Koro,24,6.0,1,3,,730.0
8522,23-06-26,11:51,J0011,Canales de Hielo,Ranked,Lienzo,39,3.0,3,6,Victoria,1040.0
8699,2026-06-26,22:54,J0085,Canales de Hielo,Casual,Vex,20,13.0,4,5,Victoria,1970.0
1131,2026-02-12,21:22,J0041,Bosque Umbral,Ranked,Lienzo;Nadia,22,3.0,4,7,Victoria,1070.0
5558,08-05-26,20:49,J0200,Estacion Orbital,Torneo,lienzo,15,7.0,7,3,Victoria,1210.0
7486,07/06/2026,21:48,J0002,Canales de Hielo,Torneo,Vex,17,7.0,6,4,Victoria,1280.0
1820,2026-02-27,  17:45 ,J0012,Puerto Escarlata,Ranked,Lienzo,29,6.0,9,3,Derrota,570.0
9155,03-07-26,16:03,J0173,Desierto Neon,Casual,Lienzo;Koro,8,6.0,4,1,Victoria,1070.0
7612,2026-06-09,22:36,J0049,Puerto Escarlata,Casual,Tesla;Vex;Magnus,28,6.0,8,2,Victoria,1040.0
4319,2026-04-17,17:15,J0043,Ciudadela,Casual,Brisa,19,1.0,7,4,Victoria,660.0
9678,2026-07-11,17:43,J0135,Puerto Escarlata,Casual,Brisa,30,5.0,1,3,Victoria,1130.0
4145,2026-04-14,17:50,J0026,Desierto Neon,Casual,Lienzo,22,4.0,4,5,Derrota,570.0
4670,2026-04-23,14:15,J0007,Bosque Umbral,Casual,Brisa,26,11.0,4,5,Derrota,1270.0
1237,2026-02-15,17:56,J0008,Estacion Orbital,Ranked,Tesla,39,3.0,2,1,Derrota,310.0
5477,07-05-26,16:50,J0008,Puerto Escarlata,Ranked,Brisa;Umbra,39,2.0,4,4,Derrota,320.0
9910,13-07-26,13:46,J0034,Bosque Umbral,Torneo,Lienzo;Magnus;Vex,14,14.0,5,9,Victoria,2250.0
1857,2026-02-28,18:06,J0166,Desierto Neon,Casual,Vex;Brisa,18,2.0,3,6,Victoria,940.0
2283,09-03-26,18:00,J0045,Bosque Umbral,Ranked,VEX,28,6.0,4,2,Derrota,
8762,2026-06-27,14:23,J0008,Bosque Umbral,Ranked,Magnus,23,6.0,5,1,Derrota,550.0
9391,2026-07-07,16:52,J0048,Canales de Hielo,Ranked,Koro,30,,11,4,Victoria,
4094,2026-04-12,13:16,J0043,Desierto Neon,Casual,Tesla,13,2.0,5,3,Victoria,750.0
7186,2026-06-02,18:04,J0050,Desierto Neon,Casual,Lienzo;Nadia,26,4.0,3,3,  Derrota ,490.0
5201,02-05-26,06:38,J0009,Desierto Neon,Casual,Vex,10,7.0,7,5,Derrota,810.0
6402,2026-05-21,01:14,J0076,Estacion Orbital,Ranked,Nadia,43,7.0,6,1,Derrota,630.0
4743,2026-04-24,21:48,J0018,Bosque Umbral,Ranked,Tesla;Lienzo,34,1.0,1,6,Victoria,880.0
3422,2026-03-31,00:13,J0091,Desierto Neon,Casual,Vex;Umbra,27,13.0,10,5,Victoria,1850.0
9869,2026-07-13,19:03,J0126,Estacion Orbital,Casual,Koro;Nadia,25,2.0,3,7,Victoria,990.0
387,2026-01-25,07:58,J0071,Desierto Neon,Ranked,Magnus;Nadia,32,4.0,4,6,Derrota,620.0
8617,25-06-26,20:48,J0012,Ciudadela,Casual,Nadia;Lienzo,29,5.0,7,6,Derrota,660.0
1629,2026-02-23,21:52,J0013,Desierto Neon,Ranked,Nadia,32,5.0,4,3,victoria,1070.0
3586,2026-04-03,19:52,J0039,Canales de Hielo,Ranked,Koro,43,8.0,5,6,Victoria,1500.0
7541,08-06-26,12:58,J0059,Estacion Orbital,Ranked,Nadia;Magnus;Umbra,22,3.0,5,4,Derrota,
2715,2026-03-17,19:07,J0142,Puerto Escarlata,Torneo,Tesla;Umbra,9,3.0,10,2,Derrota,
7297,2026-06-04,19:10,J0020,Desierto Neon,Torneo,Magnus,16,8.0,6,2,Derrota,
8501,2026-06-23,20:20,J0131,Desierto Neon,Torneo,,26,4.0,4,10,Derrota,820.0
9392,2026-07-07,  15:36 ,J0067,Desierto Neon,Ranked,Vex,41,6.0,6,6,Victoria,1280.0
5660,2026-05-10,20:50,J0021,Ciudadela,Ranked,Lienzo;Brisa,38,5.0,6,6,Victoria,1180.0
6857,28/05/2026,21:13,J0078,Canales de Hielo,Ranked,Tesla;Brisa,34,6.0,3,2,Victoria,1140.0
3190,2026-03-27,19:41,J0076,Puerto Escarlata,Ranked,Magnus;Lienzo;Umbra,35,5.0,6,4,Derrota,
8363,2026-06-21,19:39,J0022,Desierto Neon,Ranked,Umbra,37,3.0,7,0,Derrota,160.0
4306,2026-04-17,19:55,J0045,Puerto Escarlata,Ranked,Umbra;Vex,38,,7,4,Victoria,1760.0
910,2026-02-07,21:35,J0196,Estacion Orbital,Ranked,Nadia,28,7.0,5,8,Derrota,1000.0
5386,2026-05-05,22:24,J0055,Estacion Orbital,Casual,Brisa;Nadia,18,5.0,3,4,Victoria,1140.0
1997,2026-03-03,14:25,J0006,Estacion Orbital,Ranked,Lienzo;Tesla,41,6.0,4,4,Derrota,720.0
1867,28-02-26,00:51,J0200,Ciudadela,Casual,Koro,24,8.0,6,3,Victoria,1330.0
1843,2026-02-28,21:48,J0016,Desierto Neon,Ranked,Magnus,44,12.0,3,4,Victoria,1840.0
2498,2026-03-13,11:10,J0089,Estacion Orbital,Torneo,Lienzo,8,7.0,4,3,Victoria,1270.0
202,2026-01-21,19:11,J0021,Ciudadela,Ranked,Umbra;Brisa,44,4.0,11,6,Derrota,480.0
9026,2026-07-01,18:18,J0024,Desierto Neon,Ranked,Tesla;Nadia,34,5.0,6,3,Victoria,1030.0
7856,2026-06-13,19:55,J0022,Estacion Orbital,Casual,Nadia,18,6.0,11,9,Victoria,1330.0
5055,2026-04-30,20:03,J0096,Bosque Umbral,Casual,Tesla,21,4.0,2,4,Derrota,560.0
5890,2026-05-13,13:49,J0022,Puerto Escarlata,Casual,Koro,29,7.0,5,3,Derrota,750.0
4007,11-04-26,18:54,J0028,Desierto Neon,Ranked,Koro;Magnus,34,4.0,6,3,Victoria,930.0
9976,2026-07-14,12:16,J0151,Puerto Escarlata,Casual,Brisa;Tesla;Magnus,20,12.0,5,3,Victoria,1750.0
2703,2026-03-17,06:51,J0047,Estacion Orbital,Ranked,Magnus,34,14.0,4,4,Derrota,1520.0
3450,31-03-26,20:30,J0022,Ciudadela,Ranked,Umbra,32,7.0,7,7,Victoria,1410.0
332,24-01-26,20:32,J0063,Desierto Neon,Ranked,Koro,38,9.0,8,1,Victoria,1290.0
9749,2026-07-12,21:23,J0172,Bosque Umbral,Ranked,Koro;Lienzo,45,5.0,6,3,Derrota,530.0
9031,2026-07-01,17:52,J0012,Puerto Escarlata,Ranked,Vex,30,2.0,5,3,Victoria,750.0
9683,2026-07-11,01:10,J0005,Bosque Umbral,Casual,Umbra,9,8.0,10,8,Derrota,1000.0
7302,04/06/2026,19:02,J0077,Desierto Neon,Ranked,Koro;Lienzo,26,2.0,5,1,Victoria,650.0
2460,2026-03-13,23:35,J0076,Ciudadela,Ranked,Lienzo;Tesla,42,7.0,6,3,Victoria,1230.0
1775,2026-02-26,21:25,J0002,Desierto Neon,Casual,Koro;Vex,25,11.0,4,3,Victoria,
6629,2026-05-24,19:12,J0035,Puerto Escarlata,Ranked,Koro,29,9.0,11,2,Derrota,780.0
8622,2026-06-25,13:44,J0007,Canales de Hielo,Casual,Lienzo;Tesla,17,9.0,5,5,,1550.0
8122,17-06-26,15:58,J0050,Ciudadela,Casual,Tesla;Magnus,23,3.0,6,5,VICTORIA,930.0
2687,2026-03-17,21:50,J0200,Canales de Hielo,Casual,Vex,25,13.0,4,3,Victoria,1870.0
9218,2026-07-04,23:22,J0058,Bosque Umbral,Casual,Vex,32,6.0,5,4,Victoria,1200.0
990,09/02/2026,17:36,J0076,Ciudadela,Ranked,Lienzo,30,6.0,4,1,Derrota,570.0
9835,2026-07-12,12:49,J0015,Canales de Hielo,Casual,Lienzo,26,5.0,7,7,Derrota,"710,0 pts"
8414,2026-06-22,07:35,J0053,Bosque Umbral,Casual,Lienzo,15,3.0,5,1,Derrota,250.0
8177,18/06/2026,20:16,J0045,Canales de Hielo,Ranked,Nadia;Lienzo;Brisa,38,2.0,3,7,Victoria,990.0
6994,2026-05-30,17:58,J0121,Bosque Umbral,Casual,Magnus,18,2.0,1,3,Derrota,330.0
8619,2026-06-25,21:20,J0018,Canales de Hielo,Torneo,umbra,19,3.0,4,6,Derrota,520.0
5807,2026-05-12,16:51,J0174,Estacion Orbital,Ranked,Umbra,41,1.0,2,6,derrota,360.0
8939,2026-06-30,19:39,J0046,Desierto Neon,Ranked,Umbra,40,7.0,2,4,Victoria,1360.0
8766,2026-06-27,21:24,J0011,Desierto Neon,Casual,Nadia,18,6.0,10,2,Derrota,500.0
6575,2026-05-23,22:14,J0001,Ciudadela,Ranked,Nadia,33,4.0,10,3,Derrota,350.0
3053,2026-03-24,15:15,J0002,Ciudadela,Ranked,Magnus,22,3.0,5,9,Derrota,"650,0 pts"
8987,2026-06-30,20:08,J0128,Ciudadela,Ranked,Lienzo;Brisa,25,5.0,8,6,Derrota,640.0
5463,06-05-26,10:17,J0083,Ciudadela,Ranked,Nadia;Lienzo,39,1.0,5,5,Victoria,750.0
174,20/01/2026,16:53,J0053,Estacion Orbital,Casual,Nadia;Koro;Magnus,17,3.0,6,3,Victoria,830.0
4955,28/04/2026,17:41,J0034,Ciudadela,Casual,Koro,14,6.0,3,2,Derrota,640.0
4616,2026-04-22,07:41,J0036,Puerto Escarlata,Ranked,Magnus,23,9.0,3,5,Derrota,1090.0
3322,2026-03-29,14:42,J0083,Bosque Umbral,Casual,Tesla,17,6.0,7,3,Derrota,610.0
7190,02/06/2026,08:35,J0015,Puerto Escarlata,Torneo,Magnus,9,7.0,6,5,Victoria,1330.0
6247,19-05-26,13:00,J0037,Ciudadela,Casual,Brisa,31,4.0,4,4,Victoria,1020.0
6746,2026-05-26,12:52,J0045,Bosque Umbral,Casual,Umbra,10,7.0,8,4,Derrota,740.0
3373,30-03-26,21:17,J0026,Canales de Hielo,Casual,Koro,20,4.0,6,3,Derrota,430.0
6049,2026-05-16,22:16,J0021,Canales de Hielo,Ranked,Magnus,32,4.0,8,2,Derrota,340.0
3312,29-03-26,20:14,J0143,Ciudadela,Torneo,Koro;Lienzo,20,0.0,3,2,Victoria,540.0
7776,12/06/2026,21:06,J0160,Desierto Neon,Casual,Koro,8,4.0,6,2,Derrota,380.0
7421,06-06-26,14:33,J0134,Puerto Escarlata,Ranked,Koro,24,6.0,7,8,Victoria,1360.0
7714,2026-06-11,19:35,J0002,Desierto Neon,Ranked,Brisa,27,6.0,5,3,Derrota,650.0
9448,08/07/2026,20:13,J0036,Desierto Neon,Casual,Vex;Koro,13,5.0,4,3,Victoria,1070.0
8881,2026-06-29,11:37,J0062,Ciudadela,Ranked,Umbra,42,0.0,2,2,Derrota,60.0
4552,21-04-26,19:54,J0005,Bosque Umbral,Ranked,,22,6.0,4,4,Victoria,1220.0
4680,23/04/2026,23:54,J0145,Puerto Escarlata,Ranked,Brisa;Umbra;Nadia,39,5.0,4,2,Derrota,520.0
3404,2026-03-30,20:25,J0021,Puerto Escarlata,Ranked,Brisa;Nadia,22,6.0,6,6,Derrota,780.0
19,2026-01-16,14:22,J0094,Estacion Orbital,Casual,Lienzo,30,8.0,8,6,Victoria,1440.0
3692,05/04/2026,20:14,J0034,Estacion Orbital,Ranked,Vex,43,11.0,3,3,Derrota,1190.0
8723,2026-06-27,08:25,J0077,Estacion Orbital,Ranked,Tesla,24,5.0,3,3,Victoria,1090.0
4097,2026-04-12,17:27,J0070,Ciudadela,Casual,NADIA,27,2.0,8,6,Derrota,340.0
3629,04/04/2026,15:58,J0014,Estacion Orbital,Casual,Lienzo,16,3.0,2,3,Victoria,910.0
8932,2026-06-29,13:17,J0141,Desierto Neon,Casual,Vex,9,6.0,4,3,Victoria,1170.0
2175,2026-03-07,21:23,J0047,Desierto Neon,Casual,Brisa;Lienzo,17,11.0,0,2,Derrota,1200.0
1357,2026-02-18,18:38,J0091,Estacion Orbital,Casual,Vex;Umbra,10,10.0,3,1,Victoria,1490.0
5003,2026-04-29,18:10,J0033,Desierto Neon,Casual,Lienzo,10,8.0,7,3,Derrota,810.0
7519,2026-06-07,19:32,J0020,Desierto Neon,Ranked,Umbra;Lienzo,44,7.0,6,3,Derrota,730.0
6923,2026-05-29,14:50,J0068,Bosque Umbral,Ranked,Vex,38,4.0,0,6,Derrota,700.0
5824,12-05-26,15:00,J0016,Ciudadela,Ranked,Magnus,24,5.0,8,3,VICTORIA,990.0
9575,2026-07-09,14:35,J0106,Canales de Hielo,Ranked,Koro,42,9.0,2,5,Derrota,1110.0
5671,2026-05-10,20:45,J0200,Bosque Umbral,Torneo,Nadia;Tesla,17,7.0,5,5,DERROTA,850.0
3113,25-03-26,13:47,J0073,Estacion Orbital,Casual,KORO,17,3.0,2,3,Victoria,910.0
183,2026-01-21,05:43,J0007,Canales de Hielo,Casual,Tesla,32,8.0,2,2,Derrota,860.0
3643,04/04/2026,20:05,J0051,Puerto Escarlata,Torneo,Umbra,12,4.0,4,4,Derrota,520.0
8927,2026-06-29,01:07,J0051,Desierto Neon,Ranked,,45,5.0,5,6,Victoria,1200.0
1813,2026-02-27,20:21,J0086,Puerto Escarlata,Casual,Nadia;Umbra,28,7.0,1,2,Derrota,780.0
8009,2026-06-16,13:30,J0157,Desierto Neon,Ranked,Umbra,35,,6,5,Victoria,1730.0
8508,2026-06-23,17:10,J0017,Puerto Escarlata,Casual,Koro;Vex,31,7.0,5,2,Derrota,700.0
4913,2026-04-27,15:29,J0006,Canales de Hielo,Ranked,Koro,30,5.0,5,5,Derrota,650.0
5669,10-05-26,12:18,J0028,Ciudadela,Casual,Umbra;Nadia,31,3.0,5,4,Victoria,900.0
8611,25-06-26,21:01,J0087,Ciudadela,Casual,Magnus;Tesla,10,11.0,5,4,victoria,1700.0
1801,2026-02-27,20:57,J0073,Puerto Escarlata,Casual,Koro;Tesla,13,2.0,3,5,Derrota,390.0
9322,06/07/2026,12:40,J0001,Bosque Umbral,Casual,Nadia,19,5.0,3,4,Victoria,1140.0
2430,2026-03-12,18:36,J0090,Bosque Umbral,Ranked,Lienzo,37,2.0,7,6,Victoria,860.0
5483,2026-05-07,03:57,J0047,Puerto Escarlata,Casual,Nadia;Tesla,27,12.0,4,2,Victoria,"1720,0 pts"
6762,2026-05-26,15:56,J0199,Puerto Escarlata,Ranked,Magnus;Umbra,22,4.0,5,6,Derrota,600.0
9913,13-07-26,18:19,J0088,Desierto Neon,Ranked,Tesla;Magnus;Koro,32,5.0,7,1,derrota,"410,0 pts"
8088,2026-06-17,16:04,J0078,Ciudadela,Casual,Lienzo,17,11.0,2,4,derrota,1260.0
1969,02-03-26,18:22,J0067,Estacion Orbital,Casual,Brisa;Magnus,8,7.0,1,1,Derrota,730.0
8405,22-06-26,14:44,J0061,Desierto Neon,Ranked,Koro,33,3.0,8,0,Derrota,140.0
8826,28-06-26,21:30,J0044,Puerto Escarlata,Casual,Vex,23,8.0,4,6,Victoria,1520.0
7827,13/06/2026,16:41,J0007,Ciudadela,Casual,Nadia;Brisa,17,3.0,9,4,DERROTA,320.0
7671,2026-06-10,20:07,J0056,Canales de Hielo,Ranked,Umbra;Lienzo,32,2.0,5,5,VICTORIA,850.0
7009,2026-05-31,04:42,J0003,Estacion Orbital,Ranked,Lienzo,29,11.0,4,6,Victoria,1820.0
4988,28-04-26,17:25,J0034,Puerto Escarlata,Ranked,Koro;Umbra;Brisa,38,4.0,6,4,Derrota,480.0
9830,12-07-26,09:04,J0030,Estacion Orbital,Ranked,Nadia;Brisa,29,11.0,6,2,  Victoria ,1580.0
4651,2026-04-23,17:03,J0090,Estacion Orbital,Ranked,Magnus,29,6.0,6,3,Derrota,630.0
1160,2026-02-13,22:51,J0039,Desierto Neon,Casual,Lienzo,10,6.0,6,9,Victoria,1430.0
1214,2026-02-14,06:36,J0039,Ciudadela,Ranked,Koro,43,13.0,6,8,Derrota,1580.0
7464,2026-06-07,12:03,J0082,Ciudadela,Casual,Nadia;Vex,10,10.0,7,2,Derrota,960.0
1326,2026-02-17,14:12,J0013,Desierto Neon,Casual,Lienzo,23,8.0,9,3,Derrota,770.0
9276,05-07-26,08:17,J0029,Desierto Neon,Ranked,UMBRA;TESLA,36,3.0,6,4,Victoria,880.0
7710,2026-06-11,14:52,J0001,Canales de Hielo,Casual,Brisa;Vex,12,3.0,6,7,Derrota,530.0
4797,2026-04-25,11:49,J0001,Ciudadela,Ranked,Nadia,23,5.0,5,2,Derrota,500.0
6797,2026-05-27,19:22,J0012,Desierto Neon,Ranked,Vex;Umbra,32,9.0,4,5,Derrota,1070.0
5809,12/05/2026,16:37,J0022,Ciudadela,Casual,Tesla,21,3.0,3,8,Derrota,640.0
5944,14/05/2026,19:34,J0175,Ciudadela,Ranked,Koro,39,2.0,6,5,,330.0
9354,06/07/2026,14:15,J0148,Bosque Umbral,Ranked,Tesla;Koro,31,3.0,6,2,Derrota,280.0
9939,2026-07-14,21:34,J0018,Desierto Neon,Casual,Vex;Koro,22,3.0,6,5,Victoria,930.0
1456,2026-02-20,07:04,J0091,Estacion Orbital,Ranked,  Koro ,23,6.0,4,4,victoria,1220.0
5411,2026-05-06,14:52,J0038,Estacion Orbital,Casual,Brisa,17,6.0,5,4,Derrota,700.0
7255,03-06-26,21:08,J0200,Estacion Orbital,Casual,,18,17.0,4,6,Victoria,2420.0
8494,23-06-26,18:13,J0044,Ciudadela,Casual,Lienzo,9,4.0,4,4,Victoria,1020.0
4963,28-04-26,11:48,J0143,Canales de Hielo,Ranked,Lienzo;Vex,27,6.0,10,2,derrota,"500,0 pts"
2801,2026-03-19,19:44,J0055,Desierto Neon,Ranked,Vex;Brisa,39,5.0,4,3,Victoria,1070.0
1645,23/02/2026,22:14,J0124,Puerto Escarlata,Ranked,Nadia;Umbra,31,3.0,6,4,Derrota,380.0
2141,2026-03-06,15:34,J0102,Desierto Neon,Torneo,Lienzo,17,5.0,4,1,Derrota,470.0
4537,2026-04-21,09:06,J0013,Bosque Umbral,Ranked,Tesla;Vex,24,7.0,5,4,Victoria,"1300,0 pts"
4458,2026-04-19,07:08,J0007,Canales de Hielo,Torneo,Tesla,24,7.0,1,6,Victoria,1480.0
9022,01/07/2026,14:43,J0031,Bosque Umbral,Casual,Koro;Tesla,8,6.0,4,2,Victoria,1120.0
5587,09/05/2026,20:50,J0017,Puerto Escarlata,Casual,Vex,32,8.0,3,5,Derrota,990.0
4379,2026-04-18,16:12,J0025,Canales de Hielo,Ranked,Magnus,35,6.0,2,1,,1110.0
730,2026-02-03,21:13,J0027,Canales de Hielo,Ranked,Tesla,36,3.0,6,5,Victoria,930.0
4358,2026-04-18,22:38,J0108,Puerto Escarlata,Casual,Nadia;Tesla,15,8.0,7,7,Victoria,1510.0
7881,2026-06-13,10:36,J0099,Desierto Neon,Casual,koro,20,3.0,4,1,Victoria,770.0
6717,2026-05-25,17:22,J0037,Ciudadela,Casual,Vex;Brisa;Tesla,17,8.0,4,3,Victoria,
1937,2026-03-01,09:25,J0023,Estacion Orbital,Ranked,Tesla,30,13.0,4,3,Victoria,1870.0
3794,2026-04-07,12:38,J0033,Estacion Orbital,Ranked,Lienzo,22,6.0,1,5,Victoria,1330.0
3737,2026-04-06,21:57,J0011,Estacion Orbital,Casual,Lienzo,30,5.0,3,4,Victoria,1140.0
2262,2026-03-08,00:51,J0031,Canales de Hielo,Ranked,Koro,39,5.0,3,4,Derrota,640.0
4006,11/04/2026,16:02,J0010,Canales de Hielo,Ranked,Vex;Lienzo;Magnus,37,15.0,6,5,Victoria,2130.0
1111,2026-02-12,02:38,J0098,Ciudadela,Casual,Magnus,17,10.0,5,5,Victoria,1650.0
9099,2026-07-02,19:43,J0024,Bosque Umbral,Ranked,,41,7.0,5,3,Derrota,750.0
5481,2026-05-07,19:11,J0158,Canales de Hielo,Ranked,Magnus,30,5.0,5,1,Victoria,950.0
2999,2026-03-23,18:28,J0035,Estacion Orbital,Ranked,Umbra;Magnus,37,10.0,2,3,Derrota,1110.0
2395,2026-03-11,17:09,J0006,Canales de Hielo,Casual,Magnus;Brisa,10,10.0,2,5,Victoria,1710.0
1186,14/02/2026,20:44,J0027,Puerto Escarlata,Torneo,Brisa,24,2.0,5,1,Victoria,650.0
2008,03/03/2026,21:05,J0086,Ciudadela,Torneo,Koro;Vex;Nadia,9,4.0,5,3,Derrota,450.0
194,2026-01-21,22:16,J0008,Ciudadela,Casual,Magnus,30,4.0,3,8,Derrota,740.0
5612,2026-05-09,00:45,J0047,Desierto Neon,Casual,Umbra;Brisa,29,11.0,5,3,Victoria,1650.0
2902,21/03/2026,20:51,J0060,Canales de Hielo,Casual,Nadia;Koro;Lienzo,23,1.0,3,6,  Derrota ,340.0
579,2026-01-30,20:32,J0002,Puerto Escarlata,Casual,Vex;Lienzo;Tesla,25,7.0,6,7,Derrota,930.0
6220,2026-05-18,18:44,J0019,Canales de Hielo,Casual,Tesla;Umbra;Koro,28,3.0,5,5,DERROTA,450.0
5526,2026-05-08,22:51,J0200,Bosque Umbral,Ranked,Brisa;Vex;Nadia,22,9.0,5,6,Derrota,1100.0
772,04/02/2026,10:43,J0106,Desierto Neon,Ranked,Umbra;Nadia,33,3.0,7,3,Victoria,810.0
7973,2026-06-15,14:54,J0020,Bosque Umbral,Torneo,Umbra,23,8.0,8,4,Victoria,1340.0
2396,2026-03-11,18:12,J0004,Ciudadela,Ranked,Nadia,29,9.0,3,3,Derrota,990.0
1479,2026-02-20,19:44,J0200,Estacion Orbital,Casual,Brisa;Nadia,16,5.0,2,1,Victoria,1010.0
1847,2026-02-28,18:59,J0084,Bosque Umbral,Casual,Magnus,13,7.0,7,4,Derrota,760.0
9179,04-07-26,05:51,J0178,Bosque Umbral,Ranked,Koro;Magnus,34,5.0,8,3,Derrota,490.0
4275,16/04/2026,22:05,J0015,Canales de Hielo,Casual,Umbra;Lienzo,24,9.0,6,3,Derrota,930.0
3741,2026-04-06,04:26,J0080,Estacion Orbital,Ranked,Vex;Nadia;Umbra,30,7.0,6,2,Victoria,1180.0
4601,2026-04-22,16:13,J0002,Canales de Hielo,Casual,Lienzo;Magnus,25,5.0,5,4,Victoria,1100.0
8206,18/06/2026,  21:34 ,J0003,Desierto Neon,Torneo,Nadia,31,9.0,5,2,Victoria,1400.0
7961,15/06/2026,15:32,J0003,Desierto Neon,Ranked,Magnus;Lienzo,34,3.0,3,5,Victoria,990.0
6677,25-05-26,11:47,J0015,Estacion Orbital,Casual,Koro,30,13.0,1,5,Derrota,1530.0
6376,21/05/2026,19:51,J0071,Estacion Orbital,Torneo,,9,5.0,4,5,derrota,670.0
406,2026-01-26,15:48,J0018,Canales de Hielo,Ranked,brisa,33,7.0,3,4,Victoria,1340.0
9611,2026-07-10,12:59,J0051,Ciudadela,Ranked,Nadia,23,2.0,8,3,Victoria,690.0
4916,27/04/2026,22:50,J0018,Ciudadela,Torneo,Tesla,24,1.0,4,3,Derrota,170.0
2074,04-03-26,23:05,J0024,Canales de Hielo,Torneo,Koro,17,5.0,9,5,Victoria,1070.0
4755,25-04-26,16:13,J0001,Ciudadela,Casual,Koro,11,5.0,2,5,victoria,1210.0
1897,2026-03-01,20:04,J0057,Bosque Umbral,Casual,Vex,19,10.0,8,4,Victoria,1540.0
8621,2026-06-25,16:03,J0200,Desierto Neon,Ranked,Koro,36,4.0,5,4,Derrota,500.0
6703,2026-05-25,20:56,J0014,Canales de Hielo,Casual,Brisa,15,,8,5,Victoria,690.0
6318,2026-05-20,19:34,J0079,Desierto Neon,Casual,Umbra,12,3.0,6,5,Victoria,930.0
3660,2026-04-05,23:33,J0079,Puerto Escarlata,Ranked,Brisa,25,4.0,2,3,Derrota,510.0
6582,2026-05-24,18:42,J0037,Bosque Umbral,Ranked,Nadia,24,7.0,5,2,Victoria,1200.0
2380,2026-03-11,  13:24 ,J0005,Canales de Hielo,Ranked,Brisa,44,7.0,2,2,Derrota,760.0
1448,2026-02-20,09:44,J0011,Canales de Hielo,Ranked,Tesla;Nadia,45,7.0,4,2,Victoria,1220.0
343,2026-01-24,22:47,J0089,Ciudadela,Ranked,Umbra;Tesla;Brisa,30,9.0,4,5,derrota,1070.0
5128,2026-05-01,21:31,J0075,Canales de Hielo,Torneo,brisa,22,6.0,2,2,Victoria,1160.0
3137,2026-03-25,20:24,J0123,Desierto Neon,Casual,Tesla;Koro,29,5.0,5,5,Derrota,650.0
2528,2026-03-14,16:12,J0001,Ciudadela,Ranked,Tesla,42,4.0,4,3,Derrota,470.0
728,2026-02-03,21:55,J0042,Puerto Escarlata,Ranked,Magnus,24,2.0,6,8,Victoria,980.0
4578,2026-04-22,09:16,J0072,Puerto Escarlata,Torneo,Nadia,23,3.0,6,2,Victoria,780.0
977,08/02/2026,20:59,J0009,Bosque Umbral,Ranked,Lienzo;Tesla,45,2.0,9,2,Derrota,120.0
8457,2026-06-22,00:41,J0032,Ciudadela,Casual,Tesla,19,5.0,7,6,Victoria,1160.0
5444,2026-05-06,21:00,J0003,Ciudadela,Casual,Brisa,12,5.0,3,3,Derrota,590.0
9105,2026-07-02,05:11,J0012,Desierto Neon,Casual,Umbra,17,5.0,1,2,Victoria,1080.0
3517,2026-04-02,13:30,J0131,Estacion Orbital,Ranked,Koro,29,8.0,5,2,,800.0
9964,2026-07-14,18:59,J0038,Desierto Neon,Ranked,  Umbra;Tesla ,22,3.0,3,7,VICTORIA,1090.0
7157,2026-06-02,21:08,J0021,Estacion Orbital,Ranked,Umbra;Koro,38,5.0,4,4,Victoria,1120.0
9861,2026-07-13,23:50,J0009,Puerto Escarlata,Ranked,Umbra,44,3.0,4,5,Victoria,970.0
3941,2026-04-10,23:38,J0100,Desierto Neon,Torneo,Magnus,12,10.0,6,2,Derrota,980.0
1300,16-02-26,17:17,J0106,Canales de Hielo,Ranked,Tesla,29,4.0,5,1,Victoria,850.0
9838,2026-07-12,00:43,J0019,Desierto Neon,Ranked,Koro,40,3.0,1,3,Derrota,430.0
1349,2026-02-18,17:19,J0034,Estacion Orbital,Ranked,Umbra,25,3.0,6,4,Victoria,880.0
661,2026-02-01,18:41,J0033,Puerto Escarlata,Casual,Nadia,14,6.0,6,4,Derrota,680.0
5887,2026-05-13,21:27,J0042,Puerto Escarlata,Ranked,Brisa;Nadia,29,2.0,3,4,Victoria,840.0
1493,21/02/2026,15:20,J0062,Desierto Neon,Casual,Nadia;Koro,26,4.0,3,1,Derrota,390.0
9897,2026-07-13,22:13,J0078,Estacion Orbital,Ranked,Vex,28,14.0,4,9,Derrota,1770.0
4590,2026-04-22,19:56,J0138,Desierto Neon,Casual,Brisa,15,4.0,4,7,Derrota,670.0
8598,2026-06-25,21:47,J0074,Bosque Umbral,Casual,Tesla;Umbra,30,5.0,3,3,Victoria,1090.0
5155,2026-05-01,10:06,J0061,Ciudadela,Torneo,Nadia;Lienzo;Magnus,26,2.0,10,4,Derrota,200.0
2316,09-03-26,15:17,J0082,Desierto Neon,Ranked,TESLA;NADIA,32,8.0,6,5,Derrota,930.0
9983,2026-07-14,05:02,J0057,Ciudadela,Ranked,Magnus,40,11.0,3,0,Victoria,1540.0
9650,11/07/2026,19:27,J0053,Desierto Neon,Ranked,UMBRA,22,7.0,7,1,Derrota,610.0
7025,2026-05-31,20:18,J0016,Bosque Umbral,Torneo,Umbra;Nadia;Brisa,22,7.0,8,4,Victoria,1240.0
1086,11-02-26,17:06,J0167,Desierto Neon,Casual,Koro;Tesla,19,6.0,1,3,Derrota,730.0
2525,2026-03-14,10:22,J0012,Ciudadela,Casual,Magnus;Lienzo,13,2.0,6,4,Victoria,780.0
8544,2026-06-24,00:33,J0050,Bosque Umbral,Ranked,Vex,39,12.0,4,4,Victoria,1820.0
5375,2026-05-05,20:52,J0020,Desierto Neon,Casual,Tesla,10,7.0,2,1,Victoria,1210.0
3199,2026-03-27,23:41,J0198,Canales de Hielo,Casual,Koro;Lienzo,9,2.0,10,1,Derrota,50.0
5752,2026-05-11,07:13,J0015,Estacion Orbital,Casual,Brisa,20,10.0,5,1,Derrota,950.0
4009,2026-04-11,22:52,J0122,Bosque Umbral,Ranked,Tesla,30,5.0,7,4,Victoria,1060.0
5718,2026-05-10,20:34,J0071,Ciudadela,Casual,Brisa,29,4.0,5,4,Victoria,1000.0
6658,2026-05-25,02:57,J0135,Ciudadela,Ranked,Brisa,41,10.0,4,5,Victoria,1670.0
8481,2026-06-23,22:55,J0001,Ciudadela,Casual,Lienzo;Koro,10,5.0,4,2,DERROTA,520.0
8304,20/06/2026,19:16,J0043,Canales de Hielo,Ranked,Magnus,43,2.0,6,4,Victoria,780.0
68,17-01-26,21:39,J0060,Puerto Escarlata,Ranked,Umbra;Koro,38,1.0,3,4,Derrota,240.0
8789,2026-06-27,00:36,J0124,Estacion Orbital,Ranked,Magnus,36,3.0,7,6,victoria,960.0
41,17-01-26,17:19,J0200,Ciudadela,Ranked,  Vex;Nadia ,27,9.0,5,1,Victoria,1350.0
2270,2026-03-08,14:16,J0200,Canales de Hielo,Casual,Magnus,14,6.0,8,4,Victoria,1140.0
2382,11/03/2026,20:40,J0014,Puerto Escarlata,Ranked,Tesla,27,2.0,6,8,Victoria,980.0
7469,07-06-26,13:24,J0105,Canales de Hielo,Casual,Nadia,29,16.0,4,7,Victoria,2370.0
8908,2026-06-29,03:52,J0097,Canales de Hielo,Casual,Lienzo,17,8.0,6,5,Derrota,930.0
4917,2026-04-27,19:36,J0112,Ciudadela,Casual,  Tesla;Umbra ,8,4.0,9,9,Derrota,670.0
5323,2026-05-04,18:02,J0047,Desierto Neon,Casual,Umbra,29,7.0,3,4,Derrota,840.0
5774,11-05-26,19:43,J0138,Puerto Escarlata,Ranked,Vex,36,8.0,6,4,Victoria,1380.0
6233,2026-05-19,11:15,J0027,Puerto Escarlata,Casual,Nadia,27,5.0,6,4,Victoria,1080.0
6964,30-05-26,14:45,J0018,Estacion Orbital,Torneo,Brisa;Vex,20,3.0,7,5,Derrota,410.0
3448,2026-03-31,16:35,J0099,Canales de Hielo,Ranked,Brisa,27,3.0,10,6,Derrota,400.0
6817,27-05-26,00:16,J0200,Canales de Hielo,Ranked,Nadia,36,6.0,5,4,Victoria,
2368,2026-03-10,22:47,J0062,Ciudadela,Ranked,Lienzo;Vex,44,3.0,9,2,Victoria,720.0
7356,2026-06-05,05:33,J0038,Puerto Escarlata,Casual,Umbra,13,6.0,7,2,Derrota,560.0
8245,20/06/2026,21:16,J0082,Puerto Escarlata,Ranked,Magnus;Umbra,30,5.0,6,5,Victoria,1130.0
2513,14-03-26,16:44,J0200,Desierto Neon,Ranked,Koro;Lienzo;Umbra,25,9.0,6,6,Derrota,1080.0
5654,10/05/2026,07:03,J0074,Puerto Escarlata,Ranked,Umbra;Nadia;Vex,40,9.0,6,7,Victoria,1630.0
2724,2026-03-17,19:45,J0102,Bosque Umbral,Casual,Koro;Umbra,27,4.0,4,3,Victoria,970.0
5949,2026-05-14,17:58,J0004,Canales de Hielo,Casual,Koro;Vex,15,8.0,5,2,Derrota,800.0
9256,05/07/2026,17:34,J0047,Canales de Hielo,Torneo,Umbra;Nadia,32,10.0,3,1,Derrota,990.0
8646,26/06/2026,15:53,J0052,Ciudadela,Ranked,Magnus;Koro,39,3.0,2,3,Victoria,910.0
1144,2026-02-13,  15:36 ,J0065,Estacion Orbital,Ranked,Koro,40,1.0,4,6,Derrota,320.0
9810,2026-07-12,20:41,J0006,Puerto Escarlata,Casual,  Umbra;Vex;Koro ,11,6.0,2,0,Victoria,1060.0
7156,02/06/2026,18:55,J0030,Ciudadela,Casual,Nadia;Vex,32,12.0,2,3,Derrota,1310.0
7348,2026-06-05,18:07,J0103,Desierto Neon,Casual,Lienzo,20,10.0,3,0,Victoria,1440.0
8604,25/06/2026,17:34,J0098,Estacion Orbital,Ranked,Lienzo;Brisa,23,14.0,10,3,,1350.0
9291,2026-07-05,22:15,J0075,Ciudadela,Torneo,Vex;Magnus,12,6.0,3,3,Derrota,690.0
4729,24/04/2026,14:07,J0058,Estacion Orbital,Casual,Brisa,21,7.0,2,6,Victoria,
5495,07/05/2026,19:32,J0013,Desierto Neon,Torneo,Brisa,24,4.0,7,2,Derrota,360.0
5756,2026-05-11,02:32,J0012,Bosque Umbral,Casual,Tesla,31,6.0,2,6,  Victoria ,1360.0
7692,2026-06-10,09:34,J0003,Ciudadela,Ranked,Brisa;Tesla;Nadia,31,4.0,5,4,Derrota,500.0
3790,07-04-26,18:45,J0027,Puerto Escarlata,Casual,Umbra;Vex;Koro,21,13.0,9,4,Derrota,1320.0
2221,07/03/2026,18:52,J0053,Ciudadela,Ranked,Magnus;Tesla,31,7.0,2,10,Victoria,1660.0
5076,2026-04-30,14:56,J0019,Puerto Escarlata,Casual,Lienzo;Umbra,16,5.0,4,3,Derrota,570.0
2332,2026-03-10,15:16,J0045,Ciudadela,Torneo,Lienzo;Brisa,24,3.0,4,2,Victoria,820.0
5395,2026-05-05,16:19,J0022,Bosque Umbral,Casual,Tesla;Lienzo;Magnus,22,6.0,4,6,Victoria,1320.0
7568,08-06-26,13:53,J0080,Ciudadela,Ranked,Koro,36,3.0,3,1,Derrota,290.0
8623,2026-06-25,18:57,J0022,Ciudadela,Ranked,LIENZO;VEX;BRISA,36,6.0,8,4,Victoria,1140.0
7091,01-06-26,16:50,J0029,Estacion Orbital,Ranked,Brisa;Koro,25,3.0,9,1,Victoria,
9407,07-07-26,19:11,J0154,Puerto Escarlata,Casual,Tesla,16,,4,6,Victoria,1320.0
4089,2026-04-12,16:34,J0022,Ciudadela,Casual,Brisa,19,3.0,6,3,Victoria,830.0
1968,2026-03-02,16:07,J0007,Estacion Orbital,Casual,Nadia;Umbra,32,4.0,1,9,Victoria,1330.0
9060,01/07/2026,16:25,J0164,Canales de Hielo,Ranked,Magnus;Lienzo,39,4.0,8,4,Derrota,440.0
8870,2026-06-28,12:03,J0140,Bosque Umbral,Ranked,Koro;Lienzo,28,8.0,5,4,Derrota,900.0
6758,2026-05-26,22:34,J0040,Canales de Hielo,Ranked,Koro;Brisa;Nadia,37,,8,5,Victoria,1390.0
9659,2026-07-11,10:28,J0081,Canales de Hielo,Ranked,,38,9.0,6,5,,1030.0
4366,18-04-26,16:13,J0050,Canales de Hielo,Casual,Koro,16,2.0,3,2,Derrota,240.0
7000,2026-05-30,01:40,J0051,Estacion Orbital,Casual,Vex;Lienzo,21,6.0,4,3,Victoria,1170.0
424,26/01/2026,14:34,J0084,Ciudadela,Casual,Tesla,15,4.0,7,2,Derrota,360.0
281,2026-01-23,07:58,J0200,Canales de Hielo,Ranked,Tesla,42,3.0,7,4,Derrota,360.0
1905,2026-03-01,17:37,J0037,Estacion Orbital,Torneo,Lienzo,23,4.0,4,3,Derrota,470.0
596,2026-01-31,01:43,J0125,Ciudadela,Casual,Koro;Magnus,31,3.0,5,1,Victoria,750.0
9499,08/07/2026,20:41,J0067,Canales de Hielo,Ranked,Koro,38,5.0,4,4,Derrota,620.0
3918,2026-04-09,05:24,J0003,Desierto Neon,Torneo,Brisa,17,4.0,4,6,,620.0
6143,17/05/2026,  18:33 ,J0018,Ciudadela,Casual,Tesla,24,2.0,3,7,Derrota,490.0
5662,2026-05-10,21:51,J0068,Desierto Neon,Casual,Lienzo,26,7.0,3,6,Victoria,1440.0
5779,2026-05-11,18:26,J0016,Bosque Umbral,Casual,Umbra,26,8.0,3,1,Victoria,1290.0
3619,2026-04-04,  02:18 ,J0007,Bosque Umbral,Ranked,Umbra,33,5.0,4,2,Derrota,520.0
6846,28-05-26,16:11,J0015,Desierto Neon,Casual,Umbra,27,10.0,8,4,Victoria,1540.0
840,2026-02-06,18:19,J0028,Ciudadela,Ranked,Koro;Magnus,24,5.0,8,7,Derrota,690.0
4597,22-04-26,  19:54 ,J0087,Desierto Neon,Ranked,Lienzo,40,4.0,8,5,Victoria,990.0
7626,2026-06-09,05:07,J0200,Estacion Orbital,Casual,Tesla,9,6.0,3,6,Derrota,
142,2026-01-19,23:43,J0049,Ciudadela,Casual,Vex,16,8.0,4,7,Victoria,1570.0
2598,2026-03-15,21:23,J0200,Desierto Neon,Ranked,Magnus,40,10.0,3,4,Derrota,1140.0
6702,2026-05-25,11:46,J0037,Canales de Hielo,Casual,Koro,31,3.0,4,2,Victoria,820.0
7890,14/06/2026,18:22,J0075,Desierto Neon,Torneo,Magnus,22,6.0,4,3,Derrota,670.0
1378,2026-02-18,11:43,J0006,Bosque Umbral,Ranked,Magnus,33,7.0,2,0,Derrota,660.0
3675,05-04-26,14:29,J0069,Estacion Orbital,Ranked,Brisa;Koro;Vex,38,6.0,8,5,Victoria,"1190,0 pts"
3338,2026-03-29,10:23,J0200,Bosque Umbral,Ranked,Koro,28,6.0,3,9,Victoria,1490.0
9970,2026-07-14,19:11,J0055,Canales de Hielo,Ranked,Nadia,22,3.0,7,2,Victoria,760.0
6363,2026-05-21,19:45,J0078,Ciudadela,Casual,Magnus;Lienzo,20,7.0,8,3,Victoria,1190.0
4742,2026-04-24,22:42,J0088,Puerto Escarlata,Casual,,13,11.0,1,7,Victoria,1930.0
3809,2026-04-08,23:41,J0097,Ciudadela,Ranked,Koro;Magnus,38,8.0,6,1,Derrota,
1139,2026-02-13,16:45,J0042,Puerto Escarlata,Ranked,Lienzo,25,3.0,6,6,DERROTA,480.0
2258,2026-03-08,02:32,J0083,Bosque Umbral,Ranked,Vex,30,5.0,3,1,Victoria,990.0
7999,2026-06-15,20:09,J0019,Estacion Orbital,Ranked,Lienzo;Nadia;Tesla,22,6.0,9,4,Derrota,620.0
1788,2026-02-27,19:57,J0090,Canales de Hielo,Casual,Vex;Brisa;Tesla,8,8.0,6,2,Victoria,1280.0
3939,2026-04-10,22:16,J0006,Estacion Orbital,Casual,Koro,11,10.0,6,5,Derrota,"1130,0 pts"
8035,16-06-26,21:34,J0155,Estacion Orbital,Casual,Vex,30,9.0,4,4,Derrota,1020.0
4647,23/04/2026,16:22,J0079,Puerto Escarlata,Ranked,Koro,30,7.0,3,2,Derrota,740.0
460,2026-01-27,13:10,J0197,Desierto Neon,Casual,Lienzo,20,6.0,3,2,Derrota,
6116,17-05-26,15:19,J0040,Canales de Hielo,Ranked,Lienzo,22,7.0,4,4,Derrota,820.0
9615,2026-07-10,04:26,J0005,Ciudadela,Casual,Vex,17,11.0,9,1,Victoria,1470.0
949,2026-02-08,19:05,J0079,Ciudadela,Ranked,Koro;Lienzo;Tesla,36,6.0,3,5,Victoria,1290.0
3701,2026-04-05,20:02,J0134,Bosque Umbral,Casual,Tesla;Magnus,15,6.0,7,1,Victoria,1010.0
1337,17-02-26,23:57,J0002,Bosque Umbral,Casual,Koro,31,5.0,4,4,Victoria,1120.0
6371,2026-05-21,21:20,J0018,Estacion Orbital,Ranked,Brisa,37,5.0,6,1,Derrota,430.0
4629,2026-04-23,20:48,J0018,Desierto Neon,Ranked,Vex,23,5.0,5,1,Victoria,950.0
6287,2026-05-19,08:14,J0003,Ciudadela,Casual,Lienzo;Magnus,28,5.0,5,2,Victoria,1000.0
5926,2026-05-14,20:56,J0008,Canales de Hielo,Casual,Magnus,13,3.0,4,5,Victoria,970.0
5935,2026-05-14,23:15,J0022,Bosque Umbral,Casual,VEX,14,9.0,6,4,Victoria,1480.0
6041,2026-05-16,10:23,J0024,Estacion Orbital,Ranked,Magnus;Nadia,27,3.0,6,1,Victoria,730.0
442,2026-01-27,01:04,J0031,Estacion Orbital,Casual,Umbra,17,5.0,6,2,derrota,480.0
6660,2026-05-25,22:40,J0059,Puerto Escarlata,Ranked,Umbra,33,1.0,5,5,Derrota,250.0
1603,2026-02-22,21:43,J0002,Puerto Escarlata,Casual,Magnus,9,4.0,8,4,Derrota,440.0
2239,2026-03-08,01:09,J0043,Estacion Orbital,Ranked,Lienzo,22,3.0,4,6,Victoria,1020.0
640,2026-02-01,17:50,J0026,Ciudadela,Casual,koro;vex;magnus,10,9.0,9,5,Victoria,1470.0
9894,2026-07-13,19:03,J0162,Bosque Umbral,Casual,Umbra;Tesla;Nadia,17,7.0,4,2,Victoria,1220.0
3831,08/04/2026,17:28,J0027,Puerto Escarlata,Ranked,Umbra,44,4.0,5,6,Derrota,600.0
9466,08-07-26,18:55,J0088,Ciudadela,Ranked,Brisa,32,2.0,2,4,Victoria,860.0
6145,17/05/2026,09:44,J0027,Ciudadela,Ranked,TESLA,31,7.0,5,1,Victoria,1150.0
9469,08-07-26,20:14,J0027,Bosque Umbral,Casual,Umbra;Tesla,15,6.0,2,5,Victoria,1310.0
9123,2026-07-03,02:36,J0014,Desierto Neon,Ranked,Vex,36,7.0,2,3,Derrota,
6345,2026-05-20,07:02,J0024,Ciudadela,Casual,Nadia,25,5.0,6,5,Derrota,630.0
2502,2026-03-13,17:55,J0063,Ciudadela,Ranked,Brisa;Koro,31,11.0,3,4,Victoria,1740.0
1959,02/03/2026,23:09,J0072,Puerto Escarlata,Torneo,Magnus;Umbra,29,5.0,6,8,Victoria,1280.0
1071,11/02/2026,11:48,J0147,Canales de Hielo,Ranked,Brisa,32,3.0,6,5,Victoria,930.0
156,2026-01-20,19:19,J0100,Bosque Umbral,Casual,  Umbra;Tesla ,12,5.0,7,3,Derrota,510.0
2296,09/03/2026,18:45,J0022,Bosque Umbral,Casual,Brisa,9,3.0,6,5,Derrota,430.0
7911,2026-06-14,20:40,J0076,Canales de Hielo,Ranked,Nadia,30,11.0,5,5,Victoria,1750.0
4579,2026-04-22,05:26,J0111,Canales de Hielo,Torneo,Umbra,26,4.0,2,3,Victoria,1010.0
1090,11-02-26,12:04,J0029,Estacion Orbital,Casual,Koro,26,3.0,5,7,Derrota,550.0
6050,2026-05-16,16:14,J0079,Desierto Neon,Ranked,Lienzo;Koro,34,6.0,3,2,Victoria,1140.0
6416,2026-05-21,19:13,J0008,Bosque Umbral,Casual,Koro,22,2.0,5,2,Victoria,700.0
2941,2026-03-22,00:05,J0006,Puerto Escarlata,Casual,Lienzo,31,4.0,7,2,Victoria,860.0
724,2026-02-03,19:25,J0134,Desierto Neon,Ranked,Tesla;Nadia;Vex,43,9.0,3,2,Victoria,1440.0
4385,18/04/2026,11:34,J0021,Canales de Hielo,Casual,Koro;Tesla;Umbra,11,4.0,5,5,Victoria,1050.0
931,2026-02-08,18:25,J0181,Estacion Orbital,Torneo,Lienzo;Umbra,19,8.0,4,3,VICTORIA,1370.0
2910,21-03-26,17:04,J0038,Puerto Escarlata,Torneo,,9,5.0,7,2,Derrota,460.0
7979,15/06/2026,19:26,J0051,Estacion Orbital,Ranked,Nadia,34,5.0,4,7,Derrota,770.0
6764,2026-05-26,21:23,J0096,Desierto Neon,Ranked,Nadia,35,7.0,8,2,Derrota,640.0
8454,2026-06-22,23:19,J0078,Canales de Hielo,Ranked,Brisa;Umbra;Magnus,31,3.0,5,2,Victoria,800.0
6417,2026-05-21,16:42,J0067,Desierto Neon,Casual,Vex,27,9.0,2,3,Victoria,1510.0
896,07-02-26,19:35,J0032,Canales de Hielo,Ranked,Vex,36,8.0,5,6,Victoria,1500.0
3248,2026-03-28,13:28,J0003,Puerto Escarlata,Casual,Nadia,8,,6,2,Derrota,"180,0 pts"
2327,2026-03-10,04:28,J0081,Bosque Umbral,Ranked,Umbra,45,7.0,7,2,Victoria,1160.0
7097,2026-06-01,18:55,J0020,Ciudadela,Ranked,Vex,24,7.0,5,8,Derrota,1000.0
8661,26-06-26,05:43,J0200,Estacion Orbital,Casual,Magnus,26,5.0,6,2,Victoria,980.0
7711,2026-06-11,14:02,J0005,Canales de Hielo,Ranked,Koro,38,5.0,3,1,Derrota,490.0
9816,2026-07-12,19:09,J0026,Puerto Escarlata,Casual,Nadia,28,2.0,12,3,Derrota,110.0
5039,2026-04-29,07:41,J0070,Estacion Orbital,Ranked,VEX,37,6.0,7,4,Derrota,660.0
6451,22-05-26,11:30,J0148,Estacion Orbital,Casual,Nadia;Koro,29,4.0,9,2,Victoria,820.0
4137,2026-04-13,19:51,J0200,Puerto Escarlata,Torneo,Koro,23,5.0,5,5,Victoria,1150.0
9319,06/07/2026,10:35,J0014,Estacion Orbital,Casual,Tesla,30,5.0,8,3,Victoria,990.0
1716,25-02-26,20:46,J0131,Ciudadela,Ranked,Lienzo,39,0.0,4,3,Derrota,70.0
1699,2026-02-24,13:19,J0042,Puerto Escarlata,Casual,magnus,15,5.0,4,0,Victoria,920.0
9764,2026-07-12,20:42,J0007,Desierto Neon,Casual,Brisa;Magnus;Umbra,25,7.0,9,1,Victoria,1070.0
9622,2026-07-10,11:33,J0025,Desierto Neon,Ranked,,39,8.0,3,4,Victoria,1440.0
40,17-01-26,20:15,J0058,Bosque Umbral,Casual,Vex;Tesla,10,9.0,6,5,Victoria,1530.0
8290,2026-06-20,20:24,J0026,Canales de Hielo,Casual,Lienzo;Nadia,29,5.0,6,1,Victoria,930.0
3832,2026-04-08,23:38,J0086,Desierto Neon,Ranked,Magnus,24,,4,1,  Derrota ,370.0
6300,2026-05-20,23:54,J0008,Bosque Umbral,Casual,Tesla,23,3.0,5,1,Derrota,250.0
3349,29-03-26,08:28,J0019,Ciudadela,Ranked,Vex,25,8.0,4,0,Derrota,720.0
9591,2026-07-10,11:14,J0027,Canales de Hielo,Ranked,TESLA,39,3.0,5,2,Derrota,300.0
986,09/02/2026,20:35,J0089,Desierto Neon,Casual,Magnus;Tesla,24,2.0,5,4,Victoria,800.0
1822,2026-02-27,18:02,J0024,Estacion Orbital,Casual,brisa,21,3.0,6,5,Victoria,930.0
4572,2026-04-21,18:56,J0029,Bosque Umbral,Casual,Magnus,21,4.0,9,6,Victoria,1020.0
588,2026-01-30,22:00,J0053,Ciudadela,Torneo,Vex,20,12.0,9,2,,
9831,12-07-26,18:53,J0011,Ciudadela,Casual,Brisa;Vex,8,4.0,6,3,Victoria,
5078,30/04/2026,21:19,J0083,Desierto Neon,Casual,Vex,15,7.0,6,3,Derrota,730.0
7916,14/06/2026,16:31,J0051,Estacion Orbital,Ranked,VEX;UMBRA;NADIA,24,5.0,4,1,Victoria,970.0
8389,2026-06-21,18:23,J0002,Puerto Escarlata,Ranked,Koro,44,5.0,5,6,Derrota,700.0
9595,10-07-26,18:29,J0022,Ciudadela,Ranked,Koro,42,4.0,3,2,Derrota,440.0
36,17-01-26,18:51,J0049,Canales de Hielo,Casual,UMBRA,21,6.0,6,5,Victoria,1230.0
5484,2026-05-07,16:53,J0062,Canales de Hielo,Casual,Nadia,21,2.0,7,1,  Victoria ,610.0
8781,2026-06-27,22:43,J0015,Desierto Neon,Torneo,Koro;Vex,20,9.0,9,5,Victoria,"1470,0 pts"
9351,06/07/2026,14:15,J0026,Ciudadela,Ranked,Nadia,42,4.0,5,3,Victoria,950.0
5515,2026-05-08,19:51,J0045,Estacion Orbital,Casual,Vex,10,7.0,4,3,Victoria,1270.0
7717,11-06-26,16:38,J0048,Puerto Escarlata,Casual,Umbra,21,6.0,4,3,Victoria,1170.0
8941,2026-06-30,22:44,J0003,Bosque Umbral,Casual,Vex,21,7.0,4,1,Victoria,1170.0
5554,2026-05-08,12:36,J0200,Bosque Umbral,Ranked,Umbra,33,6.0,4,2,Victoria,1120.0
3558,2026-04-03,18:25,J0001,Desierto Neon,Ranked,Magnus,39,2.0,6,5,Derrota,330.0
1396,2026-02-18,21:17,J0120,Desierto Neon,Ranked,Umbra,25,4.0,8,5,Derrota,490.0
265,2026-01-23,19:27,J0024,Ciudadela,Casual,Vex,17,9.0,5,4,,1500.0
3548,03/04/2026,03:37,J0101,Desierto Neon,Casual,,26,5.0,8,3,Derrota,490.0
6845,2026-05-28,02:09,J0041,Desierto Neon,Casual,Magnus,30,4.0,7,2,Derrota,360.0
7758,2026-06-12,20:28,J0008,Puerto Escarlata,Casual,Vex,29,13.0,5,5,Victoria,1950.0
6789,27/05/2026,19:54,J0064,Bosque Umbral,Ranked,Lienzo,45,8.0,4,4,,1420.0
3070,2026-03-24,20:22,J0039,Ciudadela,Casual,Vex;Umbra,12,18.0,3,3,Victoria,2390.0
5026,2026-04-29,19:29,J0025,Desierto Neon,Ranked,Nadia;Lienzo;Vex,26,10.0,3,7,Victoria,1790.0
8462,22-06-26,16:16,J0093,Desierto Neon,Ranked,Brisa,37,4.0,6,3,Derrota,430.0
3865,08/04/2026,18:43,J0026,Puerto Escarlata,Ranked,koro,35,2.0,6,4,Victoria,780.0
9143,2026-07-03,11:46,J0126,Estacion Orbital,Ranked,Vex,45,5.0,10,3,Victoria,950.0
2401,2026-03-11,15:02,J0012,Estacion Orbital,Ranked,Brisa;Umbra,42,6.0,4,5,Derrota,770.0
6275,2026-05-19,17:32,J0005,Ciudadela,Torneo,Vex,27,13.0,3,1,Victoria,1790.0
8551,2026-06-24,04:53,J0034,Bosque Umbral,Ranked,Brisa,32,9.0,3,5,Victoria,"1590,0 pts"
3712,2026-04-06,19:09,J0024,Bosque Umbral,Casual,Nadia;Koro;Lienzo,16,4.0,3,3,Victoria,990.0
247,2026-01-22,09:05,J0200,Bosque Umbral,Torneo,Lienzo,18,3.0,4,0,Derrota,"220,0 pts"
1595,2026-02-22,01:05,J0095,Canales de Hielo,Casual,Koro,12,4.0,5,5,Derrota,550.0
9756,12-07-26,00:14,J0198,Estacion Orbital,Casual,Tesla;Magnus,20,3.0,6,10,Victoria,"1180,0 pts"
1530,21-02-26,22:46,J0037,Estacion Orbital,Ranked,Koro,29,4.0,7,4,Derrota,460.0
8289,20/06/2026,01:06,J0163,Canales de Hielo,Ranked,Tesla,25,6.0,5,6,Derrota,800.0
924,08-02-26,21:12,J0116,Puerto Escarlata,Ranked,Vex;Umbra,37,4.0,8,4,Victoria,940.0
7683,2026-06-10,19:06,J0009,Ciudadela,Casual,Tesla;Umbra;Vex,25,8.0,5,3,Derrota,850.0
7330,2026-06-05,14:23,J0066,Bosque Umbral,Ranked,  Lienzo;Magnus;Brisa ,38,8.0,8,6,,1440.0
4365,2026-04-18,00:50,J0067,Estacion Orbital,Casual,Brisa;Magnus,19,6.0,5,1,Derrota,"550,0 pts"
670,2026-02-01,19:16,J0024,Desierto Neon,Ranked,Lienzo;Koro,31,4.0,4,5,Derrota,570.0
3605,04/04/2026,18:47,J0104,Ciudadela,Torneo,Koro,9,3.0,7,5,Derrota,410.0
5109,2026-05-01,11:45,J0200,Estacion Orbital,Ranked,Tesla,40,3.0,4,8,Victoria,1120.0
1911,2026-03-01,22:59,J0078,Puerto Escarlata,Casual,Brisa,13,2.0,6,6,Derrota,380.0
7277,2026-06-04,17:28,J0075,Canales de Hielo,Torneo,Magnus,20,4.0,3,3,Victoria,990.0
8410,22/06/2026,18:07,J0169,Puerto Escarlata,Casual,Brisa,20,4.0,2,4,Victoria,1060.0
5249,2026-05-03,18:44,J0200,Desierto Neon,Torneo,Umbra,8,5.0,6,3,Derrota,530.0
7184,02-06-26,20:11,J0054,Canales de Hielo,Casual,Magnus,23,12.0,5,3,Victoria,1750.0
3959,2026-04-10,02:19,J0004,Estacion Orbital,Casual,Lienzo,24,6.0,4,4,Victoria,1220.0
6958,30-05-26,19:18,J0061,Bosque Umbral,Casual,Umbra;Koro,19,9.0,6,2,Victoria,1380.0
6027,16/05/2026,18:35,J0108,Ciudadela,Ranked,Koro,42,7.0,8,3,Derrota,"690,0 pts"
5644,2026-05-09,16:17,J0120,Desierto Neon,Casual,Magnus,29,4.0,4,6,Victoria,1120.0
2697,2026-03-17,08:58,J0070,Canales de Hielo,Torneo,Koro,19,5.0,4,4,,
2592,2026-03-15,21:09,J0032,Estacion Orbital,Casual,Vex,28,12.0,1,5,Derrota,1430.0
5907,2026-05-13,00:10,J0133,Desierto Neon,Ranked,Umbra,31,5.0,6,3,Derrota,
1782,27-02-26,17:17,J0099,Puerto Escarlata,Casual,Nadia;Koro,28,3.0,6,3,Derrota,330.0
6510,2026-05-23,19:56,J0074,Bosque Umbral,Ranked,,32,,2,5,Victoria,1110.0
3014,2026-03-23,13:06,J0110,Estacion Orbital,Casual,Lienzo;Vex,15,5.0,4,3,Victoria,1070.0
7134,2026-06-01,15:27,J0010,Puerto Escarlata,Ranked,Lienzo,45,4.0,5,5,Derrota,550.0
2308,2026-03-09,22:55,J0034,Bosque Umbral,Casual,Vex,20,8.0,8,4,Victoria,1340.0
7404,06/06/2026,17:56,J0053,Bosque Umbral,Ranked,Umbra,27,4.0,3,4,Victoria,1040.0
3691,2026-04-05,21:19,J0004,Bosque Umbral,Ranked,Koro;Nadia,29,,5,5,Derrota,850.0
688,2026-02-02,00:37,J0038,Bosque Umbral,Ranked,Brisa,22,6.0,1,1,Derrota,630.0
6012,2026-05-16,07:09,J0134,Bosque Umbral,Ranked,Vex,24,9.0,4,5,Derrota,1070.0
7072,31/05/2026,19:16,J0200,Canales de Hielo,Ranked,  Koro ,27,3.0,5,0,Derrota,200.0
613,2026-01-31,13:27,J0173,Puerto Escarlata,Casual,Brisa;Nadia,25,6.0,5,4,Victoria,1200.0
7168,2026-06-02,20:05,J0066,Canales de Hielo,Torneo,Lienzo;Nadia;Magnus,8,13.0,5,2,Derrota,1300.0
7771,12/06/2026,21:07,J0084,Bosque Umbral,Ranked,Lienzo,28,7.0,3,0,,640.0
3201,2026-03-27,13:09,J0009,Bosque Umbral,Ranked,Lienzo,32,4.0,4,9,Derrota,770.0
2268,2026-03-08,  13:31 ,J0010,Bosque Umbral,Casual,Nadia,15,2.0,2,5,Derrota,410.0
9855,2026-07-13,17:52,J0090,Ciudadela,Ranked,tesla,33,6.0,6,4,Victoria,1180.0
6630,2026-05-24,15:16,J0065,Bosque Umbral,Ranked,Umbra,30,3.0,5,3,Derrota,350.0
4136,2026-04-13,20:33,J0013,Bosque Umbral,Casual,Tesla,12,6.0,5,7,Victoria,1350.0
1899,2026-03-01,18:12,J0027,Estacion Orbital,Ranked,Umbra;Tesla,44,4.0,2,1,Derrota,410.0
9603,10/07/2026,23:22,J0012,Estacion Orbital,Casual,Koro,22,4.0,4,3,Victoria,"970,0 pts"
8874,2026-06-29,20:18,J0035,Estacion Orbital,Ranked,LIENZO,26,9.0,7,5,Derrota,1010.0
259,2026-01-23,14:48,J0001,Canales de Hielo,Casual,Vex,10,,3,5,Derrota,490.0
2925,2026-03-22,10:14,J0070,Ciudadela,Casual,Nadia,31,2.0,4,2,Derrota,220.0
9496,08-07-26,08:06,J0198,Ciudadela,Ranked,Lienzo;Magnus,23,4.0,6,5,  Derrota ,530.0
4944,2026-04-28,22:12,J0016,Canales de Hielo,Ranked,,31,9.0,4,5,Victoria,1570.0
2823,2026-03-20,05:52,J0075,Desierto Neon,Ranked,nadia,23,5.0,3,2,Victoria,1040.0
6530,2026-05-23,01:25,J0004,Canales de Hielo,Casual,Magnus;Umbra,12,5.0,6,3,Victoria,"1030,0 pts"
3340,2026-03-29,11:35,J0200,Puerto Escarlata,Casual,Brisa,12,7.0,5,0,Victoria,1100.0
3526,2026-04-02,15:34,J0019,Estacion Orbital,Ranked,Umbra,38,3.0,5,1,Derrota,250.0
4564,2026-04-21,17:39,J0006,Estacion Orbital,Ranked,,23,8.0,4,3,Derrota,870.0
9730,11/07/2026,05:44,J0081,Puerto Escarlata,Casual,Koro,24,9.0,1,3,DERROTA,1030.0
8945,2026-06-30,03:13,J0009,Canales de Hielo,Ranked,Tesla;Vex;Brisa,32,4.0,2,5,Victoria,1110.0
5330,04-05-26,16:57,J0032,Estacion Orbital,Casual,Nadia,21,5.0,3,4,Derrota,640.0
5224,02/05/2026,16:49,J0018,Puerto Escarlata,Casual,Tesla,14,5.0,5,5,Victoria,1150.0
2286,09/03/2026,19:13,J0002,Puerto Escarlata,Casual,Nadia;Vex,15,8.0,4,5,,970.0
6064,16-05-26,14:26,J0200,Canales de Hielo,Ranked,Nadia;Tesla,41,6.0,6,3,Victoria,1130.0
4655,2026-04-23,09:29,J0002,Bosque Umbral,Casual,Brisa;Koro,13,7.0,4,3,Victoria,1270.0
5001,2026-04-29,20:29,J0048,Puerto Escarlata,Ranked,Brisa,38,11.0,5,2,Victoria,1600.0
6711,2026-05-25,01:42,J0095,Ciudadela,Casual,Vex;Brisa,29,11.0,5,5,Victoria,1750.0
9395,07/07/2026,07:04,J0056,Estacion Orbital,Casual,MAGNUS;NADIA;TESLA,32,5.0,5,4,Victoria,1100.0
485,2026-01-28,19:28,J0114,Ciudadela,Ranked,Umbra,33,6.0,5,4,Victoria,1200.0
2212,2026-03-07,12:17,J0093,Bosque Umbral,Casual,Nadia,31,2.0,7,5,Derrota,310.0
5417,2026-05-06,18:24,J0008,Ciudadela,Casual,Magnus,10,0.0,1,2,Derrota,80.0
7693,2026-06-11,13:15,J0041,Ciudadela,Casual,Brisa;Koro,28,2.0,3,5,Victoria,890.0
2556,2026-03-14,16:37,J0071,Puerto Escarlata,Ranked,,29,9.0,8,2,Victoria,1340.0
8,16-01-26,07:56,J0037,Estacion Orbital,Torneo,  Koro;Nadia ,27,8.0,4,6,Victoria,1520.0
3658,2026-04-05,20:46,J0071,Bosque Umbral,Ranked,Umbra,33,6.0,7,3,Derrota,610.0
6412,21-05-26,20:38,J0105,Canales de Hielo,Ranked,Magnus;Nadia,24,9.0,3,6,Derrota,1140.0
9235,2026-07-04,06:59,J0154,Puerto Escarlata,Ranked,Brisa,25,1.0,5,1,Derrota,50.0
4875,2026-04-26,13:23,J0048,Ciudadela,Ranked,  Lienzo;Vex ,25,,3,2,Victoria,1140.0
4403,2026-04-18,20:36,J0020,Puerto Escarlata,Torneo,Magnus;Vex,15,12.0,6,5,Derrota,1330.0
8986,30-06-26,12:45,J0033,Ciudadela,Ranked,Koro,28,7.0,2,8,Derrota,"1060,0 pts"
5547,08-05-26,16:53,J0029,Ciudadela,Casual,Koro,32,5.0,10,7,Derrota,650.0
5298,2026-05-03,21:58,J0084,Ciudadela,Casual,BRISA,32,6.0,1,5,Victoria,1330.0
2427,2026-03-12,10:37,J0047,Ciudadela,Ranked,Magnus,22,11.0,0,4,Derrota,1300.0
6745,2026-05-26,15:47,J0021,Bosque Umbral,Casual,Lienzo,32,6.0,3,3,Victoria,1190.0
1815,27/02/2026,16:15,J0042,Canales de Hielo,Casual,Magnus,8,2.0,2,2,Victoria,760.0
6823,2026-05-27,18:55,J0008,Puerto Escarlata,Casual,Nadia,22,3.0,3,3,Derrota,390.0
9699,2026-07-11,00:27,J0030,Desierto Neon,Casual,Nadia,26,5.0,6,2,Victoria,980.0
2275,2026-03-08,21:50,J0116,Desierto Neon,Casual,tesla;magnus,20,13.0,4,3,Derrota,1370.0
1012,2026-02-09,21:37,J0002,Bosque Umbral,Casual,Nadia,27,12.0,3,2,Derrota,1240.0
1578,2026-02-22,20:46,J0021,Ciudadela,Torneo,Brisa;Koro,11,6.0,4,3,Derrota,670.0
7265,2026-06-04,19:12,J0019,Puerto Escarlata,Torneo,Brisa;Lienzo,30,4.0,7,0,Derrota,260.0
1068,2026-02-11,18:00,J0142,Ciudadela,Casual,Koro,10,10.0,3,4,Derrota,1140.0
1992,2026-03-03,19:58,J0044,Ciudadela,Torneo,Koro,26,6.0,1,5,Victoria,1330.0
3971,10/04/2026,14:20,J0046,Puerto Escarlata,Ranked,Tesla;Umbra,24,7.0,5,4,Derrota,"800,0 pts"
9144,2026-07-03,19:57,J0039,Estacion Orbital,Torneo,Koro,9,6.0,7,3,Victoria,1110.0
5880,2026-05-13,17:02,J0016,Canales de Hielo,Casual,Vex;Koro,25,6.0,6,2,Derrota,580.0
8496,2026-06-23,19:39,J0017,Canales de Hielo,Casual,Vex,27,5.0,5,4,Victoria,1100.0
4543,2026-04-21,19:16,J0007,Desierto Neon,Casual,Lienzo,13,7.0,6,3,Derrota,730.0
9397,2026-07-07,13:09,J0050,Puerto Escarlata,Torneo,Umbra,17,1.0,6,1,Victoria,530.0
7194,2026-06-02,19:40,J0065,Puerto Escarlata,Ranked,Umbra;Koro,43,2.0,3,6,Victoria,940.0
3868,2026-04-08,10:18,J0041,Canales de Hielo,Torneo,Magnus;Brisa,19,0.0,5,5,Victoria,650.0
9487,08-07-26,21:12,J0006,Estacion Orbital,Ranked,Lienzo,24,9.0,5,2,Derrota,
6824,2026-05-27,15:11,J0138,Estacion Orbital,Ranked,Magnus,35,4.0,6,2,Derrota,380.0
3049,2026-03-24,15:17,J0175,Canales de Hielo,Casual,Brisa,24,1.0,2,5,Victoria,810.0
782,2026-02-04,19:40,J0037,Ciudadela,Ranked,,27,3.0,9,3,Victoria,770.0
6748,2026-05-26,18:36,J0009,Puerto Escarlata,Ranked,Tesla;Magnus;Umbra,28,1.0,4,7,Derrota,370.0
2676,16/03/2026,21:26,J0134,Estacion Orbital,Casual,,10,5.0,4,4,Derrota,620.0
1750,2026-02-26,08:04,J0041,Desierto Neon,Casual,Tesla;Nadia,11,8.0,7,2,Derrota,760.0
6223,18-05-26,19:36,J0070,Estacion Orbital,Casual,Brisa,27,,4,7,Derrota,570.0
8081,17/06/2026,20:30,J0134,Puerto Escarlata,Ranked,Tesla;Vex,35,7.0,8,5,victoria,1290.0
2792,19-03-26,03:27,J0016,Puerto Escarlata,Casual,Tesla,13,9.0,3,8,Victoria,1740.0
6520,2026-05-23,00:46,J0059,Desierto Neon,Ranked,Tesla,22,2.0,3,3,Derrota,290.0
5775,2026-05-11,16:33,J0038,Puerto Escarlata,Casual,Lienzo;Tesla,14,2.0,5,9,Derrota,550.0
6358,2026-05-21,18:32,J0009,Estacion Orbital,Ranked,Vex,41,3.0,7,2,Derrota,260.0
4980,28-04-26,17:29,J0200,Bosque Umbral,Casual,Nadia,14,8.0,5,4,Derrota,900.0
7718,2026-06-11,19:08,J0008,Canales de Hielo,Casual,BRISA,15,1.0,7,6,Victoria,760.0
1092,11/02/2026,05:53,J0044,Puerto Escarlata,Casual,Magnus,20,6.0,7,4,Victoria,1160.0
6527,2026-05-23,13:23,J0200,Puerto Escarlata,Torneo,VEX,18,10.0,5,2,Derrota,1000.0
8374,21/06/2026,19:52,J0075,Estacion Orbital,Torneo,Lienzo,28,8.0,8,4,Victoria,1340.0
4628,23/04/2026,03:54,J0103,Ciudadela,Casual,Vex,23,14.0,4,7,Victoria,2170.0
2325,09-03-26,18:24,J0090,Desierto Neon,Torneo,Koro,29,2.0,4,6,Derrota,420.0
6535,2026-05-23,15:29,J0045,Bosque Umbral,Ranked,,44,5.0,8,2,Victoria,940.0
9042,2026-07-01,10:11,J0001,Desierto Neon,Casual,Magnus,21,4.0,5,5,Derrota,550.0
5056,2026-04-30,09:24,J0035,Puerto Escarlata,Ranked,Tesla,22,4.0,8,2,Derrota,340.0
2609,2026-03-15,17:32,J0109,Desierto Neon,Casual,Vex,10,8.0,1,2,Victoria,1380.0
9091,02/07/2026,18:09,J0002,Ciudadela,Ranked,Lienzo,38,6.0,8,4,Victoria,"1140,0 pts"
2291,2026-03-09,16:03,J0145,Desierto Neon,Ranked,Tesla,37,,4,2,Victoria,1320.0
1728,25-02-26,19:20,J0113,Puerto Escarlata,Ranked,Lienzo,35,9.0,2,5,Derrota,1110.0
611,31-01-26,19:16,J0009,Estacion Orbital,Torneo,Tesla;Vex,30,4.0,4,4,victoria,1020.0
4667,2026-04-23,17:08,J0011,Estacion Orbital,Ranked,Magnus,24,6.0,7,3,Derrota,610.0
8187,2026-06-18,22:23,J0024,Canales de Hielo,Torneo,Lienzo,25,2.0,4,4,Derrota,320.0
5414,06/05/2026,11:51,J0132,Canales de Hielo,Torneo,magnus;lienzo;brisa,26,10.0,5,5,Victoria,1650.0
344,2026-01-24,09:21,J0151,Desierto Neon,Ranked,Umbra,36,8.0,1,2,Victoria,1380.0
4684,2026-04-24,19:32,J0121,Bosque Umbral,Ranked,Tesla,39,3.0,9,5,Victoria,870.0
8854,2026-06-28,23:53,J0078,Canales de Hielo,Ranked,Vex,30,8.0,3,3,Derrota,890.0
3751,06-04-26,19:14,J0162,Desierto Neon,Ranked,,42,6.0,9,3,Derrota,570.0
8519,23/06/2026,14:37,J0001,Desierto Neon,Ranked,Vex,40,14.0,4,1,Derrota,1370.0
9378,2026-07-06,17:00,J0030,Desierto Neon,Casual,Vex;Nadia,15,4.0,4,4,Victoria,1020.0
6000,15-05-26,19:32,J0025,Desierto Neon,Ranked,Magnus;Tesla,42,3.0,8,5,Victoria,890.0
3216,2026-03-27,18:29,J0053,Ciudadela,Ranked,Vex;Magnus,22,5.0,8,3,Victoria,990.0
98,2026-01-18,06:34,J0140,Puerto Escarlata,Casual,Koro,22,7.0,5,6,Derrota,900.0
7515,2026-06-07,22:09,J0061,Puerto Escarlata,Ranked,Vex;Brisa,33,7.0,3,2,Victoria,1240.0
7795,2026-06-12,17:42,J0126,Ciudadela,Ranked,Brisa,24,9.0,3,2,Victoria,1440.0
5177,2026-05-02,18:57,J0061,Desierto Neon,Casual,Brisa;Umbra,10,3.0,3,6,Derrota,540.0
7280,2026-06-04,20:47,J0006,Canales de Hielo,Ranked,Brisa,27,5.0,2,7,Derrota,810.0
6166,2026-05-18,16:15,J0200,Canales de Hielo,Torneo,Koro,23,8.0,5,2,Derrota,800.0
1538,2026-02-21,22:29,J0049,Estacion Orbital,Ranked,Umbra;Lienzo,31,2.0,7,3,derrota,210.0
3589,2026-04-03,15:48,J0001,Ciudadela,Torneo,Nadia,27,5.0,4,7,derrota,770.0
7548,2026-06-08,19:05,J0151,Canales de Hielo,Casual,Umbra;Tesla;Brisa,25,5.0,9,6,Derrota,620.0
6986,2026-05-30,14:10,J0008,Bosque Umbral,Casual,,21,1.0,6,5,Derrota,230.0
3649,05/04/2026,19:28,J0057,Estacion Orbital,Ranked,Brisa,32,8.0,5,2,Victoria,1300.0
2658,2026-03-16,17:55,J0054,Ciudadela,Casual,Magnus,21,4.0,5,1,Derrota,350.0
9783,2026-07-12,13:44,J0002,Canales de Hielo,Casual,,17,7.0,7,0,,560.0
1518,2026-02-21,13:41,J0013,Puerto Escarlata,Ranked,Umbra,32,11.0,4,3,Victoria,1670.0
5062,30-04-26,10:01,J0025,Bosque Umbral,Ranked,Tesla;Koro,34,0.0,8,3,Victoria,490.0
9420,07-07-26,22:09,J0001,Desierto Neon,Casual,Umbra,25,,7,6,Victoria,1160.0
4625,23/04/2026,12:44,J0056,Bosque Umbral,Ranked,Lienzo;Magnus;Umbra,29,5.0,7,3,Victoria,1010.0
4273,2026-04-16,18:00,J0039,Bosque Umbral,Ranked,Nadia;Magnus,43,12.0,8,3,victoria,1690.0
3670,2026-04-05,23:15,J0176,Puerto Escarlata,Ranked,Brisa;Magnus,36,5.0,2,5,Derrota,710.0
6567,2026-05-23,09:58,J0029,Puerto Escarlata,Ranked,Koro,26,2.0,4,4,Victoria,820.0
5801,2026-05-12,01:06,J0003,Estacion Orbital,Casual,Nadia,16,,3,3,Derrota,590.0
2091,2026-03-05,10:13,J0105,Canales de Hielo,Casual,Umbra,16,7.0,6,8,Derrota,980.0
7098,2026-06-01,21:16,J0003,Bosque Umbral,Ranked,Umbra,40,4.0,2,4,Derrota,560.0
6172,2026-05-18,11:47,J0016,Canales de Hielo,Casual,Umbra,11,11.0,7,1,Victoria,1510.0
7522,2026-06-08,12:36,J0016,Desierto Neon,Ranked,Vex;Lienzo,27,13.0,4,3,  Victoria ,1870.0
573,30-01-26,10:57,J0008,Estacion Orbital,Casual,Brisa;Umbra,16,5.0,9,5,Derrota,570.0
9631,2026-07-10,23:32,J0017,Desierto Neon,Ranked,Koro,25,4.0,5,4,Victoria,1000.0
4689,24-04-26,08:13,J0007,Puerto Escarlata,Casual,Koro,11,4.0,8,3,  Derrota ,390.0
9145,2026-07-03,08:13,J0062,Ciudadela,Casual,Vex,19,7.0,3,3,Victoria,1290.0
3063,24-03-26,21:07,J0017,Ciudadela,Ranked,Koro;Vex,44,5.0,6,1,Victoria,930.0
7862,2026-06-13,19:43,J0088,Ciudadela,Torneo,Koro,22,4.0,4,4,Derrota,520.0
6471,2026-05-22,22:46,J0013,Canales de Hielo,Ranked,Magnus,30,7.0,4,1,Victoria,1170.0
7161,02-06-26,21:57,J0048,Estacion Orbital,Casual,Umbra,21,5.0,4,3,Victoria,1070.0
6634,24/05/2026,17:24,J0196,Ciudadela,Casual,Magnus;Umbra,30,1.0,8,3,derrota,90.0
8558,24/06/2026,19:07,J0054,Canales de Hielo,Casual,Tesla,27,5.0,5,3,Derrota,550.0
8060,16/06/2026,19:24,J0021,Ciudadela,Ranked,Koro;Tesla,32,6.0,5,5,Victoria,1250.0
7346,2026-06-05,11:40,J0024,Ciudadela,Casual,Umbra;Tesla;Magnus,18,3.0,8,5,Victoria,890.0
6305,20/05/2026,13:54,J0032,Canales de Hielo,Casual,Magnus;Koro,11,8.0,5,1,Victoria,"1250,0 pts"
8034,2026-06-16,07:40,J0137,Bosque Umbral,Ranked,Koro,44,5.0,7,1,Victoria,910.0
9512,09-07-26,21:56,J0003,Bosque Umbral,Casual,Lienzo,11,5.0,3,4,Victoria,1140.0
9676,2026-07-11,18:39,J0063,Puerto Escarlata,Casual,Tesla;Magnus;Vex,24,,3,1,Derrota,1590.0
4480,2026-04-20,22:56,J0061,Estacion Orbital,Ranked,Brisa;Umbra,45,6.0,5,1,Victoria,1050.0
4949,2026-04-28,13:31,J0074,Desierto Neon,Casual,Umbra;Magnus;Koro,11,1.0,3,6,Victoria,840.0
5977,15/05/2026,11:46,J0086,Ciudadela,Casual,Nadia,17,3.0,7,9,Victoria,1110.0
371,2026-01-25,19:03,J0053,Puerto Escarlata,Ranked,Umbra,35,4.0,7,4,Victoria,960.0
1939,2026-03-01,18:16,J0040,Puerto Escarlata,Casual,Brisa;Nadia,31,4.0,4,8,Derrota,720.0
2353,10-03-26,20:56,J0200,Desierto Neon,Casual,Nadia,29,11.0,3,3,Victoria,1690.0
7128,01/06/2026,15:21,J0045,Ciudadela,Ranked,Vex;Nadia,29,6.0,4,5,Derrota,770.0
1754,26/02/2026,  19:50 ,J0200,Puerto Escarlata,Torneo,Tesla;Koro,27,6.0,1,5,Victoria,1330.0
3671,2026-04-05,18:21,J0018,Ciudadela,Casual,Nadia,15,2.0,4,3,Victoria,770.0
7299,04-06-26,19:54,J0067,Canales de Hielo,Casual,Tesla;Magnus,25,7.0,4,2,Victoria,1220.0
3653,2026-04-05,12:58,J0005,Desierto Neon,Casual,Vex,16,13.0,5,3,Victoria,1850.0
5202,02/05/2026,19:40,J0038,Puerto Escarlata,Ranked,Lienzo;Vex,39,10.0,11,5,Derrota,1030.0
8043,16/06/2026,19:47,J0200,Canales de Hielo,Ranked,Lienzo,43,7.0,5,2,derrota,700.0
2362,2026-03-10,22:11,J0042,Puerto Escarlata,Ranked,Umbra,31,,8,3,Derrota,490.0
4261,2026-04-16,20:50,J0110,Puerto Escarlata,Torneo,Magnus,27,3.0,8,4,Derrota,340.0
5433,06-05-26,13:31,J0047,Bosque Umbral,Casual,Umbra,23,10.0,8,3,Victoria,1490.0
6286,2026-05-19,22:33,J0005,Ciudadela,Casual,Brisa;Lienzo,21,10.0,4,2,,
4992,2026-04-28,18:04,J0040,Puerto Escarlata,Casual,Koro,31,3.0,6,2,Victoria,780.0
7848,2026-06-13,19:32,J0017,Ciudadela,Ranked,Nadia,24,8.0,3,1,Derrota,790.0
9535,2026-07-09,15:38,J0036,Puerto Escarlata,Casual,Vex,29,2.0,4,6,Derrota,420.0
3738,2026-04-06,14:58,J0023,Estacion Orbital,Ranked,Magnus,27,9.0,3,4,Victoria,1540.0
7650,2026-06-10,22:24,J0133,Puerto Escarlata,Casual,Magnus;Koro,25,10.0,6,4,Derrota,1080.0
8628,2026-06-25,21:26,J0014,Canales de Hielo,Casual,Koro,23,7.0,2,2,Derrota,760.0
9969,2026-07-14,03:35,J0041,Ciudadela,Ranked,Tesla;Umbra,23,6.0,6,7,Victoria,1330.0
8388,2026-06-21,20:28,J0012,Puerto Escarlata,Ranked,Brisa;Nadia,41,6.0,4,13,Victoria,1670.0
5592,2026-05-09,07:52,J0045,Puerto Escarlata,Casual,Lienzo,30,5.0,9,4,Derrota,520.0
1172,2026-02-14,17:03,J0012,Puerto Escarlata,Casual,Nadia;Umbra,24,,3,9,Victoria,1390.0
7371,2026-06-05,19:57,J0027,Canales de Hielo,Torneo,Nadia,28,3.0,7,6,Victoria,960.0
8072,2026-06-16,15:19,J0005,Bosque Umbral,Ranked,Nadia,45,8.0,4,3,Derrota,870.0
8205,2026-06-18,20:08,J0066,Desierto Neon,Casual,Umbra,22,,4,7,Derrota,770.0
1423,2026-02-19,14:04,J0041,Desierto Neon,Casual,Nadia;Lienzo,24,4.0,3,7,Derrota,690.0
6783,27-05-26,11:35,J0123,Estacion Orbital,Casual,Magnus;Umbra;Koro,24,9.0,6,3,,1430.0
9516,2026-07-09,00:01,J0015,Estacion Orbital,Casual,Nadia;Umbra;Brisa,18,11.0,4,4,Victoria,1720.0
6107,2026-05-17,15:40,J0129,Puerto Escarlata,Ranked,Koro,26,6.0,4,6,Victoria,1320.0
9421,2026-07-07,16:23,J0018,Desierto Neon,Casual,Magnus,17,4.0,6,0,Victoria,780.0
8154,2026-06-18,15:20,J0200,Desierto Neon,Ranked,Nadia,22,6.0,6,2,Derrota,580.0
6340,2026-05-20,19:58,J0094,Canales de Hielo,Ranked,Umbra,25,8.0,6,8,Derrota,1080.0
9234,2026-07-04,12:36,J0085,Bosque Umbral,Ranked,Magnus,26,7.0,6,5,Victoria,1330.0
875,2026-02-07,18:38,J0162,Puerto Escarlata,Ranked,Koro,24,5.0,2,4,,1160.0
2298,2026-03-09,11:02,J0096,Puerto Escarlata,Torneo,Nadia;Vex,18,10.0,5,5,Victoria,1650.0
2644,2026-03-16,19:16,J0069,Estacion Orbital,Casual,Koro;Magnus,28,4.0,6,5,VICTORIA,1030.0
7661,2026-06-10,22:53,J0029,Puerto Escarlata,Ranked,Nadia;Umbra,41,7.0,3,1,Victoria,1190.0
1720,25-02-26,17:45,J0015,Estacion Orbital,Casual,Vex;Koro,30,12.0,7,4,Derrota,1260.0
5348,2026-05-05,11:59,J0004,Ciudadela,Ranked,Vex;Brisa,45,5.0,2,4,victoria,1160.0
5933,14/05/2026,10:34,J0030,Ciudadela,Casual,Nadia;Tesla;Umbra,24,2.0,8,4,Derrota,240.0
841,2026-02-06,14:29,J0010,Canales de Hielo,Casual,Nadia;Koro,26,8.0,7,2,Derrota,760.0
7488,07/06/2026,18:48,J0016,Puerto Escarlata,Ranked,Koro;Magnus,40,7.0,7,7,Victoria,1410.0
582,2026-01-30,19:58,J0057,Puerto Escarlata,Casual,Umbra,16,13.0,5,3,Derrota,1350.0
205,2026-01-21,19:53,J0045,Puerto Escarlata,Ranked,Koro,27,5.0,3,7,Victoria,1290.0
1642,2026-02-23,20:32,J0009,Bosque Umbral,Casual,Vex,29,4.0,9,2,Derrota,320.0
2015,2026-03-03,21:50,J0025,Desierto Neon,Ranked,Brisa;Nadia;Magnus,24,5.0,4,3,Derrota,570.0
3254,28-03-26,12:36,J0055,Estacion Orbital,Ranked,,35,5.0,5,6,Victoria,1200.0
7670,2026-06-10,19:19,J0001,Estacion Orbital,Torneo,Magnus,31,7.0,3,6,Derrota,940.0
906,2026-02-07,00:15,J0010,Puerto Escarlata,Casual,Tesla;Brisa,26,7.0,6,7,Victoria,1430.0
632,31/01/2026,14:53,J0066,Desierto Neon,Torneo,Koro,32,12.0,6,5,Victoria,1830.0
8486,2026-06-23,18:32,J0027,Ciudadela,Ranked,,32,3.0,8,5,Victoria,
9329,06/07/2026,07:53,J0061,Ciudadela,Casual,Brisa,27,5.0,5,4,Victoria,1100.0
1975,2026-03-02,18:45,J0016,Puerto Escarlata,Torneo,brisa;koro,10,4.0,6,0,Derrota,280.0
163,20-01-26,06:53,J0200,Estacion Orbital,Ranked,Brisa;Umbra,43,7.0,2,4,Victoria,1360.0
4999,29/04/2026,17:48,J0035,Ciudadela,Ranked,Brisa,34,,3,3,Victoria,1890.0
1244,2026-02-15,18:41,J0061,Desierto Neon,Ranked,Umbra,26,7.0,3,0,Derrota,640.0
9523,2026-07-09,10:34,J0160,Estacion Orbital,Casual,Magnus,11,9.0,8,9,Victoria,1690.0
7898,2026-06-14,12:30,J0010,Canales de Hielo,Ranked,Tesla;Lienzo,38,2.0,7,3,Victoria,710.0
4714,2026-04-24,21:31,J0107,Desierto Neon,Casual,,28,1.0,4,5,Derrota,270.0
876,2026-02-07,18:47,J0101,Ciudadela,Ranked,,34,12.0,5,4,Victoria,1800.0
1432,2026-02-19,19:17,J0027,Estacion Orbital,Ranked,Brisa,30,2.0,5,5,Victoria,850.0
8807,2026-06-28,19:57,J0089,Desierto Neon,Ranked,Brisa;Umbra,26,1.0,6,4,Victoria,680.0
6869,2026-05-28,15:59,J0043,Ciudadela,Ranked,Nadia,22,3.0,7,2,Derrota,260.0
4644,23/04/2026,15:21,J0013,Puerto Escarlata,Ranked,Koro,33,12.0,5,6,Victoria,1900.0
5081,2026-04-30,20:24,J0067,Bosque Umbral,Ranked,Lienzo;Umbra,44,12.0,3,7,Victoria,1990.0
5784,11-05-26,17:48,J0030,Bosque Umbral,Ranked,Brisa,23,6.0,3,2,Derrota,640.0
9840,2026-07-12,13:31,J0166,Ciudadela,Casual,Koro;Umbra;Brisa,30,3.0,8,6,Victoria,940.0
7746,2026-06-12,18:35,J0006,Ciudadela,Ranked,Nadia;Brisa,40,7.0,6,6,Victoria,1380.0
7532,2026-06-08,21:47,J0133,Canales de Hielo,Casual,Nadia,14,8.0,5,6,Derrota,1000.0
8175,18/06/2026,15:09,J0040,Estacion Orbital,Ranked,Umbra,28,5.0,7,1,Victoria,910.0
9447,08-07-26,15:14,J0027,Estacion Orbital,Ranked,Magnus;Koro;Tesla,29,2.0,2,1,Victoria,710.0
9510,2026-07-08,20:02,J0031,Bosque Umbral,Ranked,Tesla;Nadia,41,2.0,3,4,Victoria,840.0
2857,2026-03-20,19:10,J0031,Ciudadela,Ranked,Lienzo,45,5.0,6,4,Victoria,1080.0
1862,2026-02-28,12:18,J0001,Bosque Umbral,Ranked,Lienzo,27,3.0,5,4,Victoria,900.0
2660,2026-03-16,11:43,J0047,Desierto Neon,Ranked,Umbra,41,10.0,6,6,Victoria,1680.0
3385,30/03/2026,13:48,J0057,Bosque Umbral,Casual,Nadia,32,4.0,9,2,Derrota,320.0
9637,2026-07-10,13:48,J0023,Desierto Neon,Ranked,Brisa;Vex;Magnus,45,10.0,6,4,Derrota,1080.0
9850,13/07/2026,18:41,J0029,Canales de Hielo,Ranked,Umbra,28,3.0,2,4,Derrota,460.0
8208,2026-06-19,20:40,J0098,Estacion Orbital,Casual,Brisa,31,11.0,10,3,Victoria,1550.0
8413,2026-06-22,19:02,J0010,Estacion Orbital,Ranked,Nadia,41,5.0,4,5,Victoria,1170.0
7463,07-06-26,20:49,J0006,Ciudadela,Ranked,Umbra,38,6.0,4,6,Derrota,820.0
6887,2026-05-29,19:44,J0056,Puerto Escarlata,Ranked,Lienzo,43,3.0,6,4,Victoria,880.0
4734,2026-04-24,20:51,J0021,Ciudadela,Casual,Nadia;Tesla;Magnus,11,2.0,8,4,Derrota,240.0
3332,2026-03-29,03:27,J0020,Bosque Umbral,Casual,Umbra,31,8.0,2,5,Derrota,1010.0
9077,02/07/2026,01:44,J0019,Estacion Orbital,Ranked,Brisa;Vex,22,6.0,1,3,Derrota,730.0
8704,2026-06-26,21:39,J0011,Puerto Escarlata,Casual,vex,14,7.0,8,2,Victoria,1140.0
6405,21/05/2026,20:02,J0018,Ciudadela,Ranked,Nadia,30,2.0,2,6,Derrota,460.0
8412,22-06-26,21:18,J0060,Bosque Umbral,Casual,Magnus;Nadia,30,3.0,4,3,Derrota,370.0
9537,2026-07-09,17:51,J0152,Puerto Escarlata,Ranked,Brisa;Koro,22,1.0,5,1,Victoria,550.0
7061,2026-05-31,21:35,J0035,Estacion Orbital,Ranked,Nadia,22,10.0,6,4,Derrota,1080.0
2097,2026-03-05,22:06,J0008,Puerto Escarlata,Casual,Brisa,29,3.0,4,5,Derrota,470.0
2004,2026-03-03,22:44,J0094,Bosque Umbral,Ranked,Brisa,37,5.0,2,8,Victoria,1360.0
9337,2026-07-06,18:33,J0075,Canales de Hielo,Ranked,Koro;Vex,41,8.0,4,2,Victoria,1320.0
8823,2026-06-28,15:18,J0039,Canales de Hielo,Ranked,Magnus,31,11.0,4,3,Victoria,1670.0
4677,2026-04-23,20:07,J0012,Ciudadela,Ranked,Lienzo,31,7.0,6,6,Victoria,1380.0
5018,2026-04-29,19:54,J0052,Desierto Neon,Ranked,Nadia,41,5.0,3,3,Derrota,590.0
7470,2026-06-07,19:22,J0075,Desierto Neon,Casual,Koro,13,6.0,6,7,Victoria,1330.0
547,2026-01-29,15:25,J0127,Bosque Umbral,Ranked,Vex;Umbra,32,,4,3,Victoria,1670.0
1450,2026-02-20,23:46,J0030,Desierto Neon,Casual,Koro;Nadia,30,8.0,4,3,Victoria,1370.0
3987,2026-04-11,11:58,J0030,Estacion Orbital,Casual,Tesla;Brisa,9,4.0,4,4,Derrota,520.0
6901,29/05/2026,23:38,J0200,Puerto Escarlata,Ranked,Tesla;Magnus,45,7.0,8,4,Victoria,1240.0
2611,2026-03-15,22:41,J0133,Canales de Hielo,Ranked,Nadia,33,5.0,3,2,Victoria,1040.0
1901,2026-03-01,10:28,J0003,Ciudadela,Torneo,Magnus;Vex,11,6.0,7,7,Victoria,1310.0
3921,09/04/2026,01:42,J0028,Bosque Umbral,Ranked,Lienzo,24,2.0,4,4,Victoria,820.0
2758,2026-03-19,14:10,J0041,Ciudadela,Casual,Umbra;Lienzo,8,8.0,7,3,Victoria,1310.0
6125,17-05-26,19:52,J0165,Ciudadela,Casual,Koro;Magnus,18,4.0,2,3,Derrota,510.0
6398,21-05-26,12:31,J0056,Canales de Hielo,Casual,Brisa,25,9.0,6,3,Victoria,1430.0
1886,2026-03-01,20:44,J0042,Estacion Orbital,Ranked,Nadia,31,6.0,2,5,Victoria,1310.0
9897,2026-07-13,22:13,J0078,Estacion Orbital,Ranked,Vex,28,14.0,4,9,Derrota,1770.0
5739,2026-05-11,20:14,J0012,Bosque Umbral,Casual,Nadia;Vex,15,9.0,2,4,Derrota,1060.0
8736,27-06-26,19:55,J0115,Desierto Neon,Casual,Magnus;Nadia,12,6.0,6,4,Derrota,"680,0 pts"
5891,2026-05-13,21:23,J0138,Ciudadela,Ranked,Nadia,35,3.0,6,3,Victoria,830.0
2098,05/03/2026,17:43,J0117,Canales de Hielo,Casual,magnus;umbra,10,3.0,8,3,Victoria,790.0
9360,2026-07-06,20:44,J0028,Bosque Umbral,Casual,Tesla;Nadia,15,7.0,4,4,Victoria,1320.0
5693,2026-05-10,00:27,J0172,Canales de Hielo,Casual,brisa,20,8.0,2,4,Victoria,1460.0
500,2026-01-28,13:43,J0006,Estacion Orbital,Casual,Vex,25,12.0,8,3,Victoria,1690.0
5625,2026-05-09,14:28,J0027,Canales de Hielo,Ranked,Tesla,29,6.0,2,4,Victoria,1260.0
837,06-02-26,23:21,J0062,Ciudadela,Casual,tesla,17,5.0,3,2,Derrota,540.0
3472,01-04-26,20:28,J0003,Ciudadela,Casual,Tesla,28,8.0,8,6,Derrota,940.0
4698,2026-04-24,22:06,J0027,Estacion Orbital,Ranked,Lienzo;Nadia,27,5.0,3,6,Derrota,740.0
6281,2026-05-19,22:18,J0016,Ciudadela,Torneo,Umbra,14,9.0,1,8,Victoria,1780.0
8953,2026-06-30,17:17,J0095,Bosque Umbral,Ranked,Lienzo,37,5.0,5,4,Victoria,1100.0
2172,2026-03-07,17:27,J0010,Canales de Hielo,Casual,Tesla,18,6.0,8,2,Victoria,1040.0
9302,05/07/2026,21:49,J0002,Bosque Umbral,Casual,Vex;Umbra,26,10.0,5,6,Derrota,1200.0
5679,10/05/2026,20:53,J0063,Puerto Escarlata,Ranked,magnus;koro,45,7.0,3,4,Victoria,1340.0
9255,2026-07-05,15:43,J0025,Bosque Umbral,Ranked,Umbra,25,4.0,3,3,Victoria,990.0
399,2026-01-25,16:34,J0123,Bosque Umbral,Casual,Vex,12,9.0,7,5,Victoria,1510.0
2011,2026-03-03,17:07,J0060,Bosque Umbral,Ranked,Lienzo,24,6.0,2,4,Derrota,760.0
5167,2026-05-02,12:23,J0051,Ciudadela,Casual,Umbra;Vex,29,9.0,6,1,Victoria,1330.0
5872,2026-05-13,07:22,J0075,Bosque Umbral,Casual,Lienzo,26,4.0,5,4,Derrota,500.0
9866,2026-07-13,12:00,J0139,Ciudadela,Casual,Magnus,19,11.0,3,3,Derrota,1190.0
1284,16-02-26,17:52,J0004,Canales de Hielo,Casual,Lienzo,14,8.0,8,4,Derrota,840.0
8456,22/06/2026,21:11,J0073,Estacion Orbital,Ranked,Magnus,41,7.0,2,5,Derrota,910.0
2449,2026-03-12,07:40,J0028,Bosque Umbral,Ranked,Tesla,40,7.0,9,5,Derrota,770.0
4257,16-04-26,22:48,J0017,Estacion Orbital,Ranked,Vex,40,7.0,9,9,Victoria,1470.0
1837,28/02/2026,22:52,J0085,Estacion Orbital,Casual,Tesla,9,9.0,3,3,Derrota,"990,0 pts"
9670,2026-07-11,14:56,J0038,Desierto Neon,Casual,Nadia;Umbra,17,3.0,5,2,Derrota,300.0
1020,2026-02-10,09:34,J0089,Desierto Neon,Ranked,Vex;Brisa;Koro,38,9.0,3,2,Victoria,1440.0
5067,30/04/2026,12:12,J0129,Bosque Umbral,Ranked,Vex;Umbra,26,8.0,4,8,DERROTA,1120.0
1327,2026-02-17,09:20,J0067,Puerto Escarlata,Casual,Umbra;Tesla,29,7.0,1,3,Victoria,1330.0
8366,21/06/2026,17:14,J0070,Canales de Hielo,Ranked,Umbra,30,4.0,6,3,Derrota,430.0
476,27/01/2026,17:49,J0113,Puerto Escarlata,Casual,Umbra,13,6.0,6,3,Derrota,630.0
2811,20/03/2026,19:13,J0175,Canales de Hielo,Casual,Nadia,19,4.0,6,5,Victoria,1030.0
8701,26-06-26,11:49,J0004,Estacion Orbital,Casual,Tesla,32,7.0,6,3,Victoria,1230.0
1652,2026-02-23,20:55,J0031,Canales de Hielo,Casual,Lienzo,16,7.0,5,2,Derrota,700.0
9685,2026-07-11,22:22,J0003,Puerto Escarlata,Ranked,Nadia;Vex,29,15.0,7,4,Victoria,2060.0
1170,2026-02-14,16:06,J0075,Desierto Neon,Casual,Vex;Tesla,23,6.0,3,1,Victoria,1090.0
2529,2026-03-14,14:55,J0025,Canales de Hielo,Ranked,Tesla,30,6.0,11,3,Derrota,530.0
1207,14/02/2026,18:51,J0076,Bosque Umbral,Ranked,Umbra;Lienzo,24,6.0,5,5,Derrota,"750,0 pts"
6257,2026-05-19,11:25,J0008,Canales de Hielo,Casual,Tesla,26,2.0,3,2,Victoria,740.0
8061,2026-06-16,21:45,J0060,Ciudadela,Casual,Lienzo,23,1.0,3,2,Victoria,640.0
5470,2026-05-07,13:03,J0179,Estacion Orbital,Casual,Brisa;Tesla;Umbra,26,4.0,5,4,Derrota,500.0
9454,2026-07-08,17:11,J0049,Estacion Orbital,Casual,Magnus,11,2.0,5,2,Derrota,200.0
432,26-01-26,19:33,J0200,Ciudadela,Torneo,Koro;Magnus,24,1.0,6,2,Victoria,580.0
9344,2026-07-06,18:48,J0099,Desierto Neon,Torneo,Lienzo,23,1.0,2,2,Derrota,160.0
868,2026-02-06,  19:55 ,J0025,Ciudadela,Ranked,Tesla,31,5.0,10,4,VICTORIA,1000.0
2975,2026-03-22,16:21,J0018,Estacion Orbital,Casual,Lienzo,20,5.0,5,4,Derrota,600.0
5237,2026-05-03,13:28,J0178,Canales de Hielo,Casual,Tesla,20,7.0,2,5,Victoria,1410.0
5094,2026-04-30,20:55,J0068,Puerto Escarlata,Casual,Vex;Magnus,16,9.0,9,6,Victoria,1520.0
5434,2026-05-06,14:00,J0008,Puerto Escarlata,Ranked,Vex;Brisa,24,4.0,7,3,Victoria,910.0
542,2026-01-29,02:25,J0024,Puerto Escarlata,Ranked,Koro,41,5.0,6,5,Derrota,630.0
5196,2026-05-02,09:57,J0020,Desierto Neon,Ranked,Magnus;Vex,35,6.0,4,6,Victoria,1320.0
1133,2026-02-12,17:37,J0038,Canales de Hielo,Ranked,Tesla;Vex,40,4.0,5,3,  Victoria ,950.0
9911,2026-07-13,22:03,J0001,Puerto Escarlata,Casual,Koro;Brisa,22,2.0,3,3,Victoria,790.0
4502,2026-04-20,20:32,J0003,Desierto Neon,Casual,Nadia,24,7.0,5,3,Derrota,750.0
6355,2026-05-21,00:12,J0188,Bosque Umbral,Casual,Lienzo;Vex,20,2.0,9,3,DERROTA,"170,0 pts"
9404,2026-07-07,20:34,J0011,Puerto Escarlata,Torneo,Brisa,21,3.0,0,9,victoria,"1250,0 pts"
3391,2026-03-30,18:47,J0155,Estacion Orbital,Ranked,Tesla;Koro,35,1.0,5,8,Derrota,400.0
3889,2026-04-09,05:30,J0052,Ciudadela,Torneo,Brisa;Nadia,14,6.0,5,3,Derrota,650.0
2963,2026-03-22,01:24,J0002,Canales de Hielo,Casual,Umbra,21,5.0,4,8,Victoria,1320.0
4156,2026-04-14,15:17,J0002,Estacion Orbital,Ranked,Umbra,30,9.0,5,5,  Derrota ,1050.0
3260,2026-03-28,18:46,J0039,Desierto Neon,Casual,Nadia,16,7.0,6,4,Derrota,780.0
6303,20-05-26,11:24,J0200,Desierto Neon,Ranked,Magnus,39,3.0,5,2,Victoria,"800,0 pts"
6035,2026-05-16,13:08,J0041,Puerto Escarlata,Casual,Brisa,28,5.0,6,7,Derrota,730.0
8052,2026-06-16,21:37,J0078,Bosque Umbral,Ranked,Nadia,37,4.0,7,7,Derrota,610.0
2751,2026-03-18,13:56,J0142,Puerto Escarlata,Ranked,Umbra,30,5.0,3,1,Victoria,990.0
2584,15-03-26,04:22,J0126,Desierto Neon,Casual,Vex;Nadia,28,4.0,3,2,DERROTA,"440,0 pts"
2814,20-03-26,17:36,J0007,Ciudadela,Ranked,  Brisa ,24,,6,9,Derrota,930.0
3960,2026-04-10,  11:00 ,J0038,Bosque Umbral,Casual,Koro;Nadia;Magnus,24,2.0,9,2,Victoria,620.0
2948,2026-03-22,07:56,J0010,Desierto Neon,Ranked,Lienzo;Koro,23,4.0,6,4,Derrota,480.0
6644,2026-05-24,23:46,J0058,Canales de Hielo,Casual,Koro,28,5.0,3,2,Derrota,540.0
5175,2026-05-02,23:36,J0022,Ciudadela,Ranked,Nadia,31,5.0,4,7,Derrota,770.0
6842,2026-05-28,10:16,J0004,Ciudadela,Casual,lienzo;tesla;magnus,13,8.0,6,6,Derrota,980.0
8889,2026-06-29,16:29,J0004,Ciudadela,Torneo,Brisa,19,4.0,5,1,Derrota,350.0
3587,03/04/2026,11:42,J0017,Desierto Neon,Casual,Nadia,14,7.0,5,4,Derrota,800.0
9299,2026-07-05,23:44,J0200,Estacion Orbital,Ranked,Nadia,34,13.0,5,2,Victoria,1800.0
8124,17-06-26,08:44,J0200,Desierto Neon,Casual,Magnus,15,4.0,6,4,Victoria,980.0
2564,2026-03-15,20:45,J0018,Ciudadela,Casual,Lienzo;Magnus,12,7.0,5,3,Derrota,750.0
2631,2026-03-16,11:34,J0027,Canales de Hielo,Torneo,Brisa,9,8.0,4,2,Victoria,1320.0
3191,2026-03-27,09:07,J0200,Canales de Hielo,Casual,Lienzo;Magnus,24,,5,3,Derrota,"850,0 pts"
7912,2026-06-14,15:15,J0025,Ciudadela,Ranked,Koro,42,2.0,6,8,Victoria,980.0
7775,12/06/2026,  20:40 ,J0014,Desierto Neon,Casual,Nadia,13,5.0,6,8,Victoria,1280.0
5037,29-04-26,02:19,J0003,Bosque Umbral,Casual,Vex,28,5.0,4,7,Victoria,1270.0
1081,11-02-26,06:38,J0014,Estacion Orbital,Ranked,Tesla,39,3.0,8,3,Victoria,790.0
4284,16-04-26,22:35,J0018,Bosque Umbral,Casual,Lienzo,10,2.0,7,3,,210.0
8132,2026-06-17,10:05,J0013,Canales de Hielo,Casual,Lienzo,21,10.0,4,2,Victoria,1520.0
7086,2026-06-01,18:49,J0017,Puerto Escarlata,Casual,Lienzo;Vex,30,8.0,3,2,DERROTA,840.0
2086,05/03/2026,19:20,J0091,Bosque Umbral,Ranked,Nadia,28,5.0,5,2,Derrota,500.0
6346,2026-05-20,18:38,J0200,Ciudadela,Casual,Vex,18,8.0,5,7,Victoria,1550.0
2453,2026-03-12,13:30,J0042,Desierto Neon,Casual,Nadia,11,1.0,6,5,Derrota,230.0
4967,28-04-26,18:15,J0187,Puerto Escarlata,Ranked,Koro,24,,4,8,Derrota,720.0
2024,2026-03-04,20:35,J0116,Estacion Orbital,Ranked,,43,4.0,3,4,Derrota,540.0
8201,2026-06-18,17:47,J0114,Ciudadela,Casual,  Koro ,17,,6,5,Victoria,1230.0
9058,2026-07-01,19:10,J0005,Puerto Escarlata,Ranked,Lienzo,37,7.0,6,6,Derrota,880.0
8787,2026-06-27,20:30,J0200,Ciudadela,Casual,Brisa;Nadia,14,8.0,4,7,Derrota,1070.0
7322,2026-06-05,16:08,J0013,Ciudadela,Torneo,Tesla;Umbra,17,4.0,3,5,Derrota,590.0
227,2026-01-22,18:24,J0144,Canales de Hielo,Ranked,Nadia;Koro,42,6.0,5,5,Derrota,750.0
1014,2026-02-10,14:22,J0035,Ciudadela,Casual,Lienzo,25,15.0,8,1,Victoria,1890.0
6680,2026-05-25,17:03,J0058,Bosque Umbral,Ranked,Vex;Brisa;Magnus,37,7.0,7,1,Derrota,610.0
1930,2026-03-01,01:16,J0192,Estacion Orbital,Casual,Magnus,18,6.0,2,2,Victoria,1160.0
1044,2026-02-10,03:42,J0082,Canales de Hielo,Ranked,Tesla,31,4.0,4,8,Derrota,720.0
5252,03-05-26,08:57,J0024,Puerto Escarlata,Casual,Tesla;Koro;Umbra,12,6.0,3,2,Victoria,1140.0
1405,2026-02-19,08:28,J0067,Ciudadela,Ranked,,37,11.0,10,5,Victoria,1650.0
2180,2026-03-07,18:48,J0200,Puerto Escarlata,Casual,UMBRA;TESLA,27,4.0,4,5,,570.0
698,02-02-26,17:29,J0071,Bosque Umbral,Ranked,Koro;Magnus,26,3.0,6,4,derrota,380.0
1125,2026-02-12,16:37,J0031,Ciudadela,Ranked,Magnus,25,5.0,4,5,,1170.0
7379,06/06/2026,14:19,J0021,Ciudadela,Casual,Lienzo;Koro,16,6.0,7,3,victoria,1110.0
3896,09-04-26,21:38,J0027,Estacion Orbital,Torneo,Koro,14,7.0,6,4,Victoria,1280.0
8283,20/06/2026,22:02,J0039,Ciudadela,Ranked,Brisa,34,12.0,5,6,Derrota,1400.0
5111,01/05/2026,14:19,J0020,Bosque Umbral,Ranked,Magnus,31,9.0,5,6,Derrota,1100.0
1779,2026-02-26,18:19,J0107,Ciudadela,Casual,Magnus,8,6.0,5,8,Derrota,900.0
7920,2026-06-14,18:33,J0019,Canales de Hielo,Casual,Vex;Brisa,22,3.0,4,6,Derrota,520.0
2635,16-03-26,17:08,J0027,Estacion Orbital,Casual,Magnus;Lienzo,8,7.0,7,1,Victoria,1110.0
7188,02-06-26,18:42,J0056,Puerto Escarlata,Casual,Brisa,32,2.0,4,3,Derrota,270.0
7545,2026-06-08,17:33,J0055,Bosque Umbral,Casual,,17,,4,6,Victoria,1220.0
7605,09-06-26,15:39,J0014,Bosque Umbral,Casual,Vex;Nadia;Umbra,12,9.0,5,4,Derrota,1000.0
3490,2026-04-01,19:47,J0003,Estacion Orbital,Casual,Vex,16,8.0,9,8,Victoria,1520.0
8325,2026-06-21,21:58,J0131,Estacion Orbital,Ranked,Vex,25,6.0,3,4,Victoria,1240.0
1038,10-02-26,15:20,J0024,Desierto Neon,Ranked,Koro;Tesla,30,5.0,9,4,Derrota,520.0
6094,17/05/2026,18:14,J0200,Puerto Escarlata,Casual,Vex,10,4.0,3,8,Victoria,1240.0
2257,08-03-26,07:21,J0137,Desierto Neon,Ranked,Tesla;Magnus,30,6.0,7,5,Derrota,710.0
8255,2026-06-20,14:11,J0031,Estacion Orbital,Casual,Nadia,30,5.0,3,3,Derrota,590.0
2614,15/03/2026,08:31,J0048,Desierto Neon,Casual,Nadia,8,6.0,3,2,Derrota,640.0
314,2026-01-24,19:11,J0015,Desierto Neon,Ranked,Tesla,39,5.0,3,4,Victoria,1140.0
2650,2026-03-16,21:09,J0173,Estacion Orbital,Casual,Nadia,26,11.0,3,11,Victoria,
2282,09-03-26,17:07,J0098,Bosque Umbral,Ranked,Vex,22,10.0,5,3,Derrota,1050.0
6742,2026-05-26,  19:37 ,J0040,Canales de Hielo,Casual,Nadia,19,9.0,8,6,Derrota,1040.0
2980,2026-03-22,18:55,J0052,Ciudadela,Ranked,Nadia;Vex;Koro,27,6.0,7,4,Victoria,1160.0
2548,2026-03-14,20:36,J0007,Canales de Hielo,Casual,Lienzo;Vex,19,9.0,6,4,Derrota,980.0
5513,07/05/2026,06:35,J0116,Bosque Umbral,Casual,Magnus,10,6.0,6,3,Victoria,1130.0
5133,2026-05-01,19:45,J0081,Ciudadela,Casual,Brisa,27,13.0,6,3,Derrota,1330.0
2160,06/03/2026,15:36,J0001,Puerto Escarlata,Ranked,Nadia;Lienzo,24,8.0,4,7,Derrota,
7081,2026-06-01,12:11,J0040,Puerto Escarlata,Casual,,10,1.0,8,3,Derrota,90.0
3138,2026-03-25,00:21,J0007,Ciudadela,Casual,Tesla;Nadia,9,10.0,3,1,,1490.0
9150,2026-07-03,16:40,J0200,Bosque Umbral,Ranked,Brisa,32,4.0,3,3,Victoria,990.0
5851,2026-05-12,20:14,J0020,Ciudadela,Casual,Magnus,16,5.0,11,2,Victoria,880.0
9940,2026-07-14,12:37,J0026,Puerto Escarlata,Casual,Magnus;Koro,12,,8,1,Victoria,790.0
6446,22/05/2026,20:04,J0005,Ciudadela,Ranked,Brisa;Lienzo,33,5.0,6,5,Derrota,630.0
3968,2026-04-10,19:49,J0011,Canales de Hielo,Ranked,Koro;Nadia,29,2.0,4,3,Victoria,770.0
1429,19-02-26,17:13,J0012,Bosque Umbral,Casual,Lienzo,19,,5,4,Derrota,700.0
8488,2026-06-23,22:12,J0165,Bosque Umbral,Ranked,Umbra,31,7.0,4,2,victoria,1220.0
2521,2026-03-14,15:13,J0044,Puerto Escarlata,Casual,  Tesla ,24,8.0,6,2,,780.0
8892,2026-06-29,12:48,J0028,Ciudadela,Ranked,Nadia;Lienzo;Umbra,24,4.0,5,5,Derrota,550.0
4970,2026-04-28,13:56,J0079,Canales de Hielo,Casual,Magnus,25,5.0,7,3,Victoria,1010.0
1856,2026-02-28,14:23,J0065,Canales de Hielo,Casual,Brisa,13,2.0,3,1,Derrota,190.0
8702,2026-06-26,16:53,J0188,Ciudadela,Ranked,,27,5.0,5,4,Victoria,1100.0
5603,2026-05-09,23:11,J0186,Estacion Orbital,Ranked,Umbra,41,10.0,4,4,Derrota,1120.0
7272,04-06-26,17:19,J0004,Ciudadela,Ranked,Koro;Nadia;Magnus,26,10.0,5,5,Victoria,1650.0
9943,14-07-26,11:31,J0032,Canales de Hielo,Ranked,Brisa,45,5.0,5,5,Derrota,650.0
449,2026-01-27,16:51,J0200,Bosque Umbral,Torneo,Vex;Lienzo,24,9.0,4,1,Derrota,870.0
8585,25-06-26,19:24,J0053,Bosque Umbral,Casual,Umbra,17,2.0,5,6,Derrota,400.0
1285,16/02/2026,19:43,J0009,Puerto Escarlata,Casual,lienzo,28,5.0,4,2,Victoria,1020.0
5996,2026-05-15,23:32,J0080,Canales de Hielo,Casual,Tesla,17,2.0,4,1,Derrota,170.0
8590,25-06-26,  08:04 ,J0200,Ciudadela,Ranked,Lienzo;Koro,26,5.0,4,7,DERROTA,770.0
7752,2026-06-12,21:58,J0073,Bosque Umbral,Casual,Umbra;Koro,27,3.0,4,8,DERROTA,620.0
3728,06/04/2026,17:04,J0103,Puerto Escarlata,Casual,Magnus;Vex;Koro,13,8.0,4,9,Derrota,1170.0
7354,2026-06-05,00:23,J0098,Ciudadela,Casual,Tesla;Magnus,30,10.0,4,4,Derrota,1120.0
362,2026-01-25,  18:55 ,J0004,Bosque Umbral,Ranked,Brisa,41,5.0,8,4,Derrota,540.0
6280,2026-05-19,17:47,J0057,Puerto Escarlata,Ranked,Nadia;Umbra,38,11.0,4,3,Victoria,1670.0
5231,2026-05-03,19:44,J0055,Puerto Escarlata,Ranked,Nadia;Brisa;Vex,30,9.0,4,4,Victoria,1520.0
9013,2026-07-01,00:41,J0016,Estacion Orbital,Ranked,Tesla,38,5.0,7,6,Derrota,"660,0 pts"
7296,04/06/2026,21:08,J0175,Ciudadela,Ranked,Koro,23,6.0,3,6,Derrota,840.0
8961,2026-06-30,10:26,J0014,Estacion Orbital,Casual,,22,1.0,4,6,Victoria,820.0
7535,2026-06-08,19:00,J0073,Canales de Hielo,Casual,  Magnus ,19,3.0,3,4,Victoria,"940,0 pts"
6252,2026-05-19,01:44,J0124,Estacion Orbital,Ranked,Umbra;Brisa,24,2.0,3,3,Derrota,290.0
5927,2026-05-14,20:32,J0009,Estacion Orbital,Casual,Magnus,23,4.0,5,2,DERROTA,400.0
5150,2026-05-01,17:41,J0041,Puerto Escarlata,Ranked,Koro,45,1.0,3,4,Derrota,240.0
2461,2026-03-13,16:32,J0068,Ciudadela,Casual,Brisa,27,4.0,9,6,Derrota,520.0
23,16/01/2026,11:50,J0028,Puerto Escarlata,Ranked,Magnus,41,2.0,10,3,Derrota,150.0
2067,2026-03-04,20:03,J0034,Estacion Orbital,Ranked,Umbra,31,2.0,3,7,Victoria,990.0
1654,2026-02-23,19:42,J0183,Estacion Orbital,Torneo,Vex,19,16.0,3,7,Victoria,
703,2026-02-02,17:16,J0100,Desierto Neon,Ranked,Lienzo,28,5.0,4,2,Victoria,1020.0
8557,24/06/2026,21:57,J0012,Ciudadela,Casual,Brisa,26,5.0,1,1,Victoria,1030.0
2744,2026-03-18,10:14,J0121,Bosque Umbral,Ranked,Tesla,25,6.0,10,2,Derrota,500.0
1377,18/02/2026,18:17,J0200,Puerto Escarlata,Casual,Magnus;Umbra,31,6.0,7,3,Derrota,610.0
1725,2026-02-25,21:28,J0010,Desierto Neon,Ranked,Tesla,29,3.0,6,1,Victoria,730.0
2469,2026-03-13,19:33,J0097,Desierto Neon,Ranked,Nadia,40,6.0,3,3,Victoria,1190.0
3755,06/04/2026,19:04,J0036,Bosque Umbral,Ranked,Brisa;Umbra,36,2.0,3,6,Derrota,440.0
2326,2026-03-09,14:23,J0019,Ciudadela,Casual,Magnus,19,3.0,1,3,Victoria,930.0
461,27/01/2026,21:30,J0007,Ciudadela,Ranked,Vex,36,12.0,5,1,,1650.0
5164,2026-05-02,21:29,J0013,Puerto Escarlata,Torneo,Nadia;Umbra,28,9.0,6,1,  Victoria ,1330.0
4184,14/04/2026,07:45,J0009,Desierto Neon,Casual,Lienzo;Tesla;Vex,21,7.0,4,9,Victoria,1570.0
5527,08-05-26,19:52,J0019,Ciudadela,Ranked,Nadia,28,2.0,5,4,Derrota,300.0
4083,2026-04-12,23:57,J0150,Canales de Hielo,Torneo,Nadia;Lienzo,27,13.0,6,4,Victoria,1880.0
1487,2026-02-20,23:32,J0124,Canales de Hielo,Ranked,Lienzo;Vex,34,2.0,5,2,Victoria,700.0
3679,05-04-26,17:25,J0118,Ciudadela,Ranked,Brisa;Umbra,32,8.0,6,6,Derrota,980.0
7730,2026-06-11,21:32,J0018,Desierto Neon,Casual,Nadia,8,1.0,4,3,Victoria,670.0
283,23/01/2026,18:27,J0086,Puerto Escarlata,Ranked,Vex;Tesla,30,5.0,5,7,Derrota,750.0
6580,2026-05-23,20:59,J0087,Ciudadela,Ranked,Brisa;Vex,30,6.0,8,1,Victoria,990.0
4559,2026-04-21,22:35,J0020,Desierto Neon,Casual,Vex;Magnus,14,8.0,4,5,Derrota,970.0
4309,17-04-26,19:47,J0013,Estacion Orbital,Casual,Lienzo;Koro;Vex,14,,7,4,Victoria,1360.0
6685,25/05/2026,20:02,J0133,Estacion Orbital,Torneo,Umbra,26,4.0,12,7,Derrota,510.0
4866,26/04/2026,20:47,J0023,Desierto Neon,Ranked,Tesla,34,9.0,5,5,Victoria,1550.0
3538,02-04-26,20:10,J0155,Estacion Orbital,Casual,Magnus,13,4.0,6,7,Derrota,630.0
3869,08-04-26,15:05,J0037,Estacion Orbital,Ranked,Nadia,34,3.0,5,3,Victoria,850.0
7004,31-05-26,21:53,J0053,Ciudadela,Casual,Nadia,13,,10,3,Victoria,750.0
2582,2026-03-15,20:56,J0029,Puerto Escarlata,Casual,Nadia,27,3.0,4,6,Victoria,1020.0
1369,2026-02-18,19:43,J0088,Bosque Umbral,Ranked,NADIA;LIENZO,42,6.0,3,2,Victoria,1140.0
9542,09/07/2026,18:11,J0089,Estacion Orbital,Casual,Vex,9,10.0,2,3,Derrota,1110.0
8262,2026-06-20,02:17,J0120,Canales de Hielo,Ranked,Nadia;Lienzo,32,8.0,5,1,Victoria,1250.0
598,2026-01-31,07:48,J0107,Puerto Escarlata,Casual,Koro;Nadia,24,1.0,4,2,Victoria,620.0
4352,18/04/2026,18:23,J0009,Bosque Umbral,Casual,Koro,19,3.0,7,1,Victoria,710.0
6347,2026-05-21,17:28,J0027,Estacion Orbital,Torneo,Lienzo,32,4.0,4,6,Derrota,620.0
9047,01/07/2026,20:03,J0004,Puerto Escarlata,Ranked,Magnus,44,10.0,4,5,Derrota,1170.0
6380,21-05-26,21:50,J0058,Estacion Orbital,Casual,Magnus;Lienzo,30,9.0,1,5,Derrota,1130.0
4759,2026-04-25,19:56,J0067,Ciudadela,Ranked,Magnus,29,11.0,4,3,Victoria,1670.0
647,2026-02-01,15:49,J0082,Desierto Neon,Ranked,Magnus,30,10.0,4,6,Victoria,1720.0
6382,2026-05-21,16:01,J0038,Bosque Umbral,Ranked,Tesla;Nadia,29,5.0,5,4,Derrota,"600,0 pts"
7528,2026-06-08,19:50,J0068,Desierto Neon,Ranked,Umbra,37,9.0,4,6,Derrota,1120.0
9771,2026-07-12,18:51,J0069,Canales de Hielo,Ranked,Nadia,32,4.0,7,2,Victoria,860.0
6024,2026-05-16,17:12,J0127,Canales de Hielo,Ranked,UMBRA,26,8.0,7,3,  Derrota ,810.0
4948,28/04/2026,15:50,J0068,Puerto Escarlata,Ranked,  Brisa ,27,7.0,4,2,Derrota,720.0
8090,17-06-26,22:26,J0010,Desierto Neon,Ranked,Lienzo,26,6.0,3,7,Derrota,890.0
7166,2026-06-02,17:57,J0033,Bosque Umbral,Casual,Lienzo,19,10.0,7,4,Victoria,1560.0
3469,2026-03-31,20:15,J0023,Ciudadela,Casual,Tesla;Koro,28,7.0,4,7,Victoria,1470.0
7931,2026-06-14,21:08,J0121,Canales de Hielo,Ranked,Nadia,36,1.0,5,2,Victoria,600.0
7698,2026-06-11,14:41,J0064,Desierto Neon,Casual,Lienzo,19,4.0,5,5,Derrota,550.0
2991,2026-03-22,23:36,J0058,Desierto Neon,Ranked,Umbra,35,7.0,3,5,Victoria,1390.0
9478,2026-07-08,23:20,J0062,Desierto Neon,Ranked,Nadia,38,5.0,4,3,Victoria,1070.0
4876,26/04/2026,20:34,J0200,Bosque Umbral,Casual,Nadia,24,11.0,5,2,Victoria,1600.0
2545,2026-03-14,03:07,J0104,Puerto Escarlata,Ranked,Vex;Tesla;Lienzo,39,10.0,8,1,Victoria,1390.0
8664,2026-06-26,15:18,J0022,Puerto Escarlata,Casual,Nadia,9,4.0,6,4,Victoria,980.0
7799,2026-06-12,20:14,J0020,Ciudadela,Ranked,Brisa,45,8.0,4,1,Derrota,770.0
5342,2026-05-04,19:57,J0001,Bosque Umbral,Casual,Brisa,32,5.0,4,6,Victoria,1220.0
1568,2026-02-22,12:53,J0004,Estacion Orbital,Casual,Umbra,15,,4,5,  Derrota ,870.0
2877,21/03/2026,07:26,J0022,Estacion Orbital,Casual,Brisa;Lienzo;Nadia,31,4.0,5,4,Derrota,500.0
4067,2026-04-12,19:34,J0058,Canales de Hielo,Ranked,Lienzo,24,1.0,2,6,Victoria,860.0
3989,2026-04-11,17:57,J0026,Bosque Umbral,Ranked,Nadia,26,2.0,10,4,Victoria,700.0
7032,2026-05-31,09:50,J0090,Desierto Neon,Casual,Lienzo,23,2.0,4,7,Derrota,470.0
2161,06-03-26,22:34,J0074,Bosque Umbral,Casual,Koro;Magnus,19,10.0,5,5,Derrota,1150.0
686,02-02-26,20:29,J0004,Estacion Orbital,Ranked,koro,36,2.0,2,5,Victoria,910.0
7603,2026-06-09,21:25,J0002,Bosque Umbral,Casual,Koro;Lienzo;Vex,22,6.0,5,5,Victoria,1250.0
7918,14/06/2026,16:18,J0009,Canales de Hielo,Casual,Nadia,27,1.0,10,5,Derrota,150.0
3244,28-03-26,18:11,J0049,Bosque Umbral,Ranked,Umbra,23,2.0,3,4,Victoria,840.0
5845,12-05-26,21:13,J0028,Ciudadela,Casual,Umbra;Vex,30,3.0,8,2,Victoria,740.0
8247,2026-06-20,11:02,J0015,Ciudadela,Ranked,MAGNUS;LIENZO,34,3.0,3,5,Derrota,490.0
2462,2026-03-13,18:49,J0034,Bosque Umbral,Ranked,Vex,30,,6,6,Victoria,1480.0
4084,2026-04-12,22:08,J0010,Desierto Neon,Ranked,koro,31,6.0,5,4,Derrota,700.0
2838,2026-03-20,23:02,J0086,Estacion Orbital,Casual,Umbra;Vex,8,,6,5,Victoria,1430.0
3698,2026-04-05,18:13,J0006,Puerto Escarlata,Ranked,Lienzo;Umbra,40,13.0,2,7,Victoria,"2110,0 pts"
7129,01/06/2026,15:24,J0058,Desierto Neon,Casual,UMBRA;TESLA;MAGNUS,15,4.0,5,3,  Derrota ,450.0
6268,19-05-26,23:53,J0028,Desierto Neon,Ranked,Magnus,42,4.0,4,3,Victoria,970.0
4942,27-04-26,16:07,J0070,Estacion Orbital,Ranked,Umbra,25,4.0,3,3,Derrota,490.0
5947,14-05-26,17:32,J0034,Canales de Hielo,Casual,Tesla,29,2.0,5,7,Derrota,450.0
4584,22-04-26,08:52,J0002,Ciudadela,Ranked,Umbra,35,4.0,2,3,Victoria,1010.0
5785,2026-05-11,17:58,J0040,Puerto Escarlata,Casual,Brisa,9,5.0,7,9,Derrota,
4041,12/04/2026,20:26,J0056,Canales de Hielo,Casual,Umbra;Brisa,28,,3,7,Victoria,1390.0
2231,2026-03-08,17:42,J0093,Desierto Neon,Ranked,Magnus,28,4.0,5,4,Victoria,1000.0
7570,2026-06-08,20:53,J0086,Ciudadela,Ranked,Koro,43,1.0,4,2,Victoria,620.0
936,2026-02-08,15:08,J0061,Bosque Umbral,Casual,Tesla;Umbra,25,2.0,4,5,Victoria,"870,0 pts"
2321,2026-03-09,08:35,J0128,Estacion Orbital,Casual,Magnus;Umbra,27,5.0,7,2,Derrota,460.0
4879,26-04-26,20:49,J0061,Puerto Escarlata,Ranked,Lienzo,37,5.0,3,7,Victoria,"1290,0 pts"
522,2026-01-29,13:20,J0093,Bosque Umbral,Casual,Umbra,11,4.0,6,3,Derrota,430.0
523,2026-01-29,18:29,J0028,Puerto Escarlata,Ranked,Brisa,35,7.0,3,4,Victoria,1340.0
5346,2026-05-05,18:57,J0102,Estacion Orbital,Ranked,Magnus,35,2.0,8,3,VICTORIA,690.0
9951,2026-07-14,21:50,J0070,Estacion Orbital,Torneo,Magnus;Nadia,25,1.0,4,3,Victoria,670.0
3360,2026-03-29,07:58,J0090,Bosque Umbral,Ranked,Vex,26,7.0,5,3,Victoria,1250.0
1312,17/02/2026,10:57,J0060,Ciudadela,Casual,Nadia;Lienzo,17,4.0,5,2,Derrota,400.0
3984,2026-04-11,22:20,J0104,Bosque Umbral,Casual,Brisa;Nadia;Vex,31,11.0,7,4,Derrota,1160.0
6495,22/05/2026,10:08,J0007,Desierto Neon,Casual,Umbra,9,11.0,5,2,Derrota,1100.0
9633,10-07-26,19:02,J0022,Puerto Escarlata,Ranked,Brisa;Tesla,34,7.0,5,6,Derrota,900.0
1717,2026-02-25,21:15,J0083,Puerto Escarlata,Casual,Vex,14,5.0,4,2,Victoria,1020.0
781,04-02-26,15:27,J0118,Ciudadela,Casual,Magnus,28,7.0,2,2,Derrota,760.0
9597,10/07/2026,20:28,J0015,Bosque Umbral,Ranked,Tesla;Magnus,40,9.0,10,5,Derrota,950.0
8297,20-06-26,08:04,J0002,Ciudadela,Casual,Brisa,27,6.0,7,5,Victoria,
5608,2026-05-09,20:01,J0027,Estacion Orbital,Casual,Vex,28,9.0,7,2,Derrota,860.0
5979,2026-05-15,16:11,J0088,Desierto Neon,Torneo,Koro,26,4.0,3,4,Derrota,540.0
652,2026-02-01,11:18,J0002,Desierto Neon,Ranked,Nadia,31,6.0,6,5,Victoria,1230.0
3748,06/04/2026,20:41,J0128,Ciudadela,Torneo,Koro;Tesla,29,5.0,5,8,Derrota,800.0
2197,2026-03-07,09:20,J0035,Ciudadela,Ranked,Koro,42,7.0,2,3,Derrota,810.0
8484,2026-06-23,02:08,J0059,Desierto Neon,Ranked,Umbra;Lienzo;Koro,25,5.0,7,3,DERROTA,510.0
370,2026-01-25,09:57,J0022,Estacion Orbital,Ranked,Brisa;Nadia,34,6.0,5,3,Derrota,650.0
9959,2026-07-14,21:12,J0200,Ciudadela,Casual,Tesla;Vex,16,7.0,5,4,derrota,800.0
8141,2026-06-17,20:16,J0200,Puerto Escarlata,Ranked,Lienzo;Umbra,33,5.0,1,4,Victoria,"1180,0 pts"
4215,2026-04-15,11:05,J0013,Puerto Escarlata,Ranked,Vex;Umbra,43,10.0,4,5,Derrota,1170.0
378,2026-01-25,07:17,J0157,Ciudadela,Casual,Brisa;Vex,20,5.0,3,3,Victoria,1090.0
9519,2026-07-09,16:24,J0015,Bosque Umbral,Casual,Koro,16,5.0,5,1,DERROTA,450.0
2217,2026-03-07,20:21,J0056,Estacion Orbital,Casual,NADIA,30,2.0,3,6,Victoria,940.0
8751,2026-06-27,20:07,J0045,Desierto Neon,Ranked,Brisa;Magnus,36,4.0,8,3,Victoria,890.0
1614,2026-02-22,11:34,J0023,Estacion Orbital,Casual,Lienzo;Brisa,14,9.0,5,2,Derrota,900.0
6980,2026-05-30,23:25,J0131,Estacion Orbital,Casual,Nadia,21,3.0,2,4,Victoria,
7550,08/06/2026,18:23,J0150,Puerto Escarlata,Ranked,Magnus,27,11.0,5,5,Victoria,1750.0
1828,28-02-26,16:59,J0055,Estacion Orbital,Casual,Lienzo,31,,5,2,Derrota,0.0
3633,2026-04-04,19:40,J0029,Puerto Escarlata,Casual,Vex,30,9.0,2,1,Derrota,910.0
963,2026-02-08,18:30,J0059,Ciudadela,Torneo,Lienzo;Koro,8,2.0,10,1,Derrota,50.0
2994,2026-03-22,22:29,J0200,Ciudadela,Ranked,Umbra,45,3.0,3,1,Derrota,290.0
6607,2026-05-24,19:01,J0042,Desierto Neon,Casual,Lienzo;Koro,26,6.0,9,5,Victoria,1170.0
9746,2026-07-11,04:16,J0074,Estacion Orbital,Casual,Brisa;Koro,10,5.0,2,5,Victoria,1210.0
2377,2026-03-11,00:06,J0017,Estacion Orbital,Ranked,Magnus;Umbra,22,8.0,5,6,Victoria,1500.0
8298,2026-06-20,21:14,J0004,Canales de Hielo,Ranked,,42,5.0,3,7,  Victoria ,1290.0
360,2026-01-25,20:41,J0011,Desierto Neon,Ranked,Nadia,28,4.0,5,5,Derrota,550.0
3840,2026-04-08,19:37,J0004,Ciudadela,Casual,Vex,9,3.0,6,4,Victoria,880.0
8254,2026-06-20,15:18,J0046,Estacion Orbital,Ranked,vex,39,9.0,6,2,Derrota,880.0
1247,2026-02-15,15:50,J0200,Estacion Orbital,Casual,Vex;Nadia;Koro,24,8.0,5,5,Derrota,950.0
7505,2026-06-07,19:00,J0072,Puerto Escarlata,Torneo,Brisa,28,,5,1,Victoria,550.0
8415,2026-06-22,19:18,J0064,Ciudadela,Ranked,Magnus,41,4.0,7,3,Derrota,410.0
6512,2026-05-23,22:06,J0021,Bosque Umbral,Casual,Brisa,18,2.0,7,2,Victoria,660.0
5088,30/04/2026,20:48,J0200,Bosque Umbral,Casual,Brisa,16,9.0,4,3,Derrota,970.0
3695,05/04/2026,21:29,J0115,Puerto Escarlata,Ranked,Tesla,38,,6,2,Victoria,880.0
1574,22/02/2026,00:41,J0026,Desierto Neon,Casual,TESLA,15,7.0,3,2,Victoria,1240.0
6282,2026-05-19,13:10,J0005,Bosque Umbral,Casual,Magnus,9,5.0,5,2,Victoria,1000.0
5440,06/05/2026,04:43,J0001,Canales de Hielo,Ranked,Brisa,22,4.0,3,3,Derrota,490.0
2568,2026-03-15,23:44,J0080,Puerto Escarlata,Casual,Tesla,12,7.0,6,3,Victoria,1230.0
3424,2026-03-31,00:40,J0102,Canales de Hielo,Ranked,Vex,23,5.0,9,3,Victoria,970.0
2038,2026-03-04,16:45,J0068,Canales de Hielo,Ranked,Koro;Lienzo,24,3.0,7,2,Derrota,260.0
9314,05-07-26,19:34,J0003,Ciudadela,Ranked,Nadia;Umbra,31,3.0,7,10,Derrota,660.0
773,2026-02-04,07:58,J0113,Bosque Umbral,Ranked,Tesla;Brisa,23,4.0,7,4,Derrota,460.0
5381,05-05-26,21:45,J0001,Desierto Neon,Casual,Tesla;Lienzo,10,5.0,7,0,Victoria,860.0
9641,2026-07-10,20:44,J0060,Estacion Orbital,Casual,Brisa,13,4.0,6,4,Derrota,480.0
3563,2026-04-03,17:13,J0067,Bosque Umbral,Casual,Magnus;Brisa;Umbra,16,7.0,7,7,Victoria,1410.0
563,2026-01-30,19:45,J0074,Canales de Hielo,Ranked,  Umbra ,35,6.0,5,2,Victoria,1100.0
6684,2026-05-25,12:03,J0126,Puerto Escarlata,Ranked,Vex;Lienzo;Koro,37,5.0,4,5,Victoria,1170.0
2547,2026-03-14,08:48,J0074,Bosque Umbral,Ranked,Tesla,23,5.0,4,3,Derrota,570.0
5511,2026-05-07,07:56,J0099,Bosque Umbral,Casual,Umbra;Magnus,22,1.0,7,5,Victoria,710.0
5331,04/05/2026,14:17,J0123,Canales de Hielo,Torneo,Koro;Brisa,27,5.0,6,4,Derrota,580.0
8790,2026-06-27,02:07,J0010,Ciudadela,Casual,Magnus,15,8.0,2,3,Victoria,1410.0
4532,21/04/2026,16:26,J0024,Canales de Hielo,Ranked,brisa,22,3.0,4,5,Victoria,970.0
1675,2026-02-24,19:18,J0200,Puerto Escarlata,Torneo,Vex,26,8.0,1,3,Derrota,930.0
7396,2026-06-06,13:24,J0086,Bosque Umbral,Casual,Umbra;Brisa,24,4.0,5,8,Derrota,700.0
366,25-01-26,20:21,J0018,Canales de Hielo,Torneo,Umbra,14,4.0,4,3,Victoria,970.0
8152,18/06/2026,21:10,J0002,Estacion Orbital,Casual,Magnus;Tesla,10,3.0,7,1,Victoria,710.0
8025,2026-06-16,13:03,J0091,Desierto Neon,Casual,Brisa,14,4.0,5,8,Victoria,
4328,2026-04-17,19:49,J0192,Ciudadela,Casual,Brisa,11,11.0,2,4,Derrota,1260.0
2546,2026-03-14,23:19,J0050,Puerto Escarlata,Casual,Umbra,17,1.0,5,1,Derrota,50.0
148,2026-01-20,23:55,J0050,Bosque Umbral,Casual,Koro,21,2.0,5,6,Victoria,900.0
1669,24/02/2026,13:10,J0007,Desierto Neon,Casual,Vex,18,13.0,5,7,Derrota,1550.0
3089,2026-03-24,20:26,J0015,Estacion Orbital,Torneo,Magnus;Brisa,11,7.0,5,9,Derrota,1050.0
8914,2026-06-29,22:09,J0043,Desierto Neon,Ranked,Lienzo,45,1.0,10,3,Derrota,50.0
7651,10-06-26,16:33,J0079,Puerto Escarlata,Casual,Umbra;Lienzo,19,7.0,6,2,Derrota,680.0
408,2026-01-26,16:33,J0016,Bosque Umbral,Torneo,KORO;LIENZO,25,11.0,7,4,Victoria,1660.0
9657,2026-07-11,11:40,J0078,Bosque Umbral,Ranked,Brisa,34,5.0,11,4,Derrota,480.0
7789,12-06-26,19:23,J0024,Estacion Orbital,Torneo,Nadia;Brisa,19,5.0,6,4,Derrota,580.0
3457,31-03-26,20:55,J0006,Estacion Orbital,Ranked,Koro,30,6.0,5,0,Derrota,500.0
6187,2026-05-18,10:40,J0060,Ciudadela,Ranked,Tesla;Vex,40,3.0,4,6,Victoria,1020.0
4183,2026-04-14,18:40,J0044,Ciudadela,Ranked,Vex;Tesla;Brisa,41,10.0,5,5,Victoria,1650.0
3577,03/04/2026,10:30,J0016,Ciudadela,Casual,,17,11.0,8,5,Derrota,1190.0
3272,2026-03-28,23:56,J0160,Ciudadela,Ranked,nadia;tesla,38,3.0,5,5,Derrota,450.0
4941,2026-04-27,01:34,J0034,Desierto Neon,Casual,Tesla;Nadia,10,5.0,3,4,Derrota,640.0
1032,2026-02-10,08:42,J0010,Bosque Umbral,Casual,Umbra,10,6.0,7,1,Derrota,510.0
8128,2026-06-17,19:52,J0102,Estacion Orbital,Ranked,Tesla;Brisa,45,6.0,7,1,victoria,1010.0
6231,19/05/2026,  21:24 ,J0050,Estacion Orbital,Casual,Magnus;Tesla,16,4.0,6,2,Victoria,880.0
6593,2026-05-24,11:37,J0098,Puerto Escarlata,Ranked,Nadia,45,5.0,9,5,Derrota,570.0
8976,2026-06-30,21:07,J0013,Estacion Orbital,Casual,Koro,18,7.0,6,3,Derrota,"730,0 pts"
9885,13-07-26,19:05,J0084,Estacion Orbital,Torneo,Brisa,27,6.0,2,2,Victoria,1160.0
6725,2026-05-26,09:22,J0019,Estacion Orbital,Ranked,Magnus,26,6.0,6,4,Derrota,680.0
9893,2026-07-13,15:41,J0001,Bosque Umbral,Ranked,Tesla,30,4.0,6,1,Derrota,330.0
8188,2026-06-18,22:47,J0052,Puerto Escarlata,Casual,Koro;Magnus,21,7.0,7,2,Victoria,1160.0
856,06-02-26,08:23,J0047,Puerto Escarlata,Torneo,Nadia,11,10.0,5,7,Derrota,1250.0
3927,10/04/2026,17:21,J0160,Puerto Escarlata,Ranked,brisa,26,7.0,5,2,Derrota,700.0
8616,2026-06-25,18:05,J0008,Canales de Hielo,Casual,Umbra;Nadia,29,3.0,8,1,Victoria,690.0
79,2026-01-18,14:53,J0038,Estacion Orbital,Ranked,,26,4.0,9,5,Victoria,970.0
7089,2026-06-01,14:51,J0077,Bosque Umbral,Casual,Magnus,8,3.0,4,2,,820.0
2248,08/03/2026,21:49,J0029,Canales de Hielo,Ranked,Magnus,27,5.0,10,5,Derrota,550.0
8329,21-06-26,23:13,J0044,Ciudadela,Ranked,Nadia,35,7.0,5,3,Victoria,1250.0
4027,2026-04-11,00:53,J0041,Bosque Umbral,Casual,Magnus;Brisa,21,2.0,5,1,Victoria,650.0
9486,2026-07-08,  14:36 ,J0025,Canales de Hielo,Ranked,Umbra,42,1.0,3,1,Derrota,90.0
9644,10/07/2026,19:40,J0046,Bosque Umbral,Casual,Koro,19,6.0,8,5,Victoria,1190.0
9366,2026-07-06,19:48,J0048,Desierto Neon,Ranked,Magnus,23,3.0,9,2,Derrota,220.0
715,2026-02-02,10:06,J0027,Estacion Orbital,Ranked,Brisa,45,10.0,4,3,Derrota,1070.0
7452,2026-06-06,20:40,J0200,Bosque Umbral,Casual,Koro;Lienzo,29,9.0,2,3,Victoria,1510.0
789,04-02-26,19:28,J0041,Desierto Neon,Casual,Magnus,20,8.0,2,2,Derrota,"860,0 pts"
2280,2026-03-08,09:45,J0096,Desierto Neon,Ranked,Umbra;Tesla,24,4.0,6,4,Victoria,980.0
4096,12-04-26,08:43,J0105,Ciudadela,Casual,Vex;Koro,29,8.0,3,4,Victoria,1440.0
3898,09/04/2026,15:57,J0059,Bosque Umbral,Casual,Tesla;Nadia,21,5.0,5,4,Victoria,"1100,0 pts"
8079,2026-06-17,21:57,J0043,Desierto Neon,Casual,Koro;Brisa,15,8.0,9,1,Derrota,670.0
7178,02/06/2026,22:47,J0001,Estacion Orbital,Ranked,Koro,39,4.0,8,5,Derrota,490.0
9800,2026-07-12,19:03,J0008,Puerto Escarlata,Ranked,Tesla;Nadia,32,2.0,5,7,Victoria,950.0
9525,2026-07-09,00:40,J0040,Bosque Umbral,Casual,Lienzo,22,,5,5,Derrota,650.0
3632,2026-04-04,13:38,J0003,Canales de Hielo,Casual,Lienzo;Tesla,13,3.0,5,2,Victoria,800.0
8693,2026-06-26,09:47,J0013,Desierto Neon,Casual,Nadia;Vex,30,7.0,1,5,Victoria,1430.0
7298,04-06-26,15:16,J0104,Bosque Umbral,Torneo,Vex;Umbra,22,8.0,2,3,Victoria,1410.0
6273,2026-05-19,20:58,J0014,Bosque Umbral,Casual,Brisa,13,4.0,6,1,Victoria,830.0
425,2026-01-26,00:25,J0021,Desierto Neon,Torneo,Brisa,18,8.0,9,2,Victoria,1220.0
393,2026-01-25,10:59,J0109,Ciudadela,Casual,Magnus;Koro,21,4.0,4,6,  Derrota ,620.0
3192,2026-03-27,19:46,J0025,Ciudadela,Casual,Koro,13,8.0,7,2,Derrota,760.0
17,2026-01-16,15:48,J0028,Bosque Umbral,Ranked,Umbra,32,3.0,4,5,Victoria,970.0
6336,2026-05-20,16:42,J0031,Bosque Umbral,Ranked,Umbra;Lienzo,44,7.0,4,8,Derrota,1020.0
4201,15/04/2026,20:33,J0052,Puerto Escarlata,Casual,UMBRA,13,4.0,1,5,Derrota,630.0
2673,2026-03-16,10:44,J0032,Puerto Escarlata,Ranked,Koro,30,7.0,8,4,,1240.0
2445,12-03-26,23:55,J0056,Ciudadela,Casual,Tesla,30,5.0,6,2,Victoria,980.0
6698,2026-05-25,14:01,J0021,Ciudadela,Ranked,Tesla,31,11.0,4,2,Derrota,1120.0
6165,17-05-26,01:38,J0053,Estacion Orbital,Torneo,Koro,32,5.0,5,4,Victoria,1100.0
2602,15-03-26,17:49,J0038,Puerto Escarlata,Ranked,Umbra;Tesla;Magnus,22,4.0,3,3,Derrota,490.0
3494,01-04-26,13:59,J0200,Bosque Umbral,Ranked,Lienzo,36,8.0,7,1,DERROTA,710.0
6045,16/05/2026,01:20,J0063,Desierto Neon,Ranked,Umbra,42,,4,0,Victoria,1620.0
1460,20/02/2026,12:40,J0037,Canales de Hielo,Ranked,Koro,29,5.0,4,6,VICTORIA,1220.0
3805,08-04-26,15:44,J0044,Estacion Orbital,Torneo,Vex,23,8.0,1,5,Victoria,1530.0
9919,2026-07-13,18:03,J0170,Canales de Hielo,Casual,Tesla,29,7.0,4,3,Victoria,1270.0
7395,2026-06-06,19:48,J0059,Ciudadela,Ranked,Tesla,35,2.0,7,2,Derrota,160.0
4840,2026-04-26,14:01,J0008,Bosque Umbral,Casual,Magnus,10,2.0,4,4,Victoria,820.0
594,31/01/2026,09:45,J0046,Bosque Umbral,Ranked,Vex,41,9.0,5,3,Victoria,1450.0
3836,2026-04-08,16:13,J0035,Canales de Hielo,Ranked,Tesla;Umbra;Vex,26,7.0,10,4,Victoria,
9384,2026-07-07,19:10,J0064,Ciudadela,Casual,BRISA;UMBRA,28,9.0,1,8,Derrota,1280.0
5684,2026-05-10,23:15,J0029,Ciudadela,Ranked,Tesla,28,2.0,4,2,Victoria,
8817,2026-06-28,23:20,J0005,Desierto Neon,Casual,Umbra,16,10.0,7,6,Derrota,1160.0
5828,12/05/2026,10:49,J0182,Bosque Umbral,Ranked,Magnus,24,14.0,3,5,Derrota,1590.0
9822,2026-07-12,21:15,J0029,Estacion Orbital,Torneo,Koro,24,0.0,5,5,Derrota,150.0
7962,2026-06-15,22:28,J0011,Bosque Umbral,Casual,Vex;Lienzo,13,7.0,3,2,Victoria,1240.0
4725,24-04-26,22:50,J0040,Canales de Hielo,Ranked,Tesla,27,3.0,3,2,Victoria,840.0
8828,2026-06-28,21:16,J0012,Puerto Escarlata,Casual,Nadia,13,6.0,10,2,Derrota,500.0
5888,2026-05-13,22:10,J0131,Desierto Neon,Torneo,Magnus;Nadia,27,8.0,6,5,Victoria,1430.0
2356,2026-03-10,23:27,J0045,Estacion Orbital,Casual,Brisa,16,4.0,5,2,Victoria,900.0
6037,2026-05-16,20:30,J0128,Puerto Escarlata,Casual,Koro,21,5.0,6,3,Victoria,1030.0
4799,25/04/2026,09:41,J0128,Estacion Orbital,Torneo,Koro,17,3.0,3,2,Victoria,840.0
2443,2026-03-12,21:17,J0002,Puerto Escarlata,Ranked,Magnus,24,2.0,7,3,  Victoria ,710.0
8714,2026-06-27,20:51,J0030,Bosque Umbral,Casual,Brisa,15,7.0,3,5,Victoria,1390.0
4593,2026-04-22,12:42,J0028,Puerto Escarlata,Ranked,Lienzo,34,2.0,3,7,Derrota,490.0
8841,28/06/2026,21:04,J0052,Desierto Neon,Ranked,Koro;Tesla;Lienzo,38,3.0,7,3,Victoria,810.0
465,2026-01-27,  17:00 ,J0015,Bosque Umbral,Casual,Tesla,12,3.0,4,5,Derrota,470.0
164,2026-01-20,19:04,J0007,Canales de Hielo,Ranked,Koro;Magnus,25,7.0,6,5,Derrota,830.0
9766,2026-07-12,17:52,J0041,Bosque Umbral,Casual,Brisa,14,5.0,8,5,Derrota,590.0
9506,08/07/2026,18:21,J0020,Canales de Hielo,Casual,Vex,23,10.0,4,3,Derrota,1070.0
8471,2026-06-23,19:14,J0009,Puerto Escarlata,Casual,Vex;Koro,28,6.0,7,1,Victoria,1010.0
9851,2026-07-13,07:37,J0056,Canales de Hielo,Casual,Umbra;Tesla,29,3.0,3,5,,990.0
9551,2026-07-09,17:24,J0083,Estacion Orbital,Casual,Tesla;Umbra,27,1.0,4,7,Victoria,870.0
7381,06/06/2026,22:08,J0077,Puerto Escarlata,Ranked,nadia,28,1.0,5,4,Derrota,200.0
6637,2026-05-24,19:46,J0139,Canales de Hielo,Ranked,Koro,26,8.0,6,3,Victoria,1330.0
242,22-01-26,03:22,J0039,Canales de Hielo,Ranked,Tesla,30,10.0,5,3,Derrota,1050.0
2010,03/03/2026,17:49,J0026,Desierto Neon,Torneo,Nadia,30,2.0,7,1,Derrota,110.0
6357,2026-05-21,18:29,J0078,Desierto Neon,Casual,Lienzo,26,5.0,6,2,Derrota,480.0
3085,2026-03-24,17:29,J0052,Canales de Hielo,Ranked,Magnus,33,,6,3,Derrota,230.0
6209,2026-05-18,15:51,J0050,Desierto Neon,Casual,Lienzo;Vex,8,9.0,6,4,Derrota,980.0
901,07/02/2026,14:02,J0086,Canales de Hielo,Casual,Koro,8,8.0,7,2,Derrota,760.0
5543,2026-05-08,18:20,J0090,Ciudadela,Torneo,Nadia,15,,7,1,Victoria,1210.0
6008,2026-05-16,16:10,J0051,Canales de Hielo,Ranked,Brisa,28,2.0,4,9,Victoria,
7994,2026-06-15,11:03,J0031,Desierto Neon,Ranked,Nadia,41,7.0,4,4,Victoria,1320.0
7639,2026-06-10,20:24,J0103,Estacion Orbital,Ranked,Umbra,37,7.0,3,9,Victoria,1590.0
6794,2026-05-27,15:42,J0093,Puerto Escarlata,Casual,Koro;Brisa,9,3.0,10,4,Victoria,800.0
8871,28/06/2026,09:44,J0046,Desierto Neon,Torneo,Brisa,15,7.0,2,5,Derrota,"910,0 pts"
7759,12/06/2026,22:43,J0026,Canales de Hielo,Casual,Brisa,23,11.0,5,2,Derrota,1100.0
4838,2026-04-26,17:23,J0200,Ciudadela,Casual,Umbra,16,12.0,4,0,Victoria,1620.0
2294,2026-03-09,22:26,J0200,Ciudadela,Casual,  Vex;Magnus ,9,2.0,6,4,Victoria,780.0
6549,2026-05-23,15:40,J0080,Puerto Escarlata,Casual,Lienzo;Koro;Tesla,11,11.0,5,5,Victoria,"1750,0 pts"
7899,2026-06-14,21:54,J0007,Ciudadela,Casual,Nadia,32,9.0,6,5,Victoria,1530.0
8113,2026-06-17,13:38,J0001,Puerto Escarlata,Casual,Lienzo;Brisa,31,6.0,3,5,Derrota,790.0
4482,20/04/2026,22:01,J0097,Canales de Hielo,Casual,Lienzo,15,5.0,5,1,  Victoria ,950.0
5303,04-05-26,07:27,J0011,Estacion Orbital,Ranked,Umbra;Koro,29,6.0,6,5,Victoria,1230.0
4606,2026-04-22,02:48,J0010,Bosque Umbral,Ranked,  Brisa;Nadia ,43,13.0,3,2,Derrota,1340.0
3717,2026-04-06,18:29,J0020,Ciudadela,Casual,Umbra;Koro,17,7.0,9,7,Victoria,1370.0
9142,03/07/2026,11:43,J0073,Ciudadela,Ranked,Koro;Umbra,24,3.0,3,4,,440.0
6141,2026-05-17,20:31,J0096,Bosque Umbral,Casual,Brisa;Vex,32,9.0,5,2,Victoria,1400.0
1765,26-02-26,20:46,J0200,Estacion Orbital,Casual,Nadia,27,9.0,2,9,Victoria,1810.0
6599,2026-05-24,20:58,J0039,Desierto Neon,Casual,Tesla;Nadia,22,6.0,13,5,Derrota,590.0
1550,2026-02-21,19:42,J0123,Estacion Orbital,Ranked,Lienzo,34,5.0,7,7,,1210.0
3030,2026-03-23,11:05,J0142,Desierto Neon,Ranked,Lienzo,29,4.0,1,2,Derrota,480.0
8722,27/06/2026,19:13,J0064,Ciudadela,Ranked,Brisa,26,6.0,4,8,Derrota,920.0
6299,20/05/2026,04:51,J0002,Ciudadela,Casual,Koro,22,9.0,7,0,VICTORIA,1260.0
6663,2026-05-25,23:36,J0025,Bosque Umbral,Ranked,Magnus,40,3.0,4,2,Derrota,320.0
6627,2026-05-24,19:35,J0011,Estacion Orbital,Ranked,Magnus,24,4.0,5,3,Victoria,950.0
2045,2026-03-04,21:38,J0030,Estacion Orbital,Casual,Brisa,28,10.0,4,5,Derrota,1170.0
768,2026-02-04,17:22,J0031,Estacion Orbital,Casual,Vex,10,7.0,5,2,Victoria,1200.0
5694,2026-05-10,23:17,J0071,Ciudadela,Casual,Lienzo,10,6.0,9,0,Victoria,920.0
7871,2026-06-13,08:22,J0200,Canales de Hielo,Ranked,Koro;Magnus,29,3.0,4,1,Derrota,270.0
7796,2026-06-12,12:18,J0078,Canales de Hielo,Torneo,Umbra;Brisa,27,4.0,9,5,,470.0
1509,21/02/2026,16:19,J0054,Puerto Escarlata,Ranked,Nadia;Lienzo,45,5.0,3,5,Derrota,690.0
7231,2026-06-03,02:37,J0021,Ciudadela,Casual,Tesla;Magnus,9,4.0,5,5,  Derrota ,550.0
7858,2026-06-13,23:20,J0004,Bosque Umbral,Casual,Vex;Koro,23,8.0,2,2,Derrota,860.0
3303,2026-03-28,03:09,J0001,Desierto Neon,Ranked,Tesla,36,6.0,5,3,  Victoria ,1150.0
4518,2026-04-20,20:12,J0023,Bosque Umbral,Ranked,Tesla,22,5.0,2,2,Derrota,560.0
4220,2026-04-15,02:45,J0098,Canales de Hielo,Casual,Brisa,19,4.0,7,6,Victoria,1060.0
9149,2026-07-03,22:20,J0066,Canales de Hielo,Ranked,Vex,41,10.0,5,3,Victoria,1550.0
8125,17-06-26,09:56,J0008,Bosque Umbral,Casual,Koro,17,3.0,5,5,Derrota,450.0
3293,2026-03-28,23:52,J0061,Canales de Hielo,Casual,Vex,26,3.0,5,1,Derrota,250.0
820,2026-02-05,13:39,J0138,Canales de Hielo,Casual,Umbra,8,3.0,4,4,Derrota,420.0
1404,2026-02-19,00:27,J0030,Bosque Umbral,Casual,Umbra;Tesla,28,9.0,2,4,Victoria,1560.0
1383,18/02/2026,01:12,J0032,Desierto Neon,Casual,Vex,28,10.0,13,3,Derrota,"890,0 pts"
2149,2026-03-06,17:46,J0007,Puerto Escarlata,Ranked,Lienzo,29,5.0,5,5,Derrota,650.0
6929,2026-05-30,19:46,J0096,Puerto Escarlata,Ranked,Vex,27,5.0,10,3,Victoria,950.0
5672,10/05/2026,20:45,J0015,Puerto Escarlata,Casual,Tesla,15,3.0,7,3,Victoria,810.0
1639,2026-02-23,22:04,J0085,Canales de Hielo,Casual,Koro,17,5.0,6,3,Victoria,1030.0
5892,13/05/2026,17:50,J0034,Ciudadela,Ranked,Umbra,43,5.0,5,3,Victoria,1050.0
7428,06-06-26,06:27,J0079,Desierto Neon,Ranked,Lienzo;Koro,34,5.0,3,2,Victoria,1040.0
609,31-01-26,07:25,J0026,Ciudadela,Ranked,Umbra;Brisa,36,3.0,7,2,Victoria,760.0
6908,29/05/2026,16:06,J0200,Bosque Umbral,Casual,Nadia,31,7.0,6,5,Victoria,1330.0
400,2026-01-25,  18:56 ,J0056,Desierto Neon,Torneo,Lienzo,25,7.0,4,3,Victoria,1270.0
7248,03/06/2026,18:49,J0002,Desierto Neon,Casual,,23,7.0,1,4,Derrota,880.0
6407,21-05-26,21:32,J0001,Ciudadela,Ranked,  Tesla ,35,1.0,6,4,Victoria,680.0
883,2026-02-07,20:56,J0088,Bosque Umbral,Casual,Brisa;Vex,17,6.0,6,2,Derrota,580.0
3566,2026-04-03,17:54,J0049,Canales de Hielo,Casual,Tesla;Magnus,12,6.0,5,5,Derrota,750.0
4286,16-04-26,21:12,J0038,Puerto Escarlata,Ranked,Vex,27,10.0,4,5,Victoria,1670.0
1180,2026-02-14,19:47,J0166,Bosque Umbral,Ranked,LIENZO;UMBRA,41,2.0,3,2,Victoria,740.0
5449,2026-05-06,17:57,J0021,Desierto Neon,Casual,Lienzo;Nadia,29,2.0,10,1,Victoria,
4245,2026-04-16,22:36,J0122,Canales de Hielo,Torneo,Umbra;Koro;Tesla,23,13.0,5,5,Derrota,1450.0
5219,2026-05-02,15:42,J0007,Estacion Orbital,Casual,,19,17.0,6,7,Derrota,1930.0
3977,2026-04-11,22:26,J0002,Puerto Escarlata,Ranked,Umbra,28,5.0,4,5,Victoria,1170.0
2131,2026-03-06,19:10,J0200,Puerto Escarlata,Ranked,Brisa;Magnus;Lienzo,28,9.0,6,2,Derrota,880.0
5079,2026-04-30,19:12,J0176,Canales de Hielo,Ranked,Lienzo;Umbra,45,10.0,4,6,Derrota,1220.0
457,27-01-26,05:56,J0012,Ciudadela,Torneo,Tesla;Lienzo,29,2.0,3,2,Victoria,740.0
5583,09-05-26,20:19,J0010,Ciudadela,Ranked,Koro,42,7.0,2,3,Victoria,1310.0
5176,02/05/2026,18:34,J0010,Ciudadela,Casual,Umbra,11,10.0,3,3,Derrota,1090.0
1951,2026-03-02,09:13,J0024,Puerto Escarlata,Torneo,Lienzo,30,6.0,4,6,Derrota,820.0
5373,2026-05-05,21:42,J0200,Desierto Neon,Ranked,Vex,26,9.0,4,7,Victoria,1670.0
690,2026-02-02,08:16,J0045,Puerto Escarlata,Ranked,Vex,29,6.0,2,4,Victoria,1260.0
8922,2026-06-29,07:46,J0002,Ciudadela,Ranked,Tesla,41,5.0,6,2,Victoria,980.0
6526,2026-05-23,15:25,J0099,Ciudadela,Casual,Brisa;Lienzo,8,2.0,2,6,Victoria,960.0
9895,13/07/2026,21:07,J0045,Bosque Umbral,Ranked,Koro;Vex,31,6.0,3,5,Victoria,1290.0
6489,2026-05-22,19:56,J0053,Canales de Hielo,Casual,Umbra,10,4.0,5,0,Victoria,800.0
6922,29/05/2026,15:43,J0039,Ciudadela,Ranked,Koro;Nadia,24,,6,1,Victoria,1630.0
1954,2026-03-02,21:46,J0093,Canales de Hielo,Ranked,Vex,37,4.0,4,3,Victoria,970.0
7635,2026-06-10,12:11,J0020,Puerto Escarlata,Casual,Lienzo;Brisa,28,9.0,4,3,Victoria,1470.0
5637,09/05/2026,12:28,J0031,Bosque Umbral,Ranked,Vex;Lienzo,43,4.0,9,5,Victoria,970.0
7155,02-06-26,16:29,J0007,Bosque Umbral,Ranked,Tesla,39,11.0,6,5,Derrota,1230.0
8490,2026-06-23,21:48,J0025,Estacion Orbital,Casual,Umbra;Brisa,8,1.0,4,4,Victoria,720.0
6611,24-05-26,08:53,J0127,Canales de Hielo,Casual,Brisa;Koro,8,3.0,7,5,Derrota,410.0
2711,2026-03-17,17:31,J0006,Ciudadela,Casual,Vex;Lienzo;Brisa,12,10.0,6,1,,930.0
8636,25/06/2026,16:19,J0022,Puerto Escarlata,Casual,Vex;Brisa;Koro,23,8.0,6,4,Victoria,1380.0
3202,27-03-26,15:56,J0120,Canales de Hielo,Casual,Vex,13,7.0,4,2,Derrota,720.0
4350,2026-04-18,23:39,J0065,Bosque Umbral,Torneo,Umbra;Brisa,11,3.0,4,6,Derrota,520.0
4139,2026-04-13,11:38,J0140,Bosque Umbral,Casual,Tesla;Koro,23,9.0,3,6,Derrota,1140.0
1885,2026-03-01,17:06,J0045,Estacion Orbital,Torneo,Vex,15,6.0,6,6,Derrota,780.0
8708,27/06/2026,16:46,J0015,Ciudadela,Casual,Tesla;Koro;Magnus,20,6.0,7,3,Victoria,1110.0
4486,2026-04-20,09:27,J0028,Desierto Neon,Ranked,Brisa,41,4.0,6,1,Derrota,330.0
2495,13/03/2026,15:32,J0053,Estacion Orbital,Ranked,Magnus;Koro;Lienzo,26,7.0,7,1,Victoria,1110.0
5948,2026-05-14,14:47,J0200,Desierto Neon,Ranked,Lienzo;Koro,34,5.0,7,1,Derrota,410.0
3037,2026-03-23,21:38,J0092,Puerto Escarlata,Ranked,,44,3.0,2,5,Victoria,1010.0
5778,2026-05-11,12:29,J0070,Ciudadela,Casual,Nadia,32,1.0,6,2,Derrota,80.0
3604,2026-04-04,19:15,J0127,Bosque Umbral,Ranked,Magnus,33,,7,4,Derrota,560.0
846,2026-02-06,16:35,J0042,Bosque Umbral,Casual,Nadia;Vex;Magnus,19,9.0,4,6,Victoria,1620.0
543,2026-01-29,14:32,J0088,Desierto Neon,Ranked,Vex,36,8.0,4,4,Derrota,920.0
3725,2026-04-06,20:27,J0200,Estacion Orbital,Ranked,Koro;Nadia;Lienzo,22,,3,4,Derrota,640.0
4188,2026-04-14,15:58,J0082,Bosque Umbral,Ranked,Vex,24,12.0,6,5,Victoria,1830.0
3680,2026-04-05,21:25,J0003,Puerto Escarlata,Ranked,Umbra,35,11.0,4,6,Derrota,1320.0
8969,2026-06-30,17:29,J0024,Canales de Hielo,Ranked,Brisa,35,4.0,3,6,Derrota,640.0
7968,2026-06-15,18:54,J0099,Bosque Umbral,Casual,Umbra,24,1.0,4,1,Victoria,570.0
8552,2026-06-24,17:53,J0069,Ciudadela,Casual,Koro;Brisa;Umbra,32,5.0,6,4,Victoria,1080.0
6076,16-05-26,16:27,J0020,Ciudadela,Ranked,Umbra,43,3.0,5,1,Victoria,750.0
7341,05/06/2026,12:05,J0039,Ciudadela,Ranked,Lienzo;Koro,23,4.0,9,4,Victoria,920.0
8291,2026-06-20,19:42,J0132,Bosque Umbral,Ranked,Brisa;Lienzo,28,10.0,4,3,Victoria,1570.0
7247,03-06-26,17:49,J0029,Ciudadela,Ranked,Lienzo,23,2.0,3,6,Derrota,440.0
9078,2026-07-02,00:24,J0181,Canales de Hielo,Ranked,Koro,35,7.0,4,4,Derrota,820.0
8356,21/06/2026,20:03,J0009,Canales de Hielo,Casual,Tesla,21,3.0,2,3,Victoria,910.0
7138,2026-06-02,21:39,J0003,Estacion Orbital,Casual,Umbra;Tesla,32,4.0,5,7,Victoria,"1150,0 pts"
2965,2026-03-22,20:19,J0106,Puerto Escarlata,Torneo,Nadia;Lienzo,14,10.0,4,3,Victoria,1570.0
2530,2026-03-14,04:10,J0131,Estacion Orbital,Casual,Lienzo,18,5.0,4,5,Derrota,670.0
5773,2026-05-11,18:28,J0175,Ciudadela,Casual,Umbra,13,0.0,3,2,,540.0
1049,2026-02-11,14:15,J0016,Puerto Escarlata,Ranked,Nadia;Magnus;Lienzo,37,12.0,5,5,Victoria,
7046,31/05/2026,18:57,J0003,Desierto Neon,Ranked,Tesla;Umbra,43,7.0,4,4,Victoria,1320.0
1961,2026-03-02,15:14,J0025,Canales de Hielo,Casual,Umbra,26,2.0,2,2,Derrota,260.0
2531,2026-03-14,12:01,J0031,Desierto Neon,Ranked,Tesla,25,6.0,3,9,Victoria,1490.0
4918,2026-04-27,20:49,J0063,Estacion Orbital,Torneo,Nadia,32,10.0,7,3,Victoria,1510.0
5902,13-05-26,11:48,J0051,Ciudadela,Ranked,Vex,22,9.0,7,7,Victoria,1610.0
4260,2026-04-16,05:29,J0049,Canales de Hielo,Casual,Koro;Magnus,20,2.0,4,0,Derrota,120.0
5657,10-05-26,19:58,J0013,Canales de Hielo,Ranked,Vex,34,6.0,4,3,,1170.0
6098,17-05-26,18:48,J0023,Ciudadela,Casual,Umbra;Lienzo,10,,4,8,Victoria,2220.0
5908,2026-05-14,16:39,J0045,Puerto Escarlata,Casual,Brisa,28,7.0,6,1,Victoria,1130.0
7374,05/06/2026,18:09,J0001,Bosque Umbral,Ranked,Umbra;Brisa,28,4.0,4,4,Derrota,
2979,2026-03-22,11:30,J0007,Estacion Orbital,Casual,Umbra;Brisa,9,4.0,4,4,Victoria,1020.0
8931,29-06-26,20:27,J0020,Estacion Orbital,Ranked,Vex;Nadia,39,9.0,3,4,Victoria,1540.0
9372,2026-07-06,00:32,J0113,Canales de Hielo,Ranked,Tesla,44,6.0,9,4,VICTORIA,1120.0
6722,2026-05-25,00:48,J0039,Ciudadela,Casual,Koro,15,9.0,8,4,Derrota,940.0
7843,2026-06-13,10:22,J0200,Desierto Neon,Ranked,Tesla;Umbra,45,10.0,8,6,,1140.0
8835,28-06-26,18:09,J0194,Canales de Hielo,Casual,Magnus,25,3.0,7,3,Victoria,810.0
3139,2026-03-25,15:02,J0030,Ciudadela,Ranked,Lienzo,25,3.0,5,4,Victoria,900.0
5203,2026-05-02,19:48,J0029,Canales de Hielo,Ranked,Magnus,31,6.0,5,1,Victoria,1050.0
1827,2026-02-28,21:31,J0129,Desierto Neon,Casual,Koro;Vex,13,8.0,5,3,Victoria,1350.0
5549,08/05/2026,18:03,J0075,Estacion Orbital,Casual,Brisa,8,5.0,2,5,Victoria,1210.0
561,2026-01-30,17:48,J0067,Bosque Umbral,Ranked,Lienzo;Nadia,25,6.0,6,3,Derrota,630.0
8876,29-06-26,15:26,J0029,Ciudadela,Torneo,Nadia;Lienzo,14,0.0,3,4,Victoria,640.0
5436,2026-05-06,18:23,J0012,Bosque Umbral,Ranked,Magnus;Lienzo;Nadia,22,6.0,3,4,Victoria,1240.0
4438,2026-04-19,13:51,J0022,Bosque Umbral,Ranked,Umbra,34,8.0,8,9,Derrota,1090.0
1443,2026-02-20,17:32,J0051,Ciudadela,Ranked,Vex,22,2.0,6,4,Derrota,280.0
4407,2026-04-19,17:31,J0012,Bosque Umbral,Torneo,Koro;Magnus;Nadia,28,2.0,9,5,Victoria,770.0
9606,2026-07-10,08:48,J0047,Ciudadela,Casual,Nadia;Magnus,10,5.0,6,4,Victoria,1080.0
1690,2026-02-24,22:51,J0092,Desierto Neon,Casual,Brisa,8,7.0,4,2,Derrota,720.0
9941,2026-07-14,05:34,J0199,Ciudadela,Ranked,Tesla,31,6.0,3,4,Victoria,1240.0
9187,2026-07-04,18:24,J0017,Ciudadela,Casual,Vex,22,13.0,2,6,Derrota,1560.0
5963,2026-05-14,19:06,J0083,Bosque Umbral,Casual,Umbra;Nadia,9,3.0,2,4,Victoria,960.0
2497,2026-03-13,06:19,J0090,Ciudadela,Ranked,Magnus,38,5.0,4,5,  Victoria ,1170.0
8265,2026-06-20,16:39,J0122,Ciudadela,Casual,Nadia;Koro;Brisa,8,7.0,5,4,Victoria,1300.0
341,2026-01-24,12:25,J0012,Bosque Umbral,Casual,Koro,30,4.0,2,5,Derrota,610.0
2409,12/03/2026,02:08,J0060,Estacion Orbital,Ranked,Magnus,22,1.0,6,5,  Victoria ,730.0
8425,2026-06-22,22:12,J0048,Puerto Escarlata,Casual,Tesla;Umbra;Brisa,23,4.0,11,4,Victoria,880.0
5783,2026-05-11,18:57,J0050,Desierto Neon,Ranked,Brisa;Nadia,38,1.0,6,3,Victoria,630.0
4577,22-04-26,20:53,J0034,Desierto Neon,Ranked,Magnus,28,6.0,5,6,Derrota,800.0
3726,2026-04-06,19:47,J0029,Canales de Hielo,Ranked,Tesla;Lienzo;Magnus,27,2.0,5,3,Victoria,750.0
2786,2026-03-19,18:15,J0022,Desierto Neon,Ranked,Lienzo;Magnus,35,6.0,4,6,Victoria,1320.0
1013,2026-02-09,21:53,J0036,Ciudadela,Ranked,Lienzo,26,5.0,5,1,Derrota,450.0
5281,2026-05-03,23:38,J0003,Ciudadela,Ranked,Magnus;Koro;Brisa,37,2.0,7,3,Victoria,710.0
4896,2026-04-27,17:22,J0077,Bosque Umbral,Ranked,,36,1.0,4,4,Derrota,220.0
7122,01-06-26,15:25,J0074,Puerto Escarlata,Casual,Lienzo,13,4.0,7,5,Derrota,510.0
6550,2026-05-23,16:51,J0023,Bosque Umbral,Ranked,Umbra,22,6.0,5,5,Victoria,1250.0
4038,2026-04-12,23:53,J0020,Canales de Hielo,Ranked,Koro;Umbra,41,8.0,11,3,Derrota,730.0
149,2026-01-20,15:13,J0122,Puerto Escarlata,Ranked,Tesla;Nadia,23,9.0,9,5,Derrota,970.0
286,23-01-26,18:34,J0036,Bosque Umbral,Casual,Vex,32,8.0,4,4,Victoria,1420.0
9725,11/07/2026,23:43,J0127,Estacion Orbital,Casual,LIENZO;VEX;NADIA,24,9.0,7,5,,1510.0
8476,23-06-26,12:22,J0043,Bosque Umbral,Ranked,Magnus;Brisa,31,6.0,7,10,Victoria,1460.0
6771,2026-05-26,09:17,J0004,Canales de Hielo,Casual,Lienzo,27,2.0,4,3,Victoria,770.0
4444,2026-04-19,16:47,J0086,Puerto Escarlata,Ranked,lienzo;umbra,45,4.0,2,4,Derrota,560.0
7447,2026-06-06,02:36,J0200,Puerto Escarlata,Ranked,Lienzo,23,6.0,3,5,Derrota,790.0
237,2026-01-22,21:27,J0007,Bosque Umbral,Casual,Nadia,18,9.0,9,5,Derrota,970.0
9658,2026-07-11,21:30,J0031,Puerto Escarlata,Ranked,Nadia,24,4.0,7,4,Victoria,960.0
7124,2026-06-01,17:49,J0024,Desierto Neon,Casual,Brisa,9,4.0,5,3,Victoria,950.0
8423,2026-06-22,10:26,J0118,Bosque Umbral,Torneo,Tesla,17,7.0,5,2,Derrota,700.0
3084,2026-03-24,01:25,J0013,Puerto Escarlata,Casual,nadia;koro,25,5.0,6,4,Derrota,580.0
633,2026-01-31,20:25,J0049,Puerto Escarlata,Casual,Brisa,17,4.0,5,2,Victoria,900.0
6814,27-05-26,15:43,J0081,Desierto Neon,Casual,Brisa;Nadia,29,4.0,9,2,Victoria,820.0
2494,2026-03-13,17:36,J0018,Bosque Umbral,Ranked,Nadia;Lienzo,45,4.0,4,3,Victoria,970.0
2666,2026-03-16,11:17,J0095,Canales de Hielo,Casual,Tesla;Vex,21,10.0,8,4,Victoria,1540.0
8561,2026-06-24,13:37,J0044,Bosque Umbral,Ranked,Lienzo,40,7.0,6,10,Derrota,1080.0
8491,23-06-26,18:42,J0015,Ciudadela,Ranked,Umbra;Nadia,37,8.0,5,3,Derrota,850.0
8539,2026-06-24,11:35,J0006,Canales de Hielo,Casual,Umbra,18,8.0,5,8,victoria,1600.0
4212,2026-04-15,14:27,J0035,Puerto Escarlata,Ranked,Koro,26,11.0,9,1,derrota,970.0
3875,2026-04-09,22:45,J0082,Desierto Neon,Casual,Koro;Nadia,18,9.0,6,5,Derrota,1030.0
2818,2026-03-20,20:17,J0014,Estacion Orbital,Casual,Koro;Lienzo,12,2.0,2,3,Victoria,810.0
8334,2026-06-21,17:46,J0019,Desierto Neon,Casual,Brisa;Tesla,15,4.0,2,1,Derrota,410.0
9889,2026-07-13,18:31,J0035,Bosque Umbral,Casual,Umbra;Tesla,14,6.0,4,6,VICTORIA,1320.0
7427,2026-06-06,00:53,J0056,Estacion Orbital,Casual,LIENZO,8,5.0,4,3,Derrota,570.0
8671,26/06/2026,18:36,J0200,Canales de Hielo,Ranked,Vex;Lienzo,37,10.0,6,1,Derrota,930.0
8542,2026-06-24,00:02,J0184,Desierto Neon,Ranked,Koro,45,5.0,4,6,Victoria,1220.0
9998,2026-07-14,22:36,J0052,Bosque Umbral,Ranked,Nadia,24,5.0,1,3,Derrota,630.0
1736,25-02-26,23:55,J0086,Bosque Umbral,Ranked,Vex,38,4.0,10,6,Derrota,500.0
7398,06-06-26,19:00,J0009,Canales de Hielo,Ranked,Tesla,39,3.0,4,6,Derrota,520.0
4256,2026-04-16,17:55,J0102,Canales de Hielo,Casual,Vex,24,5.0,9,3,Derrota,470.0
8354,2026-06-21,21:58,J0001,Puerto Escarlata,Casual,Umbra,32,5.0,2,2,Victoria,1060.0
2476,2026-03-13,21:30,J0091,Puerto Escarlata,Casual,Lienzo,22,2.0,5,4,Victoria,800.0
2593,2026-03-15,14:12,J0093,Bosque Umbral,Casual,Umbra,10,5.0,13,3,Derrota,390.0
3714,06-04-26,20:55,J0055,Desierto Neon,Ranked,Koro;Magnus,39,0.0,5,12,Victoria,1000.0
9049,01-07-26,00:47,J0002,Bosque Umbral,Casual,Lienzo;Magnus,9,10.0,3,5,VICTORIA,1690.0
1805,2026-02-27,21:03,J0005,Puerto Escarlata,Casual,Lienzo,19,3.0,5,3,Derrota,350.0
708,2026-02-02,16:56,J0129,Puerto Escarlata,Casual,Vex;Magnus,31,7.0,4,3,Victoria,1270.0
9262,05-07-26,18:13,J0087,Ciudadela,Casual,Tesla,14,4.0,9,2,Victoria,820.0
5190,02-05-26,15:26,J0021,Canales de Hielo,Ranked,Nadia;Brisa,40,5.0,4,1,Victoria,970.0
5473,2026-05-07,07:25,J0087,Puerto Escarlata,Casual,Magnus;Nadia,16,10.0,2,7,  Derrota ,1310.0
73,17/01/2026,20:33,J0064,Estacion Orbital,Ranked,Brisa,34,4.0,8,2,Derrota,340.0
7844,2026-06-13,21:26,J0040,Ciudadela,Casual,Vex,11,9.0,2,4,Derrota,1060.0
5102,30/04/2026,18:05,J0018,Bosque Umbral,Casual,Nadia,12,4.0,5,7,Derrota,650.0
6765,2026-05-26,23:35,J0009,Canales de Hielo,Casual,brisa,18,2.0,4,4,Victoria,820.0
1126,2026-02-12,20:47,J0013,Estacion Orbital,Casual,Brisa,8,8.0,8,6,Derrota,940.0
1242,15-02-26,08:54,J0021,Puerto Escarlata,Torneo,Magnus,14,7.0,1,7,Derrota,1030.0
8319,2026-06-20,00:49,J0100,Desierto Neon,Ranked,Vex;Koro,32,3.0,4,2,Derrota,320.0
2350,10/03/2026,03:32,J0019,Puerto Escarlata,Ranked,Magnus,37,6.0,2,3,Derrota,710.0
6603,2026-05-24,18:38,J0043,Puerto Escarlata,Casual,Magnus,21,5.0,5,3,Derrota,550.0
6781,2026-05-27,11:09,J0114,Puerto Escarlata,Ranked,KORO;TESLA;NADIA,23,2.0,7,1,Victoria,610.0
4359,2026-04-18,18:51,J0002,Desierto Neon,Torneo,Magnus;Umbra,16,7.0,6,2,Victoria,1180.0
1344,2026-02-17,01:13,J0004,Bosque Umbral,Casual,Umbra,28,3.0,7,2,Derrota,260.0
108,2026-01-18,01:41,J0003,Desierto Neon,Casual,Nadia,16,7.0,3,6,Derrota,940.0
8748,2026-06-27,17:25,J0029,Desierto Neon,Casual,Vex,17,4.0,7,2,Derrota,360.0
9648,2026-07-11,19:37,J0200,Bosque Umbral,Ranked,Umbra;Brisa,43,2.0,7,4,Derrota,260.0
6653,2026-05-24,18:00,J0003,Canales de Hielo,Casual,Vex,9,14.0,3,4,Victoria,"2040,0 pts"
1101,12/02/2026,22:29,J0014,Canales de Hielo,Casual,,27,2.0,4,0,Victoria,620.0
7328,2026-06-05,19:51,J0072,Puerto Escarlata,Ranked,KORO,26,1.0,5,5,Derrota,250.0
7623,09/06/2026,22:19,J0018,Bosque Umbral,Ranked,Vex,40,,4,4,Derrota,620.0
988,09-02-26,07:26,J0076,Canales de Hielo,Casual,Brisa;Lienzo,31,4.0,2,5,Derrota,610.0
2853,2026-03-20,19:34,J0011,Estacion Orbital,Casual,Vex;Tesla,25,7.0,5,5,,1350.0
631,2026-01-31,22:37,J0130,Desierto Neon,Casual,Umbra,27,4.0,4,4,Derrota,520.0
1250,15-02-26,20:22,J0076,Desierto Neon,Casual,Tesla,26,9.0,3,5,VICTORIA,1590.0
3180,2026-03-26,00:06,J0013,Estacion Orbital,Casual,Lienzo,19,3.0,3,5,Derrota,490.0
483,27-01-26,21:44,J0050,Desierto Neon,Casual,Koro,20,3.0,5,1,Victoria,750.0
3041,2026-03-23,18:39,J0143,Desierto Neon,Ranked,Magnus,32,5.0,7,6,Victoria,1160.0
5011,2026-04-29,18:56,J0051,Estacion Orbital,Ranked,Magnus,27,5.0,5,7,Derrota,750.0
9106,2026-07-02,08:43,J0026,Puerto Escarlata,Ranked,Lienzo,33,4.0,1,3,Victoria,1030.0
7001,30-05-26,12:46,J0002,Bosque Umbral,Torneo,Nadia;Koro;Tesla,11,10.0,4,5,Victoria,1670.0
3274,2026-03-28,16:01,J0036,Estacion Orbital,Ranked,Lienzo,31,2.0,6,3,  Victoria ,730.0
7228,2026-06-03,16:46,J0049,Ciudadela,Casual,Lienzo,20,2.0,1,3,victoria,830.0
3684,05/04/2026,11:58,J0032,Estacion Orbital,Ranked,Tesla,36,6.0,3,4,Victoria,1240.0
6675,2026-05-25,00:41,J0105,Canales de Hielo,Ranked,Vex,31,16.0,5,4,Victoria,2200.0
6808,2026-05-27,18:10,J0083,Desierto Neon,Ranked,,30,4.0,6,4,Derrota,480.0
9812,2026-07-12,09:10,J0011,Estacion Orbital,Ranked,Nadia,41,3.0,4,2,Victoria,820.0
1317,2026-02-17,21:36,J0006,Bosque Umbral,Casual,Lienzo;Umbra,20,8.0,3,4,Victoria,1440.0
3226,2026-03-27,16:28,J0095,Canales de Hielo,Casual,Lienzo,19,4.0,5,7,Derrota,650.0
1073,11-02-26,21:26,J0115,Desierto Neon,Casual,  Tesla ,9,7.0,4,0,Derrota,620.0
4816,25-04-26,17:26,J0058,Canales de Hielo,Casual,Brisa,31,,6,5,Victoria,1130.0
8525,2026-06-23,19:22,J0087,Bosque Umbral,Ranked,Lienzo;Koro;Magnus,37,6.0,5,3,Derrota,650.0
5753,2026-05-11,18:39,J0200,Puerto Escarlata,Ranked,Vex,30,5.0,5,4,Derrota,600.0
9216,2026-07-04,15:12,J0011,Ciudadela,Torneo,Vex,9,6.0,7,9,,1410.0
4617,22-04-26,10:55,J0076,Estacion Orbital,Ranked,koro;umbra,30,5.0,5,2,Victoria,1000.0
3098,2026-03-25,06:56,J0077,Estacion Orbital,Casual,Tesla,14,1.0,7,8,Derrota,360.0
6870,28-05-26,16:24,J0187,Bosque Umbral,Torneo,Koro,15,1.0,4,5,Derrota,270.0
1301,2026-02-16,16:16,J0039,Desierto Neon,Ranked,Magnus;Umbra,40,8.0,9,9,Derrota,1070.0
7286,2026-06-04,14:25,J0130,Puerto Escarlata,Casual,Nadia;Umbra,21,4.0,5,7,Derrota,650.0
6285,2026-05-19,18:00,J0055,Canales de Hielo,Ranked,Tesla;Brisa,42,2.0,6,7,Victoria,930.0
5496,07/05/2026,16:14,J0035,Puerto Escarlata,Torneo,Brisa;Lienzo,30,10.0,7,5,Derrota,"1110,0 pts"
5292,2026-05-03,21:53,J0011,Desierto Neon,Casual,Umbra,16,3.0,4,2,Derrota,320.0
1799,27-02-26,17:44,J0030,Desierto Neon,Ranked,Nadia,43,9.0,4,6,Derrota,1120.0
5204,2026-05-02,03:03,J0069,Estacion Orbital,Casual,Tesla,13,2.0,8,6,,840.0
8228,2026-06-19,19:02,J0012,Canales de Hielo,Casual,Umbra;Tesla,30,5.0,5,3,Derrota,550.0
5048,2026-04-30,19:34,J0123,Canales de Hielo,Casual,Tesla,29,5.0,5,3,Victoria,1050.0
6442,2026-05-22,18:42,J0033,Estacion Orbital,Ranked,Brisa,35,9.0,6,4,Victoria,1480.0
8106,2026-06-17,14:11,J0031,Bosque Umbral,Casual,Brisa;Koro;Tesla,26,3.0,3,8,Derrota,640.0
2360,2026-03-10,20:54,J0092,Desierto Neon,Casual,,29,15.0,2,2,  Derrota ,"1560,0 pts"
9451,08-07-26,14:36,J0028,Puerto Escarlata,Casual,Nadia;Brisa,27,2.0,6,1,Derrota,130.0
3655,2026-04-05,15:19,J0037,Ciudadela,Casual,Tesla,16,3.0,2,6,Victoria,1060.0
7053,2026-05-31,22:20,J0008,Desierto Neon,Casual,Vex,31,9.0,10,3,Derrota,850.0
1287,2026-02-16,  15:05 ,J0134,Estacion Orbital,Ranked,Nadia;Magnus,22,,8,1,Derrota,690.0
9197,04-07-26,09:27,J0048,Bosque Umbral,Casual,Brisa,11,7.0,4,3,,1270.0
4446,19-04-26,19:55,J0021,Canales de Hielo,Ranked,Umbra,28,9.0,4,6,Victoria,1620.0
2138,06-03-26,20:27,J0040,Desierto Neon,Casual,Magnus;Lienzo,19,5.0,5,5,Derrota,650.0
6788,2026-05-27,04:33,J0020,Desierto Neon,Ranked,Vex,31,9.0,6,7,Victoria,1630.0
9826,2026-07-12,23:39,J0069,Desierto Neon,Ranked,Brisa,31,6.0,4,5,,1270.0
9075,02-07-26,00:27,J0014,Bosque Umbral,Casual,Tesla,29,3.0,6,7,Victoria,1030.0
9038,2026-07-01,12:41,J0013,Estacion Orbital,Casual,  Magnus ,27,2.0,4,2,Victoria,720.0
6895,2026-05-29,15:36,J0034,Estacion Orbital,Ranked,UMBRA,41,8.0,3,4,Derrota,940.0
8638,2026-06-25,17:27,J0020,Bosque Umbral,Ranked,Umbra;Nadia;Magnus,26,8.0,10,4,Victoria,1300.0
7152,2026-06-02,20:36,J0200,Estacion Orbital,Casual,Koro;Tesla,18,5.0,6,4,Derrota,580.0
964,2026-02-08,22:51,J0029,Puerto Escarlata,Ranked,Umbra;Brisa,22,2.0,3,6,Victoria,940.0
6013,16/05/2026,00:43,J0101,Ciudadela,Ranked,Vex;Nadia,31,12.0,4,3,Derrota,
4883,26/04/2026,06:05,J0020,Ciudadela,Casual,Koro,9,13.0,8,2,Derrota,1240.0
141,2026-01-19,21:12,J0003,Canales de Hielo,Casual,Koro;Brisa,23,9.0,11,0,Victoria,1180.0
9103,2026-07-02,12:45,J0009,Estacion Orbital,Ranked,Umbra,44,2.0,5,3,Derrota,250.0
6937,30-05-26,01:22,J0020,Ciudadela,Ranked,Lienzo;Tesla,41,6.0,3,7,Derrota,890.0
6543,23-05-26,20:55,J0008,Desierto Neon,Casual,Brisa,20,3.0,5,5,Derrota,450.0
5244,03/05/2026,20:31,J0134,Ciudadela,Casual,Lienzo,14,2.0,7,6,Derrota,360.0
4432,19-04-26,03:24,J0001,Puerto Escarlata,Ranked,Brisa,30,6.0,4,4,victoria,1220.0
407,2026-01-26,10:33,J0028,Estacion Orbital,Ranked,Brisa,23,5.0,6,9,Victoria,1330.0
8213,2026-06-19,13:34,J0022,Bosque Umbral,Ranked,Umbra;Magnus;Nadia,23,2.0,1,7,Victoria,1030.0
8442,2026-06-22,23:21,J0005,Canales de Hielo,Casual,Tesla,10,4.0,5,3,Derrota,450.0
8696,2026-06-26,19:31,J0083,Bosque Umbral,Ranked,Umbra,32,4.0,3,6,Victoria,1140.0
8235,2026-06-19,06:58,J0016,Ciudadela,Ranked,Magnus,23,10.0,2,3,Derrota,1110.0
4400,2026-04-18,17:03,J0065,Canales de Hielo,Casual,Nadia;Magnus,26,,5,3,Victoria,750.0
5253,03-05-26,17:35,J0007,Puerto Escarlata,Casual,,31,7.0,3,4,,1340.0
12,2026-01-16,18:18,J0016,Canales de Hielo,Ranked,Nadia,35,6.0,4,3,Derrota,670.0
4761,2026-04-25,19:20,J0200,Estacion Orbital,Casual,Koro,31,,7,4,Victoria,1360.0
1178,2026-02-14,00:02,J0137,Bosque Umbral,Torneo,Koro;Magnus,27,8.0,8,4,Victoria,1340.0
2864,21/03/2026,09:05,J0018,Estacion Orbital,Torneo,Koro;Tesla;Nadia,31,1.0,2,6,Victoria,860.0
6472,2026-05-22,19:17,J0193,Desierto Neon,Casual,,16,6.0,4,6,Victoria,1320.0
6229,2026-05-19,11:12,J0022,Puerto Escarlata,Ranked,  Brisa;Nadia;Vex ,24,5.0,6,4,Victoria,1080.0
2990,22-03-26,00:20,J0063,Bosque Umbral,Ranked,Vex;Lienzo;Koro,38,7.0,5,6,Victoria,1400.0
7118,2026-06-01,14:09,J0027,Estacion Orbital,Ranked,Koro;Vex,37,5.0,5,6,Victoria,"1200,0 pts"
7011,31/05/2026,18:17,J0002,Bosque Umbral,Ranked,Magnus;Koro;Brisa,44,7.0,5,4,Derrota,800.0
8626,2026-06-25,21:17,J0143,Desierto Neon,Casual,Brisa,17,3.0,6,8,Derrota,"580,0 pts"
1441,2026-02-20,14:41,J0054,Puerto Escarlata,Ranked,TESLA;LIENZO;BRISA,31,3.0,4,4,victoria,920.0
9821,2026-07-12,16:25,J0041,Bosque Umbral,Ranked,  Tesla ,32,4.0,3,4,,540.0
2876,2026-03-21,20:18,J0057,Desierto Neon,Casual,Brisa;Magnus;Lienzo,29,5.0,4,1,Victoria,970.0
9169,2026-07-04,16:57,J0049,Canales de Hielo,Ranked,Brisa;Vex;Lienzo,41,5.0,4,5,Derrota,670.0
8858,2026-06-28,01:15,J0003,Estacion Orbital,Casual,Magnus,24,10.0,6,7,Derrota,1230.0
7233,2026-06-03,02:20,J0024,Puerto Escarlata,Ranked,Lienzo,43,7.0,4,8,Derrota,1020.0
3727,06/04/2026,19:41,J0077,Puerto Escarlata,Torneo,Magnus,9,4.0,5,6,Derrota,600.0
2773,2026-03-19,10:49,J0022,Ciudadela,Ranked,Lienzo;Vex,39,5.0,8,4,Derrota,540.0
455,2026-01-27,18:53,J0072,Desierto Neon,Ranked,Umbra,45,3.0,10,7,Victoria,950.0
8190,18-06-26,17:32,J0080,Canales de Hielo,Ranked,Umbra;Magnus,31,2.0,3,2,Victoria,740.0
1368,18-02-26,16:06,J0045,Estacion Orbital,Casual,Nadia;Umbra,29,6.0,5,5,Victoria,1250.0
3713,2026-04-06,11:22,J0086,Ciudadela,Ranked,Umbra,31,6.0,4,5,,770.0
9926,2026-07-13,19:23,J0011,Estacion Orbital,Ranked,Magnus;Koro,40,2.0,4,3,Victoria,770.0
1389,18-02-26,16:40,J0002,Estacion Orbital,Casual,Nadia,9,6.0,8,5,Victoria,1190.0
1001,2026-02-09,08:20,J0121,Desierto Neon,Casual,Umbra,21,3.0,7,5,Derrota,410.0
7762,12-06-26,10:53,J0159,Ciudadela,Casual,Koro,8,5.0,7,2,Victoria,960.0
3554,2026-04-03,22:40,J0010,Ciudadela,Torneo,Vex,27,13.0,2,3,Derrota,1410.0
4115,13-04-26,23:12,J0059,Desierto Neon,Ranked,Nadia;Tesla,23,4.0,4,0,Victoria,820.0
1668,2026-02-24,17:49,J0061,Bosque Umbral,Ranked,Nadia,43,10.0,5,6,Derrota,1200.0
3174,2026-03-26,20:50,J0125,Ciudadela,Torneo,Tesla;Koro,19,11.0,7,4,Victoria,1660.0
577,2026-01-30,06:51,J0043,Estacion Orbital,Ranked,Brisa,29,3.0,2,7,Victoria,1110.0
489,2026-01-28,21:14,J0004,Bosque Umbral,Torneo,Nadia,12,4.0,4,4,Victoria,1020.0
3231,27-03-26,20:37,J0002,Ciudadela,Ranked,,25,9.0,3,2,Victoria,1440.0
3829,2026-04-08,20:05,J0198,Bosque Umbral,Casual,Umbra;Lienzo,20,6.0,7,7,Derrota,810.0
8720,27/06/2026,16:57,J0076,Desierto Neon,Ranked,Vex;Tesla,45,8.0,4,2,Victoria,1320.0
5209,2026-05-02,19:31,J0115,Bosque Umbral,Casual,Tesla,14,7.0,5,5,Derrota,"850,0 pts"
7849,13-06-26,21:27,J0086,Estacion Orbital,Casual,Brisa,13,1.0,6,4,Derrota,180.0
5705,10/05/2026,19:32,J0040,Desierto Neon,Ranked,Brisa;Lienzo,37,2.0,8,1,Derrota,90.0
9713,2026-07-11,18:14,J0015,Ciudadela,Ranked,Magnus,22,6.0,8,4,Victoria,1140.0
8134,17/06/2026,21:21,J0075,Estacion Orbital,Ranked,VEX,26,8.0,8,4,victoria,1340.0
704,02-02-26,19:12,J0048,Desierto Neon,Ranked,Tesla;Brisa,26,8.0,3,4,Derrota,940.0
5106,2026-05-01,22:56,J0051,Ciudadela,Ranked,Tesla;Vex,41,5.0,4,4,Derrota,620.0
8963,30/06/2026,21:27,J0031,Estacion Orbital,Ranked,Magnus,38,3.0,12,2,  Victoria ,660.0
3292,2026-03-28,13:17,J0146,Desierto Neon,Ranked,Magnus;Umbra;Brisa,35,4.0,5,3,,950.0
8126,2026-06-17,14:44,J0026,Canales de Hielo,Ranked,Brisa;Umbra;Koro,32,3.0,6,3,,830.0
9705,2026-07-11,23:47,J0014,Puerto Escarlata,Casual,Nadia;Lienzo,15,0.0,3,9,Victoria,890.0
9461,2026-07-08,00:42,J0126,Desierto Neon,Casual,Koro,23,3.0,6,3,Derrota,"330,0 pts"
4910,2026-04-27,17:44,J0075,Estacion Orbital,Ranked,Koro;Umbra,45,8.0,5,5,Derrota,95000.0
4441,19-04-26,22:29,J0002,Ciudadela,Ranked,Vex;Umbra,32,5.0,11,4,Derrota,480.0
987,2026-02-09,21:06,J0123,Puerto Escarlata,Casual,TESLA;MAGNUS;KORO,13,3.0,4,0,Derrota,220.0
9307,2026-07-05,20:47,J0028,Estacion Orbital,Torneo,Vex;Brisa;Magnus,13,7.0,8,3,Victoria,1190.0
9133,2026-07-03,19:51,J0028,Desierto Neon,Casual,Brisa,23,6.0,2,4,Derrota,760.0
7706,11/06/2026,20:02,J0086,Bosque Umbral,Casual,Brisa;Tesla;Nadia,21,6.0,6,1,Victoria,1030.0
6258,19-05-26,17:02,J0131,Estacion Orbital,Casual,Nadia,32,5.0,7,3,Derrota,510.0
6090,17-05-26,12:17,J0120,Estacion Orbital,Ranked,,32,5.0,4,4,Derrota,620.0
5239,2026-05-03,19:04,J0034,Bosque Umbral,Ranked,Brisa,23,8.0,6,4,Derrota,880.0
1199,2026-02-14,19:27,J0051,Puerto Escarlata,Ranked,Brisa,23,5.0,6,9,Derrota,830.0
9141,2026-07-03,15:47,J0151,Puerto Escarlata,Ranked,Vex;Koro,43,3.0,4,2,Derrota,320.0
7520,2026-06-07,22:23,J0024,Bosque Umbral,Ranked,Magnus,36,5.0,2,3,Derrota,610.0
6813,2026-05-27,12:00,J0018,Ciudadela,Casual,Umbra,11,1.0,2,3,Victoria,710.0
8321,20-06-26,14:25,J0085,Canales de Hielo,Casual,Lienzo;Umbra,10,8.0,2,2,Derrota,860.0
7176,02-06-26,18:15,J0020,Ciudadela,Casual,Lienzo,28,5.0,8,1,Victoria,890.0
4471,20/04/2026,08:33,J0133,Puerto Escarlata,Casual,Nadia,25,3.0,2,6,Victoria,1060.0
892,2026-02-07,19:32,J0044,Canales de Hielo,Ranked,Tesla,40,10.0,4,3,Derrota,1070.0
1970,02-03-26,22:21,J0029,Canales de Hielo,Ranked,Vex,34,5.0,5,3,Derrota,550.0
5758,2026-05-11,12:11,J0087,Puerto Escarlata,Ranked,Koro,30,4.0,0,2,Victoria,1000.0
6528,23-05-26,19:10,J0014,Estacion Orbital,Casual,Lienzo,21,3.0,6,9,Victoria,1130.0
6295,20-05-26,20:11,J0067,Estacion Orbital,Casual,Vex;Tesla;Nadia,30,4.0,6,3,Victoria,930.0
7596,2026-06-09,20:05,J0024,Puerto Escarlata,Ranked,Nadia,27,4.0,1,4,Derrota,"580,0 pts"
3250,2026-03-28,13:37,J0200,Ciudadela,Casual,Koro,15,6.0,3,3,Victoria,1190.0
6571,2026-05-23,19:17,J0027,Estacion Orbital,Casual,Vex,29,9.0,5,4,Derrota,1000.0
6639,2026-05-24,17:41,J0102,Puerto Escarlata,Ranked,Lienzo,44,3.0,5,7,Victoria,1050.0
7352,2026-06-05,19:09,J0044,Desierto Neon,Ranked,Vex,41,17.0,3,6,Victoria,2440.0
9243,2026-07-05,03:49,J0007,Canales de Hielo,Casual,Vex;Nadia,18,11.0,2,3,Victoria,1710.0
7474,07/06/2026,17:20,J0106,Canales de Hielo,Ranked,Umbra,39,5.0,6,3,Victoria,1030.0
4994,2026-04-29,20:51,J0122,Canales de Hielo,Casual,Magnus;Tesla,16,7.0,7,7,Derrota,910.0
8742,27/06/2026,17:31,J0044,Bosque Umbral,Casual,Brisa,27,9.0,6,4,Victoria,1480.0
1240,15/02/2026,12:25,J0033,Bosque Umbral,Ranked,Brisa,27,11.0,5,4,Derrota,1200.0
2290,2026-03-09,15:45,J0044,Estacion Orbital,Casual,Koro;Tesla;Umbra,20,7.0,2,3,Derrota,810.0
2741,2026-03-18,13:49,J0040,Estacion Orbital,Casual,Lienzo,12,1.0,2,4,Derrota,260.0
4586,2026-04-22,15:55,J0071,Estacion Orbital,Ranked,Magnus;Brisa,34,6.0,3,3,Derrota,690.0
1230,2026-02-15,20:18,J0036,Desierto Neon,Ranked,Brisa,36,5.0,4,1,Victoria,970.0
6981,2026-05-30,10:31,J0021,Bosque Umbral,Torneo,Koro,22,12.0,6,8,Derrota,1480.0
5179,2026-05-02,19:11,J0092,Desierto Neon,Casual,Vex,14,8.0,7,5,Derrota,910.0
4294,2026-04-17,19:39,J0034,Bosque Umbral,Casual,Koro,8,8.0,6,5,,930.0
1059,11-02-26,00:00,J0095,Bosque Umbral,Casual,Magnus,31,11.0,5,5,Derrota,1250.0
6263,2026-05-19,20:54,J0107,Desierto Neon,Casual,Brisa;Umbra,16,3.0,4,3,Victoria,870.0
282,23/01/2026,19:17,J0091,Canales de Hielo,Torneo,  Lienzo;Nadia;Umbra ,20,5.0,5,8,Victoria,1300.0
969,2026-02-08,20:00,J0033,Estacion Orbital,Ranked,Magnus,37,7.0,7,4,Victoria,1260.0
3954,10/04/2026,15:55,J0006,Bosque Umbral,Torneo,Koro,13,7.0,6,4,Victoria,1280.0
1940,2026-03-01,17:06,J0015,Ciudadela,Casual,  Magnus ,12,12.0,5,7,Derrota,1450.0
10000,2026-07-14,23:47,J0044,Desierto Neon,Torneo,Vex;Brisa,20,10.0,4,4,Victoria,"1620,0 pts"
1275,15-02-26,17:20,J0058,Puerto Escarlata,Ranked,Lienzo;Tesla,27,2.0,5,8,,500.0
620,2026-01-31,20:48,J0069,Estacion Orbital,Ranked,Nadia;Umbra,39,3.0,6,5,Victoria,930.0
9994,2026-07-14,21:42,J0025,Canales de Hielo,Ranked,Koro,35,7.0,3,5,Derrota,890.0
1743,2026-02-25,  14:54 ,J0080,Bosque Umbral,Ranked,Nadia,26,4.0,4,6,Derrota,620.0
1391,2026-02-18,17:53,J0083,Estacion Orbital,Ranked,Magnus,26,3.0,5,3,Victoria,"850,0 pts"
2204,2026-03-07,21:53,J0005,Desierto Neon,Ranked,Lienzo,40,4.0,6,2,Victoria,880.0
3569,03-04-26,21:55,J0120,Estacion Orbital,Ranked,Koro;Vex,34,,5,1,Victoria,650.0
6117,2026-05-17,20:51,J0010,Desierto Neon,Casual,Umbra,8,4.0,5,3,Victoria,950.0
9318,2026-07-06,09:39,J0091,Bosque Umbral,Ranked,Vex;Koro,23,11.0,3,4,Victoria,1740.0
6053,16-05-26,18:26,J0037,Canales de Hielo,Casual,Vex,8,8.0,3,4,,"940,0 pts"
3179,2026-03-26,15:36,J0076,Estacion Orbital,Ranked,Tesla,26,,10,3,Derrota,450.0
3193,27/03/2026,11:16,J0037,Estacion Orbital,Ranked,Brisa,35,1.0,3,7,derrota,390.0
6100,17/05/2026,20:12,J0066,Puerto Escarlata,Ranked,Magnus;Koro;Umbra,40,13.0,4,8,Victoria,
7030,2026-05-31,23:56,J0143,Ciudadela,Torneo,Nadia;Brisa,31,3.0,2,5,Derrota,510.0
576,2026-01-30,21:10,J0031,Estacion Orbital,Ranked,UMBRA,22,4.0,1,1,Derrota,
6657,25-05-26,17:52,J0007,Bosque Umbral,Ranked,Magnus,42,6.0,6,5,Derrota,"730,0 pts"
7116,2026-06-01,21:40,J0040,Canales de Hielo,Casual,Koro,23,2.0,3,2,Victoria,740.0
8872,2026-06-28,16:36,J0095,Ciudadela,Torneo,Brisa,9,11.0,5,3,Derrota,1150.0
6277,2026-05-19,22:41,J0101,Estacion Orbital,Casual,Magnus,9,5.0,4,9,Derrota,870.0
9055,01/07/2026,12:35,J0002,Desierto Neon,Ranked,Umbra,35,6.0,6,1,Derrota,530.0
5898,13/05/2026,16:28,J0047,Puerto Escarlata,Ranked,Vex,32,12.0,6,2,Victoria,1680.0
5725,10/05/2026,21:43,J0011,Estacion Orbital,Casual,Magnus;Umbra,20,5.0,2,0,Victoria,960.0
270,2026-01-23,10:44,J0074,Canales de Hielo,Ranked,Brisa,32,4.0,7,2,Victoria,860.0
630,31/01/2026,08:55,J0086,Estacion Orbital,Ranked,Tesla,29,4.0,6,6,Derrota,580.0
3082,24-03-26,23:02,J0022,Bosque Umbral,Casual,Vex;Brisa,29,13.0,2,9,Victoria,2210.0
3467,2026-03-31,16:54,J0082,Ciudadela,Casual,Lienzo,23,7.0,5,3,victoria,1250.0
6431,2026-05-21,21:00,J0066,Ciudadela,Ranked,Vex,32,16.0,7,4,Victoria,2160.0
9382,07-07-26,08:05,J0084,Ciudadela,Torneo,Umbra,13,6.0,7,4,Derrota,660.0
7063,2026-05-31,23:15,J0011,Puerto Escarlata,Ranked,Umbra,38,5.0,7,4,Derrota,560.0
9801,2026-07-12,20:29,J0032,Ciudadela,Casual,Magnus;Umbra;Koro,17,3.0,2,3,Victoria,910.0
5544,08/05/2026,08:22,J0200,Puerto Escarlata,Ranked,Magnus,25,4.0,7,4,Derrota,460.0
4357,18-04-26,10:09,J0025,Ciudadela,Ranked,Koro,24,6.0,3,2,Victoria,1140.0
2114,2026-03-05,22:12,J0016,Puerto Escarlata,Casual,Tesla,28,5.0,2,5,Derrota,710.0
8220,19/06/2026,18:36,J0068,Puerto Escarlata,Casual,Nadia,29,5.0,3,6,Derrota,740.0
3217,2026-03-27,19:36,J0165,Puerto Escarlata,Casual,Nadia,10,2.0,5,3,Victoria,750.0
3815,08-04-26,17:07,J0200,Desierto Neon,Casual,Umbra,17,9.0,5,4,Victoria,
8322,2026-06-20,18:57,J0074,Puerto Escarlata,Torneo,Brisa,18,3.0,2,8,Derrota,660.0
8658,2026-06-26,22:42,J0033,Estacion Orbital,Ranked,Magnus,38,9.0,5,4,Victoria,1500.0
2279,2026-03-08,17:41,J0197,Puerto Escarlata,Ranked,Koro,23,4.0,2,4,Victoria,1060.0
4600,22-04-26,16:18,J0180,Estacion Orbital,Casual,Vex,20,14.0,6,8,Derrota,1680.0
14,2026-01-16,13:55,J0066,Canales de Hielo,Ranked,Magnus;Umbra,26,4.0,1,4,Derrota,580.0
9296,2026-07-05,17:43,J0101,Ciudadela,Ranked,Lienzo;Tesla,33,7.0,4,3,Victoria,1270.0
1526,2026-02-21,09:54,J0028,Desierto Neon,Casual,Lienzo,19,8.0,6,5,Derrota,930.0
2366,10-03-26,07:06,J0077,Desierto Neon,Ranked,Magnus,39,4.0,9,5,Victoria,970.0
4649,2026-04-23,22:59,J0081,Estacion Orbital,Casual,Koro;Nadia,29,8.0,8,4,Victoria,1340.0
375,2026-01-25,20:17,J0093,Desierto Neon,Torneo,Koro,9,4.0,5,6,Derrota,600.0
8589,25-06-26,09:57,J0067,Ciudadela,Ranked,Koro,38,5.0,3,5,  Derrota ,690.0
6478,22-05-26,13:33,J0148,Puerto Escarlata,Ranked,Koro,38,5.0,5,2,Victoria,1000.0
526,2026-01-29,20:16,J0017,Puerto Escarlata,Ranked,Brisa;Nadia,43,6.0,9,3,DERROTA,570.0
6896,2026-05-29,23:43,J0032,Estacion Orbital,Casual,Vex,13,11.0,3,8,Victoria,1940.0
3592,04/04/2026,19:55,J0028,Puerto Escarlata,Ranked,Lienzo,27,6.0,5,4,Derrota,700.0
7905,2026-06-14,18:13,J0014,Estacion Orbital,Casual,Koro,31,7.0,3,0,Derrota,640.0
2959,2026-03-22,20:19,J0070,Bosque Umbral,Casual,BRISA;VEX;MAGNUS,13,4.0,3,4,Victoria,1040.0
530,29-01-26,20:14,J0112,Ciudadela,Ranked,Nadia;Umbra;Vex,41,6.0,4,5,Victoria,1270.0
3715,06/04/2026,19:23,J0039,Puerto Escarlata,Ranked,Lienzo;Umbra;Koro,27,8.0,5,7,Derrota,1050.0
4733,24/04/2026,23:37,J0035,Desierto Neon,Ranked,Nadia;Magnus,36,9.0,5,5,Victoria,1550.0
1395,2026-02-18,13:59,J0080,Desierto Neon,Casual,Brisa;Lienzo,15,7.0,6,3,Victoria,1230.0
5632,2026-05-09,14:26,J0021,Desierto Neon,Ranked,UMBRA,23,7.0,2,6,Derrota,960.0
6564,23/05/2026,18:33,J0002,Bosque Umbral,Ranked,Umbra,31,12.0,2,0,,1160.0
4704,2026-04-24,20:17,J0065,Estacion Orbital,Casual,Koro,24,4.0,6,6,Derrota,580.0
1713,2026-02-25,20:43,J0029,Estacion Orbital,Ranked,Nadia,40,8.0,9,1,Victoria,1170.0
9829,2026-07-12,01:50,J0051,Ciudadela,Ranked,Umbra,22,1.0,4,2,Victoria,620.0
956,2026-02-08,02:00,J0046,Canales de Hielo,Casual,Magnus;Umbra,27,6.0,5,8,Derrota,900.0
6676,2026-05-25,18:44,J0017,Ciudadela,Casual,UMBRA,19,3.0,5,5,Derrota,450.0
3454,2026-03-31,16:22,J0036,Estacion Orbital,Torneo,Koro,21,4.0,5,4,Derrota,500.0
2072,04-03-26,18:30,J0071,Canales de Hielo,Casual,Vex;Brisa,24,9.0,8,5,  Derrota ,990.0
9814,2026-07-12,18:03,J0016,Estacion Orbital,Ranked,Tesla,25,9.0,4,6,Derrota,1120.0
159,20/01/2026,17:54,J0109,Canales de Hielo,Torneo,Nadia,10,5.0,8,8,Victoria,1240.0
7006,31/05/2026,20:08,J0031,Bosque Umbral,Casual,Magnus,10,3.0,3,9,Victoria,1190.0
353,2026-01-25,13:02,J0005,Puerto Escarlata,Casual,Nadia,12,14.0,8,1,Derrota,1290.0
6079,2026-05-16,17:07,J0124,Puerto Escarlata,Ranked,LIENZO;UMBRA,37,1.0,5,3,Victoria,650.0
6237,2026-05-19,23:22,J0078,Bosque Umbral,Casual,Vex;Nadia,29,10.0,4,4,Derrota,1120.0
2921,2026-03-21,16:34,J0006,Bosque Umbral,Casual,Lienzo;Tesla,10,4.0,6,3,Derrota,430.0
8504,23/06/2026,23:22,J0009,Canales de Hielo,Casual,,24,4.0,8,2,Derrota,340.0
4645,23/04/2026,21:35,J0021,Ciudadela,Ranked,Nadia;Magnus,34,7.0,8,0,Derrota,540.0
662,2026-02-01,17:38,J0066,Bosque Umbral,Casual,Lienzo,17,9.0,7,3,Victoria,1410.0
7058,2026-05-31,20:21,J0012,Puerto Escarlata,Ranked,Koro,37,5.0,4,6,Derrota,720.0
3666,2026-04-05,15:24,J0122,Bosque Umbral,Casual,Magnus;Brisa;Umbra,26,,4,2,Derrota,620.0
7980,15/06/2026,15:24,J0073,Ciudadela,Casual,Umbra;Vex,23,4.0,6,2,Derrota,380.0
307,2026-01-24,17:14,J0109,Bosque Umbral,Ranked,Tesla;Brisa,24,6.0,4,5,Victoria,1270.0
4791,2026-04-25,19:54,J0087,Ciudadela,Ranked,Tesla;Vex;Koro,25,7.0,4,3,Victoria,1270.0
2357,10-03-26,15:25,J0154,Estacion Orbital,Casual,Vex,21,7.0,6,6,Victoria,1380.0
1928,01-03-26,19:49,J0105,Desierto Neon,Ranked,Koro,28,8.0,6,5,Victoria,1430.0
9402,2026-07-07,18:47,J0086,Canales de Hielo,Ranked,UMBRA;LIENZO,24,5.0,5,5,Victoria,1150.0
3428,2026-03-31,07:54,J0004,Ciudadela,Casual,Magnus,24,,7,4,Victoria,
3639,2026-04-04,18:25,J0113,Estacion Orbital,Ranked,Tesla,33,3.0,4,2,Derrota,320.0
1267,2026-02-15,21:39,J0128,Ciudadela,Casual,Vex;Tesla,27,5.0,2,2,Derrota,560.0
1561,2026-02-21,19:42,J0071,Bosque Umbral,Torneo,  Koro ,10,5.0,6,8,Victoria,1280.0
7180,2026-06-02,17:46,J0038,Ciudadela,Casual,Nadia;Brisa,21,4.0,1,3,Derrota,530.0
4110,2026-04-13,18:57,J0041,Estacion Orbital,Casual,Vex,24,8.0,7,4,Victoria,1360.0
7868,13-06-26,21:33,J0015,Bosque Umbral,Ranked,Tesla,39,1.0,5,5,Victoria,750.0
4905,2026-04-27,22:48,J0045,Ciudadela,Casual,Umbra,14,,6,3,Derrota,83000.0
7295,2026-06-04,18:32,J0127,Ciudadela,Ranked,Tesla,32,4.0,6,1,Victoria,830.0
515,2026-01-28,08:49,J0200,Desierto Neon,Casual,Lienzo,10,6.0,4,3,Derrota,670.0
895,07/02/2026,10:41,J0137,Ciudadela,Casual,brisa,11,4.0,8,2,Victoria,840.0
22,16-01-26,20:11,J0075,Puerto Escarlata,Ranked,Vex,38,8.0,8,2,Victoria,1240.0
900,07-02-26,17:39,J0002,Estacion Orbital,Ranked,,25,5.0,1,4,Derrota,680.0
208,21-01-26,19:20,J0040,Desierto Neon,Casual,Koro,26,2.0,6,1,Derrota,130.0
459,27/01/2026,22:38,J0002,Ciudadela,Casual,Nadia,22,10.0,7,3,Victoria,1510.0
2431,12-03-26,23:29,J0002,Desierto Neon,Ranked,Tesla,44,7.0,7,3,Victoria,1210.0
8443,22/06/2026,22:21,J0077,Ciudadela,Ranked,Brisa,25,5.0,12,2,Victoria,860.0
3390,2026-03-30,22:00,J0010,Puerto Escarlata,Ranked,Nadia;Vex;Lienzo,26,10.0,8,6,Victoria,1640.0
3912,09-04-26,09:23,J0200,Bosque Umbral,Casual,Brisa;Nadia;Tesla,11,9.0,8,6,Victoria,1540.0
5384,2026-05-05,01:03,J0047,Estacion Orbital,Ranked,Nadia;Tesla;Koro,36,5.0,5,4,DERROTA,600.0
553,29/01/2026,12:12,J0092,Desierto Neon,Torneo,Tesla;Vex,23,7.0,5,3,Victoria,1250.0
3145,25/03/2026,19:54,J0056,Puerto Escarlata,Casual,Umbra,14,4.0,5,1,Victoria,"850,0 pts"
6918,2026-05-29,19:33,J0001,Puerto Escarlata,Casual,Magnus,30,3.0,5,4,Derrota,400.0
2057,2026-03-04,22:08,J0027,Canales de Hielo,Casual,Umbra,29,5.0,7,5,Victoria,1110.0
1926,01-03-26,05:31,J0014,Desierto Neon,Ranked,Magnus;Umbra,30,1.0,6,5,Victoria,730.0
635,31/01/2026,02:36,J0074,Desierto Neon,Ranked,Vex,39,7.0,3,4,Derrota,840.0
6083,2026-05-16,20:49,J0016,Canales de Hielo,Casual,Umbra,8,12.0,7,4,Derrota,"1260,0 pts"
8509,23/06/2026,18:25,J0050,Canales de Hielo,Ranked,Vex,42,5.0,7,3,Victoria,1010.0
9341,2026-07-06,20:36,J0159,Puerto Escarlata,Ranked,Vex,33,10.0,4,3,Derrota,1070.0
9752,2026-07-12,18:49,J0009,Ciudadela,Ranked,Tesla,41,2.0,3,2,Derrota,240.0
106,2026-01-18,16:07,J0197,Estacion Orbital,Ranked,Magnus;Lienzo,28,4.0,7,5,Derrota,510.0
3042,2026-03-23,16:41,J0179,Bosque Umbral,Ranked,Magnus;Vex,30,17.0,3,5,Victoria,2390.0
1710,25-02-26,08:30,J0015,Canales de Hielo,Ranked,NADIA,23,6.0,2,4,Victoria,1260.0
90,18-01-26,14:37,J0063,Canales de Hielo,Casual,Koro,23,7.0,5,4,Victoria,1300.0
7015,31/05/2026,20:02,J0084,Ciudadela,Ranked,Magnus,42,10.0,7,1,Victoria,1410.0
3175,26/03/2026,05:31,J0050,Estacion Orbital,Casual,Koro,32,2.0,3,4,Derrota,340.0
918,07/02/2026,09:46,J0010,Canales de Hielo,Ranked,Magnus,43,1.0,4,3,Victoria,670.0
7834,2026-06-13,23:22,J0021,Bosque Umbral,Ranked,Lienzo,44,7.0,5,4,Derrota,800.0
6733,2026-05-26,05:38,J0014,Estacion Orbital,Casual,Koro;Lienzo,26,5.0,8,9,Victoria,1290.0
1950,2026-03-02,20:44,J0080,Puerto Escarlata,Torneo,Koro,23,3.0,8,4,Derrota,340.0
6369,2026-05-21,08:17,J0065,Puerto Escarlata,Casual,Vex,27,9.0,5,1,Derrota,
2,16/01/2026,17:44,J0022,Ciudadela,Ranked,Nadia;Lienzo,30,10.0,7,1,Victoria,1410.0
8033,2026-06-16,21:08,J0034,Estacion Orbital,Casual,Umbra,14,11.0,3,2,Derrota,1140.0
6048,16/05/2026,19:52,J0014,Desierto Neon,Ranked,  Magnus;Vex ,42,4.0,7,9,Derrota,710.0
2721,17/03/2026,17:46,J0041,Desierto Neon,Ranked,Magnus;Tesla;Brisa,38,2.0,7,1,Derrota,110.0
9886,2026-07-13,16:30,J0163,Bosque Umbral,Casual,Nadia,30,12.0,5,2,Derrota,1200.0
3118,2026-03-25,18:14,J0200,Ciudadela,Ranked,Tesla;Brisa,39,6.0,6,2,Victoria,1080.0
9538,2026-07-09,20:06,J0017,Bosque Umbral,Torneo,Lienzo;Vex,30,1.0,3,5,Victoria,790.0
3763,2026-04-07,13:30,J0012,Bosque Umbral,Casual,Umbra;Vex,14,8.0,4,2,,1320.0
214,2026-01-21,20:36,J0024,Bosque Umbral,Casual,Umbra,12,4.0,7,3,Derrota,410.0
779,2026-02-04,14:05,J0033,Estacion Orbital,Ranked,Tesla,42,5.0,5,5,Derrota,"650,0 pts"
3497,2026-04-01,21:15,J0155,Bosque Umbral,Ranked,Vex;Lienzo;Magnus,31,10.0,4,4,  Derrota ,1120.0
8887,2026-06-29,19:23,J0001,Ciudadela,Ranked,Lienzo;Nadia,27,9.0,11,2,Derrota,
2044,2026-03-04,14:43,J0032,Bosque Umbral,Ranked,Vex;Umbra,31,14.0,7,6,Victoria,2060.0
5421,06-05-26,20:53,J0005,Ciudadela,Ranked,Tesla;Umbra,23,9.0,5,6,Victoria,1600.0
6155,17-05-26,21:14,J0008,Bosque Umbral,Casual,Brisa;Lienzo,25,2.0,8,2,Victoria,640.0
8358,21/06/2026,00:55,J0041,Bosque Umbral,Casual,Nadia,28,3.0,2,5,Victoria,1010.0
8776,27/06/2026,09:22,J0067,Desierto Neon,Ranked,Magnus,24,5.0,7,2,Victoria,960.0
8466,2026-06-22,18:00,J0042,Puerto Escarlata,Casual,Lienzo,13,3.0,1,3,Derrota,430.0
4168,14-04-26,18:25,J0017,Estacion Orbital,Casual,Vex,13,13.0,6,2,Derrota,1280.0
3789,2026-04-07,17:14,J0010,Ciudadela,Casual,Magnus,10,6.0,8,2,Victoria,1040.0
8587,25/06/2026,03:46,J0147,Bosque Umbral,Ranked,Umbra;Magnus,23,5.0,2,3,Victoria,1110.0
584,30-01-26,16:40,J0041,Puerto Escarlata,Casual,Brisa,13,0.0,9,6,Derrota,120.0
9986,14/07/2026,18:08,J0191,Desierto Neon,Ranked,Koro;Nadia;Lienzo,28,8.0,1,3,Victoria,1430.0
7967,15/06/2026,13:01,J0118,Desierto Neon,Ranked,Magnus,39,3.0,5,2,Victoria,800.0
117,2026-01-19,15:37,J0033,Estacion Orbital,Ranked,Brisa;Magnus,35,2.0,3,4,Victoria,840.0
6645,24/05/2026,19:27,J0087,Puerto Escarlata,Ranked,Lienzo;Brisa,33,9.0,6,5,Derrota,1030.0
9104,02-07-26,16:16,J0075,Estacion Orbital,Casual,Vex,26,8.0,3,4,Victoria,1440.0
9921,2026-07-13,17:21,J0058,Bosque Umbral,Casual,Koro;Tesla,11,6.0,5,5,Victoria,1250.0
9030,2026-07-01,14:24,J0157,Desierto Neon,Ranked,Vex;Lienzo,42,6.0,3,4,Derrota,740.0
1764,26-02-26,00:44,J0084,Puerto Escarlata,Casual,Koro,8,9.0,4,2,Victoria,1420.0
1876,2026-02-28,07:55,J0060,Ciudadela,Casual,Brisa;Koro,19,4.0,9,6,Derrota,520.0
3225,27/03/2026,22:09,J0034,Estacion Orbital,Ranked,KORO;LIENZO,40,2.0,5,7,Derrota,450.0
527,2026-01-29,  19:26 ,J0094,Estacion Orbital,Casual,nadia,23,7.0,0,5,Victoria,1450.0
7726,2026-06-11,19:52,J0167,Puerto Escarlata,Casual,Lienzo;Tesla,30,8.0,7,1,Victoria,1210.0
2947,2026-03-22,13:25,J0049,Desierto Neon,Casual,magnus,30,1.0,4,4,Derrota,220.0
4474,2026-04-20,00:11,J0011,Puerto Escarlata,Casual,Brisa;Umbra,13,3.0,5,1,  Derrota ,250.0
5656,2026-05-10,12:44,J0109,Canales de Hielo,Ranked,Umbra;Koro,40,5.0,3,6,,1240.0
6060,2026-05-16,18:45,J0062,Ciudadela,Torneo,Magnus;Tesla;Brisa,25,3.0,2,2,Victoria,860.0
960,2026-02-08,20:42,J0057,Estacion Orbital,Casual,Magnus,9,9.0,6,2,Victoria,1380.0
6343,2026-05-20,18:28,J0200,Estacion Orbital,Casual,Vex,16,9.0,7,3,Victoria,1410.0
3634,2026-04-04,22:12,J0061,Puerto Escarlata,Torneo,Tesla,19,4.0,2,7,Derrota,710.0
1051,2026-02-11,10:17,J0013,Ciudadela,Casual,Vex,30,11.0,3,4,Derrota,1240.0
3381,2026-03-30,18:28,J0013,Estacion Orbital,Ranked,Koro;Nadia,32,4.0,3,1,Victoria,890.0
3677,2026-04-05,21:12,J0146,Bosque Umbral,Torneo,Nadia;Tesla;Umbra,18,4.0,8,4,Derrota,440.0
5777,2026-05-11,21:04,J0076,Estacion Orbital,Ranked,Tesla,36,6.0,1,3,Victoria,1230.0
9116,2026-07-03,17:38,J0066,Desierto Neon,Ranked,,28,11.0,2,1,Derrota,1110.0
6574,2026-05-23,19:57,J0059,Ciudadela,Torneo,Nadia,10,2.0,7,2,Victoria,660.0
5180,02-05-26,05:44,J0001,Estacion Orbital,Casual,Magnus,26,3.0,4,4,  Derrota ,420.0
1608,22/02/2026,21:53,J0047,Canales de Hielo,Casual,Koro;Lienzo,12,8.0,2,3,Victoria,1410.0
3611,2026-04-04,22:59,J0200,Canales de Hielo,Casual,Lienzo;Brisa,9,13.0,3,2,Victoria,1840.0
9832,2026-07-12,11:06,J0200,Estacion Orbital,Casual,Vex,20,3.0,6,4,Derrota,380.0
6636,2026-05-24,20:43,J0049,Canales de Hielo,Casual,Magnus,13,4.0,9,5,Derrota,470.0
3571,2026-04-03,12:14,J0028,Desierto Neon,Ranked,Koro;Tesla,27,6.0,4,1,Victoria,"1070,0 pts"
792,05-02-26,18:24,J0071,Desierto Neon,Casual,Lienzo,11,3.0,4,3,Derrota,370.0
3057,2026-03-24,20:37,J0038,Desierto Neon,Ranked,Vex;Magnus,23,5.0,10,5,Derrota,550.0
1981,03/03/2026,08:04,J0026,Puerto Escarlata,Ranked,Brisa;Koro,43,7.0,4,5,Victoria,1370.0
3599,2026-04-04,22:03,J0005,Ciudadela,Ranked,Lienzo;Umbra,41,8.0,7,4,Derrota,
934,2026-02-08,20:44,J0006,Bosque Umbral,Casual,Brisa,29,5.0,2,4,Victoria,1160.0
7425,2026-06-06,12:09,J0064,Ciudadela,Ranked,Koro,30,0.0,4,4,Derrota,120.0
5627,2026-05-09,20:34,J0043,Puerto Escarlata,Ranked,Nadia;Vex,30,10.0,2,4,Victoria,1660.0
1683,2026-02-24,18:57,J0167,Estacion Orbital,Casual,Koro,10,6.0,1,3,Derrota,730.0
4180,2026-04-14,23:15,J0040,Canales de Hielo,Casual,Nadia,27,3.0,1,1,Victoria,830.0
6447,2026-05-22,05:45,J0007,Estacion Orbital,Casual,Brisa,24,15.0,9,1,Victoria,1870.0
4117,2026-04-13,21:54,J0029,Desierto Neon,Casual,TESLA;NADIA,17,1.0,2,6,Victoria,860.0
989,2026-02-09,03:26,J0046,Puerto Escarlata,Torneo,Koro,19,7.0,10,6,Victoria,1300.0
2897,21/03/2026,19:25,J0063,Estacion Orbital,Casual,Vex,8,14.0,11,2,Victoria,1780.0
3779,07/04/2026,20:32,J0014,Bosque Umbral,Ranked,Nadia,22,2.0,2,11,Victoria,1210.0
5659,10/05/2026,16:34,J0069,Canales de Hielo,Ranked,Brisa;Vex;Lienzo,25,5.0,3,1,Derrota,490.0
3094,2026-03-24,21:33,J0156,Canales de Hielo,Ranked,brisa;vex;umbra,33,8.0,5,1,Victoria,1250.0
3156,26-03-26,18:37,J0159,Desierto Neon,Casual,Lienzo,11,9.0,7,2,Victoria,1360.0
1824,2026-02-28,17:25,J0004,Estacion Orbital,Ranked,Umbra,30,6.0,12,2,Victoria,960.0
9696,2026-07-11,18:10,J0020,Estacion Orbital,Casual,Nadia,8,5.0,5,7,Victoria,1250.0
1099,2026-02-12,22:21,J0011,Ciudadela,Ranked,Lienzo;Vex,39,6.0,0,4,Victoria,1300.0
2845,2026-03-20,05:12,J0058,Canales de Hielo,Casual,Umbra,13,4.0,10,2,Victoria,800.0
3343,2026-03-29,12:02,J0068,Canales de Hielo,Casual,Tesla,29,8.0,3,6,Victoria,1540.0
39,2026-01-17,11:00,J0075,Ciudadela,Casual,Koro;Tesla,13,10.0,3,6,Derrota,1240.0
6541,23-05-26,13:24,J0034,Ciudadela,Ranked,Umbra;Magnus,24,2.0,5,3,Victoria,750.0
9419,2026-07-07,20:55,J0001,Puerto Escarlata,Ranked,Vex;Magnus,34,13.0,5,6,Derrota,1500.0
3357,29-03-26,18:23,J0025,Ciudadela,Casual,Nadia,22,6.0,4,8,Derrota,920.0
7814,2026-06-13,02:53,J0047,Canales de Hielo,Casual,Vex;Nadia,12,13.0,4,3,Victoria,1870.0
8221,2026-06-19,22:42,J0043,Bosque Umbral,Ranked,Brisa,29,3.0,8,8,Derrota,540.0
9298,2026-07-05,16:01,J0059,Desierto Neon,Casual,Umbra,13,2.0,4,4,Derrota,320.0
2429,12/03/2026,09:12,J0017,Puerto Escarlata,Ranked,Brisa;Lienzo,31,10.0,7,4,Derrota,1060.0
5044,30/04/2026,09:29,J0032,Puerto Escarlata,Ranked,Umbra;Nadia,44,8.0,7,5,Derrota,910.0
5347,2026-05-05,18:19,J0072,Bosque Umbral,Ranked,Magnus;Vex,38,5.0,3,5,Victoria,1190.0
4812,25/04/2026,12:56,J0038,Ciudadela,Casual,Umbra;Koro;Tesla,26,2.0,4,3,Derrota,270.0
8477,2026-06-23,19:37,J0052,Bosque Umbral,Casual,Magnus;Umbra,15,8.0,3,2,Derrota,"840,0 pts"
687,02-02-26,00:08,J0071,Bosque Umbral,Ranked,Vex,30,7.0,7,5,Victoria,1310.0
4800,2026-04-25,19:32,J0006,Desierto Neon,Ranked,Nadia,34,9.0,5,4,Victoria,1500.0
7438,06-06-26,12:04,J0071,Bosque Umbral,Ranked,Brisa,26,3.0,6,4,Derrota,380.0
2354,2026-03-10,22:11,J0007,Ciudadela,Casual,Magnus,16,10.0,11,2,Derrota,880.0
6354,2026-05-21,17:49,J0074,Bosque Umbral,Torneo,Magnus;Koro,11,3.0,8,2,Derrota,240.0
4570,2026-04-21,21:59,J0087,Bosque Umbral,Casual,Vex;Lienzo,30,10.0,1,2,,1080.0
8214,2026-06-19,19:41,J0027,Estacion Orbital,Casual,Magnus;Tesla,8,4.0,4,5,Victoria,1070.0
2753,2026-03-18,20:47,J0043,Desierto Neon,Casual,Koro;Brisa,9,4.0,3,0,Victoria,840.0
8074,17-06-26,15:02,J0075,Estacion Orbital,Ranked,Vex;Brisa,32,11.0,5,3,Victoria,1650.0
1041,10/02/2026,13:44,J0137,Desierto Neon,Ranked,Koro,38,6.0,2,5,Victoria,1310.0
7492,2026-06-07,16:26,J0010,Puerto Escarlata,Casual,Koro,18,9.0,6,2,Victoria,1380.0
1266,2026-02-15,11:50,J0033,Desierto Neon,Casual,Magnus;Vex;Lienzo,26,10.0,7,4,Derrota,1060.0
9336,2026-07-06,20:36,J0100,Canales de Hielo,Casual,Tesla,29,6.0,2,1,,"1110,0 pts"
7060,2026-05-31,19:28,J0014,Estacion Orbital,Torneo,Magnus,19,2.0,2,6,,960.0
278,2026-01-23,16:49,J0097,Bosque Umbral,Casual,Vex;Umbra,18,4.0,4,3,Victoria,970.0
5085,2026-04-30,15:58,J0074,Desierto Neon,Ranked,Vex,28,9.0,2,4,Derrota,1060.0
2383,2026-03-11,20:55,J0145,Bosque Umbral,Casual,Lienzo,25,4.0,5,4,Derrota,500.0
572,30/01/2026,12:21,J0114,Puerto Escarlata,Casual,Lienzo;Umbra,13,1.0,3,3,DERROTA,190.0
1436,19/02/2026,10:44,J0020,Estacion Orbital,Torneo,Brisa;Magnus,14,7.0,6,6,Victoria,1380.0
5353,2026-05-05,21:02,J0004,Desierto Neon,Casual,Brisa,20,6.0,3,7,Victoria,1390.0
5446,2026-05-06,18:19,J0156,Estacion Orbital,Casual,Vex;Nadia;Lienzo,10,5.0,9,4,Derrota,"520,0 pts"
1008,09-02-26,21:05,J0006,Puerto Escarlata,Ranked,  Lienzo ,36,6.0,8,3,Derrota,590.0
4544,2026-04-21,20:07,J0015,Desierto Neon,Casual,Tesla,8,6.0,3,5,Victoria,1290.0
8886,2026-06-29,19:11,J0025,Desierto Neon,Casual,Tesla,29,,5,6,Victoria,1100.0
2065,2026-03-04,09:03,J0008,Bosque Umbral,Casual,  Umbra ,11,1.0,4,4,Derrota,220.0
1137,13/02/2026,20:35,J0062,Estacion Orbital,Ranked,Lienzo,23,1.0,6,4,Victoria,680.0
5344,2026-05-05,19:09,J0012,Puerto Escarlata,Casual,Tesla;Brisa,26,,3,4,Victoria,1140.0
295,24-01-26,21:16,J0124,Bosque Umbral,Casual,Vex;Koro;Brisa,14,5.0,9,4,Victoria,1020.0
2404,2026-03-11,08:29,J0200,Estacion Orbital,Torneo,Umbra,24,7.0,5,5,Victoria,1350.0
3999,2026-04-11,13:32,J0023,Estacion Orbital,Casual,Koro,8,3.0,6,0,Derrota,180.0
3742,06-04-26,14:18,J0005,Estacion Orbital,Torneo,Koro;Vex,23,8.0,7,2,Victoria,1260.0
9293,2026-07-05,13:22,J0020,Puerto Escarlata,Ranked,Vex;Nadia;Koro,45,9.0,7,2,Victoria,1360.0
2720,17/03/2026,02:58,J0200,Estacion Orbital,Casual,Lienzo,29,9.0,5,1,Victoria,1350.0
9270,05/07/2026,01:37,J0044,Bosque Umbral,Ranked,Brisa,26,15.0,5,3,Victoria,2050.0
5151,01-05-26,18:51,J0027,Bosque Umbral,Casual,Nadia,20,4.0,8,3,Derrota,390.0
2809,2026-03-20,10:29,J0003,Estacion Orbital,Casual,Vex;Nadia,22,9.0,3,4,Derrota,1040.0
557,30-01-26,17:37,J0015,Estacion Orbital,Casual,Umbra,30,9.0,9,3,Derrota,870.0
8996,2026-06-30,17:05,J0033,Desierto Neon,Casual,Lienzo,8,9.0,2,7,Victoria,1710.0
4796,2026-04-25,19:59,J0048,Desierto Neon,Ranked,Umbra;Magnus;Brisa,37,3.0,2,3,Victoria,
2470,2026-03-13,12:41,J0131,Desierto Neon,Torneo,Lienzo;Brisa,17,9.0,9,5,Derrota,970.0
3739,06/04/2026,22:27,J0090,Desierto Neon,Casual,Brisa;Vex,29,6.0,7,2,,1060.0
4287,2026-04-17,19:05,J0020,Puerto Escarlata,Ranked,Vex;Brisa,31,7.0,5,0,,600.0
2605,15-03-26,17:39,J0010,Ciudadela,Casual,Tesla,13,8.0,2,3,Derrota,910.0
363,2026-01-25,19:54,J0092,Puerto Escarlata,Ranked,brisa,32,1.0,11,2,VICTORIA,480.0
6925,2026-05-30,20:56,J0023,Ciudadela,Torneo,koro,13,6.0,6,5,VICTORIA,1230.0
1705,2026-02-24,13:30,J0200,Estacion Orbital,Ranked,Brisa,38,9.0,11,2,Derrota,780.0
2140,2026-03-06,20:36,J0002,Ciudadela,Casual,Nadia;Umbra;Vex,19,8.0,9,4,Derrota,820.0
3240,28/03/2026,19:40,J0028,Canales de Hielo,Ranked,Koro,43,5.0,7,6,Victoria,1160.0
2384,2026-03-11,01:29,J0014,Bosque Umbral,Ranked,Vex,43,3.0,6,4,Derrota,380.0
7315,04/06/2026,17:18,J0189,Ciudadela,Torneo,Umbra;Brisa,16,9.0,9,3,Derrota,870.0
4312,17-04-26,21:01,J0040,Estacion Orbital,Ranked,,42,4.0,5,4,Derrota,500.0
1313,2026-02-17,19:44,J0008,Bosque Umbral,Casual,Tesla,27,4.0,4,5,Victoria,1070.0
3931,2026-04-10,09:54,J0038,Bosque Umbral,Casual,Brisa;Nadia;Magnus,10,2.0,2,3,Victoria,810.0
6184,18/05/2026,08:48,J0159,Bosque Umbral,Ranked,Vex,45,8.0,8,6,Victoria,1440.0
1592,22/02/2026,02:56,J0027,Estacion Orbital,Casual,Tesla,11,3.0,3,4,Derrota,440.0
9458,2026-07-08,06:40,J0051,Canales de Hielo,Ranked,Vex;Tesla,28,7.0,4,4,Victoria,1320.0
2163,2026-03-06,11:58,J0010,Ciudadela,Ranked,Magnus;Koro;Nadia,39,6.0,7,3,Victoria,1110.0
2397,11-03-26,19:37,J0156,Puerto Escarlata,Torneo,Lienzo;Umbra,12,5.0,1,2,Victoria,1080.0
318,24/01/2026,20:58,J0015,Estacion Orbital,Ranked,Umbra;Tesla,39,6.0,4,4,Victoria,1220.0
5234,2026-05-03,19:40,J0003,Puerto Escarlata,Ranked,,23,2.0,4,6,Derrota,420.0
5069,2026-04-30,17:48,J0045,Puerto Escarlata,Ranked,Tesla,40,5.0,2,6,Victoria,1260.0
4037,12/04/2026,14:42,J0163,Puerto Escarlata,Casual,Lienzo,31,13.0,5,5,Derrota,1450.0
3021,2026-03-23,18:30,J0099,Puerto Escarlata,Casual,Koro,24,6.0,3,6,Victoria,1340.0
8229,2026-06-19,18:16,J0032,Estacion Orbital,Torneo,Lienzo,31,2.0,2,3,Victoria,810.0
5296,2026-05-03,21:47,J0030,Puerto Escarlata,Casual,Brisa,8,5.0,6,2,Victoria,980.0
3973,2026-04-11,00:24,J0021,Bosque Umbral,Casual,Nadia,31,6.0,4,1,Victoria,1070.0
5371,2026-05-05,22:32,J0200,Canales de Hielo,Torneo,UMBRA;LIENZO;VEX,27,7.0,2,4,Victoria,1360.0
4134,13/04/2026,20:31,J0048,Desierto Neon,Ranked,Nadia,45,5.0,5,2,Derrota,500.0
975,2026-02-08,20:02,J0076,Puerto Escarlata,Ranked,Koro,39,9.0,6,6,Victoria,1580.0
7292,04-06-26,12:05,J0001,Ciudadela,Casual,Koro;Tesla,10,10.0,1,6,Derrota,1280.0
955,2026-02-08,17:41,J0011,Canales de Hielo,Ranked,Lienzo,28,2.0,4,3,Derrota,270.0
9377,2026-07-06,15:47,J0001,Bosque Umbral,Casual,,8,5.0,3,1,,490.0
5017,29/04/2026,18:21,J0045,Bosque Umbral,Ranked,Koro;Vex;Nadia,43,5.0,5,0,Derrota,400.0
9804,2026-07-12,19:21,J0136,Estacion Orbital,Casual,Umbra,26,10.0,7,3,Victoria,1510.0
7491,2026-06-07,17:47,J0126,Puerto Escarlata,Ranked,Lienzo,27,10.0,3,4,Derrota,1140.0
1641,2026-02-23,21:20,J0107,Desierto Neon,Casual,Magnus;Lienzo;Nadia,10,6.0,5,3,victoria,1150.0
1291,2026-02-16,18:22,J0017,Desierto Neon,Torneo,Magnus;Nadia;Tesla,20,8.0,7,1,Derrota,710.0
1381,18-02-26,07:38,J0067,Ciudadela,Casual,Nadia;Brisa;Magnus,11,6.0,7,2,Victoria,1060.0
1934,2026-03-01,16:39,J0064,Estacion Orbital,Ranked,Umbra;Vex;Magnus,26,6.0,3,2,Victoria,
4676,2026-04-23,16:17,J0006,Puerto Escarlata,Torneo,Vex,29,4.0,5,6,Victoria,1100.0
893,2026-02-07,19:12,J0047,Estacion Orbital,Ranked,Koro,30,6.0,2,1,Derrota,610.0
7288,2026-06-04,19:56,J0146,Bosque Umbral,Casual,Tesla,15,8.0,8,2,Derrota,740.0
4877,2026-04-26,08:48,J0087,Ciudadela,Casual,Brisa,11,10.0,2,3,Derrota,1110.0
7907,14-06-26,20:59,J0045,Estacion Orbital,Casual,Koro;Lienzo,10,5.0,7,4,Derrota,560.0
8195,18-06-26,20:55,J0033,Ciudadela,Casual,Magnus,10,8.0,2,2,Victoria,"1360,0 pts"
9450,2026-07-08,19:16,J0165,Ciudadela,Ranked,umbra;brisa,23,1.0,4,3,Victoria,670.0
2467,2026-03-13,17:30,J0018,Puerto Escarlata,Casual,Lienzo,22,7.0,6,6,Derrota,880.0
7658,10-06-26,08:25,J0066,Estacion Orbital,Ranked,Lienzo;Magnus,33,6.0,8,2,derrota,540.0
1914,2026-03-01,19:05,J0018,Bosque Umbral,Ranked,Magnus;Vex,31,6.0,8,4,Derrota,640.0
2737,18-03-26,03:54,J0003,Bosque Umbral,Casual,Vex,31,8.0,4,4,Victoria,1420.0
727,03-02-26,17:32,J0043,Estacion Orbital,Ranked,Nadia,27,8.0,8,3,Derrota,790.0
7215,03-06-26,08:53,J0031,Bosque Umbral,Ranked,Umbra;Nadia,40,5.0,4,2,Victoria,1020.0
8246,20-06-26,15:22,J0117,Desierto Neon,Casual,Brisa;Umbra,24,5.0,4,6,Derrota,720.0
1797,2026-02-27,13:27,J0100,Canales de Hielo,Torneo,Tesla,14,7.0,3,3,Victoria,1290.0
3846,08-04-26,07:10,J0081,Ciudadela,Ranked,Koro,24,2.0,3,4,Derrota,340.0
6403,2026-05-21,20:41,J0118,Ciudadela,Casual,Lienzo,17,12.0,4,3,Victoria,1770.0
937,08-02-26,07:38,J0030,Bosque Umbral,Torneo,Vex;Umbra,27,17.0,3,3,derrota,1790.0
2266,08/03/2026,14:35,J0085,Canales de Hielo,Ranked,Lienzo,34,6.0,1,4,Victoria,1280.0
825,05-02-26,23:10,J0068,Desierto Neon,Ranked,Nadia,40,10.0,5,5,Derrota,1150.0
7275,04-06-26,10:29,J0010,Puerto Escarlata,Ranked,Brisa;Tesla,27,2.0,5,4,Victoria,800.0
1390,2026-02-18,18:47,J0146,Bosque Umbral,Ranked,Brisa;Tesla,29,7.0,6,3,Derrota,730.0
3565,2026-04-03,17:46,J0089,Bosque Umbral,Ranked,Umbra,36,11.0,4,5,Victoria,1770.0
5430,2026-05-06,16:37,J0074,Estacion Orbital,Ranked,Magnus,40,4.0,2,3,Victoria,1010.0
7828,2026-06-13,22:11,J0017,Ciudadela,Casual,Lienzo,14,6.0,5,7,Derrota,850.0
5691,2026-05-10,01:10,J0086,Bosque Umbral,Casual,Vex,31,6.0,12,10,Derrota,860.0
7879,13/06/2026,20:13,J0062,Canales de Hielo,Torneo,Tesla,8,2.0,2,0,Victoria,660.0
1869,2026-02-28,19:34,J0026,Puerto Escarlata,Torneo,Koro,32,5.0,10,9,Derrota,750.0
8203,18/06/2026,15:56,J0056,Estacion Orbital,Casual,Brisa,31,1.0,4,1,Derrota,70.0
7487,07/06/2026,10:26,J0007,Desierto Neon,Casual,Vex,29,10.0,3,1,Victoria,1490.0
807,2026-02-05,18:05,J0034,Puerto Escarlata,Ranked,Umbra,34,6.0,7,5,Derrota,710.0
4806,25/04/2026,20:27,J0057,Puerto Escarlata,Casual,Umbra,19,5.0,4,4,Victoria,1120.0
9223,2026-07-04,10:58,J0153,Bosque Umbral,Ranked,Nadia,23,7.0,5,5,Victoria,1350.0
7512,07-06-26,12:59,J0022,Bosque Umbral,Casual,Koro;Lienzo;Tesla,8,7.0,9,6,Derrota,820.0
8057,2026-06-16,13:00,J0070,Estacion Orbital,Ranked,Vex,38,,3,5,Victoria,690.0
4495,2026-04-20,18:08,J0035,Estacion Orbital,Casual,Koro,9,14.0,6,1,Victoria,1830.0
2633,16-03-26,19:02,J0029,Ciudadela,Torneo,Nadia,25,2.0,2,3,Derrota,
8970,2026-06-30,  20:35 ,J0008,Canales de Hielo,Casual,Koro;Lienzo,14,4.0,9,2,Victoria,820.0
8624,2026-06-25,20:40,J0038,Bosque Umbral,Casual,BRISA;MAGNUS,17,1.0,3,3,Victoria,690.0
7833,2026-06-13,19:23,J0044,Desierto Neon,Ranked,Magnus,37,7.0,3,3,Derrota,790.0
4389,18/04/2026,20:45,J0158,Estacion Orbital,Casual,Tesla,22,9.0,12,5,Victoria,1410.0
146,2026-01-20,01:41,J0104,Desierto Neon,Casual,brisa;tesla,28,7.0,7,6,Derrota,860.0
6468,2026-05-22,20:59,J0115,Ciudadela,Casual,Umbra;Nadia,27,8.0,7,3,Victoria,1310.0
2034,2026-03-04,20:55,J0153,Bosque Umbral,Ranked,Brisa;Koro,28,5.0,2,4,Victoria,1160.0
9198,04-07-26,10:28,J0042,Canales de Hielo,Ranked,Koro;Magnus,22,1.0,7,3,Victoria,610.0
1166,13-02-26,15:40,J0013,Ciudadela,Casual,Brisa,26,9.0,5,4,Derrota,
2051,2026-03-04,08:35,J0011,Desierto Neon,Casual,Nadia;Brisa,11,5.0,6,8,Derrota,780.0
3761,2026-04-07,18:44,J0019,Estacion Orbital,Casual,Nadia,24,1.0,4,3,Derrota,170.0
4436,2026-04-19,21:25,J0200,Estacion Orbital,Ranked,Koro,45,6.0,2,1,Victoria,1110.0
3431,2026-03-31,  02:30 ,J0006,Canales de Hielo,Ranked,Magnus,39,4.0,8,8,  Victoria ,1140.0
8191,18-06-26,02:45,J0140,Ciudadela,Ranked,Nadia,34,5.0,8,1,Victoria,890.0
8822,2026-06-28,18:25,J0109,Bosque Umbral,Casual,Brisa,29,7.0,5,5,Derrota,
7070,2026-05-31,14:11,J0043,Desierto Neon,Ranked,,24,4.0,4,2,Victoria,920.0
4362,2026-04-18,16:09,J0100,Ciudadela,Ranked,Umbra,28,14.0,7,6,Derrota,
1772,26-02-26,20:11,J0051,Ciudadela,Ranked,Vex;Nadia,28,8.0,8,2,Victoria,1240.0
3512,2026-04-02,10:25,J0003,Bosque Umbral,Casual,Koro;Lienzo,22,3.0,8,13,Victoria,1290.0
272,23-01-26,12:44,J0006,Desierto Neon,Casual,Brisa,29,9.0,2,5,Derrota,"1110,0 pts"
8437,22/06/2026,18:55,J0070,Desierto Neon,Casual,Nadia,20,2.0,4,6,Derrota,420.0
2033,2026-03-04,20:16,J0110,Puerto Escarlata,Casual,Umbra,18,4.0,2,4,Derrota,560.0
9738,2026-07-11,23:06,J0006,Bosque Umbral,Ranked,Koro,24,8.0,2,5,Victoria,1510.0
3811,2026-04-08,11:29,J0045,Bosque Umbral,Ranked,Lienzo;Magnus;Nadia,40,6.0,5,3,Victoria,1150.0
4347,18-04-26,13:52,J0126,Desierto Neon,Casual,Brisa,12,7.0,8,4,Derrota,740.0
546,2026-01-29,22:44,J0054,Ciudadela,Casual,Vex,25,6.0,4,2,Derrota,620.0
3242,28-03-26,06:21,J0055,Bosque Umbral,Ranked,Umbra;Vex,29,5.0,9,2,Victoria,920.0
8503,23-06-26,16:58,J0042,Bosque Umbral,Casual,Umbra;Vex;Nadia,28,8.0,7,5,Victoria,1410.0
9993,2026-07-14,16:51,J0034,Canales de Hielo,Ranked,Tesla;Vex;Magnus,22,4.0,11,3,Victoria,830.0
7565,2026-06-08,17:00,J0111,Estacion Orbital,Ranked,Magnus;Tesla,38,4.0,3,5,Victoria,1090.0
921,2026-02-07,01:17,J0048,Desierto Neon,Ranked,Koro,39,4.0,4,8,Derrota,720.0
9189,04-07-26,18:50,J0200,Puerto Escarlata,Casual,Koro;Tesla;Lienzo,29,9.0,9,7,Victoria,1570.0
6641,2026-05-24,13:54,J0005,Ciudadela,Ranked,Koro;Lienzo,26,2.0,2,5,Derrota,410.0
7695,2026-06-11,13:27,J0008,Estacion Orbital,Ranked,Lienzo,45,4.0,4,1,Victoria,870.0
8231,19/06/2026,21:24,J0104,Ciudadela,Casual,Lienzo,32,10.0,4,4,Derrota,1120.0
7127,2026-06-01,06:14,J0075,Bosque Umbral,Casual,Umbra,31,10.0,3,4,Derrota,1140.0
4279,2026-04-16,17:49,J0061,Desierto Neon,Ranked,Koro;Brisa,31,8.0,5,7,Derrota,1050.0
2984,2026-03-22,17:32,J0125,Puerto Escarlata,Ranked,Vex;Magnus,38,9.0,3,1,Victoria,1390.0
131,2026-01-19,01:48,J0012,Estacion Orbital,Casual,Koro,20,5.0,3,2,Derrota,540.0
7981,15/06/2026,21:31,J0068,Desierto Neon,Casual,Nadia,20,3.0,4,2,Victoria,820.0
2668,2026-03-16,17:18,J0030,Desierto Neon,Ranked,Lienzo;Magnus,40,8.0,4,6,Victoria,1520.0
7139,2026-06-02,20:49,J0200,Ciudadela,Casual,Magnus,25,9.0,5,5,Victoria,1550.0
3224,27-03-26,  07:18 ,J0011,Estacion Orbital,Torneo,Nadia,11,5.0,5,4,Victoria,1100.0
7694,11/06/2026,21:20,J0005,Bosque Umbral,Casual,LIENZO,24,,8,1,Victoria,1590.0
5393,2026-05-05,17:07,J0121,Puerto Escarlata,Ranked,Brisa;Koro;Nadia,41,1.0,10,2,Derrota,0.0
615,31-01-26,19:45,J0013,Desierto Neon,Casual,Tesla,8,8.0,5,4,Victoria,"1400,0 pts"
9977,2026-07-14,16:16,J0115,Bosque Umbral,Ranked,Magnus,24,5.0,8,5,Victoria,1090.0
1467,20/02/2026,18:37,J0150,Desierto Neon,Casual,Umbra;Magnus,14,10.0,4,3,Derrota,1070.0
4498,20-04-26,  22:52 ,J0200,Desierto Neon,Ranked,Nadia,23,6.0,3,3,VICTORIA,1190.0
3043,2026-03-23,22:48,J0055,Puerto Escarlata,Casual,Umbra,13,4.0,7,1,Derrota,310.0
2420,2026-03-12,23:22,J0004,Bosque Umbral,Casual,Umbra;Vex,19,6.0,2,3,Victoria,1210.0
5086,2026-04-30,17:27,J0005,Desierto Neon,Torneo,Tesla;Umbra,8,6.0,3,3,Victoria,"1190,0 pts"
3295,2026-03-28,17:26,J0004,Ciudadela,Casual,Nadia,13,5.0,8,3,Derrota,490.0
6738,26/05/2026,21:13,J0109,Ciudadela,Casual,Nadia,10,2.0,5,7,Victoria,950.0
1501,21/02/2026,21:55,J0002,Desierto Neon,Casual,Lienzo;Vex;Umbra,23,13.0,8,4,Victoria,1840.0
1522,21/02/2026,22:52,J0089,Canales de Hielo,Ranked,Brisa,35,6.0,7,3,Derrota,
9188,2026-07-04,08:20,J0056,Desierto Neon,Ranked,,42,5.0,5,4,Derrota,600.0
4233,15/04/2026,22:52,J0009,Ciudadela,Casual,Umbra;Koro,13,3.0,3,2,Derrota,340.0
7687,2026-06-10,05:44,J0200,Canales de Hielo,Ranked,Umbra;Koro;Brisa,43,6.0,8,4,Victoria,1140.0
8821,28-06-26,20:04,J0016,Canales de Hielo,Ranked,Koro,33,8.0,5,3,Derrota,850.0
4431,19-04-26,19:16,J0045,Puerto Escarlata,Ranked,Tesla,23,7.0,3,4,Derrota,840.0
391,2026-01-25,19:41,J0075,Puerto Escarlata,Casual,Brisa,24,,4,2,Derrota,920.0
9932,2026-07-14,  11:53 ,J0200,Puerto Escarlata,Ranked,Umbra,30,8.0,7,3,Derrota,810.0
7125,2026-06-01,20:45,J0017,Ciudadela,Casual,Koro,29,12.0,7,1,Derrota,1110.0
5914,14/05/2026,21:03,J0058,Puerto Escarlata,Torneo,tesla,11,6.0,4,3,Victoria,1170.0
8593,25-06-26,13:09,J0028,Puerto Escarlata,Casual,Umbra,13,6.0,7,5,Derrota,710.0
4807,25-04-26,07:03,J0152,Estacion Orbital,Ranked,Umbra;Tesla,42,2.0,4,3,Derrota,270.0
9025,2026-07-01,05:44,J0006,Desierto Neon,Casual,Nadia;Magnus;Umbra,29,8.0,1,3,Derrota,930.0
8239,2026-06-19,19:06,J0069,Estacion Orbital,Ranked,Nadia,33,4.0,7,3,Victoria,910.0
8045,16-06-26,08:19,J0200,Puerto Escarlata,Casual,Brisa;Magnus,15,7.0,3,2,Derrota,740.0
9856,2026-07-13,14:14,J0023,Estacion Orbital,Ranked,Magnus,45,10.0,5,2,Derrota,1000.0
3994,2026-04-11,16:00,J0200,Desierto Neon,Torneo,Umbra,26,6.0,3,2,Victoria,1140.0
9624,2026-07-10,20:45,J0019,Bosque Umbral,Ranked,Lienzo;Magnus,22,0.0,5,2,Victoria,
6610,2026-05-24,22:03,J0146,Canales de Hielo,Ranked,Magnus,27,2.0,5,4,Victoria,800.0
5320,2026-05-04,21:39,J0017,Ciudadela,Ranked,Koro,28,7.0,6,4,Derrota,780.0
7120,01/06/2026,08:35,J0054,Canales de Hielo,Ranked,Koro;Umbra;Tesla,26,8.0,8,7,Derrota,990.0
2422,2026-03-12,17:59,J0088,Bosque Umbral,Ranked,brisa,42,6.0,7,5,Derrota,710.0
5605,09/05/2026,10:53,J0027,Canales de Hielo,Torneo,Koro,28,3.0,5,7,Derrota,550.0
1751,26/02/2026,17:21,J0015,Bosque Umbral,Casual,  Lienzo;Koro;Brisa ,9,9.0,4,2,Derrota,920.0
9086,02-07-26,21:32,J0024,Desierto Neon,Ranked,Magnus;Lienzo,25,1.0,9,2,  Derrota ,20.0
9792,2026-07-12,16:54,J0017,Estacion Orbital,Ranked,,45,3.0,7,4,Victoria,860.0
339,24-01-26,20:20,J0008,Bosque Umbral,Casual,Tesla,11,4.0,3,5,Derrota,590.0
8408,22-06-26,17:37,J0019,Bosque Umbral,Torneo,Brisa;Lienzo,15,3.0,7,6,Derrota,460.0
1342,2026-02-17,19:49,J0117,Canales de Hielo,Ranked,Koro,31,3.0,6,5,,930.0
9617,2026-07-10,17:29,J0019,Estacion Orbital,Ranked,Lienzo,28,2.0,7,7,Victoria,910.0
7983,15/06/2026,00:45,J0015,Estacion Orbital,Casual,Vex,21,11.0,5,3,Victoria,1650.0
3641,2026-04-04,21:18,J0005,Puerto Escarlata,Ranked,Tesla,22,7.0,3,5,Victoria,1390.0
330,2026-01-24,00:34,J0011,Desierto Neon,Casual,Tesla,9,2.0,3,1,Victoria,690.0
8898,2026-06-29,22:01,J0015,Desierto Neon,Casual,Umbra;Brisa,22,6.0,1,3,Victoria,1230.0
3005,2026-03-23,19:02,J0200,Canales de Hielo,Casual,Umbra,10,12.0,2,3,Derrota,1310.0
6961,2026-05-30,  17:32 ,J0024,Ciudadela,Ranked,Vex,23,13.0,8,4,Derrota,1340.0
4091,2026-04-12,16:06,J0055,Estacion Orbital,Ranked,Umbra,34,3.0,6,0,derrota,180.0
2323,2026-03-09,17:00,J0095,Desierto Neon,Casual,  Tesla;Nadia ,13,5.0,5,8,Derrota,800.0
6668,25-05-26,07:45,J0021,Ciudadela,Casual,Umbra;Lienzo;Magnus,27,10.0,6,6,Derrota,1180.0
7010,2026-05-31,03:24,J0193,Bosque Umbral,Casual,BRISA,16,5.0,6,3,DERROTA,530.0
4198,2026-04-15,18:36,J0032,Estacion Orbital,Ranked,Vex,31,10.0,5,3,Victoria,1550.0
3550,2026-04-03,11:52,J0077,Desierto Neon,Torneo,Brisa;Tesla,19,6.0,6,3,Victoria,1130.0
8364,2026-06-21,16:07,J0075,Bosque Umbral,Ranked,Vex,26,8.0,2,4,Victoria,
4204,2026-04-15,21:29,J0028,Bosque Umbral,Casual,Lienzo;Nadia,26,5.0,4,2,Derrota,"520,0 pts"
9381,2026-07-06,20:33,J0017,Bosque Umbral,Casual,Koro,29,7.0,6,1,Derrota,630.0
9007,01/07/2026,19:32,J0099,Puerto Escarlata,Casual,Magnus,22,2.0,2,0,Victoria,660.0
6186,18-05-26,20:05,J0073,Puerto Escarlata,Ranked,Brisa;Lienzo,26,1.0,8,4,Victoria,640.0
1640,23-02-26,10:27,J0003,Desierto Neon,Ranked,Brisa,44,4.0,3,2,Victoria,940.0
61,17-01-26,19:31,J0053,Bosque Umbral,Ranked,Lienzo,45,3.0,5,2,Derrota,300.0
1241,2026-02-15,14:46,J0038,Ciudadela,Casual,Koro;Nadia;Brisa,12,4.0,4,4,Victoria,1020.0
5761,11-05-26,06:41,J0043,Estacion Orbital,Ranked,Magnus;Vex,44,11.0,5,8,Derrota,1400.0
5137,2026-05-01,  16:12 ,J0019,Estacion Orbital,Ranked,Nadia;Koro,33,3.0,6,1,Derrota,230.0
2344,10/03/2026,08:06,J0033,Estacion Orbital,Torneo,Tesla,15,4.0,7,2,Victoria,860.0
2121,2026-03-06,20:33,J0007,Puerto Escarlata,Casual,Magnus,12,12.0,5,4,Victoria,1800.0
1525,2026-02-21,18:00,J0098,Estacion Orbital,Ranked,Tesla;Nadia,31,13.0,10,6,Derrota,1400.0
7618,09-06-26,16:15,J0096,Desierto Neon,Ranked,Koro,25,,6,3,Derrota,330.0
154,2026-01-20,18:51,J0045,Ciudadela,Ranked,Magnus;Vex,35,13.0,8,5,Victoria,1890.0
482,2026-01-27,18:40,J0106,Bosque Umbral,Torneo,Vex,14,11.0,6,3,Derrota,1130.0
6123,2026-05-17,20:40,J0015,Bosque Umbral,Casual,Koro;Tesla,24,11.0,3,2,Victoria,1640.0
7675,2026-06-10,22:34,J0068,Ciudadela,Ranked,Koro,36,8.0,4,2,Victoria,1320.0
7102,01-06-26,14:20,J0093,Puerto Escarlata,Ranked,,42,3.0,6,3,Victoria,830.0
1763,2026-02-26,07:29,J0200,Canales de Hielo,Ranked,Nadia,31,9.0,3,6,Derrota,1140.0
7716,11/06/2026,19:34,J0030,Ciudadela,Torneo,Vex,22,7.0,5,1,Derrota,650.0
9787,2026-07-12,01:52,J0106,Estacion Orbital,Ranked,Vex,29,4.0,6,2,Victoria,880.0
7480,2026-06-07,15:20,J0064,Desierto Neon,Ranked,Umbra;Nadia,41,5.0,7,5,Victoria,1110.0
6213,18/05/2026,19:53,J0061,Ciudadela,Casual,Brisa;Umbra,23,1.0,5,6,Derrota,300.0
4854,26/04/2026,17:10,J0006,Estacion Orbital,Ranked,Vex,32,9.0,2,7,Victoria,1710.0
2712,2026-03-17,13:38,J0005,Desierto Neon,Ranked,Nadia,40,5.0,8,0,Victoria,840.0
6767,2026-05-26,16:14,J0040,Ciudadela,Ranked,Tesla,40,10.0,4,4,Derrota,1120.0
4151,14-04-26,22:13,J0161,Puerto Escarlata,Casual,Lienzo,24,5.0,7,2,Derrota,460.0
1334,2026-02-17,10:20,J0001,Ciudadela,Torneo,Tesla;Umbra,9,4.0,7,2,Derrota,360.0
8379,21-06-26,13:41,J0030,Canales de Hielo,Torneo,Vex;Koro,9,10.0,4,4,Victoria,1620.0
9460,2026-07-08,  21:37 ,J0144,Canales de Hielo,Casual,Vex,16,,5,5,Victoria,1150.0
9781,2026-07-12,20:12,J0168,Bosque Umbral,Ranked,Vex,35,9.0,2,3,Victoria,1510.0
9192,04/07/2026,22:40,J0023,Desierto Neon,Ranked,Tesla,25,5.0,6,6,Victoria,1180.0
3851,2026-04-08,13:12,J0040,Canales de Hielo,Casual,Brisa,29,9.0,3,6,Victoria,1640.0
8341,2026-06-21,14:17,J0073,Desierto Neon,Ranked,Nadia,38,4.0,2,5,Derrota,610.0
4125,13/04/2026,21:25,J0133,Puerto Escarlata,Torneo,Tesla;Vex,27,11.0,2,2,Derrota,1160.0
9034,01-07-26,19:07,J0107,Desierto Neon,Ranked,Vex,41,1.0,3,4,Victoria,740.0
4789,2026-04-25,16:36,J0057,Bosque Umbral,Ranked,Lienzo,22,6.0,4,1,,1070.0
2867,21-03-26,12:04,J0042,Canales de Hielo,Casual,Lienzo;Vex,15,2.0,4,7,Derrota,470.0
1387,2026-02-18,21:55,J0003,Puerto Escarlata,Torneo,Nadia,29,4.0,3,3,VICTORIA,990.0
5942,2026-05-14,17:39,J0113,Estacion Orbital,Torneo,Lienzo;Tesla,30,5.0,10,3,Derrota,450.0
3068,2026-03-24,23:09,J0124,Canales de Hielo,Ranked,Brisa;Magnus,36,1.0,2,3,,710.0
9129,2026-07-03,17:45,J0163,Bosque Umbral,Casual,Brisa;Koro,10,7.0,10,1,Victoria,1050.0
3630,04-04-26,09:19,J0038,Puerto Escarlata,Casual,Tesla;Nadia,12,4.0,1,4,Derrota,580.0
9528,09/07/2026,21:48,J0088,Canales de Hielo,Ranked,Magnus,42,8.0,5,3,Victoria,1350.0
9020,01-07-26,19:25,J0006,Bosque Umbral,Torneo,,13,9.0,8,5,Victoria,1490.0
3029,2026-03-23,15:35,J0186,Ciudadela,Casual,Lienzo;Vex;Tesla,17,9.0,6,2,Victoria,1380.0
2970,2026-03-22,21:07,J0027,Ciudadela,Casual,koro;umbra;tesla,23,3.0,6,3,Victoria,830.0
8647,2026-06-26,21:23,J0130,Ciudadela,Casual,Brisa,22,6.0,10,4,Derrota,600.0
6137,2026-05-17,14:40,J0024,Puerto Escarlata,Casual,,22,10.0,3,2,,1540.0
8802,2026-06-28,13:54,J0141,Bosque Umbral,Ranked,Koro,26,10.0,7,3,Victoria,"1510,0 pts"
4264,2026-04-16,11:57,J0079,Puerto Escarlata,Ranked,Brisa;Umbra,41,,4,0,DERROTA,720.0
646,2026-02-01,19:24,J0045,Estacion Orbital,Ranked,Tesla;Koro,28,2.0,7,3,Victoria,710.0
9727,2026-07-11,21:11,J0059,Estacion Orbital,Casual,Nadia;Brisa;Tesla,14,9.0,4,5,Derrota,1070.0
2075,2026-03-05,22:42,J0127,Ciudadela,Ranked,Koro;Vex,32,6.0,2,5,Victoria,1310.0
342,2026-01-24,20:51,J0041,Canales de Hielo,Ranked,,38,1.0,3,6,Derrota,340.0
8042,2026-06-16,20:43,J0014,Ciudadela,Ranked,Brisa,45,2.0,5,4,Derrota,300.0
1623,2026-02-23,14:25,J0012,Estacion Orbital,Ranked,Magnus,27,8.0,2,4,Victoria,1460.0
7142,02/06/2026,23:23,J0075,Bosque Umbral,Casual,Umbra,27,6.0,2,5,,1310.0
5797,2026-05-12,22:22,J0036,Puerto Escarlata,Torneo,Koro;Tesla;Vex,18,5.0,5,10,Victoria,1400.0
7185,02/06/2026,14:00,J0027,Estacion Orbital,Casual,Brisa,27,1.0,3,4,Victoria,740.0
8233,2026-06-19,17:44,J0064,Ciudadela,Torneo,Vex;Magnus,11,11.0,7,2,Victoria,1560.0
5476,07-05-26,05:01,J0011,Desierto Neon,Torneo,TESLA,11,12.0,6,4,Derrota,1280.0
9323,2026-07-06,23:02,J0014,Ciudadela,Casual,Tesla,17,4.0,7,0,Victoria,760.0
75,2026-01-17,15:31,J0047,Estacion Orbital,Torneo,Umbra;Brisa,31,11.0,6,5,Derrota,1230.0
8634,2026-06-25,07:41,J0091,Puerto Escarlata,Ranked,Nadia;Koro,37,6.0,7,10,,1460.0
9300,05/07/2026,16:44,J0032,Canales de Hielo,Casual,Nadia,21,6.0,3,7,Derrota,890.0
2052,2026-03-04,20:44,J0011,Desierto Neon,Ranked,Umbra;Lienzo,42,4.0,5,9,Victoria,1250.0
2542,14-03-26,07:06,J0021,Canales de Hielo,Casual,Brisa;Tesla;Koro,17,7.0,3,2,Derrota,740.0
1302,2026-02-16,20:34,J0074,Puerto Escarlata,Casual,Tesla,14,1.0,6,4,Derrota,180.0
5878,13/05/2026,18:11,J0200,Canales de Hielo,Casual,Brisa,20,6.0,3,5,Victoria,1290.0
7369,2026-06-05,17:09,J0161,Estacion Orbital,Torneo,VEX;BRISA;KORO,12,2.0,3,1,Derrota,190.0
1305,2026-02-16,13:47,J0082,Puerto Escarlata,Ranked,Vex,40,10.0,5,2,  Victoria ,1500.0
8429,2026-06-22,23:16,J0045,Desierto Neon,Ranked,Koro;Lienzo,25,3.0,5,2,Derrota,300.0
9165,2026-07-03,16:42,J0020,Estacion Orbital,Casual,Nadia;Umbra,23,7.0,3,6,Victoria,1440.0
2600,15/03/2026,17:11,J0033,Bosque Umbral,Ranked,TESLA;UMBRA,31,5.0,5,3,Victoria,1050.0
2574,2026-03-15,10:55,J0009,Bosque Umbral,Casual,umbra,30,4.0,2,2,Victoria,960.0
3187,2026-03-26,00:48,J0121,Estacion Orbital,Ranked,  Lienzo;Umbra ,35,3.0,8,3,Derrota,290.0
2769,2026-03-19,00:44,J0099,Puerto Escarlata,Casual,Lienzo,30,6.0,7,7,Victoria,1310.0
4832,26-04-26,21:19,J0127,Desierto Neon,Casual,Nadia;Umbra;Vex,19,9.0,6,4,Victoria,1480.0
4224,15/04/2026,22:53,J0067,Ciudadela,Ranked,Vex,36,8.0,5,5,,1450.0
9723,2026-07-11,18:07,J0013,Desierto Neon,Casual,Lienzo,14,7.0,2,2,Derrota,760.0
2107,2026-03-05,20:11,J0020,Ciudadela,Casual,Lienzo;Nadia;Umbra,12,8.0,4,2,Victoria,1320.0
2680,2026-03-17,20:23,J0067,Puerto Escarlata,Casual,Koro,10,4.0,7,2,Victoria,860.0
1388,2026-02-18,16:56,J0091,Puerto Escarlata,Ranked,Lienzo,40,5.0,7,3,Victoria,1010.0
9002,2026-07-01,13:58,J0045,Puerto Escarlata,Ranked,Umbra,28,6.0,4,5,Victoria,1270.0
9733,2026-07-11,  18:04 ,J0020,Ciudadela,Ranked,Tesla;Koro,31,7.0,4,2,Victoria,1220.0
7084,01-06-26,18:22,J0031,Estacion Orbital,Ranked,Umbra;Brisa,43,7.0,3,2,Victoria,1240.0
1280,2026-02-16,22:21,J0127,Puerto Escarlata,Torneo,Brisa;Magnus;Lienzo,32,2.0,8,1,Victoria,590.0
805,2026-02-05,17:19,J0049,Desierto Neon,Casual,Magnus,22,3.0,4,1,Derrota,270.0
1556,2026-02-21,08:03,J0200,Estacion Orbital,Ranked,Umbra,43,10.0,3,4,Victoria,1640.0
9559,09/07/2026,19:00,J0006,Estacion Orbital,Casual,Koro;Tesla,19,6.0,7,1,Derrota,510.0
4567,2026-04-21,12:24,J0200,Desierto Neon,Ranked,Umbra;Brisa,26,5.0,6,2,Victoria,980.0
9743,11/07/2026,17:02,J0122,Canales de Hielo,Casual,Tesla;Nadia,13,7.0,4,6,Derrota,920.0
4842,2026-04-26,12:07,J0200,Estacion Orbital,Ranked,Umbra;Lienzo;Tesla,33,8.0,5,3,Victoria,1350.0
3595,04/04/2026,01:19,J0079,Canales de Hielo,Casual,Koro,30,8.0,5,3,Derrota,850.0
6036,2026-05-16,18:28,J0003,Canales de Hielo,Ranked,Nadia;Koro,29,4.0,6,2,Derrota,380.0
6853,28/05/2026,16:59,J0102,Bosque Umbral,Ranked,Nadia,28,3.0,7,7,Derrota,510.0
8706,27-06-26,17:33,J0006,Estacion Orbital,Torneo,Lienzo,19,7.0,4,2,Derrota,"720,0 pts"
4178,14/04/2026,17:28,J0049,Desierto Neon,Ranked,Koro,30,5.0,6,2,Victoria,980.0
1309,16/02/2026,17:42,J0026,Desierto Neon,Casual,Magnus;Vex,9,10.0,6,2,Victoria,1480.0
3453,2026-03-31,17:59,J0001,Bosque Umbral,Casual,Lienzo;Umbra,24,5.0,2,6,Victoria,1260.0
3696,05-04-26,22:35,J0011,Bosque Umbral,Torneo,Tesla;Lienzo,29,7.0,2,1,Victoria,1210.0
4243,16-04-26,22:13,J0009,Desierto Neon,Casual,LIENZO;NADIA,20,5.0,3,5,  Victoria ,1190.0
2199,2026-03-07,23:28,J0022,Desierto Neon,Ranked,Umbra;Koro;Tesla,44,3.0,11,7,Victoria,930.0
8967,30-06-26,18:07,J0009,Estacion Orbital,Ranked,Lienzo,22,3.0,3,4,Derrota,440.0
4426,2026-04-19,13:56,J0016,Estacion Orbital,Ranked,Nadia,36,7.0,4,2,Victoria,1220.0
6151,2026-05-17,07:46,J0156,Ciudadela,Casual,Brisa;Umbra,21,5.0,2,7,Victoria,1310.0
944,08/02/2026,19:13,J0092,Puerto Escarlata,Ranked,Magnus,41,5.0,6,5,Victoria,1130.0
823,2026-02-05,11:22,J0004,Ciudadela,Ranked,Tesla,25,7.0,4,3,Victoria,1270.0
5006,2026-04-29,22:35,J0006,Bosque Umbral,Casual,Nadia;Vex,16,13.0,3,4,Victoria,1940.0
6613,2026-05-24,16:12,J0003,Bosque Umbral,Casual,Tesla,25,2.0,6,0,Victoria,580.0
8357,2026-06-21,22:55,J0049,Canales de Hielo,Ranked,Nadia;Koro,23,1.0,1,4,Victoria,780.0
5620,2026-05-09,22:05,J0016,Bosque Umbral,Torneo,Brisa,10,5.0,4,3,Victoria,1070.0
4548,21/04/2026,22:47,J0090,Bosque Umbral,Casual,Lienzo;Brisa,20,3.0,6,7,Derrota,530.0
2539,2026-03-14,21:25,J0087,Ciudadela,Torneo,Lienzo,29,9.0,10,4,Victoria,1400.0
5208,2026-05-02,20:59,J0009,Desierto Neon,Casual,Umbra,16,5.0,6,3,Derrota,530.0
9587,10-07-26,16:34,J0066,Canales de Hielo,Ranked,Koro,41,9.0,4,7,Victoria,1670.0
9080,2026-07-02,13:41,J0032,Bosque Umbral,Torneo,,16,7.0,4,4,Derrota,820.0
3055,2026-03-24,17:08,J0126,Puerto Escarlata,Casual,Brisa;Vex,19,8.0,5,3,Victoria,1350.0
3676,05-04-26,01:59,J0130,Puerto Escarlata,Casual,Brisa;Lienzo,27,3.0,7,2,Derrota,260.0
7777,2026-06-12,18:10,J0200,Puerto Escarlata,Ranked,Umbra;Koro,33,5.0,3,2,Derrota,540.0
7219,03/06/2026,19:44,J0033,Ciudadela,Casual,Magnus,22,5.0,4,3,Derrota,570.0
6723,2026-05-26,20:39,J0093,Estacion Orbital,Torneo,Umbra,10,3.0,4,3,Victoria,870.0
3301,2026-03-28,19:54,J0059,Desierto Neon,Ranked,UMBRA;VEX,32,8.0,3,2,Victoria,1340.0
3311,2026-03-29,19:31,J0168,Ciudadela,Casual,Koro;Umbra,11,3.0,6,4,Victoria,880.0
7222,03/06/2026,17:46,J0036,Canales de Hielo,Ranked,Brisa;Nadia,43,4.0,5,5,Victoria,1050.0
8520,2026-06-23,19:00,J0052,Desierto Neon,Casual,Koro,14,4.0,3,2,Victoria,
5955,14/05/2026,21:53,J0005,Desierto Neon,Ranked,Brisa,37,6.0,5,2,Derrota,600.0
833,06/02/2026,  03:41 ,J0162,Puerto Escarlata,Ranked,Nadia,32,5.0,1,5,Victoria,1230.0
3463,2026-03-31,19:59,J0037,Canales de Hielo,Ranked,Magnus,44,5.0,4,1,Derrota,470.0
7644,2026-06-10,12:09,J0021,Estacion Orbital,Casual,Nadia,24,7.0,5,2,,1200.0
55,2026-01-17,02:31,J0072,Puerto Escarlata,Ranked,Koro;Brisa;Umbra,30,1.0,4,2,Derrota,120.0
3452,2026-03-31,09:50,J0039,Desierto Neon,Ranked,Vex;Brisa,36,11.0,8,1,Derrota,990.0
6306,2026-05-20,14:03,J0062,Estacion Orbital,Ranked,Magnus,43,3.0,6,4,Victoria,880.0
1482,2026-02-20,02:02,J0040,Puerto Escarlata,Ranked,,39,8.0,5,5,Derrota,950.0
4874,26/04/2026,18:33,J0023,Ciudadela,Torneo,Nadia,27,5.0,5,1,VICTORIA,950.0
8039,2026-06-16,10:32,J0007,Puerto Escarlata,Casual,Umbra,28,11.0,6,4,Victoria,1680.0
3336,29-03-26,10:01,J0044,Ciudadela,Ranked,Koro;Magnus,24,7.0,4,6,Derrota,920.0
6017,2026-05-16,01:48,J0028,Desierto Neon,Ranked,Vex;Koro,42,11.0,4,6,Victoria,1820.0
4927,27-04-26,16:57,J0005,Desierto Neon,Ranked,Umbra;Brisa,23,8.0,3,8,Victoria,1640.0
5798,2026-05-12,14:22,J0010,Ciudadela,Casual,Tesla;Brisa,14,,6,4,Derrota,780.0
9905,13/07/2026,02:00,J0077,Canales de Hielo,Ranked,Vex;Umbra,37,2.0,4,3,Victoria,770.0
5084,2026-04-30,18:27,J0026,Desierto Neon,Casual,Tesla;Koro,22,3.0,3,4,Derrota,
6646,2026-05-24,09:59,J0003,Ciudadela,Casual,Umbra;Magnus,24,3.0,8,5,Victoria,890.0
5491,2026-05-07,16:04,J0114,Estacion Orbital,Casual,Magnus,9,3.0,12,4,Derrota,"260,0 pts"
769,2026-02-04,15:08,J0066,Estacion Orbital,Torneo,Lienzo;Tesla;Vex,14,10.0,5,2,DERROTA,1000.0
2066,2026-03-04,17:24,J0013,Puerto Escarlata,Torneo,Koro;Magnus;Umbra,26,5.0,4,8,Victoria,1320.0
9573,2026-07-09,22:26,J0200,Desierto Neon,Torneo,Koro;Nadia,9,10.0,5,6,Derrota,1200.0
7312,2026-06-04,17:26,J0058,Puerto Escarlata,Casual,Brisa,12,3.0,4,5,Victoria,970.0
8478,2026-06-23,19:35,J0075,Estacion Orbital,Casual,Brisa;Koro;Umbra,15,6.0,5,7,Derrota,850.0
4525,2026-04-21,16:39,J0010,Ciudadela,Ranked,  Tesla ,31,11.0,3,3,Victoria,1690.0
2718,2026-03-17,10:00,J0016,Canales de Hielo,Casual,Nadia,26,5.0,3,4,  Victoria ,1140.0
2080,2026-03-05,21:09,J0066,Desierto Neon,Ranked,Tesla,22,6.0,5,3,Derrota,650.0
8915,29-06-26,13:30,J0098,Canales de Hielo,Casual,  Lienzo ,17,3.0,3,0,Derrota,240.0
952,2026-02-08,22:40,J0011,Ciudadela,Ranked,Brisa;Umbra;Tesla,41,5.0,7,2,Victoria,"960,0 pts"
8059,16-06-26,18:05,J0005,Canales de Hielo,Casual,Umbra;Koro;Nadia,21,6.0,5,1,Derrota,550.0
2483,13-03-26,21:14,J0028,Canales de Hielo,Casual,Lienzo,13,5.0,7,3,DERROTA,510.0
1760,26-02-26,19:20,J0044,Desierto Neon,Casual,  Brisa ,27,7.0,8,4,Derrota,740.0
4423,19-04-26,05:28,J0025,Puerto Escarlata,Torneo,Lienzo,23,3.0,10,5,Victoria,850.0
6705,25/05/2026,18:36,J0004,Desierto Neon,Casual,Brisa,14,5.0,6,4,Victoria,1080.0
5183,2026-05-02,11:29,J0132,Puerto Escarlata,Casual,,28,14.0,6,4,Victoria,1980.0
8534,2026-06-24,19:42,J0063,Ciudadela,Casual,Tesla;Umbra;Lienzo,17,4.0,4,5,Derrota,"570,0 pts"
3702,05/04/2026,21:08,J0025,Canales de Hielo,Casual,Vex;Umbra,16,9.0,4,4,  Victoria ,1520.0
4244,16/04/2026,18:39,J0074,Bosque Umbral,Casual,Brisa;Umbra;Magnus,12,3.0,4,7,Derrota,570.0
689,02-02-26,23:46,J0078,Desierto Neon,Casual,Koro,8,4.0,8,2,Victoria,840.0
3433,31-03-26,16:49,J0023,Canales de Hielo,Ranked,Koro,38,2.0,5,2,Victoria,700.0
4945,2026-04-28,21:27,J0069,Desierto Neon,Ranked,Nadia;Brisa;Tesla,28,3.0,5,2,Victoria,800.0
967,2026-02-08,16:22,J0200,Puerto Escarlata,Ranked,Vex,40,6.0,5,4,Victoria,1200.0
9557,09/07/2026,10:17,J0061,Estacion Orbital,Ranked,  Vex ,43,11.0,5,4,Victoria,1700.0
2714,2026-03-17,15:42,J0200,Canales de Hielo,Ranked,Koro,28,12.0,7,3,Derrota,1210.0
4758,25/04/2026,11:20,J0017,Desierto Neon,Casual,,25,6.0,9,0,Derrota,420.0
9618,2026-07-10,10:50,J0200,Bosque Umbral,Ranked,Magnus,30,4.0,6,2,Victoria,880.0
6321,20-05-26,01:51,J0056,Estacion Orbital,Ranked,Magnus,29,1.0,6,7,Victoria,830.0
5976,2026-05-15,18:19,J0057,Estacion Orbital,Ranked,Nadia,43,8.0,5,8,Victoria,1600.0
3573,2026-04-03,21:59,J0155,Desierto Neon,Ranked,Lienzo;Brisa,23,5.0,2,5,Victoria,
5300,2026-05-04,22:07,J0014,Bosque Umbral,Ranked,Magnus;Brisa,32,1.0,7,4,Derrota,160.0
1991,03-03-26,20:16,J0008,Canales de Hielo,Casual,Brisa;Magnus,29,2.0,6,8,Victoria,980.0
1206,14-02-26,19:36,J0036,Canales de Hielo,Ranked,Brisa,24,4.0,6,9,Derrota,730.0
4972,2026-04-28,18:43,J0092,Bosque Umbral,Casual,Magnus,18,3.0,4,2,VICTORIA,820.0
6784,27-05-26,19:53,J0090,Estacion Orbital,Casual,Umbra;Koro,11,2.0,4,3,Victoria,770.0
3601,2026-04-04,17:35,J0047,Canales de Hielo,Torneo,Nadia;Tesla;Magnus,25,11.0,5,3,Derrota,1150.0
6491,2026-05-22,17:16,J0015,Canales de Hielo,Casual,Tesla,30,6.0,3,4,Victoria,1240.0
8610,2026-06-25,11:39,J0045,Canales de Hielo,Casual,Brisa,18,8.0,8,7,Victoria,1490.0
8128,2026-06-17,19:52,J0102,Estacion Orbital,Ranked,Tesla;Brisa,45,6.0,7,1,victoria,1010.0
8071,2026-06-16,19:51,J0020,Bosque Umbral,Torneo,Lienzo,8,9.0,4,6,Derrota,1120.0
8578,2026-06-25,20:37,J0044,Puerto Escarlata,Ranked,Umbra,31,5.0,8,7,Derrota,690.0
7974,2026-06-15,14:09,J0082,Puerto Escarlata,Torneo,Tesla,28,3.0,11,3,Derrota,230.0
1626,2026-02-23,17:01,J0016,Ciudadela,Casual,Koro;Brisa,16,9.0,4,2,DERROTA,920.0
537,2026-01-29,23:13,J0009,Puerto Escarlata,Casual,Magnus;Vex,25,4.0,7,2,Derrota,"360,0 pts"
8767,2026-06-27,21:10,J0019,Puerto Escarlata,Casual,Tesla,18,8.0,6,7,Victoria,
7971,2026-06-15,22:01,J0078,Bosque Umbral,Casual,Lienzo;Umbra,14,3.0,7,6,Derrota,460.0
4213,2026-04-15,19:46,J0001,Canales de Hielo,Torneo,Koro;Magnus,25,6.0,9,2,Victoria,1020.0
6457,2026-05-22,12:35,J0060,Estacion Orbital,Casual,Tesla,8,3.0,6,2,Victoria,780.0
3508,02/04/2026,22:14,J0054,Bosque Umbral,Casual,Nadia;Vex,30,10.0,3,4,Victoria,1640.0
8394,2026-06-21,22:12,J0093,Estacion Orbital,Casual,BRISA,23,0.0,7,5,Victoria,610.0
7113,2026-06-01,19:19,J0039,Puerto Escarlata,Casual,Koro,31,3.0,3,4,Derrota,440.0
2709,17-03-26,13:46,J0011,Ciudadela,Ranked,Brisa;Nadia,33,3.0,6,1,Derrota,230.0
5032,29-04-26,16:59,J0158,Desierto Neon,Ranked,Nadia,34,11.0,1,4,,1280.0
6515,2026-05-23,19:40,J0030,Ciudadela,Ranked,Nadia;Tesla;Umbra,27,7.0,9,2,Derrota,620.0
4663,2026-04-23,05:57,J0051,Puerto Escarlata,Casual,Vex;Brisa,15,2.0,7,8,Victoria,960.0
4022,11-04-26,20:10,J0189,Bosque Umbral,Casual,Lienzo,25,8.0,6,8,Victoria,1580.0
1855,28/02/2026,12:29,J0008,Estacion Orbital,Casual,Magnus,12,3.0,5,5,Derrota,450.0
9497,2026-07-08,21:12,J0045,Ciudadela,Ranked,Umbra,45,5.0,7,3,Derrota,510.0
2873,2026-03-21,00:08,J0191,Estacion Orbital,Torneo,Nadia,13,4.0,5,3,  Derrota ,450.0
3031,2026-03-23,21:34,J0060,Canales de Hielo,Torneo,Vex;Koro;Lienzo,25,7.0,6,2,Derrota,680.0
1646,2026-02-23,11:59,J0095,Desierto Neon,Ranked,Umbra,23,5.0,3,1,Victoria,990.0
3418,30-03-26,09:00,J0058,Canales de Hielo,Ranked,Lienzo,27,6.0,3,2,Victoria,1140.0
3477,2026-04-01,  12:59 ,J0052,Bosque Umbral,Casual,Vex;Tesla;Koro,18,7.0,5,1,,1150.0
9625,2026-07-10,17:04,J0077,Estacion Orbital,Casual,Magnus,17,7.0,2,2,Derrota,760.0
1793,27/02/2026,23:43,J0004,Desierto Neon,Casual,Lienzo,23,9.0,5,6,victoria,1600.0
3798,07/04/2026,20:12,J0007,Puerto Escarlata,Casual,MAGNUS,25,12.0,9,4,Victoria,1720.0
3369,2026-03-30,00:41,J0015,Ciudadela,Casual,Brisa,12,6.0,3,5,Victoria,1290.0
7197,02/06/2026,21:11,J0176,Canales de Hielo,Torneo,Vex,23,7.0,3,5,Victoria,1390.0
9715,2026-07-11,16:46,J0007,Estacion Orbital,Ranked,Magnus,36,6.0,2,5,Victoria,1310.0
5110,2026-05-01,17:55,J0010,Puerto Escarlata,Ranked,Tesla;Umbra;Lienzo,39,8.0,2,4,Derrota,960.0
6025,16-05-26,18:40,J0015,Canales de Hielo,Torneo,Koro;Tesla,25,6.0,4,3,Derrota,670.0
8796,2026-06-28,22:10,J0037,Estacion Orbital,Casual,Umbra,18,10.0,5,3,Derrota,1050.0
9365,06-07-26,21:47,J0039,Puerto Escarlata,Casual,Tesla,21,4.0,2,4,DERROTA,"560,0 pts"
127,2026-01-19,  19:28 ,J0143,Bosque Umbral,Casual,Brisa,11,6.0,6,7,Victoria,1330.0
5960,2026-05-14,12:40,J0014,Canales de Hielo,Ranked,Nadia;Magnus,36,4.0,5,4,Derrota,500.0
3877,09/04/2026,18:08,J0012,Bosque Umbral,Casual,Lienzo,31,6.0,4,2,Victoria,1120.0
4452,2026-04-19,18:54,J0082,Canales de Hielo,Ranked,Lienzo,24,6.0,5,3,Victoria,1150.0
7148,2026-06-02,22:05,J0037,Bosque Umbral,Casual,Vex,23,7.0,8,5,Victoria,1290.0
3532,02/04/2026,07:33,J0064,Bosque Umbral,Torneo,Tesla,29,3.0,3,7,  Victoria ,1090.0
828,2026-02-05,18:54,J0166,Desierto Neon,Casual,Vex,31,7.0,2,11,Derrota,1210.0
7791,12/06/2026,12:16,J0095,Ciudadela,Casual,  Lienzo ,11,4.0,1,2,Victoria,"980,0 pts"
985,09/02/2026,11:02,J0047,Bosque Umbral,Ranked,Brisa;Lienzo,23,9.0,2,1,Derrota,910.0
7784,2026-06-12,20:44,J0032,Puerto Escarlata,Casual,MAGNUS;KORO,26,4.0,1,3,Victoria,1030.0
2444,2026-03-12,14:46,J0018,Estacion Orbital,Ranked,Umbra;Brisa;Magnus,34,2.0,2,4,Derrota,360.0
8555,2026-06-24,19:21,J0026,Canales de Hielo,Casual,Magnus,28,3.0,7,9,VICTORIA,1110.0
346,2026-01-25,18:26,J0087,Canales de Hielo,Ranked,Umbra;Lienzo;Koro,23,7.0,4,6,  Victoria ,1420.0
815,2026-02-05,21:09,J0200,Desierto Neon,Casual,,26,10.0,5,5,derrota,1150.0
6167,2026-05-18,20:47,J0133,Estacion Orbital,Ranked,Vex;Umbra;Nadia,35,3.0,0,2,Victoria,900.0
5780,2026-05-11,  18:26 ,J0081,Puerto Escarlata,Casual,Nadia,25,4.0,1,1,Victoria,930.0
2117,2026-03-05,17:33,J0071,Ciudadela,Ranked,Brisa,42,6.0,7,3,Derrota,"610,0 pts"
794,2026-02-05,20:37,J0077,Ciudadela,Casual,Umbra,16,,6,2,Victoria,880.0
6899,2026-05-29,11:22,J0009,Ciudadela,Ranked,Tesla,31,6.0,6,4,Victoria,1180.0
2675,2026-03-16,22:35,J0134,Puerto Escarlata,Casual,Koro;Brisa,15,9.0,13,4,Victoria,1340.0
95,2026-01-18,22:30,J0113,Estacion Orbital,Ranked,Lienzo;Koro,37,3.0,9,7,Victoria,970.0
4226,2026-04-15,13:28,J0007,Estacion Orbital,Casual,Brisa,26,5.0,7,4,Derrota,560.0
3757,2026-04-06,18:10,J0073,Puerto Escarlata,Ranked,Umbra;Koro;Nadia,22,4.0,8,2,Derrota,340.0
2892,2026-03-21,12:40,J0070,Canales de Hielo,Casual,Koro,13,2.0,8,2,Derrota,140.0
2372,2026-03-10,14:29,J0027,Desierto Neon,Ranked,Vex,23,9.0,4,6,Victoria,1620.0
9459,2026-07-08,20:39,J0025,Desierto Neon,Ranked,Koro,42,4.0,4,4,Victoria,1020.0
3229,2026-03-27,16:13,J0022,Desierto Neon,Torneo,Koro,31,5.0,5,6,Derrota,700.0
7864,2026-06-13,20:42,J0200,Canales de Hielo,Ranked,Magnus,32,7.0,2,3,Victoria,1310.0
6360,21-05-26,10:57,J0071,Canales de Hielo,Casual,umbra,20,4.0,4,1,Victoria,870.0
9267,05-07-26,23:36,J0021,Bosque Umbral,Ranked,Lienzo,38,2.0,3,7,Victoria,990.0
7327,2026-06-05,12:03,J0009,Puerto Escarlata,Casual,Tesla,29,6.0,5,5,Derrota,750.0
6029,16/05/2026,14:31,J0002,Canales de Hielo,Casual,Koro,24,7.0,2,3,Derrota,810.0
1866,2026-02-28,21:35,J0034,Ciudadela,Ranked,Umbra;Koro;Lienzo,41,10.0,7,3,Derrota,1010.0
4613,2026-04-22,14:53,J0188,Bosque Umbral,Ranked,Nadia,38,4.0,5,2,Victoria,900.0
2646,16-03-26,20:55,J0065,Ciudadela,Torneo,Nadia,19,1.0,5,3,Victoria,650.0
2244,2026-03-08,23:54,J0004,Desierto Neon,Ranked,Umbra,30,5.0,8,1,,
5374,05/05/2026,15:31,J0112,Desierto Neon,Ranked,Tesla,22,3.0,10,2,Derrota,200.0
2337,2026-03-10,20:55,J0008,Puerto Escarlata,Ranked,Tesla,28,1.0,7,3,Derrota,110.0
951,08-02-26,15:46,J0004,Canales de Hielo,Ranked,Lienzo,32,8.0,2,2,Victoria,1360.0
1121,12-02-26,21:34,J0183,Puerto Escarlata,Casual,Vex;Lienzo,25,5.0,4,7,Derrota,770.0
2205,07/03/2026,00:15,J0030,Ciudadela,Ranked,Vex,38,8.0,3,3,Derrota,890.0
420,2026-01-26,19:23,J0071,Ciudadela,Ranked,Umbra,38,4.0,9,3,Derrota,370.0
923,08/02/2026,10:20,J0023,Puerto Escarlata,Casual,Tesla;Brisa,15,12.0,7,4,Victoria,1760.0
8670,2026-06-26,06:44,J0123,Puerto Escarlata,Casual,Koro,17,2.0,6,8,Derrota,480.0
5409,2026-05-06,07:11,J0010,Canales de Hielo,Casual,Vex,19,12.0,4,4,Derrota,1320.0
5789,11/05/2026,13:16,J0112,Canales de Hielo,Torneo,Magnus;Lienzo;Nadia,23,8.0,1,2,Victoria,"1380,0 pts"
5743,11/05/2026,21:46,J0029,Bosque Umbral,Casual,Tesla,19,3.0,5,4,Derrota,400.0
7668,2026-06-10,19:42,J0029,Desierto Neon,Ranked,Nadia;Brisa,43,3.0,9,5,,870.0
5568,2026-05-09,23:44,J0001,Puerto Escarlata,Casual,BRISA,26,6.0,7,8,Victoria,1360.0
8136,2026-06-17,08:35,J0067,Puerto Escarlata,Ranked,Umbra,28,7.0,6,5,Derrota,830.0
1203,2026-02-14,13:00,J0002,Puerto Escarlata,Ranked,Koro,28,7.0,9,4,Victoria,1220.0
5766,11/05/2026,19:29,J0011,Desierto Neon,Ranked,magnus;lienzo;brisa,22,3.0,2,6,Victoria,1060.0
8390,2026-06-21,22:05,J0072,Puerto Escarlata,Ranked,Lienzo,24,2.0,4,3,Derrota,270.0
1971,2026-03-02,10:19,J0137,Ciudadela,Ranked,Nadia,32,4.0,4,4,Derrota,520.0
4019,2026-04-11,18:35,J0097,Estacion Orbital,Ranked,koro,26,3.0,8,4,Victoria,840.0
3688,2026-04-05,12:24,J0086,Estacion Orbital,Casual,Koro,13,5.0,9,3,Victoria,970.0
1998,03/03/2026,21:20,J0022,Puerto Escarlata,Torneo,Lienzo,26,2.0,6,2,Derrota,180.0
4034,2026-04-11,18:07,J0012,Ciudadela,Ranked,Lienzo,28,6.0,5,3,Victoria,
1249,2026-02-15,16:03,J0013,Estacion Orbital,Ranked,Nadia,33,12.0,7,10,  Derrota ,1560.0
2193,07/03/2026,10:36,J0128,Puerto Escarlata,Ranked,Tesla,33,10.0,6,4,Derrota,1080.0
2713,2026-03-17,12:45,J0006,Bosque Umbral,Casual,Koro,18,11.0,12,4,Derrota,1060.0
2191,07-03-26,18:47,J0060,Desierto Neon,Casual,Umbra,14,6.0,3,7,Derrota,890.0
4671,2026-04-23,04:57,J0042,Puerto Escarlata,Casual,Magnus,9,7.0,7,3,Victoria,1210.0
5143,2026-05-01,07:25,J0011,Estacion Orbital,Ranked,Tesla,41,1.0,7,6,Victoria,760.0
5985,2026-05-15,09:45,J0048,Canales de Hielo,Casual,Tesla,12,6.0,2,9,Derrota,1010.0
6566,2026-05-23,13:45,J0067,Bosque Umbral,Ranked,Brisa;Koro,44,4.0,4,4,Victoria,
7805,2026-06-12,16:20,J0003,Ciudadela,Casual,Magnus,11,6.0,12,1,DERROTA,410.0
6944,2026-05-30,00:01,J0034,Desierto Neon,Casual,Umbra,16,3.0,9,4,victoria,
2137,2026-03-06,23:04,J0030,Bosque Umbral,Ranked,Magnus,37,5.0,4,5,Derrota,670.0
1066,2026-02-11,16:14,J0148,Puerto Escarlata,Ranked,Tesla;Koro,24,2.0,2,5,,"910,0 pts"
601,2026-01-31,14:04,J0080,Estacion Orbital,Ranked,,24,5.0,7,4,Victoria,1060.0
4228,2026-04-15,16:03,J0088,Canales de Hielo,Torneo,Magnus,28,3.0,4,5,Derrota,470.0
7578,2026-06-09,10:41,J0014,Bosque Umbral,Casual,Nadia,20,2.0,2,4,Derrota,360.0
78,18-01-26,22:52,J0169,Desierto Neon,Casual,Tesla;Umbra,17,4.0,5,7,,650.0
7547,2026-06-08,19:58,J0046,Desierto Neon,Torneo,Nadia,32,6.0,7,9,,1410.0
2899,2026-03-21,01:35,J0040,Bosque Umbral,Ranked,Koro;Vex,31,9.0,5,5,Victoria,1550.0
4821,2026-04-25,20:50,J0159,Ciudadela,Casual,Lienzo;Umbra;Brisa,21,7.0,6,4,Victoria,1280.0
9373,2026-07-06,00:41,J0023,Estacion Orbital,Casual,  Magnus ,8,10.0,4,4,VICTORIA,1620.0
6414,21-05-26,12:49,J0035,Desierto Neon,Casual,Vex;Tesla,12,9.0,6,3,Victoria,1430.0
9065,2026-07-02,07:07,J0019,Bosque Umbral,Casual,Lienzo,27,4.0,5,3,Derrota,450.0
8008,2026-06-15,07:07,J0004,Desierto Neon,Ranked,Magnus,43,5.0,6,3,Derrota,530.0
5469,2026-05-07,12:01,J0052,Puerto Escarlata,Casual,Brisa,26,7.0,3,2,Derrota,740.0
5952,14-05-26,20:29,J0013,Bosque Umbral,Casual,Umbra,28,6.0,6,2,Derrota,580.0
3392,2026-03-30,19:52,J0092,Estacion Orbital,Casual,vex,9,5.0,7,3,Victoria,1010.0
5416,06/05/2026,20:49,J0029,Puerto Escarlata,Ranked,umbra;nadia,35,4.0,2,4,Victoria,1060.0
2561,15/03/2026,05:29,J0052,Puerto Escarlata,Ranked,Nadia,39,6.0,8,5,Derrota,690.0
8163,2026-06-18,05:23,J0004,Desierto Neon,Ranked,Lienzo,23,2.0,6,6,Derrota,"380,0 pts"
2636,2026-03-16,00:16,J0009,Bosque Umbral,Torneo,Koro;Magnus,32,2.0,2,3,Victoria,810.0
5257,03/05/2026,22:59,J0133,Bosque Umbral,Casual,Lienzo;Magnus,12,1.0,5,3,Victoria,650.0
3531,2026-04-02,19:11,J0025,Ciudadela,Ranked,Lienzo;Nadia,30,1.0,4,3,Derrota,170.0
8568,2026-06-24,20:57,J0014,Estacion Orbital,Casual,Magnus,18,6.0,9,9,Derrota,"870,0 pts"
1909,2026-03-01,09:11,J0059,Puerto Escarlata,Casual,Vex;Magnus,12,5.0,4,6,Victoria,1220.0
236,2026-01-22,20:12,J0070,Bosque Umbral,Casual,Nadia,12,6.0,5,3,Victoria,1150.0
1605,2026-02-22,  18:26 ,J0059,Estacion Orbital,Torneo,Umbra,21,5.0,6,3,Derrota,530.0
7985,15/06/2026,03:18,J0018,Ciudadela,Casual,Nadia,12,3.0,2,3,Derrota,410.0
3491,01-04-26,20:47,J0009,Canales de Hielo,Casual,NADIA;VEX;LIENZO,22,8.0,4,4,Victoria,1420.0
1995,2026-03-03,  22:59 ,J0001,Puerto Escarlata,Ranked,NADIA,39,9.0,3,5,Derrota,1090.0
2825,2026-03-20,23:00,J0085,Estacion Orbital,Ranked,Magnus,34,6.0,4,3,Victoria,1170.0
9356,2026-07-06,06:20,J0021,Canales de Hielo,Ranked,Koro,24,7.0,3,4,derrota,840.0
1343,17/02/2026,03:50,J0087,Puerto Escarlata,Casual,Nadia;Koro,25,11.0,3,6,Derrota,1340.0
8513,2026-06-23,15:45,J0035,Estacion Orbital,Torneo,Tesla,31,7.0,6,6,Derrota,880.0
1620,23/02/2026,11:35,J0024,Desierto Neon,Ranked,Koro,39,4.0,6,3,Victoria,930.0
5288,03-05-26,21:35,J0003,Bosque Umbral,Casual,Nadia,32,9.0,5,5,Victoria,1550.0
2061,04-03-26,20:58,J0086,Desierto Neon,Torneo,Lienzo;Nadia,31,2.0,7,6,Derrota,360.0
8848,28-06-26,22:49,J0200,Bosque Umbral,Ranked,Magnus;Tesla;Umbra,37,12.0,5,3,Derrota,1250.0
2220,2026-03-07,22:19,J0005,Estacion Orbital,Casual,Nadia;Koro,25,3.0,5,4,Victoria,900.0
6039,16-05-26,17:54,J0035,Desierto Neon,Ranked,Nadia,43,9.0,1,4,Victoria,1580.0
261,2026-01-23,17:09,J0071,Canales de Hielo,Casual,Tesla;Magnus;Brisa,10,8.0,7,3,Victoria,1310.0
9503,2026-07-08,03:12,J0011,Estacion Orbital,Casual,Nadia,13,5.0,2,3,Derrota,610.0
9094,2026-07-02,22:07,J0045,Desierto Neon,Ranked,Lienzo,31,1.0,6,4,DERROTA,180.0
3745,2026-04-06,14:25,J0011,Ciudadela,Torneo,Koro;Umbra,23,1.0,10,6,derrota,200.0
2027,2026-03-04,12:04,J0146,Puerto Escarlata,Ranked,nadia;koro,22,7.0,3,3,Derrota,790.0
6989,2026-05-30,15:07,J0038,Bosque Umbral,Casual,Tesla,12,4.0,5,3,Derrota,450.0
4235,2026-04-16,00:44,J0162,Ciudadela,Ranked,Brisa;Tesla,40,4.0,4,2,Derrota,420.0
1918,2026-03-01,20:04,J0001,Canales de Hielo,Ranked,Tesla;Lienzo,23,4.0,6,6,Derrota,580.0
1829,28-02-26,22:19,J0024,Canales de Hielo,Ranked,Brisa,29,2.0,12,5,Derrota,210.0
6234,19/05/2026,16:05,J0027,Canales de Hielo,Ranked,Tesla;Nadia,27,3.0,7,4,Derrota,360.0
9403,07/07/2026,19:20,J0200,Puerto Escarlata,Ranked,Magnus;Koro,34,9.0,6,3,VICTORIA,1430.0
6284,2026-05-19,15:39,J0043,Bosque Umbral,Casual,Magnus;Nadia,26,9.0,4,4,Derrota,1020.0
4209,15/04/2026,18:14,J0055,Ciudadela,Ranked,Umbra,23,6.0,2,4,Derrota,760.0
225,22/01/2026,00:18,J0135,Desierto Neon,Torneo,Lienzo;Nadia,18,4.0,4,4,Victoria,1020.0
8916,29-06-26,12:48,J0006,Estacion Orbital,Casual,umbra,18,6.0,6,3,Derrota,630.0
6470,2026-05-22,19:48,J0001,Ciudadela,Ranked,Magnus,28,7.0,5,8,,1000.0
9485,2026-07-08,13:32,J0200,Desierto Neon,Ranked,Koro;Vex,22,,7,5,Victoria,1510.0
847,06-02-26,22:13,J0087,Ciudadela,Ranked,Vex,39,10.0,6,4,Victoria,1580.0
4290,2026-04-17,14:28,J0121,Estacion Orbital,Casual,Vex,32,9.0,2,2,Derrota,960.0
5561,2026-05-08,00:48,J0028,Desierto Neon,Ranked,Lienzo,30,3.0,4,3,Derrota,370.0
2552,14/03/2026,18:01,J0086,Bosque Umbral,Ranked,Lienzo,32,,3,1,Victoria,690.0
118,2026-01-19,17:49,J0098,Puerto Escarlata,Torneo,Umbra,14,,7,0,Victoria,860.0
8838,28-06-26,16:38,J0186,Canales de Hielo,Casual,Nadia,29,4.0,2,2,Derrota,"460,0 pts"
5967,2026-05-14,17:17,J0056,Canales de Hielo,Casual,Koro,17,2.0,5,6,Victoria,900.0
8196,2026-06-18,19:39,J0003,Puerto Escarlata,Ranked,Vex,32,5.0,9,3,Victoria,970.0
8660,2026-06-26,17:44,J0001,Puerto Escarlata,Ranked,Tesla;Brisa;Umbra,41,,5,4,Victoria,1600.0
7490,07-06-26,23:28,J0186,Canales de Hielo,Ranked,Brisa,38,10.0,6,3,  Derrota ,1030.0
6,2026-01-16,10:04,J0010,Estacion Orbital,Casual,Umbra,21,8.0,4,6,Derrota,1020.0
5343,2026-05-05,21:10,J0144,Canales de Hielo,Ranked,Koro,39,5.0,6,4,Derrota,580.0
9112,2026-07-03,21:25,J0200,Desierto Neon,Casual,Koro;Brisa;Tesla,20,4.0,3,2,Derrota,440.0
4325,2026-04-17,08:54,J0097,Puerto Escarlata,Ranked,Vex,36,9.0,3,4,Victoria,1540.0
1064,2026-02-11,01:25,J0018,Ciudadela,Ranked,Koro,30,1.0,3,5,Victoria,790.0
2591,2026-03-15,  12:20 ,J0200,Desierto Neon,Ranked,Magnus,31,2.0,7,3,Victoria,710.0
8435,2026-06-22,22:07,J0037,Desierto Neon,Ranked,Umbra;Koro,31,5.0,8,5,Victoria,1090.0
3736,2026-04-06,01:41,J0001,Canales de Hielo,Casual,Lienzo;Tesla,17,6.0,5,6,Derrota,800.0
3518,02/04/2026,19:52,J0052,Puerto Escarlata,Casual,Vex,12,6.0,6,5,Victoria,1230.0
6987,2026-05-30,21:39,J0028,Puerto Escarlata,Casual,Tesla,15,5.0,6,7,Victoria,1230.0
6768,26/05/2026,16:54,J0022,Bosque Umbral,Casual,Koro;Vex,13,13.0,5,3,Victoria,1850.0
5623,2026-05-09,19:35,J0023,Puerto Escarlata,Ranked,Nadia,30,6.0,7,3,Victoria,1110.0
1606,22/02/2026,02:25,J0023,Estacion Orbital,Ranked,Tesla;Koro,34,11.0,3,2,victoria,1640.0
1734,25/02/2026,16:45,J0079,Ciudadela,Casual,Koro;Magnus,22,3.0,10,3,Victoria,750.0
9412,2026-07-07,12:28,J0027,Estacion Orbital,Casual,Magnus;Umbra,23,3.0,2,6,Victoria,1060.0
3813,2026-04-08,17:07,J0066,Puerto Escarlata,Ranked,Vex,40,10.0,5,4,Victoria,1600.0
9698,2026-07-11,01:09,J0033,Desierto Neon,Ranked,Koro;Brisa;Magnus,38,3.0,7,3,Derrota,310.0
1762,2026-02-26,10:25,J0015,Canales de Hielo,Ranked,Magnus,42,5.0,5,6,Derrota,700.0
5402,2026-05-05,13:32,J0008,Estacion Orbital,Ranked,Tesla,32,2.0,5,2,Victoria,700.0
2740,18/03/2026,21:16,J0061,Canales de Hielo,Ranked,,27,2.0,3,5,Derrota,390.0
2473,13/03/2026,  12:44 ,J0040,Estacion Orbital,Casual,Lienzo,18,6.0,5,5,  Derrota ,750.0
6739,26/05/2026,20:22,J0086,Canales de Hielo,Ranked,Koro;Tesla,29,1.0,4,6,Victoria,820.0
6892,29/05/2026,20:53,J0007,Estacion Orbital,Casual,Tesla,32,8.0,4,6,,
7944,2026-06-14,19:31,J0029,Canales de Hielo,Casual,Koro,17,4.0,4,2,Derrota,420.0
4207,2026-04-15,20:21,J0092,Desierto Neon,Torneo,Koro,10,3.0,7,5,Derrota,410.0
6372,21/05/2026,10:43,J0090,Estacion Orbital,Ranked,Brisa;Vex,26,7.0,5,4,Derrota,800.0
233,22-01-26,03:38,J0060,Canales de Hielo,Ranked,Lienzo;Umbra;Koro,34,2.0,5,4,Victoria,800.0
8259,2026-06-20,20:29,J0038,Ciudadela,Casual,Lienzo;Tesla;Vex,23,7.0,6,5,Derrota,830.0
7562,2026-06-08,09:58,J0006,Bosque Umbral,Casual,Vex,32,10.0,8,3,Victoria,1490.0
6169,2026-05-18,23:42,J0002,Ciudadela,Ranked,Lienzo;Brisa,22,5.0,14,3,Derrota,370.0
3597,2026-04-04,10:14,J0091,Ciudadela,Casual,Brisa;Umbra,12,7.0,4,5,Derrota,870.0
6289,19-05-26,12:21,J0017,Ciudadela,Ranked,Koro;Tesla;Vex,37,,8,7,Derrota,1190.0
4633,23/04/2026,18:27,J0074,Bosque Umbral,Casual,Lienzo,32,3.0,5,3,Derrota,350.0
126,2026-01-19,16:49,J0010,Puerto Escarlata,Casual,Umbra,29,3.0,2,4,Victoria,960.0
7642,2026-06-10,20:29,J0031,Ciudadela,Casual,nadia,32,6.0,8,5,Victoria,1190.0
6230,2026-05-19,23:18,J0053,Ciudadela,Casual,Lienzo,12,5.0,8,2,Victoria,940.0
1297,16-02-26,20:47,J0052,Canales de Hielo,Ranked,Magnus;Tesla,44,7.0,11,4,,680.0
1977,2026-03-02,08:07,J0016,Canales de Hielo,Ranked,Umbra,41,12.0,5,6,Victoria,1900.0
9553,2026-07-09,13:08,J0050,Puerto Escarlata,Ranked,Vex;Magnus;Lienzo,41,7.0,3,3,Victoria,1290.0
9508,08/07/2026,21:59,J0005,Puerto Escarlata,Torneo,Lienzo;Brisa,27,5.0,5,3,Derrota,550.0
5751,2026-05-11,17:47,J0020,Bosque Umbral,Casual,Brisa,21,5.0,9,8,Derrota,720.0
8153,18-06-26,07:03,J0055,Ciudadela,Torneo,Koro,28,,4,7,Derrota,570.0
3087,24/03/2026,10:42,J0059,Bosque Umbral,Casual,Magnus,9,6.0,4,3,Victoria,1170.0
9347,06-07-26,13:42,J0052,Estacion Orbital,Casual,Tesla;Koro,14,4.0,5,4,Derrota,500.0
6883,29-05-26,17:31,J0063,Desierto Neon,Torneo,Tesla;Umbra,13,7.0,9,4,Victoria,1220.0
9376,06-07-26,21:31,J0200,Ciudadela,Ranked,Magnus,28,8.0,9,5,Derrota,870.0
7674,2026-06-10,19:33,J0095,Puerto Escarlata,Casual,Koro,22,10.0,4,4,Derrota,1120.0
3346,2026-03-29,19:15,J0054,Estacion Orbital,Ranked,Koro,36,9.0,4,4,Derrota,1020.0
8173,18-06-26,03:49,J0042,Puerto Escarlata,Torneo,Tesla,28,5.0,5,3,Derrota,550.0
9809,2026-07-12,15:18,J0103,Desierto Neon,Casual,Koro,10,7.0,3,4,Victoria,1340.0
5871,2026-05-13,13:23,J0031,Bosque Umbral,Casual,nadia;magnus,19,6.0,5,5,Victoria,1250.0
6507,23/05/2026,17:45,J0200,Canales de Hielo,Ranked,Tesla,44,5.0,4,3,Victoria,1070.0
2798,2026-03-19,04:48,J0192,Canales de Hielo,Casual,Koro;Umbra,26,6.0,5,5,DERROTA,750.0
919,2026-02-07,12:56,J0007,Bosque Umbral,Ranked,Lienzo,45,3.0,5,3,Derrota,350.0
1647,2026-02-23,20:31,J0015,Estacion Orbital,Casual,Umbra,13,5.0,5,4,Victoria,1100.0
5123,2026-05-01,10:17,J0077,Canales de Hielo,Ranked,  Vex ,38,3.0,3,4,Derrota,440.0
5127,2026-05-01,11:08,J0003,Bosque Umbral,Ranked,Umbra,42,7.0,3,4,Victoria,1340.0
4622,2026-04-23,14:23,J0009,Desierto Neon,Casual,Tesla,15,4.0,5,3,Derrota,450.0
6810,2026-05-27,21:02,J0044,Desierto Neon,Casual,Nadia,20,5.0,8,2,Derrota,440.0
365,2026-01-25,16:04,J0031,Bosque Umbral,Casual,Magnus,30,4.0,4,5,Derrota,570.0
2126,2026-03-06,22:01,J0200,Canales de Hielo,Casual,Lienzo,18,7.0,1,4,Derrota,880.0
8151,2026-06-18,00:58,J0070,Puerto Escarlata,Ranked,Tesla,38,2.0,6,7,Derrota,430.0
8718,2026-06-27,20:04,J0045,Desierto Neon,Ranked,Magnus,40,3.0,4,4,Victoria,
56,17/01/2026,19:03,J0200,Puerto Escarlata,Casual,Koro;Nadia;Tesla,28,6.0,8,5,Derrota,690.0
639,01/02/2026,13:47,J0151,Bosque Umbral,Casual,Tesla,17,9.0,3,4,Victoria,1540.0
303,2026-01-24,01:10,J0108,Puerto Escarlata,Ranked,Tesla,40,4.0,6,3,Derrota,430.0
5812,2026-05-12,06:43,J0044,Bosque Umbral,Ranked,Brisa;Lienzo,35,5.0,10,6,Victoria,1100.0
1277,2026-02-15,08:41,J0053,Estacion Orbital,Torneo,Brisa,23,4.0,4,5,Derrota,570.0
4433,2026-04-19,15:45,J0003,Canales de Hielo,Ranked,Umbra,43,2.0,6,5,Victoria,830.0
3645,04/04/2026,21:02,J0007,Estacion Orbital,Casual,Vex,21,8.0,6,4,Victoria,1380.0
4144,14/04/2026,21:25,J0012,Canales de Hielo,Ranked,Tesla,45,7.0,6,5,Victoria,1330.0
2879,2026-03-21,18:40,J0019,Bosque Umbral,Torneo,Brisa;Vex,29,5.0,3,2,Victoria,1040.0
6494,2026-05-22,18:09,J0057,Estacion Orbital,Ranked,Magnus,28,6.0,7,4,Derrota,660.0
5241,2026-05-03,09:31,J0200,Estacion Orbital,Casual,Umbra;Lienzo,8,8.0,6,3,Victoria,1330.0
9479,2026-07-08,00:09,J0200,Canales de Hielo,Casual,KORO,26,5.0,10,2,Derrota,400.0
6938,2026-05-30,22:09,J0107,Canales de Hielo,Torneo,Lienzo,16,5.0,7,2,Victoria,960.0
7241,2026-06-03,20:17,J0053,Desierto Neon,Casual,Nadia,18,12.0,7,6,Victoria,1860.0
2594,2026-03-15,17:14,J0130,Puerto Escarlata,Ranked,Lienzo,29,2.0,10,4,Victoria,700.0
2394,2026-03-11,17:36,J0039,Canales de Hielo,Ranked,Umbra;Brisa,22,9.0,5,3,Derrota,950.0
524,2026-01-29,18:46,J0116,Canales de Hielo,Ranked,Brisa,23,6.0,6,2,VICTORIA,1080.0
6377,2026-05-21,18:00,J0062,Ciudadela,Torneo,Lienzo,21,1.0,3,10,Derrota,540.0
6982,2026-05-30,07:19,J0133,Desierto Neon,Ranked,TESLA;UMBRA;BRISA,42,6.0,7,2,Victoria,1060.0
6678,2026-05-25,01:05,J0012,Bosque Umbral,Ranked,Umbra;Vex,44,4.0,8,2,Victoria,840.0
3901,2026-04-09,14:25,J0104,Desierto Neon,Casual,Koro;Nadia,14,4.0,3,3,Derrota,490.0
9708,2026-07-11,14:08,J0017,Estacion Orbital,Ranked,Nadia,35,13.0,5,5,Derrota,1450.0
5586,2026-05-09,14:12,J0057,Ciudadela,Ranked,Brisa;Magnus;Tesla,41,6.0,9,4,Victoria,1120.0
9431,2026-07-07,22:44,J0066,Desierto Neon,Torneo,Vex,16,12.0,2,5,Victoria,1910.0
7957,2026-06-15,10:06,J0019,Puerto Escarlata,Ranked,Brisa,23,1.0,5,2,Victoria,600.0
7571,08-06-26,19:29,J0013,Canales de Hielo,Casual,Vex,11,11.0,3,3,Derrota,1190.0
6778,2026-05-27,18:53,J0002,Estacion Orbital,Casual,Magnus;Lienzo;Umbra,18,7.0,6,3,Derrota,730.0
672,2026-02-01,13:22,J0200,Estacion Orbital,Casual,Brisa,26,10.0,6,6,Victoria,1680.0
4189,2026-04-14,21:49,J0077,Desierto Neon,Casual,Lienzo,30,5.0,3,7,Derrota,790.0
667,2026-02-01,  21:32 ,J0086,Ciudadela,Ranked,Koro,25,2.0,3,5,Victoria,890.0
3267,2026-03-28,19:45,J0037,Ciudadela,Ranked,Koro;Tesla,43,,6,6,Derrota,1180.0
1888,01-03-26,17:53,J0113,Ciudadela,Ranked,Brisa;Tesla,32,4.0,11,5,Victoria,930.0
8473,2026-06-23,20:50,J0031,Canales de Hielo,Ranked,Koro,36,3.0,1,3,Victoria,930.0
9092,02/07/2026,22:52,J0012,Desierto Neon,Torneo,  Tesla ,10,7.0,6,5,Victoria,1330.0
7688,2026-06-10,18:25,J0014,Canales de Hielo,Ranked,Brisa;Umbra,43,4.0,1,2,Derrota,480.0
6032,2026-05-16,22:50,J0072,Ciudadela,Casual,Brisa,23,4.0,7,4,Victoria,960.0
6091,17-05-26,17:26,J0020,Canales de Hielo,Ranked,Koro,35,12.0,8,3,Derrota,1190.0
6239,19-05-26,00:55,J0003,Desierto Neon,Casual,Magnus;Brisa,14,8.0,3,9,Victoria,1690.0
7351,05/06/2026,18:39,J0020,Puerto Escarlata,Casual,Magnus;Umbra;Brisa,18,7.0,7,4,Victoria,1260.0
7831,2026-06-13,22:59,J0045,Puerto Escarlata,Casual,Koro,10,1.0,3,3,Victoria,690.0
761,2026-02-04,19:39,J0043,Puerto Escarlata,Torneo,Koro;Vex,10,8.0,5,5,Derrota,950.0
6255,2026-05-19,18:17,J0007,Puerto Escarlata,Casual,Koro,19,12.0,2,3,Derrota,1310.0
1907,01/03/2026,02:41,J0014,Bosque Umbral,Ranked,  Brisa;Tesla;Lienzo ,30,6.0,2,4,Derrota,760.0
3819,2026-04-08,19:13,J0019,Ciudadela,Ranked,Tesla,29,2.0,8,6,Derrota,340.0
6270,2026-05-19,00:05,J0125,Canales de Hielo,Casual,Nadia;Brisa;Lienzo,21,2.0,3,1,  Victoria ,690.0
4301,17/04/2026,07:21,J0071,Puerto Escarlata,Ranked,Umbra,29,4.0,5,9,Derrota,750.0
5570,2026-05-09,18:40,J0124,Desierto Neon,Ranked,Magnus;Brisa,27,7.0,3,2,Victoria,1240.0
7942,2026-06-14,17:09,J0032,Bosque Umbral,Ranked,Nadia,30,8.0,4,3,Victoria,1370.0
4165,14-04-26,21:58,J0026,Estacion Orbital,Ranked,Koro;Magnus,23,3.0,3,5,Victoria,990.0
5972,15-05-26,15:19,J0140,Canales de Hielo,Torneo,Tesla;Magnus,10,7.0,5,4,Derrota,800.0
3580,03-04-26,22:31,J0006,Bosque Umbral,Ranked,Umbra;Koro;Magnus,38,2.0,6,3,Derrota,230.0
2833,2026-03-20,19:10,J0013,Canales de Hielo,Casual,Nadia;Lienzo,31,9.0,7,5,Derrota,1010.0
5450,2026-05-06,21:30,J0008,Puerto Escarlata,Ranked,BRISA,33,4.0,8,2,victoria,840.0
3473,2026-04-01,19:23,J0063,Desierto Neon,Ranked,Brisa;Nadia,22,7.0,5,3,Victoria,1250.0
6328,2026-05-20,04:44,J0062,Bosque Umbral,Torneo,Tesla;Magnus,22,4.0,6,7,Victoria,1130.0
138,19-01-26,11:32,J0005,Estacion Orbital,Torneo,Vex,22,7.0,5,8,Derrota,1000.0
7044,2026-05-31,10:17,J0167,Estacion Orbital,Casual,Nadia;Koro,24,,3,3,Victoria,990.0
4893,2026-04-26,21:23,J0008,Bosque Umbral,Casual,NADIA,20,9.0,1,2,Victoria,1480.0
2181,07/03/2026,11:17,J0146,Estacion Orbital,Casual,Nadia,24,2.0,2,5,Derrota,410.0
7731,2026-06-11,16:57,J0108,Desierto Neon,Torneo,Magnus,22,4.0,6,5,DERROTA,530.0
3178,2026-03-26,13:21,J0025,Bosque Umbral,Ranked,Vex,38,10.0,4,2,Derrota,1020.0
4855,2026-04-26,18:40,J0001,Bosque Umbral,Torneo,Nadia,10,6.0,7,4,Derrota,660.0
4638,23/04/2026,18:40,J0010,Desierto Neon,Casual,Magnus,13,9.0,7,2,Victoria,1360.0
5116,2026-05-01,17:52,J0126,Bosque Umbral,Casual,Brisa,32,4.0,4,3,Derrota,470.0
7649,10-06-26,21:32,J0042,Desierto Neon,Casual,,29,6.0,3,6,  Victoria ,1340.0
4262,2026-04-16,17:09,J0012,Ciudadela,Casual,Magnus;Nadia,14,5.0,9,2,Derrota,420.0
1332,2026-02-17,19:59,J0052,Ciudadela,Ranked,,33,3.0,3,3,,390.0
7003,2026-05-30,19:01,J0046,Ciudadela,Ranked,Vex,24,9.0,3,4,Victoria,1540.0
6942,30/05/2026,17:10,J0088,Ciudadela,Ranked,Lienzo;Magnus,36,5.0,4,2,Victoria,1020.0
8018,16-06-26,21:13,J0028,Bosque Umbral,Casual,Umbra,25,5.0,8,3,Derrota,490.0
6242,19/05/2026,22:54,J0045,Estacion Orbital,Ranked,Magnus,40,8.0,6,3,  Victoria ,1330.0
6078,2026-05-16,22:18,J0041,Desierto Neon,Ranked,Tesla;Umbra,32,5.0,6,1,Derrota,430.0
6882,29/05/2026,18:14,J0051,Estacion Orbital,Ranked,Nadia;Magnus,34,4.0,3,5,Victoria,"1090,0 pts"
4531,21/04/2026,22:21,J0012,Puerto Escarlata,Casual,Brisa,31,,6,4,Victoria,
4674,2026-04-23,02:01,J0069,Puerto Escarlata,Ranked,Koro,41,6.0,4,3,Victoria,1170.0
6997,2026-05-30,06:31,J0193,Ciudadela,Ranked,,28,3.0,2,4,Victoria,960.0
1253,15/02/2026,04:19,J0012,Ciudadela,Casual,Tesla;Nadia,14,3.0,4,2,Derrota,320.0
3375,2026-03-30,12:55,J0004,Canales de Hielo,Torneo,LIENZO;MAGNUS,18,6.0,3,3,Victoria,1190.0
2815,2026-03-20,17:03,J0200,Canales de Hielo,Casual,Nadia;Lienzo,23,6.0,6,6,Victoria,1280.0
4720,24/04/2026,15:42,J0124,Canales de Hielo,Casual,Magnus,11,8.0,6,8,DERROTA,1080.0
6545,23-05-26,11:25,J0009,Desierto Neon,Casual,  Brisa ,32,4.0,9,6,Derrota,520.0
4859,26/04/2026,19:08,J0089,Estacion Orbital,Casual,Koro,28,6.0,7,2,Victoria,1060.0
7902,2026-06-14,16:38,J0048,Ciudadela,Casual,Koro;Lienzo;Magnus,11,4.0,6,9,Victoria,1230.0
8581,2026-06-25,17:38,J0073,Bosque Umbral,Ranked,Koro,35,3.0,6,3,Derrota,330.0
8428,2026-06-22,23:30,J0165,Bosque Umbral,Casual,Vex,29,4.0,3,8,Derrota,740.0
1078,11/02/2026,07:04,J0200,Estacion Orbital,Ranked,Lienzo;Magnus;Umbra,43,8.0,6,5,Derrota,930.0
4364,2026-04-18,18:03,J0104,Ciudadela,Casual,Tesla,22,6.0,5,7,Victoria,1350.0
771,2026-02-04,20:31,J0193,Canales de Hielo,Casual,Umbra,32,2.0,6,5,Victoria,830.0
8866,28-06-26,14:36,J0113,Estacion Orbital,Ranked,Umbra,40,5.0,2,3,Derrota,610.0
250,22/01/2026,18:57,J0035,Bosque Umbral,Ranked,Koro,29,5.0,7,4,Derrota,560.0
7240,2026-06-03,13:31,J0095,Estacion Orbital,Ranked,Koro;Tesla,45,9.0,3,3,Derrota,990.0
3420,2026-03-30,11:33,J0026,Estacion Orbital,Torneo,Koro,31,6.0,10,3,Victoria,1050.0
4977,2026-04-28,17:54,J0008,Bosque Umbral,Ranked,Brisa;Nadia;Tesla,45,6.0,4,6,Derrota,820.0
4545,2026-04-21,00:30,J0022,Bosque Umbral,Casual,Umbra,23,4.0,5,4,Victoria,1000.0
5566,09/05/2026,19:54,J0102,Estacion Orbital,Ranked,Vex;Koro,42,8.0,5,2,Victoria,1300.0
7940,2026-06-14,19:56,J0200,Estacion Orbital,Ranked,Koro,37,7.0,8,5,Victoria,1290.0
717,03/02/2026,11:05,J0100,Bosque Umbral,Casual,Koro,26,14.0,5,3,Derrota,1450.0
9726,2026-07-11,02:17,J0138,Canales de Hielo,Ranked,Nadia;Umbra;Magnus,31,7.0,7,3,Victoria,1210.0
2049,2026-03-04,09:56,J0091,Bosque Umbral,Casual,Brisa,22,9.0,6,2,Derrota,880.0
5998,2026-05-15,20:39,J0040,Estacion Orbital,Torneo,Koro;Nadia;Lienzo,11,5.0,5,7,Victoria,1250.0
6601,24/05/2026,03:12,J0004,Desierto Neon,Ranked,Lienzo,31,8.0,5,0,Victoria,1200.0
7246,2026-06-03,18:21,J0168,Desierto Neon,Ranked,Vex,22,3.0,3,5,Victoria,990.0
4179,2026-04-14,20:39,J0091,Bosque Umbral,Casual,Nadia;Koro,16,5.0,4,3,Derrota,"570,0 pts"
4810,25-04-26,11:56,J0200,Desierto Neon,Casual,Magnus;Koro;Vex,17,8.0,3,4,Derrota,940.0
9555,2026-07-09,21:52,J0021,Ciudadela,Ranked,Magnus,43,8.0,3,3,Derrota,890.0
7141,2026-06-02,20:40,J0002,Estacion Orbital,Ranked,Lienzo,41,3.0,1,5,Derrota,530.0
7191,02-06-26,20:37,J0021,Puerto Escarlata,Casual,Tesla,10,4.0,5,4,Derrota,500.0
1461,2026-02-20,00:09,J0104,Desierto Neon,Ranked,Koro;Lienzo,31,9.0,6,4,Derrota,980.0
5990,2026-05-15,21:39,J0004,Bosque Umbral,Ranked,Lienzo,22,5.0,4,7,Derrota,770.0
2001,2026-03-03,20:04,J0055,Puerto Escarlata,Ranked,Vex,24,7.0,5,4,Victoria,
8176,18/06/2026,22:43,J0061,Estacion Orbital,Casual,MAGNUS,9,3.0,3,5,Derrota,490.0
405,2026-01-26,20:26,J0044,Ciudadela,Ranked,Lienzo,32,7.0,3,4,Victoria,1340.0
385,2026-01-25,11:53,J0014,Estacion Orbital,Ranked,Magnus,27,6.0,6,6,Victoria,1280.0
9521,2026-07-09,16:15,J0158,Puerto Escarlata,Torneo,Lienzo,28,7.0,7,7,Victoria,"1410,0 pts"
9560,2026-07-09,22:20,J0053,Estacion Orbital,Casual,Nadia,31,4.0,4,4,Derrota,520.0
1634,23/02/2026,16:02,J0058,Bosque Umbral,Casual,Nadia,24,11.0,4,2,Derrota,1120.0
9628,2026-07-10,20:46,J0123,Bosque Umbral,Casual,Brisa,10,5.0,5,6,Victoria,1200.0
4785,2026-04-25,07:37,J0118,Estacion Orbital,Ranked,Lienzo,25,4.0,3,2,Derrota,440.0
9529,2026-07-09,21:42,J0073,Desierto Neon,Ranked,Koro;Nadia,43,4.0,3,1,Victoria,890.0
6971,2026-05-30,  23:36 ,J0196,Desierto Neon,Casual,Vex;Brisa,26,10.0,5,4,Victoria,1600.0
3926,2026-04-10,14:35,J0104,Estacion Orbital,Ranked,Lienzo;Brisa,26,7.0,5,0,Victoria,1100.0
4159,14-04-26,12:25,J0055,Puerto Escarlata,Casual,Vex,21,2.0,5,6,Victoria,900.0
7450,06/06/2026,23:03,J0035,Puerto Escarlata,Casual,Lienzo,24,5.0,5,1,victoria,950.0
8416,2026-06-22,20:24,J0200,Bosque Umbral,Ranked,Nadia,25,7.0,4,6,Victoria,1420.0
2194,2026-03-07,20:39,J0033,Ciudadela,Ranked,Vex,44,13.0,3,3,Victoria,1890.0
1016,2026-02-10,18:21,J0030,Estacion Orbital,Ranked,Vex,32,13.0,7,5,  Derrota ,1410.0
5125,2026-05-01,17:35,J0003,Estacion Orbital,Ranked,Nadia,26,6.0,6,7,Derrota,830.0
7419,06-06-26,15:33,J0044,Desierto Neon,Ranked,,32,14.0,5,3,Victoria,1950.0
7410,06/06/2026,18:03,J0008,Desierto Neon,Torneo,Umbra,19,4.0,4,6,  Victoria ,1120.0
8990,2026-06-30,18:43,J0088,Puerto Escarlata,Ranked,Lienzo,26,3.0,2,3,Victoria,910.0
2872,21-03-26,14:08,J0052,Ciudadela,Casual,  Vex ,8,4.0,3,3,Derrota,490.0
10,2026-01-16,22:42,J0070,Puerto Escarlata,Casual,Koro;Nadia;Umbra,22,4.0,3,7,Derrota,690.0
1839,2026-02-28,22:49,J0011,Bosque Umbral,Ranked,Magnus;Vex;Umbra,43,6.0,5,4,Victoria,1200.0
4805,2026-04-25,20:06,J0188,Bosque Umbral,Ranked,UMBRA;BRISA,40,4.0,7,2,Derrota,360.0
256,2026-01-22,22:01,J0073,Puerto Escarlata,Ranked,Nadia,37,2.0,7,2,Victoria,660.0
7027,2026-05-31,21:21,J0029,Desierto Neon,Casual,Brisa,9,3.0,5,5,Derrota,
5714,2026-05-10,  16:41 ,J0047,Puerto Escarlata,Casual,Vex,13,14.0,5,8,Derrota,1700.0
3325,2026-03-29,20:18,J0077,Canales de Hielo,Casual,Tesla,29,4.0,2,3,Victoria,1010.0
7715,2026-06-11,18:28,J0047,Ciudadela,Casual,Vex,25,15.0,6,4,Derrota,1580.0
1582,2026-02-22,16:36,J0116,Puerto Escarlata,Torneo,Umbra;Koro,31,9.0,4,3,Derrota,970.0
925,2026-02-08,04:30,J0030,Bosque Umbral,Ranked,Magnus,34,9.0,4,3,Derrota,970.0
2780,2026-03-19,17:26,J0154,Puerto Escarlata,Casual,Magnus;Brisa;Tesla,14,6.0,7,5,Victoria,1210.0
7892,14/06/2026,21:40,J0080,Ciudadela,Ranked,Brisa;Vex,22,,5,4,Victoria,1600.0
6133,2026-05-17,22:11,J0119,Puerto Escarlata,Torneo,Brisa;Vex;Umbra,21,16.0,3,6,Victoria,2340.0
5321,04/05/2026,13:12,J0042,Bosque Umbral,Casual,Brisa;Lienzo,14,6.0,3,5,Victoria,1290.0
7313,2026-06-04,10:58,J0009,Bosque Umbral,Ranked,Lienzo,22,1.0,7,5,Derrota,210.0
7103,2026-06-01,13:21,J0119,Canales de Hielo,Casual,Koro;Tesla,29,5.0,2,4,,660.0
6043,2026-05-16,20:25,J0043,Puerto Escarlata,Torneo,Magnus;Umbra;Vex,11,3.0,3,1,Victoria,790.0
3776,07-04-26,14:44,J0200,Estacion Orbital,Casual,Lienzo;Nadia,20,5.0,7,5,Derrota,610.0
4836,26/04/2026,15:33,J0016,Puerto Escarlata,Casual,Magnus,32,8.0,4,6,Victoria,1520.0
4965,2026-04-28,21:01,J0147,Estacion Orbital,Casual,Brisa,16,5.0,5,1,Victoria,950.0
540,29/01/2026,17:22,J0091,Estacion Orbital,Ranked,Nadia,28,10.0,1,6,Victoria,
7484,2026-06-07,19:12,J0018,Desierto Neon,Torneo,Umbra;Nadia,27,3.0,5,7,Derrota,550.0
2746,2026-03-18,15:45,J0004,Desierto Neon,Ranked,Umbra,33,4.0,6,6,Derrota,"580,0 pts"
3720,2026-04-06,17:58,J0077,Canales de Hielo,Casual,Lienzo;Brisa;Magnus,23,3.0,7,3,Victoria,810.0
6820,2026-05-27,18:13,J0038,Ciudadela,Ranked,Lienzo,32,5.0,6,2,,480.0
9338,2026-07-06,18:43,J0084,Bosque Umbral,Ranked,Vex,45,7.0,3,4,Derrota,840.0
4469,2026-04-20,23:38,J0104,Estacion Orbital,Casual,Brisa,20,8.0,4,6,Victoria,1520.0
668,01/02/2026,07:17,J0144,Puerto Escarlata,Ranked,Tesla,24,2.0,7,2,Derrota,160.0
7576,2026-06-08,01:00,J0015,Ciudadela,Casual,Nadia,10,6.0,4,6,Victoria,1320.0
8550,24-06-26,20:48,J0100,Estacion Orbital,Casual,Koro,18,12.0,7,3,Victoria,1710.0
5064,2026-04-30,13:36,J0061,Desierto Neon,Casual,Nadia;Lienzo,17,7.0,5,4,Derrota,800.0
1354,18/02/2026,10:12,J0072,Desierto Neon,Ranked,Koro,26,2.0,7,4,Derrota,260.0
7115,01-06-26,16:21,J0010,Puerto Escarlata,Torneo,Umbra,24,3.0,4,4,Victoria,920.0
9847,12-07-26,20:15,J0100,Bosque Umbral,Ranked,Magnus,33,5.0,6,3,Derrota,530.0
8663,2026-06-26,14:29,J0067,Bosque Umbral,Ranked,Vex,33,,6,6,Derrota,1080.0
2704,2026-03-17,00:09,J0087,Desierto Neon,Casual,  Umbra ,26,6.0,9,6,Victoria,1220.0
3331,2026-03-29,18:53,J0010,Ciudadela,Ranked,Vex;Lienzo;Brisa,24,11.0,2,4,Victoria,1760.0
8054,2026-06-16,21:32,J0005,Estacion Orbital,Casual,Umbra;Brisa,28,4.0,1,4,Victoria,1080.0
3585,03/04/2026,23:21,J0002,Canales de Hielo,Torneo,Koro;Brisa;Umbra,25,4.0,5,6,Victoria,1100.0
9514,2026-07-09,16:36,J0059,Puerto Escarlata,Casual,Umbra,24,5.0,2,5,Derrota,710.0
5646,09/05/2026,07:02,J0049,Desierto Neon,Casual,Lienzo,26,3.0,4,5,Derrota,470.0
3377,2026-03-30,10:49,J0200,Bosque Umbral,Ranked,Brisa;Koro,35,9.0,3,4,Derrota,1040.0
1257,15-02-26,21:00,J0063,Ciudadela,Ranked,Brisa;Umbra;Vex,30,15.0,5,5,,2150.0
6191,2026-05-18,19:51,J0006,Desierto Neon,Ranked,Nadia;Magnus,36,13.0,2,5,Derrota,1510.0
9443,08/07/2026,20:59,J0014,Estacion Orbital,Ranked,Magnus,31,4.0,2,5,Victoria,1110.0
5349,2026-05-05,16:28,J0061,Estacion Orbital,Casual,Brisa,19,4.0,4,2,Victoria,920.0
4176,14-04-26,23:20,J0039,Puerto Escarlata,Torneo,Lienzo;Magnus,20,5.0,8,5,Derrota,590.0
4911,27-04-26,14:02,J0056,Bosque Umbral,Torneo,Vex;Magnus,32,6.0,4,3,Victoria,1170.0
1853,2026-02-28,19:30,J0144,Ciudadela,Ranked,koro,33,9.0,3,2,Victoria,1440.0
6317,2026-05-20,00:55,J0181,Puerto Escarlata,Ranked,Vex;Lienzo,22,10.0,5,5,Victoria,1650.0
9928,2026-07-13,22:30,J0011,Estacion Orbital,Torneo,Vex,25,7.0,7,5,Victoria,1310.0
2106,2026-03-05,21:06,J0106,Estacion Orbital,Casual,Koro,19,5.0,6,5,Derrota,"630,0 pts"
134,2026-01-19,07:48,J0071,Estacion Orbital,Torneo,Lienzo,28,5.0,6,7,  Victoria ,1230.0
5030,29/04/2026,21:28,J0151,Bosque Umbral,Casual,Magnus,32,9.0,6,1,Derrota,830.0
929,2026-02-08,20:30,J0016,Desierto Neon,Casual,Tesla,24,5.0,2,5,Victoria,1210.0
824,05-02-26,19:02,J0056,Canales de Hielo,Ranked,Umbra;Lienzo;Vex,38,9.0,7,4,Victoria,"1460,0 pts"
7577,2026-06-08,15:35,J0193,Desierto Neon,Ranked,Koro,24,7.0,5,6,Derrota,900.0
1532,2026-02-21,02:02,J0017,Bosque Umbral,Ranked,vex;umbra,37,12.0,5,3,Derrota,1250.0
1215,2026-02-14,18:48,J0023,Estacion Orbital,Ranked,Umbra;Tesla,39,7.0,2,3,Victoria,1310.0
505,2026-01-28,13:18,J0010,Estacion Orbital,Casual,Magnus,25,11.0,2,5,Derrota,1310.0
6531,2026-05-23,23:43,J0074,Puerto Escarlata,Ranked,Nadia;Brisa,28,7.0,3,3,Victoria,1290.0
3073,24-03-26,23:42,J0028,Estacion Orbital,Casual,Magnus;Umbra,11,,4,4,Derrota,720.0
9087,2026-07-02,17:59,J0030,Puerto Escarlata,Ranked,Umbra,36,5.0,7,3,Derrota,510.0
8648,2026-06-26,02:56,J0159,Bosque Umbral,Ranked,Brisa;Nadia;Koro,40,9.0,6,4,Derrota,980.0
6620,2026-05-24,19:58,J0046,Puerto Escarlata,Ranked,Magnus,25,9.0,5,5,Derrota,1050.0
9274,05-07-26,09:42,J0093,Bosque Umbral,Ranked,Tesla,24,6.0,8,3,Victoria,1090.0
3710,06-04-26,16:32,J0198,Estacion Orbital,Ranked,Tesla,33,2.0,6,1,VICTORIA,"630,0 pts"
9654,2026-07-11,22:46,J0062,Canales de Hielo,Casual,Nadia,32,7.0,0,2,Victoria,1300.0
4850,26/04/2026,20:03,J0126,Ciudadela,Ranked,Vex;Umbra;Nadia,34,5.0,5,5,Derrota,650.0
4749,2026-04-24,23:50,J0100,Canales de Hielo,Casual,Umbra,20,6.0,8,2,,540.0
4269,16-04-26,20:24,J0010,Estacion Orbital,Torneo,Umbra,22,,10,1,Derrota,550.0
9953,2026-07-14,20:03,J0130,Ciudadela,Casual,Tesla,31,3.0,6,4,Derrota,380.0
8906,29-06-26,20:56,J0003,Puerto Escarlata,Torneo,Umbra;Brisa,18,6.0,4,3,Derrota,670.0
4187,2026-04-14,09:49,J0078,Estacion Orbital,Torneo,Koro;Nadia,19,4.0,7,2,Victoria,860.0
5302,04/05/2026,14:52,J0200,Estacion Orbital,Casual,,20,8.0,7,6,Derrota,960.0
2924,21/03/2026,10:39,J0056,Desierto Neon,Casual,Koro,31,2.0,6,2,Derrota,180.0
6589,24-05-26,23:24,J0005,Desierto Neon,Casual,Magnus,25,12.0,7,3,Derrota,"1210,0 pts"
1811,2026-02-27,16:26,J0045,Canales de Hielo,Casual,  Koro;Umbra;Lienzo ,27,7.0,3,5,Derrota,890.0
3487,01/04/2026,21:23,J0025,Bosque Umbral,Ranked,Lienzo,38,3.0,2,2,Derrota,360.0
7420,2026-06-06,18:14,J0017,Ciudadela,Ranked,  Koro;Brisa ,40,7.0,3,4,Victoria,134000.0
3142,25/03/2026,17:59,J0045,Canales de Hielo,Casual,,20,7.0,7,2,Victoria,1160.0
9348,2026-07-06,12:18,J0199,Estacion Orbital,Torneo,Nadia;Lienzo,28,3.0,8,5,Derrota,390.0
1325,2026-02-17,14:18,J0085,Ciudadela,Ranked,Tesla,32,12.0,8,4,Derrota,1240.0
4313,17-04-26,12:39,J0011,Desierto Neon,Ranked,Vex,29,11.0,5,5,Victoria,1750.0
7495,2026-06-07,05:35,J0181,Bosque Umbral,Casual,Nadia;Lienzo,25,8.0,5,5,Victoria,1450.0
8703,2026-06-26,19:03,J0187,Desierto Neon,Ranked,Magnus,24,8.0,8,3,Derrota,790.0
8692,2026-06-26,18:16,J0016,Puerto Escarlata,Ranked,Koro,31,10.0,4,3,Victoria,1570.0
9576,2026-07-09,19:20,J0012,Puerto Escarlata,Ranked,Lienzo,22,3.0,7,3,Derrota,310.0
5542,2026-05-08,20:08,J0162,Ciudadela,Casual,Umbra,19,3.0,5,4,Victoria,900.0
6173,2026-05-18,20:55,J0200,Canales de Hielo,Casual,Brisa,10,5.0,3,7,Victoria,
1541,2026-02-21,19:41,J0005,Desierto Neon,Casual,Nadia;Koro,27,6.0,6,5,Victoria,1230.0
9410,2026-07-07,22:10,J0008,Desierto Neon,Ranked,Koro,29,4.0,2,5,Victoria,1110.0
2682,17/03/2026,00:38,J0057,Estacion Orbital,Casual,Tesla;Vex,12,9.0,6,3,Victoria,1430.0
9957,2026-07-14,19:52,J0055,Bosque Umbral,Casual,Lienzo;Vex,10,8.0,5,4,Victoria,1400.0
6314,2026-05-20,19:44,J0003,Estacion Orbital,Ranked,Brisa;Magnus,41,4.0,4,3,Victoria,970.0
1192,2026-02-14,23:03,J0008,Puerto Escarlata,Ranked,Umbra;Magnus,34,4.0,6,0,Derrota,280.0
5294,2026-05-03,20:59,J0004,Ciudadela,Casual,Umbra,26,3.0,6,3,Derrota,330.0
1543,2026-02-21,21:24,J0048,Puerto Escarlata,Casual,Lienzo;Nadia,17,3.0,7,3,Derrota,310.0
7057,2026-05-31,22:45,J0003,Desierto Neon,Torneo,Koro;Vex;Lienzo,15,4.0,3,3,Victoria,990.0
2540,14-03-26,20:46,J0052,Canales de Hielo,Casual,Vex;Brisa,20,2.0,4,0,Derrota,120.0
954,2026-02-08,17:42,J0045,Estacion Orbital,Ranked,Brisa,39,8.0,4,7,Victoria,1570.0
7242,2026-06-03,21:21,J0085,Canales de Hielo,Casual,Magnus;Umbra,17,7.0,8,3,Derrota,690.0
6732,2026-05-26,08:18,J0002,Estacion Orbital,Casual,Lienzo,19,8.0,5,4,Victoria,1400.0
4847,26-04-26,14:52,J0051,Ciudadela,Casual,Brisa,12,3.0,2,5,Victoria,1010.0
6802,27-05-26,00:53,J0003,Puerto Escarlata,Ranked,Tesla;Vex,40,8.0,2,2,Derrota,860.0
8011,2026-06-16,21:11,J0045,Bosque Umbral,Ranked,  Lienzo ,45,6.0,4,0,Derrota,520.0
4331,2026-04-17,17:34,J0015,Canales de Hielo,Ranked,Vex;Nadia,27,13.0,6,3,Victoria,1830.0
8925,29-06-26,23:01,J0050,Canales de Hielo,Ranked,Umbra,23,1.0,4,2,Victoria,620.0
5335,2026-05-04,20:28,J0036,Bosque Umbral,Ranked,Koro;Tesla;Vex,39,5.0,8,3,Derrota,490.0
7331,2026-06-05,20:27,J0053,Desierto Neon,Ranked,Lienzo,25,4.0,7,5,Victoria,1010.0
9349,06-07-26,12:05,J0024,Puerto Escarlata,Ranked,Umbra;Magnus,41,5.0,7,4,Victoria,1060.0
4730,2026-04-24,21:11,J0056,Ciudadela,Ranked,Tesla,26,7.0,2,4,Derrota,860.0
6542,2026-05-23,19:18,J0050,Bosque Umbral,Casual,Lienzo,20,1.0,6,3,Derrota,"130,0 pts"
5306,04-05-26,21:05,J0031,Bosque Umbral,Ranked,Vex,43,6.0,6,7,Victoria,1330.0
5162,2026-05-02,20:41,J0006,Bosque Umbral,Ranked,Nadia;Vex,44,11.0,5,2,,1600.0
7861,2026-06-13,22:14,J0038,Canales de Hielo,Torneo,Koro;Tesla,32,2.0,3,4,Victoria,
2157,06/03/2026,19:45,J0024,Ciudadela,Ranked,Brisa,29,5.0,3,5,Derrota,690.0
1063,2026-02-11,20:26,J0045,Estacion Orbital,Ranked,Umbra;Brisa;Koro,43,4.0,10,3,Derrota,350.0
1168,2026-02-14,07:51,J0087,Ciudadela,Torneo,Umbra,23,8.0,4,2,Derrota,820.0
3637,2026-04-04,20:01,J0003,Ciudadela,Casual,Magnus;Brisa;Koro,16,4.0,4,3,Derrota,470.0
7652,10/06/2026,22:27,J0003,Desierto Neon,Casual,Magnus,30,5.0,3,4,Derrota,"640,0 pts"
5589,2026-05-09,09:45,J0073,Bosque Umbral,Casual,Lienzo,14,3.0,5,8,Victoria,1100.0
7193,02-06-26,13:48,J0096,Estacion Orbital,Casual,Koro,12,,5,6,Victoria,1400.0
4492,2026-04-20,16:03,J0076,Canales de Hielo,Ranked,Tesla,42,11.0,3,5,VICTORIA,1790.0
7267,2026-06-04,23:45,J0007,Canales de Hielo,Casual,Magnus;Nadia,10,2.0,9,6,Victoria,820.0
4981,28/04/2026,06:37,J0040,Ciudadela,Ranked,Vex;Koro;Lienzo,45,7.0,4,4,Victoria,1320.0
8336,2026-06-21,22:27,J0085,Canales de Hielo,Ranked,  Nadia ,44,7.0,4,3,Derrota,770.0
1964,2026-03-02,18:22,J0007,Puerto Escarlata,Ranked,,34,13.0,4,1,Derrota,1270.0
4947,28/04/2026,17:48,J0030,Canales de Hielo,Ranked,Brisa,32,8.0,6,6,VICTORIA,
2783,2026-03-19,12:17,J0010,Ciudadela,Ranked,Lienzo;Vex,34,14.0,3,5,victoria,2090.0
718,2026-02-03,14:31,J0008,Bosque Umbral,Ranked,Lienzo,28,8.0,8,1,Derrota,69000.0
2503,13-03-26,14:14,J0024,Puerto Escarlata,Casual,Tesla,8,5.0,4,5,Derrota,670.0
4361,2026-04-18,17:28,J0011,Puerto Escarlata,Ranked,Tesla,26,5.0,6,7,,1230.0
4172,2026-04-14,16:37,J0137,Ciudadela,Casual,  Koro;Lienzo ,23,6.0,5,5,Derrota,"750,0 pts"
8083,2026-06-17,22:10,J0002,Ciudadela,Casual,Umbra;Lienzo,20,7.0,4,2,Derrota,
9834,2026-07-12,17:36,J0146,Canales de Hielo,Ranked,Brisa;Nadia,45,5.0,7,3,Victoria,
396,2026-01-25,08:20,J0036,Desierto Neon,Ranked,Tesla,30,4.0,3,3,Derrota,490.0
7187,2026-06-02,18:09,J0071,Canales de Hielo,Ranked,Nadia,33,3.0,4,0,Derrota,220.0
9896,2026-07-13,17:25,J0092,Estacion Orbital,Casual,Magnus;Brisa;Vex,10,7.0,5,5,Derrota,850.0
4493,20-04-26,21:38,J0131,Puerto Escarlata,Ranked,Magnus;Brisa;Koro,33,3.0,5,4,Victoria,900.0
1366,18/02/2026,03:04,J0114,Puerto Escarlata,Torneo,Magnus,28,3.0,6,4,Derrota,380.0
9599,2026-07-10,20:12,J0187,Puerto Escarlata,Casual,Koro,18,8.0,0,6,Victoria,1600.0
8788,2026-06-27,10:52,J0021,Estacion Orbital,Casual,Vex,22,16.0,8,4,Victoria,2140.0
5918,2026-05-14,08:54,J0112,Puerto Escarlata,Ranked,Magnus;Koro,45,1.0,8,4,Derrota,140.0
4969,28-04-26,20:29,J0005,Puerto Escarlata,Casual,Magnus,10,4.0,9,5,DERROTA,470.0
2915,2026-03-21,00:53,J0096,Estacion Orbital,Casual,Lienzo;Vex,30,3.0,6,2,Victoria,780.0
5645,2026-05-09,17:56,J0200,Puerto Escarlata,Casual,Magnus,25,5.0,3,1,Derrota,490.0
3767,2026-04-07,08:52,J0049,Canales de Hielo,Ranked,Vex,24,10.0,6,6,Victoria,1680.0
3441,2026-03-31,16:35,J0109,Ciudadela,Ranked,Koro,41,2.0,2,8,Victoria,1060.0
7358,05-06-26,18:21,J0060,Bosque Umbral,Casual,Koro,24,4.0,8,3,Derrota,390.0
6807,27-05-26,20:14,J0102,Estacion Orbital,Casual,Vex;Brisa,27,,5,2,Derrota,500.0
2144,06-03-26,18:38,J0007,Desierto Neon,Ranked,Lienzo,27,6.0,5,8,Victoria,1400.0
5105,2026-04-30,22:49,J0025,Ciudadela,Casual,Umbra,17,5.0,6,3,Victoria,1030.0
5074,30-04-26,23:13,J0062,Desierto Neon,Casual,Nadia,25,4.0,6,4,Derrota,480.0
1572,2026-02-22,10:08,J0041,Desierto Neon,Torneo,Brisa,14,3.0,4,6,DERROTA,"520,0 pts"
4080,2026-04-12,21:07,J0088,Desierto Neon,Casual,Nadia;Magnus;Tesla,18,7.0,8,3,Victoria,1190.0
1123,2026-02-12,23:03,J0028,Puerto Escarlata,Casual,Umbra,14,8.0,5,2,Derrota,800.0
2787,19/03/2026,14:35,J0023,Ciudadela,Ranked,Vex,29,11.0,1,8,Victoria,1980.0
2968,2026-03-22,00:57,J0130,Puerto Escarlata,Ranked,Koro,22,6.0,6,5,Derrota,730.0
2505,2026-03-14,23:26,J0007,Puerto Escarlata,Casual,  Lienzo;Nadia ,30,5.0,7,9,Derrota,810.0
5989,2026-05-15,15:15,J0082,Ciudadela,Torneo,Nadia,13,9.0,3,4,Victoria,1540.0
8868,2026-06-28,00:05,J0018,Estacion Orbital,Ranked,Nadia;Magnus,23,3.0,6,5,Victoria,930.0
7165,2026-06-02,21:48,J0030,Desierto Neon,Casual,Vex,13,13.0,6,2,Victoria,1780.0
729,2026-02-03,14:31,J0106,Ciudadela,Casual,,12,15.0,5,3,Derrota,1550.0
7588,2026-06-09,19:18,J0067,Bosque Umbral,Ranked,Vex,45,11.0,8,2,Derrota,1040.0
7544,08/06/2026,22:17,J0139,Bosque Umbral,Casual,Lienzo,8,,5,8,Victoria,1600.0
413,2026-01-26,14:29,J0022,Puerto Escarlata,Casual,Tesla,26,4.0,6,4,Derrota,480.0
5746,2026-05-11,18:24,J0102,Ciudadela,Casual,Nadia;Lienzo;Tesla,27,5.0,7,5,Derrota,610.0
7669,10-06-26,20:53,J0058,Bosque Umbral,Ranked,Vex;Umbra,29,4.0,3,6,Derrota,640.0
826,2026-02-05,12:18,J0120,Canales de Hielo,Casual,Magnus,13,6.0,5,2,,600.0
3268,2026-03-28,22:38,J0015,Puerto Escarlata,Torneo,Brisa,16,9.0,6,4,Derrota,980.0
3975,2026-04-11,22:02,J0022,Desierto Neon,Ranked,Koro;Lienzo,29,8.0,7,4,Victoria,1360.0
8809,2026-06-28,19:16,J0077,Desierto Neon,Ranked,Koro,22,5.0,1,5,Victoria,1230.0
8307,2026-06-20,16:02,J0128,Puerto Escarlata,Casual,Vex,23,12.0,3,7,Derrota,1490.0
418,26-01-26,19:45,J0016,Puerto Escarlata,Ranked,Magnus,41,11.0,4,3,Derrota,1170.0
6749,2026-05-26,20:15,J0011,Estacion Orbital,Torneo,Nadia,25,7.0,3,5,Derrota,890.0
8968,30/06/2026,12:51,J0003,Ciudadela,Casual,Umbra;Nadia;Vex,23,8.0,5,3,Victoria,1350.0
2083,05-03-26,15:30,J0052,Canales de Hielo,Ranked,Koro,38,5.0,5,2,Derrota,500.0
8946,2026-06-30,18:38,J0017,Desierto Neon,Casual,Koro,16,8.0,9,5,Derrota,870.0
3374,2026-03-30,20:32,J0076,Ciudadela,Torneo,  Lienzo;Umbra ,14,7.0,2,2,Derrota,760.0
5727,2026-05-10,19:23,J0109,Canales de Hielo,Ranked,Brisa,36,11.0,3,2,Victoria,1640.0
4108,2026-04-13,01:06,J0049,Canales de Hielo,Casual,Brisa,25,2.0,7,5,Victoria,810.0
4381,2026-04-18,00:16,J0200,Estacion Orbital,Casual,Koro,23,14.0,5,7,Derrota,1650.0
7724,11-06-26,22:22,J0044,Ciudadela,Ranked,Umbra,44,8.0,5,3,Derrota,850.0
1067,2026-02-11,06:13,J0025,Estacion Orbital,Ranked,Lienzo,28,8.0,1,4,  Derrota ,980.0
3914,09-04-26,16:08,J0036,Bosque Umbral,Casual,Lienzo;Brisa;Nadia,15,2.0,2,2,Victoria,760.0
5537,08-05-26,21:31,J0068,Canales de Hielo,Ranked,Brisa,30,8.0,4,5,Victoria,1470.0
8003,2026-06-15,18:40,J0002,Desierto Neon,Casual,MAGNUS;KORO;NADIA,30,5.0,1,11,Derrota,1030.0
5388,05/05/2026,15:49,J0001,Bosque Umbral,Ranked,Lienzo,43,7.0,3,6,Derrota,940.0
5733,11-05-26,07:36,J0072,Desierto Neon,Casual,VEX;BRISA,25,10.0,8,5,Victoria,1590.0
2739,2026-03-18,17:53,J0024,Puerto Escarlata,Casual,Nadia;Koro;Brisa,22,5.0,5,11,Victoria,1450.0
5053,30/04/2026,19:20,J0123,Estacion Orbital,Casual,Koro,31,8.0,8,5,VICTORIA,1390.0
4001,2026-04-11,18:14,J0020,Desierto Neon,Ranked,Tesla,31,5.0,7,7,Victoria,1210.0
2428,2026-03-12,05:10,J0087,Ciudadela,Casual,Umbra,10,,7,3,Victoria,1710.0
6834,2026-05-28,18:36,J0022,Ciudadela,Casual,Magnus;Tesla,24,9.0,9,2,Victoria,1320.0
1688,24-02-26,13:14,J0134,Puerto Escarlata,Ranked,lienzo;magnus,30,9.0,6,4,Victoria,1480.0
852,2026-02-06,18:45,J0070,Canales de Hielo,Ranked,Vex;Koro,40,,5,5,Victoria,1350.0
6304,20-05-26,20:53,J0096,Canales de Hielo,Ranked,Nadia,29,7.0,5,0,Derrota,600.0
9088,2026-07-02,05:13,J0020,Canales de Hielo,Casual,Tesla;Magnus,31,6.0,6,4,Victoria,1180.0
5879,13/05/2026,20:12,J0018,Ciudadela,Casual,Vex,15,8.0,6,4,Victoria,1380.0
8528,24-06-26,01:24,J0102,Ciudadela,Casual,Umbra,21,6.0,5,5,,1250.0
2840,2026-03-20,22:51,J0011,Bosque Umbral,Casual,Nadia;Lienzo,21,6.0,4,5,Victoria,1270.0
4612,22-04-26,01:19,J0016,Estacion Orbital,Ranked,Nadia,26,9.0,7,1,Victoria,1310.0
9541,2026-07-09,00:27,J0038,Estacion Orbital,Casual,Koro;Vex;Tesla,12,7.0,2,7,Victoria,1510.0
9208,2026-07-04,19:02,J0018,Desierto Neon,Ranked,Tesla;Koro,43,2.0,4,7,Victoria,970.0
2490,13/03/2026,20:08,J0160,Bosque Umbral,Casual,Umbra;Magnus;Tesla,29,5.0,2,2,Victoria,1060.0
6906,2026-05-29,21:04,J0151,Ciudadela,Casual,nadia,28,8.0,3,4,Derrota,940.0
7391,2026-06-06,19:02,J0034,Bosque Umbral,Casual,Tesla,19,8.0,4,3,Derrota,870.0
2850,20-03-26,13:51,J0060,Puerto Escarlata,Ranked,,45,8.0,7,6,Derrota,960.0
6666,25/05/2026,09:00,J0065,Puerto Escarlata,Ranked,Magnus,30,2.0,9,5,Victoria,770.0
5882,2026-05-13,23:45,J0022,Puerto Escarlata,Ranked,Umbra;Brisa,30,3.0,3,3,Victoria,890.0
4453,19/04/2026,18:08,J0080,Canales de Hielo,Ranked,Koro,34,3.0,4,3,Victoria,870.0
7422,2026-06-06,20:56,J0061,Puerto Escarlata,Casual,Tesla,12,8.0,6,4,,880.0
6485,2026-05-22,14:40,J0062,Ciudadela,Torneo,Umbra;Lienzo,24,9.0,3,4,Derrota,1040.0
2480,13-03-26,17:29,J0001,Desierto Neon,Ranked,Lienzo;Nadia,29,4.0,3,5,Derrota,590.0
6618,24-05-26,13:52,J0080,Estacion Orbital,Ranked,Vex,32,8.0,6,2,Victoria,1280.0
2142,06/03/2026,22:39,J0023,Ciudadela,Ranked,Tesla,42,8.0,4,4,Derrota,920.0
5189,2026-05-02,19:40,J0034,Desierto Neon,Ranked,Brisa,39,3.0,5,3,Victoria,850.0
9778,12-07-26,09:57,J0155,Puerto Escarlata,Ranked,Nadia,32,6.0,6,5,Victoria,1230.0
2745,2026-03-18,18:10,J0200,Ciudadela,Ranked,Tesla,27,6.0,11,4,VICTORIA,1080.0
7254,2026-06-03,07:31,J0130,Estacion Orbital,Ranked,Lienzo,45,4.0,6,2,Derrota,380.0
3507,2026-04-02,12:53,J0162,Canales de Hielo,Casual,Umbra,27,2.0,4,5,Derrota,370.0
1680,2026-02-24,04:08,J0042,Estacion Orbital,Casual,Umbra;Lienzo,12,2.0,7,3,,710.0
4250,16-04-26,20:46,J0012,Bosque Umbral,Ranked,Magnus;Tesla,38,5.0,5,3,Victoria,1050.0
3148,25/03/2026,14:19,J0021,Bosque Umbral,Casual,Magnus;Koro;Nadia,31,4.0,10,3,Victoria,850.0
8131,17/06/2026,22:22,J0016,Canales de Hielo,Ranked,Nadia;Umbra;Magnus,23,,3,2,Victoria,1240.0
7005,2026-05-31,18:28,J0052,Desierto Neon,Casual,  Magnus ,10,6.0,6,4,Victoria,1180.0
581,2026-01-30,20:58,J0071,Desierto Neon,Casual,Lienzo;Brisa,28,12.0,6,8,Derrota,"1480,0 pts"
9663,11/07/2026,17:53,J0011,Puerto Escarlata,Torneo,Umbra;Lienzo;Magnus,11,7.0,2,1,Derrota,710.0
4071,2026-04-12,05:08,J0039,Estacion Orbital,Ranked,Magnus,44,9.0,12,1,  Derrota ,710.0
3344,2026-03-29,09:50,J0099,Bosque Umbral,Ranked,Umbra,42,2.0,9,2,Derrota,120.0
7405,2026-06-06,13:47,J0065,Ciudadela,Casual,Brisa,16,2.0,6,5,Derrota,330.0
3673,2026-04-05,19:40,J0064,Canales de Hielo,Casual,Umbra;Tesla,19,3.0,6,7,Derrota,530.0
560,2026-01-30,15:42,J0200,Estacion Orbital,Ranked,Tesla;Koro;Brisa,40,5.0,8,2,Victoria,940.0
5238,2026-05-03,19:13,J0051,Puerto Escarlata,Casual,Vex;Nadia,11,5.0,4,2,Victoria,1020.0
7806,2026-06-13,16:58,J0108,Desierto Neon,Casual,Magnus;Lienzo,12,5.0,5,5,Derrota,650.0
513,2026-01-28,20:11,J0047,Bosque Umbral,Casual,Lienzo;Umbra,11,7.0,3,2,Victoria,1240.0
1082,11-02-26,19:07,J0022,Puerto Escarlata,Torneo,Nadia;Tesla;Brisa,10,2.0,4,2,Derrota,220.0
1665,2026-02-24,20:45,J0059,Canales de Hielo,Ranked,Magnus;Tesla,35,5.0,6,7,Derrota,730.0
9205,2026-07-04,19:03,J0030,Ciudadela,Torneo,Koro,17,6.0,6,4,victoria,1180.0
1932,2026-03-01,18:34,J0057,Canales de Hielo,Casual,Tesla,9,10.0,10,4,Derrota,1000.0
9740,11/07/2026,20:41,J0009,Canales de Hielo,Ranked,Koro;Vex,23,6.0,6,2,Victoria,1080.0
1151,13/02/2026,19:16,J0031,Puerto Escarlata,Ranked,Lienzo;Brisa,32,7.0,4,4,Derrota,820.0
2839,2026-03-20,02:54,J0015,Bosque Umbral,Torneo,Umbra;Brisa,30,8.0,5,5,Victoria,1450.0
5950,2026-05-14,20:31,J0048,Estacion Orbital,Casual,NADIA;BRISA;TESLA,29,5.0,5,3,Victoria,1050.0
8309,2026-06-20,13:02,J0011,Canales de Hielo,Ranked,Magnus,24,4.0,5,7,Victoria,1150.0
8933,2026-06-29,20:49,J0057,Puerto Escarlata,Casual,Tesla,26,5.0,4,8,Victoria,1320.0
9862,13/07/2026,13:53,J0005,Estacion Orbital,Casual,Brisa,23,2.0,4,3,Derrota,270.0
5178,2026-05-02,15:58,J0010,Puerto Escarlata,Casual,vex;umbra,16,9.0,7,3,Victoria,1410.0
831,06/02/2026,08:02,J0018,Puerto Escarlata,Casual,Koro,28,0.0,2,6,Victoria,760.0
8312,2026-06-20,13:12,J0039,Ciudadela,Casual,Vex,31,7.0,2,3,Victoria,1310.0
4753,2026-04-25,18:55,J0028,Puerto Escarlata,Casual,Brisa,29,4.0,2,5,Derrota,610.0
9795,12-07-26,14:40,J0023,Bosque Umbral,Ranked,Magnus;Brisa,26,8.0,5,0,Victoria,1200.0
636,2026-01-31,19:30,J0200,Ciudadela,Casual,Nadia;Tesla;Vex,31,12.0,2,6,Victoria,1960.0
4466,2026-04-19,05:06,J0085,Bosque Umbral,Ranked,MAGNUS;NADIA,26,7.0,6,5,Victoria,1330.0
6800,2026-05-27,18:25,J0023,Bosque Umbral,Ranked,Koro,39,13.0,4,4,Victoria,1920.0
7988,15/06/2026,12:44,J0026,Ciudadela,Ranked,Tesla,28,5.0,6,5,Victoria,1130.0
7080,2026-06-01,01:25,J0035,Estacion Orbital,Casual,Nadia,14,8.0,5,14,Derrota,1400.0
6967,30-05-26,23:29,J0008,Bosque Umbral,Torneo,Brisa,11,3.0,4,1,Victoria,770.0
4143,2026-04-14,19:35,J0026,Puerto Escarlata,Ranked,Tesla,23,6.0,3,7,Victoria,1390.0
7028,2026-05-31,20:25,J0032,Ciudadela,Casual,,24,6.0,5,1,Victoria,1050.0
9184,2026-07-04,00:26,J0039,Canales de Hielo,Casual,Brisa;Tesla;Umbra,19,7.0,3,3,Victoria,1290.0
877,07/02/2026,22:12,J0200,Bosque Umbral,Ranked,Tesla,37,9.0,5,5,Derrota,1050.0
4870,2026-04-26,22:32,J0023,Bosque Umbral,Casual,Lienzo,19,8.0,3,9,Derrota,"1190,0 pts"
5316,04/05/2026,17:23,J0015,Estacion Orbital,Ranked,Lienzo,34,8.0,2,5,Derrota,1010.0
5223,02/05/2026,20:52,J0039,Canales de Hielo,Casual,Umbra,30,11.0,4,3,Victoria,1670.0
5,2026-01-16,13:24,J0162,Canales de Hielo,Casual,Tesla;Koro,18,7.0,1,3,Derrota,830.0
3052,2026-03-24,16:39,J0005,Puerto Escarlata,Casual,koro,9,8.0,5,3,  Derrota ,850.0
5692,10/05/2026,23:06,J0087,Bosque Umbral,Ranked,Umbra,34,8.0,5,2,Victoria,
3125,2026-03-25,20:51,J0003,Ciudadela,Casual,Magnus,24,,7,6,Victoria,1360.0
2492,13-03-26,12:55,J0118,Ciudadela,Ranked,Vex;Koro;Lienzo,45,10.0,5,2,Victoria,1500.0
3855,08/04/2026,20:40,J0019,Canales de Hielo,Casual,Lienzo,25,1.0,2,3,Derrota,210.0
4778,2026-04-25,21:45,J0102,Estacion Orbital,Ranked,  Umbra ,23,3.0,8,4,Derrota,340.0
7510,07/06/2026,01:02,J0085,Puerto Escarlata,Casual,magnus,12,8.0,5,5,Victoria,1450.0
6458,22-05-26,20:05,J0007,Canales de Hielo,Casual,Tesla,19,7.0,3,5,Victoria,1390.0
6294,20-05-26,17:18,J0058,Puerto Escarlata,Casual,Umbra,9,5.0,4,5,Victoria,1170.0
1149,2026-02-13,15:23,J0095,Desierto Neon,Ranked,Brisa,39,11.0,2,0,Victoria,1560.0
575,2026-01-30,20:48,J0166,Ciudadela,Ranked,Vex;Koro,24,5.0,1,7,Victoria,1330.0
3770,2026-04-07,23:13,J0024,Puerto Escarlata,Ranked,Brisa;Lienzo,39,3.0,5,1,Victoria,750.0
4147,14-04-26,19:29,J0061,Bosque Umbral,Ranked,Vex,32,4.0,5,2,Derrota,400.0
854,2026-02-06,21:57,J0143,Bosque Umbral,Torneo,Tesla,13,4.0,7,4,DERROTA,460.0
5920,2026-05-14,11:21,J0036,Ciudadela,Casual,Lienzo,27,5.0,3,6,Derrota,740.0
9359,2026-07-06,20:35,J0064,Puerto Escarlata,Ranked,Umbra,28,3.0,12,6,Victoria,860.0
6615,24/05/2026,16:16,J0134,Bosque Umbral,Casual,Vex;Tesla,31,7.0,6,3,Victoria,1230.0
6003,2026-05-15,19:29,J0037,Puerto Escarlata,Torneo,magnus;nadia,26,4.0,8,4,Victoria,940.0
9164,03-07-26,10:56,J0029,Ciudadela,Casual,Koro;Lienzo,11,2.0,3,4,Derrota,340.0
4496,20-04-26,20:11,J0007,Canales de Hielo,Ranked,Umbra,36,6.0,7,5,Victoria,1210.0
8174,2026-06-18,23:51,J0119,Desierto Neon,Ranked,Nadia;Vex,32,11.0,3,5,Victoria,1790.0
6656,2026-05-24,12:39,J0118,Canales de Hielo,Ranked,Umbra;Koro,39,12.0,7,4,victoria,1760.0
2369,2026-03-10,06:50,J0025,Canales de Hielo,Torneo,Tesla,12,6.0,3,8,Derrota,940.0
4781,2026-04-25,02:08,J0007,Bosque Umbral,Casual,Lienzo,19,,3,5,Derrota,
7993,15/06/2026,14:10,J0039,Ciudadela,Casual,Tesla,20,,4,2,Victoria,1320.0
2951,22/03/2026,16:43,J0046,Bosque Umbral,Ranked,Magnus,25,7.0,2,4,Derrota,860.0
5626,2026-05-09,19:28,J0006,Ciudadela,Torneo,Tesla;Vex,23,9.0,5,4,Victoria,
6972,2026-05-30,20:22,J0026,Estacion Orbital,Ranked,Magnus,36,5.0,3,4,Victoria,1140.0
8717,2026-06-27,06:58,J0048,Bosque Umbral,Ranked,Lienzo,24,4.0,4,2,Derrota,420.0
1842,28/02/2026,13:14,J0054,Estacion Orbital,Ranked,Umbra,34,6.0,2,4,Victoria,1260.0
5987,2026-05-15,12:45,J0013,Desierto Neon,Casual,tesla;nadia,14,9.0,8,2,Victoria,1340.0
538,2026-01-29,12:52,J0021,Ciudadela,Torneo,Koro,22,,5,6,Victoria,1300.0
2807,2026-03-20,15:40,J0012,Estacion Orbital,Casual,Brisa,16,6.0,7,2,Derrota,560.0
5802,2026-05-12,22:01,J0034,Puerto Escarlata,Ranked,Nadia,25,5.0,5,5,Victoria,1150.0
5597,2026-05-09,16:48,J0012,Ciudadela,Casual,Lienzo,25,7.0,6,1,Victoria,1130.0
7207,03/06/2026,13:47,J0019,Estacion Orbital,Casual,KORO,12,4.0,6,3,Derrota,430.0
7344,05/06/2026,11:36,J0011,Bosque Umbral,Ranked,Magnus,25,1.0,6,5,Victoria,730.0
7561,2026-06-08,20:57,J0010,Estacion Orbital,Casual,Tesla;Koro,26,4.0,6,1,Victoria,830.0
8097,2026-06-17,12:04,J0022,Canales de Hielo,Casual,UMBRA,28,1.0,8,3,Victoria,590.0
785,04/02/2026,19:43,J0011,Ciudadela,Ranked,Magnus;Nadia,41,1.0,2,7,Derrota,410.0
1410,2026-02-19,20:19,J0014,Desierto Neon,Casual,Brisa,18,4.0,4,1,Victoria,870.0
155,2026-01-20,20:50,J0007,Estacion Orbital,Ranked,Brisa;Vex,26,15.0,5,4,Derrota,1600.0
7807,2026-06-13,01:04,J0168,Estacion Orbital,Casual,Vex;Tesla,23,8.0,6,3,Victoria,1330.0
3010,2026-03-23,17:25,J0070,Bosque Umbral,Ranked,Vex,30,6.0,5,7,Victoria,1350.0
1687,2026-02-24,18:57,J0087,Bosque Umbral,Casual,Nadia,30,6.0,4,5,Victoria,1270.0
4015,2026-04-11,  18:17 ,J0062,Estacion Orbital,Casual,Umbra;Brisa,24,3.0,5,2,Victoria,800.0
7456,06-06-26,20:39,J0176,Desierto Neon,Ranked,Magnus;Nadia,27,6.0,4,3,Victoria,1170.0
3864,2026-04-08,14:06,J0043,Canales de Hielo,Casual,Nadia;Brisa;Umbra,18,4.0,1,4,Victoria,1080.0
2734,2026-03-18,10:45,J0022,Canales de Hielo,Torneo,Magnus;Umbra;Koro,17,2.0,2,2,Victoria,760.0
1896,01/03/2026,12:17,J0021,Puerto Escarlata,Ranked,Nadia;Vex;Lienzo,32,4.0,3,2,Derrota,440.0
5443,2026-05-06,17:52,J0075,Puerto Escarlata,Casual,Umbra,21,3.0,1,2,Derrota,380.0
570,2026-01-30,19:21,J0007,Puerto Escarlata,Casual,Koro,16,12.0,0,7,DERROTA,1550.0
6710,2026-05-25,13:42,J0058,Bosque Umbral,Ranked,Nadia,38,7.0,3,2,Derrota,740.0
5855,13/05/2026,02:45,J0086,Estacion Orbital,Casual,Brisa,17,7.0,1,5,Derrota,930.0
1817,2026-02-27,03:33,J0004,Bosque Umbral,Casual,Koro,8,6.0,5,6,Victoria,1300.0
8320,2026-06-20,18:14,J0151,Desierto Neon,Casual,Magnus;Umbra,20,4.0,1,6,Derrota,680.0
3395,2026-03-30,11:47,J0075,Desierto Neon,Ranked,Lienzo;Vex,27,11.0,2,5,  Victoria ,1810.0
3328,2026-03-29,18:13,J0013,Desierto Neon,Ranked,Brisa,22,5.0,3,1,DERROTA,490.0
9656,2026-07-11,17:40,J0004,Ciudadela,Casual,Koro,23,4.0,6,5,Victoria,1030.0
6103,2026-05-17,19:36,J0028,Desierto Neon,Ranked,Umbra,37,5.0,5,6,Victoria,1200.0
2976,2026-03-22,09:56,J0041,Estacion Orbital,Casual,Vex;Lienzo;Umbra,24,4.0,3,5,,590.0
981,08-02-26,15:21,J0135,Desierto Neon,Casual,Umbra,31,8.0,5,2,Victoria,1300.0
191,2026-01-21,12:41,J0052,Ciudadela,Casual,Vex;Tesla,25,4.0,0,4,Victoria,1100.0
9332,2026-07-06,18:44,J0102,Desierto Neon,Ranked,Brisa,34,2.0,7,5,Derrota,310.0
5089,30/04/2026,23:51,J0040,Ciudadela,Ranked,Nadia,36,9.0,9,5,Victoria,1470.0
700,02-02-26,14:43,J0104,Puerto Escarlata,Casual,Koro;Brisa,8,5.0,5,2,Victoria,"1000,0 pts"
9833,12-07-26,19:08,J0031,Puerto Escarlata,Torneo,Nadia,8,2.0,2,5,Victoria,910.0
607,31-01-26,07:08,J0052,Canales de Hielo,Ranked,Magnus,33,7.0,10,6,Victoria,1300.0
302,24-01-26,21:28,J0106,Canales de Hielo,Ranked,Magnus,32,5.0,9,8,Derrota,720.0
3421,2026-03-30,15:39,J0015,Ciudadela,Torneo,Umbra;Koro,18,9.0,3,3,Victoria,1490.0
9878,2026-07-13,14:25,J0008,Puerto Escarlata,Ranked,Lienzo;Tesla,36,7.0,5,2,Victoria,1200.0
1061,2026-02-11,10:15,J0010,Bosque Umbral,Ranked,Brisa,22,6.0,6,1,Victoria,1030.0
3445,2026-03-31,  13:14 ,J0086,Estacion Orbital,Casual,Tesla,28,3.0,2,3,Victoria,910.0
1070,2026-02-11,19:47,J0041,Bosque Umbral,Ranked,Lienzo,38,5.0,1,2,Victoria,1080.0
2206,2026-03-07,08:03,J0032,Desierto Neon,Ranked,Nadia,44,9.0,3,5,Derrota,1090.0
9436,2026-07-07,22:52,J0001,Canales de Hielo,Casual,Vex,29,7.0,3,0,Victoria,1140.0
7340,05-06-26,22:18,J0012,Estacion Orbital,Ranked,Koro;Umbra,33,2.0,4,6,Derrota,420.0
8209,2026-06-19,10:57,J0033,Desierto Neon,Casual,,23,8.0,4,4,Derrota,920.0
7680,10-06-26,17:05,J0006,Estacion Orbital,Torneo,Koro;Vex,24,7.0,4,6,Derrota,"920,0 pts"
4643,2026-04-23,19:25,J0045,Ciudadela,Torneo,Vex;Magnus,31,8.0,3,3,Derrota,890.0
7684,2026-06-10,20:56,J0048,Canales de Hielo,Ranked,Lienzo,40,5.0,5,4,Derrota,600.0
9008,2026-07-01,07:39,J0029,Puerto Escarlata,Casual,Brisa;Lienzo,17,4.0,5,7,Victoria,1150.0
7997,15-06-26,14:33,J0015,Desierto Neon,Casual,Umbra,15,9.0,6,6,Victoria,1580.0
5601,09/05/2026,07:56,J0016,Estacion Orbital,Ranked,Umbra;Tesla,22,9.0,4,4,Derrota,1020.0
9152,03/07/2026,23:18,J0041,Ciudadela,Ranked,Brisa,42,4.0,6,8,Victoria,1180.0
7023,2026-05-31,16:03,J0116,Desierto Neon,Casual,Koro,24,8.0,2,5,Victoria,
4894,2026-04-27,16:19,J0146,Canales de Hielo,Ranked,Koro;Tesla;Umbra,35,,4,4,Derrota,"720,0 pts"
226,22-01-26,11:50,J0070,Bosque Umbral,Ranked,Vex,35,4.0,5,3,Victoria,950.0
3355,29-03-26,23:43,J0005,Ciudadela,Ranked,Tesla,34,12.0,8,3,Derrota,1190.0
5896,13-05-26,07:54,J0061,Estacion Orbital,Casual,Magnus;Lienzo,27,,6,4,Derrota,880.0
8755,2026-06-27,21:26,J0181,Bosque Umbral,Ranked,Tesla,39,4.0,6,3,Derrota,430.0
3437,2026-03-31,11:44,J0026,Ciudadela,Ranked,Umbra,38,4.0,4,4,Derrota,520.0
1694,24/02/2026,07:42,J0011,Bosque Umbral,Ranked,Magnus;Koro,32,6.0,6,4,Derrota,680.0
6894,2026-05-29,18:30,J0013,Canales de Hielo,Torneo,Koro;Lienzo,21,6.0,5,1,Victoria,1050.0
1046,10/02/2026,00:08,J0054,Canales de Hielo,Torneo,Nadia,19,7.0,8,6,Derrota,840.0
3447,2026-03-31,23:38,J0116,Desierto Neon,Ranked,Tesla;Magnus,38,9.0,3,3,Derrota,990.0
8051,16/06/2026,01:52,J0200,Puerto Escarlata,Ranked,,38,8.0,7,2,Victoria,1260.0
9147,2026-07-03,15:16,J0052,Puerto Escarlata,Casual,Lienzo,24,6.0,5,5,Derrota,750.0
3040,2026-03-23,12:53,J0007,Puerto Escarlata,Casual,Koro,30,11.0,2,5,Victoria,1810.0
4736,2026-04-24,18:49,J0046,Canales de Hielo,Casual,Brisa,21,9.0,2,6,Victoria,1660.0
4497,20/04/2026,17:34,J0046,Desierto Neon,Casual,Vex,10,,2,4,derrota,960.0
1219,14-02-26,22:42,J0010,Puerto Escarlata,Torneo,Magnus;Tesla,17,7.0,5,3,Derrota,750.0
6016,2026-05-16,05:30,J0181,Ciudadela,Ranked,Lienzo,25,5.0,3,5,Victoria,1190.0
9720,2026-07-11,22:58,J0135,Puerto Escarlata,Ranked,Umbra,35,6.0,7,2,Victoria,1060.0
3988,2026-04-11,15:47,J0154,Puerto Escarlata,Ranked,Umbra;Nadia,24,9.0,7,5,Derrota,1010.0
4912,2026-04-27,20:51,J0135,Bosque Umbral,Casual,Tesla,18,8.0,6,7,Victoria,1530.0
9493,2026-07-08,01:42,J0043,Puerto Escarlata,Ranked,Nadia,26,3.0,4,3,Derrota,370.0
4494,20/04/2026,17:26,J0015,Bosque Umbral,Ranked,Brisa;Koro;Lienzo,23,11.0,5,4,Derrota,1200.0
6945,30/05/2026,16:14,J0200,Puerto Escarlata,Casual,Tesla;Nadia,9,3.0,4,3,Victoria,870.0
5700,2026-05-10,19:45,J0190,Ciudadela,Ranked,Lienzo;Nadia,43,10.0,2,4,Derrota,1160.0
8353,21-06-26,02:16,J0008,Estacion Orbital,Ranked,Magnus,29,2.0,6,1,Derrota,130.0
957,08/02/2026,20:35,J0031,Canales de Hielo,Ranked,Tesla;Umbra;Lienzo,41,4.0,3,3,Victoria,990.0
2870,2026-03-21,17:42,J0008,Ciudadela,Casual,Brisa,18,7.0,2,1,Derrota,710.0
4434,19/04/2026,02:18,J0017,Canales de Hielo,Ranked,Lienzo,23,3.0,8,6,Victoria,940.0
4974,2026-04-28,  15:35 ,J0056,Ciudadela,Casual,Vex,19,4.0,7,5,Derrota,510.0
2962,2026-03-22,00:23,J0055,Canales de Hielo,Ranked,Lienzo,22,0.0,1,8,Derrota,380.0
2201,2026-03-07,17:42,J0022,Estacion Orbital,Ranked,Brisa;Magnus,28,2.0,6,10,Victoria,1080.0
99,18/01/2026,00:12,J0010,Estacion Orbital,Casual,Nadia,15,5.0,3,3,Victoria,1090.0
9923,13-07-26,19:54,J0019,Bosque Umbral,Ranked,Brisa;Nadia,43,2.0,3,4,Victoria,840.0
2558,14-03-26,14:31,J0016,Estacion Orbital,Casual,Umbra;Magnus;Nadia,28,6.0,6,5,  Victoria ,1230.0
8446,2026-06-22,17:27,J0058,Estacion Orbital,Ranked,Tesla,26,7.0,4,6,Derrota,920.0
4200,2026-04-15,21:07,J0019,Estacion Orbital,Torneo,Magnus,10,7.0,4,3,Derrota,770.0
9638,10-07-26,20:52,J0166,Ciudadela,Casual,Koro,22,,2,2,Derrota,360.0
5540,2026-05-08,17:36,J0200,Bosque Umbral,Ranked,Vex,28,13.0,6,7,Victoria,2030.0
1649,23/02/2026,07:58,J0018,Canales de Hielo,Casual,Koro,10,1.0,2,1,Derrota,110.0
6198,18-05-26,21:39,J0069,Ciudadela,Casual,Tesla;Nadia,20,3.0,3,3,Derrota,390.0
6296,2026-05-20,20:46,J0049,Canales de Hielo,Ranked,Nadia;Umbra,43,3.0,4,4,Derrota,420.0
4500,2026-04-20,01:18,J0020,Desierto Neon,Casual,Brisa,13,8.0,3,4,Derrota,940.0
1155,2026-02-13,23:59,J0040,Bosque Umbral,Casual,Magnus,10,5.0,3,8,Derrota,840.0
2256,08-03-26,08:26,J0037,Desierto Neon,Ranked,Umbra;Nadia,24,5.0,4,7,Victoria,1270.0
3171,26/03/2026,16:28,J0075,Ciudadela,Casual,LIENZO,27,5.0,6,7,Victoria,1230.0
7401,2026-06-06,10:14,J0102,Puerto Escarlata,Ranked,Nadia,41,4.0,3,7,Derrota,690.0
7159,2026-06-02,19:59,J0035,Puerto Escarlata,Ranked,Umbra;Nadia;Koro,41,6.0,3,5,derrota,790.0
3109,2026-03-25,21:21,J0175,Canales de Hielo,Casual,Magnus;Brisa,15,2.0,5,1,Derrota,150.0
4549,2026-04-21,20:34,J0018,Puerto Escarlata,Casual,Magnus;Koro;Lienzo,32,4.0,6,5,Derrota,530.0
5424,2026-05-06,18:44,J0048,Puerto Escarlata,Casual,Brisa;Nadia,32,,7,3,Victoria,810.0
2050,2026-03-04,20:02,J0121,Puerto Escarlata,Ranked,Nadia,30,0.0,7,1,Victoria,410.0
9209,2026-07-04,10:51,J0019,Desierto Neon,Casual,Tesla,20,4.0,2,6,Victoria,1160.0
8816,28/06/2026,16:09,J0160,Estacion Orbital,Ranked,Brisa,33,6.0,2,3,Derrota,710.0
9871,13/07/2026,19:18,J0055,Canales de Hielo,Torneo,Tesla,17,3.0,5,4,VICTORIA,"900,0 pts"
263,2026-01-23,23:45,J0036,Bosque Umbral,Ranked,Umbra,26,5.0,7,3,,1010.0
4062,12-04-26,20:29,J0010,Puerto Escarlata,Ranked,Lienzo;Umbra,42,11.0,8,6,Derrota,1240.0
5535,2026-05-08,21:42,J0023,Desierto Neon,Casual,Umbra,32,,4,6,Derrota,1020.0
6617,2026-05-24,18:50,J0070,Estacion Orbital,Torneo,Lienzo,23,4.0,2,7,Victoria,1210.0
8121,2026-06-17,17:06,J0014,Ciudadela,Casual,Vex;Umbra,13,4.0,4,2,Derrota,420.0
8156,2026-06-18,15:55,J0001,Bosque Umbral,Ranked,Vex,39,7.0,5,1,Derrota,650.0
1803,27/02/2026,08:28,J0012,Canales de Hielo,Casual,Tesla,17,5.0,8,4,Derrota,540.0
4737,2026-04-24,  07:10 ,J0037,Estacion Orbital,Casual,Magnus;Brisa,11,3.0,6,5,Victoria,930.0
2386,2026-03-11,19:48,J0149,Ciudadela,Casual,Koro,8,5.0,5,1,Derrota,450.0
6695,2026-05-25,07:43,J0036,Ciudadela,Casual,,12,2.0,7,4,Derrota,260.0
5760,11-05-26,19:40,J0015,Puerto Escarlata,Casual,Vex;Lienzo;Magnus,19,14.0,5,5,Derrota,1550.0
1960,02-03-26,17:58,J0017,Bosque Umbral,Ranked,Brisa,40,2.0,5,1,Victoria,650.0
2977,2026-03-22,00:05,J0049,Desierto Neon,Casual,Tesla,9,2.0,1,5,Victoria,930.0
8681,2026-06-26,19:06,J0072,Estacion Orbital,Ranked,Nadia,24,4.0,6,4,Victoria,980.0
1844,2026-02-28,07:56,J0090,Ciudadela,Torneo,Lienzo,29,5.0,6,2,Derrota,480.0
1735,2026-02-25,18:54,J0114,Desierto Neon,Casual,Magnus,18,,5,1,  Derrota ,750.0
2912,2026-03-21,19:36,J0150,Estacion Orbital,Casual,Brisa;Umbra;Nadia,21,14.0,7,3,Derrota,1410.0
8339,2026-06-21,18:08,J0018,Bosque Umbral,Casual,Magnus,22,2.0,5,7,Derrota,450.0
1987,03-03-26,22:50,J0200,Ciudadela,Ranked,Magnus;Umbra,44,6.0,6,5,Victoria,1230.0
9562,09-07-26,21:34,J0038,Desierto Neon,Ranked,Nadia;Lienzo,40,3.0,10,4,Victoria,800.0
6547,23/05/2026,23:25,J0006,Puerto Escarlata,Ranked,Tesla,36,9.0,4,4,Victoria,1520.0
7099,01-06-26,14:10,J0020,Puerto Escarlata,Casual,Magnus,13,7.0,3,5,  Victoria ,1390.0
2812,20-03-26,10:07,J0029,Canales de Hielo,Casual,Vex;Umbra,8,8.0,3,1,Victoria,1290.0
660,2026-02-01,22:36,J0021,Desierto Neon,Ranked,Magnus,32,4.0,7,5,Derrota,
2512,2026-03-14,15:44,J0200,Canales de Hielo,Casual,magnus;vex,20,13.0,2,6,Victoria,2060.0
4283,2026-04-16,19:39,J0006,Ciudadela,Ranked,Umbra;Lienzo,37,7.0,4,3,Derrota,770.0
9340,2026-07-06,20:06,J0024,Ciudadela,Casual,Magnus,9,4.0,7,1,Derrota,310.0
8801,28-06-26,10:10,J0017,Puerto Escarlata,Ranked,Lienzo,38,5.0,7,7,Derrota,710.0
6288,2026-05-19,15:15,J0143,Bosque Umbral,Ranked,Umbra,38,5.0,8,6,Derrota,640.0
1931,2026-03-01,20:34,J0118,Bosque Umbral,Casual,Umbra;Lienzo,23,2.0,8,2,Derrota,140.0
7126,01-06-26,  20:30 ,J0073,Puerto Escarlata,Casual,Magnus,24,1.0,6,6,Victoria,780.0
198,2026-01-21,00:20,J0108,Canales de Hielo,Ranked,Umbra,44,4.0,4,2,Victoria,920.0
7778,2026-06-12,22:00,J0009,Ciudadela,Ranked,Koro;Magnus,29,4.0,11,8,Victoria,1080.0
2932,22/03/2026,19:19,J0045,Desierto Neon,Ranked,Tesla;Lienzo;Magnus,27,5.0,4,5,Victoria,1170.0
8005,2026-06-15,18:50,J0037,Desierto Neon,Ranked,Nadia;Vex;Lienzo,26,5.0,4,6,Derrota,720.0
2328,2026-03-10,09:28,J0027,Estacion Orbital,Casual,Vex,29,6.0,1,4,Victoria,1280.0
4390,2026-04-18,20:24,J0022,Canales de Hielo,Casual,Lienzo,19,2.0,5,5,Derrota,350.0
8959,30/06/2026,06:54,J0059,Estacion Orbital,Casual,Nadia;Vex;Tesla,12,4.0,2,4,Victoria,1060.0
4219,2026-04-15,11:27,J0126,Bosque Umbral,Ranked,Koro,26,4.0,8,3,Derrota,390.0
203,2026-01-21,08:40,J0079,Canales de Hielo,Casual,Tesla,30,4.0,4,8,  Victoria ,1220.0
3511,02-04-26,20:49,J0014,Desierto Neon,Ranked,Vex,34,4.0,3,4,,1040.0
4932,27/04/2026,16:21,J0022,Desierto Neon,Ranked,Vex;Umbra,38,9.0,3,2,Derrota,940.0
5536,2026-05-08,09:32,J0024,Bosque Umbral,Casual,Tesla;Lienzo,25,6.0,6,3,Victoria,1130.0
5792,11/05/2026,02:17,J0200,Estacion Orbital,Casual,Vex,26,10.0,6,4,Victoria,1580.0
1708,2026-02-24,18:31,J0016,Estacion Orbital,Casual,Tesla,11,,3,1,Victoria,1090.0
5173,02/05/2026,23:16,J0178,Canales de Hielo,Ranked,Umbra,45,,6,5,Derrota,430.0
5250,2026-05-03,18:09,J0163,Ciudadela,Casual,Tesla;Koro;Brisa,10,7.0,10,1,Derrota,550.0
6529,23/05/2026,16:50,J0042,Estacion Orbital,Casual,Lienzo,26,3.0,5,5,Derrota,450.0
9922,2026-07-13,17:35,J0008,Puerto Escarlata,Casual,Umbra,19,4.0,7,4,Victoria,960.0
5856,2026-05-13,12:16,J0012,Puerto Escarlata,Ranked,Brisa,32,,7,2,Victoria,1160.0
8165,2026-06-18,04:04,J0007,Bosque Umbral,Torneo,Lienzo,19,10.0,8,6,Victoria,1640.0
855,06/02/2026,17:44,J0021,Ciudadela,Torneo,Tesla,18,9.0,6,7,  Victoria ,1630.0
4738,24-04-26,21:02,J0104,Canales de Hielo,Casual,Lienzo;Brisa,28,5.0,3,6,Derrota,740.0
699,02/02/2026,12:58,J0026,Desierto Neon,Ranked,Brisa,30,6.0,6,0,Victoria,980.0
3697,05/04/2026,20:15,J0006,Desierto Neon,Ranked,Magnus;Nadia,32,7.0,3,2,Victoria,1240.0
1637,2026-02-23,21:59,J0134,Canales de Hielo,Casual,Nadia;Umbra;Koro,31,3.0,8,3,Victoria,790.0
7281,2026-06-04,18:16,J0058,Canales de Hielo,Ranked,Nadia;Koro,27,5.0,5,2,Derrota,500.0
7555,2026-06-08,13:48,J0200,Estacion Orbital,Ranked,Nadia,29,6.0,4,3,derrota,670.0
3582,2026-04-03,21:25,J0092,Puerto Escarlata,Torneo,Umbra,32,7.0,5,5,,1350.0
1292,16/02/2026,09:55,J0039,Ciudadela,Casual,Vex;Brisa;Tesla,23,10.0,3,6,Victoria,1740.0
6586,24/05/2026,19:08,J0031,Bosque Umbral,Ranked,Tesla;Nadia,31,3.0,2,2,Victoria,860.0
1854,2026-02-28,19:15,J0200,Estacion Orbital,Casual,Magnus;Nadia,13,7.0,4,1,Derrota,670.0
5233,2026-05-03,17:54,J0056,Ciudadela,Casual,Nadia,21,4.0,6,6,Victoria,1080.0
3764,07/04/2026,18:57,J0006,Ciudadela,Ranked,Nadia;Koro,44,3.0,3,7,Victoria,1090.0
3305,28/03/2026,12:14,J0022,Puerto Escarlata,Ranked,Umbra;Koro;Brisa,24,6.0,8,4,Victoria,1140.0
1496,2026-02-21,14:39,J0082,Canales de Hielo,Casual,Brisa,14,5.0,7,7,Derrota,710.0
7995,15-06-26,01:34,J0200,Bosque Umbral,Ranked,Brisa,35,11.0,4,3,Derrota,
1999,2026-03-03,19:18,J0144,Desierto Neon,Ranked,Lienzo;Tesla,35,3.0,4,3,Victoria,870.0
664,01/02/2026,15:47,J0038,Ciudadela,Casual,Lienzo,11,4.0,5,4,Victoria,1000.0
3749,06-04-26,17:16,J0029,Puerto Escarlata,Ranked,Magnus;Tesla;Umbra,38,4.0,5,1,Victoria,850.0
4414,2026-04-19,13:54,J0087,Puerto Escarlata,Ranked,  Brisa;Koro ,36,12.0,2,5,Derrota,1410.0
5531,2026-05-08,17:57,J0011,Bosque Umbral,Ranked,VEX,36,9.0,3,6,Victoria,1640.0
5576,2026-05-09,04:37,J0017,Canales de Hielo,Casual,Brisa;Magnus;Nadia,14,8.0,3,3,Derrota,890.0
8902,2026-06-29,20:14,J0019,Desierto Neon,Casual,Lienzo,16,3.0,7,2,Derrota,260.0
7527,2026-06-08,21:14,J0023,Canales de Hielo,Ranked,Tesla,32,9.0,8,4,Derrota,940.0
9475,2026-07-08,16:07,J0069,Puerto Escarlata,Casual,Vex;Lienzo,26,,5,3,victoria,1050.0
5865,2026-05-13,19:41,J0018,Bosque Umbral,Casual,Lienzo;Koro,30,4.0,8,4,Derrota,440.0
6777,27-05-26,22:24,J0003,Canales de Hielo,Ranked,Nadia,36,7.0,9,5,Victoria,1270.0
1307,2026-02-16,22:44,J0033,Canales de Hielo,Torneo,Lienzo;Magnus,17,11.0,5,6,Derrota,1300.0
7393,2026-06-06,19:09,J0005,Ciudadela,Casual,Magnus,15,11.0,3,5,Victoria,1790.0
5593,2026-05-09,01:52,J0051,Bosque Umbral,Casual,Brisa;Umbra,19,5.0,2,4,Victoria,1160.0
9722,2026-07-11,10:38,J0090,Canales de Hielo,Ranked,Vex,26,7.0,5,3,Derrota,750.0
1664,24/02/2026,15:25,J0003,Puerto Escarlata,Ranked,Vex,41,6.0,7,4,Victoria,1160.0
5451,06/05/2026,14:55,J0010,Puerto Escarlata,Ranked,Koro,29,4.0,6,4,Derrota,
6591,2026-05-24,09:16,J0005,Bosque Umbral,Casual,Tesla;Nadia,10,9.0,6,6,Victoria,1580.0
3628,04-04-26,23:29,J0034,Bosque Umbral,Casual,Nadia;Koro,11,6.0,2,6,Derrota,860.0
2694,2026-03-17,21:06,J0015,Puerto Escarlata,Casual,vex;koro,28,6.0,1,7,Victoria,"1430,0 pts"
9790,12-07-26,20:51,J0200,Estacion Orbital,Torneo,Vex,29,11.0,3,2,Derrota,1140.0
5916,2026-05-14,18:25,J0061,Bosque Umbral,Ranked,Tesla,45,4.0,1,7,Victoria,1230.0
3158,2026-03-26,22:07,J0032,Ciudadela,Ranked,Lienzo,31,11.0,6,6,Derrota,1280.0
9915,2026-07-13,20:22,J0018,Canales de Hielo,Ranked,Koro;Tesla,42,3.0,7,3,Derrota,310.0
6669,25-05-26,07:03,J0027,Desierto Neon,Casual,Magnus;Nadia,11,5.0,10,6,,1100.0
1060,11-02-26,07:05,J0087,Ciudadela,Casual,Brisa;Magnus,25,10.0,2,4,Derrota,1160.0
4637,2026-04-23,06:24,J0063,Bosque Umbral,Casual,Nadia;Lienzo;Umbra,30,8.0,5,6,Victoria,1500.0
3243,2026-03-28,12:36,J0100,Desierto Neon,Casual,,32,11.0,4,6,Derrota,1320.0
1679,2026-02-24,21:02,J0152,Puerto Escarlata,Ranked,TESLA,42,2.0,8,5,Victoria,790.0
6893,2026-05-29,10:40,J0076,Bosque Umbral,Casual,Lienzo;Magnus;Tesla,27,10.0,10,3,  Victoria ,1450.0
6375,2026-05-21,20:58,J0031,Estacion Orbital,Ranked,Nadia,42,6.0,8,6,Derrota,740.0
7575,2026-06-08,18:01,J0104,Bosque Umbral,Ranked,Nadia,43,,4,4,  Derrota ,420.0
1758,2026-02-26,11:48,J0012,Puerto Escarlata,Casual,Vex,29,7.0,5,4,Derrota,800.0
6020,2026-05-16,03:57,J0039,Bosque Umbral,Ranked,Lienzo,31,12.0,1,8,Derrota,1580.0
5117,01-05-26,21:50,J0033,Bosque Umbral,Torneo,Umbra,12,6.0,7,3,Victoria,1110.0
8756,27/06/2026,17:29,J0039,Desierto Neon,Ranked,Umbra;Lienzo;Brisa,26,11.0,5,1,Derrota,1050.0
7409,2026-06-06,02:57,J0071,Bosque Umbral,Casual,Magnus,11,8.0,7,1,Victoria,1210.0
2791,2026-03-19,22:00,J0180,Canales de Hielo,Casual,Lienzo,8,6.0,3,8,Derrota,940.0
864,2026-02-06,13:12,J0030,Desierto Neon,Torneo,Tesla;Magnus;Koro,29,10.0,3,4,Derrota,1140.0
7859,2026-06-13,08:41,J0149,Canales de Hielo,Ranked,vex,27,9.0,2,4,Derrota,1060.0
1485,2026-02-20,18:30,J0012,Puerto Escarlata,Torneo,BRISA,19,3.0,7,4,Victoria,860.0
7036,2026-05-31,00:50,J0055,Bosque Umbral,Casual,Magnus,29,5.0,5,6,Derrota,700.0
7722,2026-06-11,06:51,J0091,Canales de Hielo,Ranked,Nadia,28,12.0,9,3,,1670.0
5978,2026-05-15,23:01,J0093,Bosque Umbral,Casual,Magnus;Umbra,27,1.0,3,5,Victoria,790.0
5135,2026-05-01,19:41,J0001,Bosque Umbral,Casual,Vex,32,6.0,7,6,Derrota,760.0
207,2026-01-21,00:00,J0139,Estacion Orbital,Casual,Vex,30,11.0,4,6,Derrota,1320.0
4489,2026-04-20,00:58,J0200,Estacion Orbital,Torneo,Lienzo,30,7.0,7,3,Derrota,710.0
6939,2026-05-30,15:56,J0014,Desierto Neon,Casual,Koro,10,5.0,7,5,Victoria,1110.0
9063,2026-07-01,03:39,J0010,Desierto Neon,Casual,Vex;Magnus,8,10.0,5,5,Victoria,1650.0
6911,29/05/2026,16:58,J0109,Estacion Orbital,Ranked,Nadia;Tesla,29,7.0,11,5,DERROTA,730.0
503,2026-01-28,18:03,J0069,Estacion Orbital,Casual,Brisa;Lienzo;Tesla,13,4.0,7,5,Victoria,1010.0
7386,2026-06-06,20:18,J0150,Desierto Neon,Ranked,Koro,40,10.0,5,3,VICTORIA,1550.0
1029,10-02-26,21:50,J0053,Bosque Umbral,Ranked,Lienzo,44,4.0,2,8,Derrota,760.0
3841,2026-04-08,14:56,J0012,Desierto Neon,Casual,UMBRA,26,5.0,5,6,Victoria,1200.0
8111,17/06/2026,19:30,J0171,Puerto Escarlata,Ranked,Lienzo;Tesla;Koro,26,5.0,6,6,Victoria,1180.0
5057,2026-04-30,07:10,J0069,Desierto Neon,Ranked,Tesla;Nadia,40,3.0,4,3,Derrota,370.0
9763,2026-07-12,12:59,J0079,Estacion Orbital,Casual,Vex;Brisa,8,9.0,4,6,Derrota,"1120,0 pts"
8155,2026-06-18,12:43,J0050,Desierto Neon,Ranked,Brisa,40,,6,2,Victoria,880.0
2732,2026-03-18,  17:00 ,J0044,Bosque Umbral,Torneo,Brisa,29,7.0,5,6,Victoria,1400.0
8997,2026-06-30,21:22,J0051,Bosque Umbral,Ranked,Brisa,38,4.0,2,4,Derrota,560.0
2455,2026-03-12,18:00,J0044,Canales de Hielo,Casual,Umbra;Tesla;Magnus,23,8.0,5,3,Victoria,1350.0
7216,2026-06-03,13:22,J0052,Puerto Escarlata,Ranked,Tesla;Lienzo,45,5.0,4,6,,1220.0
3105,25-03-26,11:12,J0092,Desierto Neon,Casual,Brisa;Umbra;Lienzo,16,4.0,4,2,Victoria,920.0
8393,2026-06-21,21:01,J0067,Ciudadela,Casual,Nadia;Lienzo,24,6.0,6,3,Derrota,630.0
6279,19/05/2026,12:32,J0144,Estacion Orbital,Casual,Brisa,29,5.0,5,4,Victoria,1100.0
3100,2026-03-25,21:51,J0066,Puerto Escarlata,Ranked,Vex,23,14.0,14,2,Derrota,1220.0
6185,2026-05-18,18:38,J0008,Ciudadela,Ranked,Umbra;Lienzo,44,2.0,1,4,Victoria,880.0
3562,03-04-26,21:30,J0008,Estacion Orbital,Casual,Nadia;Brisa,27,3.0,6,4,Derrota,380.0
5893,2026-05-13,03:09,J0065,Canales de Hielo,Casual,Vex,8,6.0,4,2,Derrota,620.0
392,2026-01-25,22:28,J0134,Ciudadela,Casual,Tesla,8,9.0,5,4,Victoria,1500.0
6737,2026-05-26,18:45,J0008,Canales de Hielo,Torneo,,31,,2,6,Victoria,960.0
5619,09/05/2026,15:20,J0047,Estacion Orbital,Ranked,Umbra;Lienzo,26,8.0,4,1,Victoria,1270.0
5259,2026-05-03,18:49,J0057,Ciudadela,Casual,Umbra,15,10.0,6,2,Derrota,980.0
9688,2026-07-11,19:29,J0200,Estacion Orbital,Ranked,Brisa,45,8.0,7,3,Derrota,810.0
2696,17-03-26,16:13,J0075,Bosque Umbral,Ranked,Brisa,25,7.0,4,2,Victoria,1220.0
2028,04-03-26,00:33,J0018,Estacion Orbital,Casual,Koro;Magnus,21,5.0,5,5,Derrota,650.0
5464,06/05/2026,22:13,J0048,Desierto Neon,Ranked,Vex,36,6.0,7,8,Victoria,1360.0
2569,15-03-26,17:45,J0026,Puerto Escarlata,Casual,Magnus,19,4.0,6,1,Derrota,330.0
8007,2026-06-15,11:01,J0145,Bosque Umbral,Ranked,Brisa;Tesla,34,3.0,4,3,Victoria,"870,0 pts"
65,2026-01-17,04:53,J0022,Canales de Hielo,Torneo,Lienzo,23,1.0,5,3,Victoria,650.0
2063,04-03-26,19:36,J0111,Puerto Escarlata,Ranked,TESLA,31,4.0,5,8,Victoria,1200.0
5277,03/05/2026,19:24,J0023,Canales de Hielo,Ranked,Umbra,35,9.0,6,6,Victoria,1580.0
7209,03/06/2026,12:03,J0029,Desierto Neon,Casual,Lienzo;Vex,16,3.0,3,2,Victoria,840.0
8685,26-06-26,10:10,J0004,Desierto Neon,Torneo,Nadia,15,5.0,3,2,Victoria,1040.0
8572,2026-06-24,18:38,J0200,Bosque Umbral,Casual,Tesla;Koro;Brisa,28,7.0,5,8,Derrota,1000.0
6332,2026-05-20,17:22,J0110,Estacion Orbital,Ranked,Magnus;Umbra;Tesla,31,6.0,0,6,,900.0
4860,2026-04-26,20:23,J0027,Ciudadela,Ranked,Lienzo,28,5.0,7,0,Derrota,360.0
4888,26/04/2026,17:23,J0015,Bosque Umbral,Ranked,Brisa,35,7.0,4,7,Victoria,1470.0
9269,05/07/2026,15:53,J0046,Desierto Neon,Ranked,Umbra,36,8.0,2,2,Derrota,860.0
879,07/02/2026,19:50,J0013,Ciudadela,Ranked,Brisa;Magnus,24,8.0,9,5,Victoria,1370.0
8530,2026-06-24,19:23,J0066,Estacion Orbital,Torneo,brisa,32,5.0,5,4,Victoria,1100.0
7917,2026-06-14,17:12,J0140,Estacion Orbital,Casual,Lienzo,13,3.0,2,2,Victoria,860.0
6864,28-05-26,21:08,J0023,Puerto Escarlata,Casual,Tesla;Koro,12,4.0,5,5,Victoria,1050.0
7893,14/06/2026,09:35,J0009,Puerto Escarlata,Ranked,Koro,42,7.0,6,4,Derrota,780.0
6440,22-05-26,17:59,J0025,Puerto Escarlata,Casual,Lienzo;Nadia;Umbra,30,1.0,6,4,,180.0
7870,2026-06-13,11:44,J0093,Bosque Umbral,Casual,Koro,27,4.0,4,3,Derrota,"470,0 pts"
1017,10/02/2026,13:45,J0018,Canales de Hielo,Ranked,Magnus,36,1.0,4,3,Victoria,670.0
9468,08-07-26,16:17,J0163,Estacion Orbital,Ranked,Koro;Umbra;Lienzo,40,,3,6,Victoria,1840.0
7630,09/06/2026,01:37,J0010,Bosque Umbral,Torneo,Tesla;Lienzo,16,11.0,4,2,Victoria,1620.0
996,2026-02-09,22:48,J0002,Bosque Umbral,Ranked,Tesla;Nadia,25,3.0,4,3,Victoria,870.0
4298,2026-04-17,10:52,J0111,Desierto Neon,Casual,Koro,13,2.0,2,3,Victoria,810.0
162,2026-01-20,13:42,J0111,Desierto Neon,Ranked,Brisa,37,4.0,6,2,Victoria,880.0
5676,2026-05-10,00:55,J0082,Estacion Orbital,Casual,Nadia;Brisa,18,7.0,2,4,Victoria,1360.0
6874,2026-05-28,20:27,J0008,Canales de Hielo,Casual,Koro,17,1.0,6,2,Derrota,"80,0 pts"
9693,2026-07-11,19:07,J0095,Puerto Escarlata,Ranked,Umbra,26,6.0,4,3,Victoria,1170.0
7990,15/06/2026,16:46,J0098,Ciudadela,Ranked,Tesla;Magnus,35,7.0,4,9,Victoria,1570.0
3844,2026-04-08,19:04,J0015,Desierto Neon,Casual,Magnus,20,7.0,7,8,Derrota,960.0
1022,2026-02-10,17:00,J0026,Bosque Umbral,Torneo,Koro,28,6.0,6,1,Victoria,1030.0
3074,24/03/2026,07:00,J0009,Ciudadela,Ranked,Lienzo,43,6.0,3,4,Derrota,740.0
7556,2026-06-08,21:49,J0012,Ciudadela,Ranked,Umbra;Magnus,34,2.0,10,3,Victoria,650.0
3944,2026-04-10,21:57,J0009,Canales de Hielo,Casual,Vex,22,2.0,1,5,Derrota,430.0
1586,2026-02-22,19:25,J0162,Canales de Hielo,Casual,Lienzo,20,4.0,2,3,Derrota,510.0
3153,25/03/2026,08:34,J0136,Estacion Orbital,Casual,Tesla;Lienzo,32,7.0,4,7,Victoria,1470.0
8227,2026-06-19,12:34,J0020,Canales de Hielo,Ranked,Umbra;Tesla,37,7.0,5,3,VICTORIA,1250.0
776,04-02-26,19:50,J0183,Estacion Orbital,Casual,Vex,11,,4,6,Victoria,1520.0
9671,2026-07-11,20:55,J0042,Puerto Escarlata,Ranked,Vex,35,4.0,7,6,Derrota,560.0
7100,01/06/2026,17:03,J0078,Canales de Hielo,Casual,Koro,28,8.0,2,4,Victoria,1460.0
5487,07-05-26,21:52,J0009,Desierto Neon,Torneo,Koro,16,4.0,5,1,VICTORIA,850.0
6236,2026-05-19,08:47,J0056,Bosque Umbral,Casual,Magnus,19,3.0,5,5,Derrota,450.0
9556,2026-07-09,20:01,J0027,Ciudadela,Ranked,Brisa;Magnus,43,7.0,10,4,Derrota,700.0
7042,2026-05-31,16:59,J0010,Estacion Orbital,Casual,Umbra;Magnus,20,8.0,5,5,Victoria,1450.0
2613,2026-03-15,15:09,J0118,Canales de Hielo,Ranked,Nadia,30,6.0,2,7,Victoria,"1410,0 pts"
7514,2026-06-07,16:59,J0096,Bosque Umbral,Casual,Vex,14,5.0,6,4,Victoria,1080.0
8434,2026-06-22,19:02,J0007,Puerto Escarlata,Ranked,Koro,36,9.0,6,2,Victoria,1380.0
8793,2026-06-27,21:44,J0004,Desierto Neon,Casual,Tesla,20,10.0,3,3,derrota,1090.0
5394,05-05-26,13:11,J0013,Bosque Umbral,Ranked,  Nadia ,28,5.0,4,2,Derrota,520.0
8839,2026-06-28,20:48,J0010,Puerto Escarlata,Casual,Umbra;Vex,21,9.0,5,3,Victoria,1450.0
3891,09-04-26,22:17,J0167,Bosque Umbral,Casual,Koro;Magnus,11,7.0,5,1,Derrota,650.0
3557,03/04/2026,17:58,J0017,Estacion Orbital,Torneo,Umbra,13,9.0,9,3,DERROTA,870.0
1529,21-02-26,18:12,J0054,Puerto Escarlata,Torneo,Koro,25,11.0,7,2,Victoria,1560.0
1268,2026-02-15,15:28,J0034,Estacion Orbital,Ranked,Umbra,39,7.0,9,6,Victoria,1320.0
7735,11/06/2026,12:53,J0200,Estacion Orbital,Casual,Brisa;Umbra,24,4.0,3,3,VICTORIA,990.0
1900,01-03-26,20:02,J0044,Desierto Neon,Ranked,Nadia,31,4.0,3,4,Victoria,1040.0
4659,2026-04-23,18:59,J0043,Estacion Orbital,Ranked,Tesla,23,5.0,2,1,Victoria,1010.0
3006,2026-03-23,18:28,J0010,Ciudadela,Casual,Umbra;Koro,15,5.0,4,4,Derrota,620.0
2735,2026-03-18,16:33,J0111,Desierto Neon,Ranked,Brisa,40,3.0,1,4,Derrota,480.0
190,21/01/2026,18:46,J0012,Canales de Hielo,Ranked,Koro,35,8.0,3,4,Victoria,1440.0
9999,2026-07-14,17:05,J0034,Estacion Orbital,Casual,Tesla;Lienzo;Brisa,27,5.0,5,2,Victoria,1000.0
9168,2026-07-03,16:17,J0060,Ciudadela,Casual,Koro,28,6.0,4,5,Victoria,1270.0
2748,18-03-26,17:07,J0028,Puerto Escarlata,Casual,VEX,31,8.0,8,3,Victoria,1290.0
2048,2026-03-04,08:52,J0004,Estacion Orbital,Casual,Koro;Vex,11,11.0,3,5,Victoria,1790.0
7850,2026-06-13,21:53,J0026,Bosque Umbral,Casual,Koro,12,3.0,5,5,Victoria,950.0
2559,2026-03-14,18:27,J0043,Ciudadela,Ranked,  Umbra ,28,9.0,7,8,derrota,1160.0
9275,2026-07-05,20:24,J0037,Puerto Escarlata,Ranked,Brisa,33,5.0,4,8,Victoria,1320.0
8667,26-06-26,19:47,J0008,Ciudadela,Torneo,Brisa,21,4.0,5,6,Victoria,1100.0
6397,2026-05-21,18:05,J0140,Desierto Neon,Ranked,Lienzo;Umbra,30,2.0,6,5,Victoria,"830,0 pts"
3386,2026-03-30,09:47,J0083,Bosque Umbral,Torneo,Tesla;Lienzo;Brisa,23,6.0,3,6,Victoria,1340.0
4556,2026-04-21,14:03,J0106,Ciudadela,Casual,Lienzo;Nadia;Magnus,13,12.0,6,1,Derrota,1130.0
1185,14-02-26,13:39,J0121,Bosque Umbral,Torneo,Tesla,9,3.0,3,5,Victoria,990.0
6421,2026-05-21,18:07,J0151,Canales de Hielo,Ranked,Nadia,37,9.0,5,2,Victoria,1400.0
5052,2026-04-30,15:28,J0200,Canales de Hielo,Casual,Brisa,18,3.0,8,2,Derrota,240.0
5312,04/05/2026,19:44,J0020,Desierto Neon,Ranked,Koro,30,7.0,8,2,VICTORIA,1140.0
2434,2026-03-12,09:54,J0032,Puerto Escarlata,Casual,Lienzo,16,4.0,1,7,Victoria,1230.0
6950,30-05-26,19:40,J0012,Canales de Hielo,Ranked,Lienzo,39,4.0,5,8,Derrota,700.0
770,2026-02-04,18:54,J0149,Bosque Umbral,Ranked,Vex,25,10.0,4,1,Victoria,1470.0
1686,2026-02-24,16:25,J0107,Canales de Hielo,Casual,Brisa,26,6.0,12,4,,560.0
8323,2026-06-21,16:51,J0014,Canales de Hielo,Torneo,VEX,24,4.0,10,5,Derrota,450.0
5579,2026-05-09,21:21,J0200,Puerto Escarlata,Casual,Umbra,13,7.0,4,6,Derrota,920.0
4427,2026-04-19,05:13,J0039,Desierto Neon,Casual,Lienzo;Magnus,9,6.0,6,4,Derrota,"680,0 pts"
467,27-01-26,18:37,J0028,Desierto Neon,Ranked,Umbra,39,3.0,5,3,Victoria,850.0
6266,2026-05-19,20:47,J0001,Puerto Escarlata,Casual,Lienzo,25,8.0,7,3,Derrota,810.0
5735,2026-05-11,19:47,J0126,Puerto Escarlata,Torneo,Tesla,28,8.0,9,7,Victoria,1470.0
5192,02-05-26,07:29,J0147,Desierto Neon,Casual,Nadia;Brisa;Lienzo,14,2.0,3,3,Victoria,790.0
5391,05/05/2026,14:42,J0029,Bosque Umbral,Ranked,Nadia;Lienzo,22,6.0,3,3,Victoria,1190.0
861,2026-02-06,  15:18 ,J0032,Bosque Umbral,Ranked,Tesla,34,10.0,4,2,DERROTA,1020.0
7271,2026-06-04,23:52,J0050,Estacion Orbital,Ranked,Magnus;Koro,40,1.0,7,6,Victoria,"760,0 pts"
